transaction_id,customer_id,merchant_id,amount,payment_method,timestamp,status,failure_reason,attempt_number,previous_successes,previous_failures,recovery_eligible,is_high_value,is_first_attempt,customer_success_ratio,recovery_probability,amount_score,failure_reason_score,retry_score,customer_history_score,recovery_score,recovery_priority,ai_decision,expected_revenue
TXN000171,CUST0194,MERCHANT008,49262.86,UPI,2026-08-19 19:45:15.848634,FAILED,Timeout,1,20,0,True,1,1,1.0,0.8870992063492065,40,25,20,15,100,VERY HIGH,SMART_RETRY,43701.04400849207
TXN006105,CUST1970,MERCHANT004,49477.74,UPI,2026-08-21 14:15:54.848634,FAILED,Timeout,1,19,0,True,1,1,1.0,0.8575348788638263,40,25,20,15,100,VERY HIGH,SMART_RETRY,42428.88777735589
TXN007553,CUST1765,MERCHANT002,47560.34,NETBANKING,2026-08-23 09:42:25.848634,FAILED,Network Error,1,12,0,True,1,1,1.0,0.8824139553429027,40,25,20,15,100,VERY HIGH,ALTERNATE_ROUTE,41967.90773685327
TXN008940,CUST0177,MERCHANT001,48041.27,NETBANKING,2026-08-21 05:21:00.848634,FAILED,Network Error,1,19,0,True,1,1,1.0,0.8603833333883678,40,25,20,15,100,VERY HIGH,ALTERNATE_ROUTE,41333.90802281059
TXN008851,CUST0656,MERCHANT003,42422.35,UPI,2026-08-20 11:03:58.848634,FAILED,Timeout,1,20,2,True,1,1,0.9090909090909091,0.937376984126984,40,25,20,15,100,VERY HIGH,SMART_RETRY,39765.73450257936
TXN005994,CUST1151,MERCHANT006,46704.86,UPI,2026-08-24 00:57:41.848634,FAILED,Network Error,1,15,5,True,1,1,0.75,0.8230766819615923,40,25,20,10,95,VERY HIGH,ALTERNATE_ROUTE,38441.6812002807
TXN002215,CUST0913,MERCHANT001,38736.62,UPI,2026-08-20 16:32:26.848634,FAILED,Network Error,1,15,1,True,1,1,0.9375,0.9698801169590645,30,25,20,15,90,VERY HIGH,ALTERNATE_ROUTE,37569.87753619884
TXN007230,CUST0491,MERCHANT007,45187.12,NETBANKING,2026-08-23 22:20:40.848634,FAILED,Timeout,1,18,1,True,1,1,0.9473684210526315,0.8296917749468093,40,25,20,15,100,VERY HIGH,SMART_RETRY,37491.38179753447
TXN005770,CUST0425,MERCHANT005,48515.7,NETBANKING,2026-08-24 16:40:47.848634,FAILED,Insufficient Funds,1,8,2,True,1,1,0.8,0.7722042860367079,40,5,20,10,75,HIGH,REQUEST_CUSTOMER_ACTION,37464.031480071106
TXN008357,CUST1904,MERCHANT009,46640.02,CARD,2026-08-23 14:09:44.848634,FAILED,Insufficient Funds,1,10,2,True,1,1,0.8333333333333334,0.7982317297259158,40,5,20,15,80,VERY HIGH,REQUEST_CUSTOMER_ACTION,37229.54383905131
TXN003367,CUST1885,MERCHANT005,49363.98,WALLET,2026-08-18 13:08:10.848634,FAILED,Network Error,3,16,4,False,1,0,0.8,0.7324225659960956,40,25,0,10,75,HIGH,STOP_AUTOMATIC_RETRY,36155.29289937994
TXN005086,CUST0506,MERCHANT001,48428.79,UPI,2026-08-19 06:57:09.848634,FAILED,Technical Error,1,4,0,True,1,1,1.0,0.7422310429222194,40,20,20,5,85,VERY HIGH,RETRY_WITH_DELAY,35945.35130916115
TXN005598,CUST0769,MERCHANT004,48281.99,NETBANKING,2026-08-19 02:26:49.848634,FAILED,Insufficient Funds,1,11,4,True,1,1,0.7333333333333333,0.7421625755685266,40,5,20,10,75,HIGH,REQUEST_CUSTOMER_ACTION,35833.08605197384
TXN000497,CUST0316,MERCHANT001,43604.33,NETBANKING,2026-08-21 10:29:40.848634,FAILED,Network Error,1,5,0,True,1,1,1.0,0.8196339048378521,40,25,20,10,95,VERY HIGH,ALTERNATE_ROUTE,35739.5872657383
TXN005070,CUST1371,MERCHANT007,37590.52,UPI,2026-08-22 17:01:06.848634,FAILED,Technical Error,1,13,2,True,1,1,0.8666666666666667,0.9449634502923978,30,20,20,15,85,VERY HIGH,FALLBACK_PROCESSOR,35521.66747748538
TXN000392,CUST0642,MERCHANT001,42527.53,UPI,2026-08-22 05:25:04.848634,FAILED,Bank Declined,1,14,2,True,1,1,0.875,0.8015118474290304,40,10,20,15,85,VERY HIGH,RETRY_WITH_DELAY,34086.31913689351
TXN004625,CUST0535,MERCHANT001,48101.46,NETBANKING,2026-08-22 21:40:02.848634,FAILED,Timeout,1,16,5,True,1,1,0.7619047619047619,0.7045502378585905,40,25,20,10,95,VERY HIGH,RETRY_WITH_DELAY,33889.89508434547
TXN008657,CUST0563,MERCHANT001,44568.62,CARD,2026-08-18 16:27:32.848634,FAILED,Bank Declined,1,19,1,True,1,1,0.95,0.7560493088782563,40,10,20,15,85,VERY HIGH,RETRY_WITH_DELAY,33696.07434865763
TXN002484,CUST0634,MERCHANT008,41212.3,WALLET,2026-08-18 03:33:43.848634,FAILED,Network Error,2,13,3,True,1,0,0.8125,0.8143561700984335,40,25,10,10,85,VERY HIGH,ALTERNATE_ROUTE,33561.490788947674
TXN002975,CUST0206,MERCHANT006,36820.09,UPI,2026-08-23 09:22:30.848634,FAILED,Insufficient Funds,1,14,2,True,1,1,0.875,0.8997610859195946,30,5,20,15,70,HIGH,REQUEST_CUSTOMER_ACTION,33129.2841620572
TXN003840,CUST0644,MERCHANT006,38694.99,CARD,2026-08-19 02:31:55.848634,FAILED,Insufficient Funds,1,13,1,True,1,1,0.9285714285714286,0.8550298297740156,30,5,20,15,70,HIGH,REQUEST_CUSTOMER_ACTION,33085.370712807235
TXN000852,CUST0247,MERCHANT010,35031.89,UPI,2026-08-23 03:25:14.848634,FAILED,Network Error,1,13,0,True,1,1,1.0,0.9306671539961016,30,25,20,15,90,VERY HIGH,ALTERNATE_ROUTE,32603.02936540449
TXN006875,CUST0819,MERCHANT006,48049.64,UPI,2026-08-23 12:48:02.848634,FAILED,Network Error,3,6,3,False,1,0,0.6666666666666666,0.6731872332460569,40,25,0,10,75,HIGH,STOP_AUTOMATIC_RETRY,32346.404210069064
TXN007182,CUST0257,MERCHANT005,49550.15,UPI,2026-08-23 01:12:12.848634,FAILED,Technical Error,1,0,4,True,1,1,0.0,0.6512215347376641,40,20,20,0,80,VERY HIGH,RETRY_WITH_DELAY,32268.124729481468
TXN001753,CUST1191,MERCHANT008,39506.08,CARD,2026-08-20 04:08:56.848634,FAILED,Timeout,2,15,2,True,1,0,0.8823529411764706,0.8079371604352853,30,25,10,15,80,VERY HIGH,SMART_RETRY,31918.430095129217
TXN004467,CUST1988,MERCHANT008,43928.68,UPI,2026-08-24 04:35:02.848634,FAILED,Network Error,2,6,1,True,1,0,0.8571428571428571,0.7254286176786179,40,25,10,10,85,VERY HIGH,RETRY_WITH_DELAY,31867.121608846348
TXN008802,CUST1393,MERCHANT007,41732.46,NETBANKING,2026-08-19 21:49:32.848634,FAILED,Technical Error,3,11,2,False,1,0,0.8461538461538461,0.760673917322426,40,20,0,15,75,HIGH,STOP_AUTOMATIC_RETRY,31744.793827701447
TXN003598,CUST1227,MERCHANT009,42512.58,CARD,2026-08-18 21:13:31.848634,FAILED,Timeout,3,19,2,False,1,0,0.9047619047619048,0.7414046397101353,40,25,0,15,80,VERY HIGH,STOP_AUTOMATIC_RETRY,31519.024058048304
TXN004602,CUST0265,MERCHANT004,43579.67,NETBANKING,2026-08-18 11:18:19.848634,FAILED,Network Error,1,18,5,True,1,1,0.782608695652174,0.7026664155847392,40,25,20,10,95,VERY HIGH,RETRY_WITH_DELAY,30621.97051126579
TXN008551,CUST0409,MERCHANT010,42760.94,WALLET,2026-08-23 19:22:29.848634,FAILED,Timeout,2,7,4,True,1,0,0.6363636363636364,0.7116705614750801,40,25,10,10,85,VERY HIGH,RETRY_WITH_DELAY,30431.702179002215
TXN007292,CUST1275,MERCHANT008,37974.58,WALLET,2026-08-23 08:09:53.848634,FAILED,Insufficient Funds,1,12,2,True,1,1,0.8571428571428571,0.7890335487627094,30,5,20,15,70,HIGH,REQUEST_CUSTOMER_ACTION,29963.21762017341
TXN009677,CUST0406,MERCHANT006,42567.52,NETBANKING,2026-08-24 09:54:08.848634,FAILED,Technical Error,1,19,5,True,1,1,0.7916666666666666,0.7025959618135216,40,20,20,10,90,VERY HIGH,RETRY_WITH_DELAY,29907.767656416312
TXN008654,CUST0540,MERCHANT007,43308.46,NETBANKING,2026-08-22 13:33:56.848634,FAILED,Bank Declined,1,5,3,True,1,1,0.625,0.6860788341507285,40,10,20,10,80,VERY HIGH,RETRY_WITH_DELAY,29713.017745663456
TXN002394,CUST0316,MERCHANT001,33645.51,CARD,2026-08-23 17:45:53.848634,FAILED,Network Error,3,13,2,False,1,0,0.8666666666666667,0.8769035143967676,30,25,0,15,70,HIGH,STOP_AUTOMATIC_RETRY,29503.86596267159
TXN009549,CUST1156,MERCHANT005,41381.96,NETBANKING,2026-08-22 19:51:48.848634,FAILED,Insufficient Funds,1,18,1,True,1,1,0.9473684210526315,0.7127428415810769,40,5,20,15,80,VERY HIGH,REQUEST_CUSTOMER_ACTION,29494.695760594463
TXN008479,CUST1451,MERCHANT010,44212.53,UPI,2026-08-18 06:24:00.848634,FAILED,Insufficient Funds,1,12,5,True,1,1,0.7058823529411765,0.6662972025824193,40,5,20,10,75,HIGH,DO_NOT_RETRY,29458.68505809129
TXN000622,CUST0109,MERCHANT001,45266.39,NETBANKING,2026-08-20 17:44:05.848634,FAILED,Technical Error,2,11,4,True,1,0,0.7333333333333333,0.6494655173175358,40,20,10,10,80,VERY HIGH,RETRY_WITH_DELAY,29398.95939844733
TXN002637,CUST1766,MERCHANT006,44174.06,NETBANKING,2026-08-21 21:00:17.848634,FAILED,Technical Error,2,19,5,True,1,0,0.7916666666666666,0.6653176157772195,40,20,10,10,80,VERY HIGH,RETRY_WITH_DELAY,29389.780278399838
TXN007517,CUST0226,MERCHANT009,36420.1,NETBANKING,2026-08-20 05:09:03.848634,FAILED,Technical Error,2,11,1,True,1,0,0.9166666666666666,0.8023733057732115,30,20,10,15,75,HIGH,FALLBACK_PROCESSOR,29222.51603359094
TXN000440,CUST1507,MERCHANT003,45220.6,WALLET,2026-08-20 17:26:44.848634,FAILED,Timeout,1,6,2,True,1,1,0.75,0.6460640842622178,40,25,20,10,95,VERY HIGH,RETRY_WITH_DELAY,29215.405528788047
TXN006083,CUST1516,MERCHANT003,40259.64,NETBANKING,2026-08-24 20:44:32.848634,FAILED,Technical Error,2,4,1,True,1,0,0.8,0.7254576866629129,40,20,10,5,75,HIGH,RETRY_WITH_DELAY,29206.665300281675
TXN001429,CUST1193,MERCHANT004,36907.98,CARD,2026-08-19 18:03:05.848634,FAILED,Technical Error,3,14,1,False,1,0,0.9333333333333333,0.7674099386022765,30,20,0,15,65,HIGH,STOP_AUTOMATIC_RETRY,28323.55066573405
TXN004248,CUST0855,MERCHANT005,41839.73,NETBANKING,2026-08-18 02:42:08.848634,FAILED,Bank Declined,1,6,1,True,1,1,0.8571428571428571,0.6764834177690221,40,10,20,10,80,VERY HIGH,RETRY_WITH_DELAY,28303.88354893309
TXN009317,CUST0738,MERCHANT010,41690.55,CARD,2026-08-23 01:50:20.848634,FAILED,Bank Declined,1,6,1,True,1,1,0.8571428571428571,0.6758471738672982,40,10,20,10,80,VERY HIGH,RETRY_WITH_DELAY,28176.44039447329
TXN000483,CUST0002,MERCHANT002,32650.57,UPI,2026-08-18 06:24:23.848634,FAILED,Timeout,1,19,0,True,1,1,1.0,0.8616555555555554,30,25,20,15,90,VERY HIGH,SMART_RETRY,28133.54503255555
TXN005106,CUST0200,MERCHANT010,49970.68,UPI,2026-08-19 23:12:35.848634,FAILED,Timeout,1,7,2,True,1,1,0.7777777777777778,0.5629707377938714,40,25,20,10,95,VERY HIGH,RETRY_WITH_DELAY,28132.030587661455
TXN005307,CUST0893,MERCHANT008,45509.26,NETBANKING,2026-08-24 12:19:16.848634,FAILED,Insufficient Funds,2,6,3,True,1,0,0.6666666666666666,0.6099680560137128,40,5,10,10,65,HIGH,DO_NOT_RETRY,27759.194852822624
TXN000266,CUST1235,MERCHANT001,37187.18,NETBANKING,2026-08-25 01:29:24.848634,FAILED,Technical Error,2,20,5,True,1,0,0.8,0.7440120582318724,30,20,10,10,70,HIGH,RETRY_WITH_DELAY,27667.710331639122
TXN007497,CUST0213,MERCHANT005,39540.7,CARD,2026-08-20 15:55:46.848634,FAILED,Insufficient Funds,1,7,4,True,1,1,0.6363636363636364,0.6986135147532205,30,5,20,10,65,HIGH,DO_NOT_RETRY,27623.667402802665
TXN006084,CUST1062,MERCHANT006,47008.35,UPI,2026-08-23 05:52:57.848634,FAILED,Bank Declined,2,20,2,True,1,0,0.9090909090909091,0.5869647939206761,40,10,10,15,75,HIGH,RETRY_WITH_DELAY,27592.246470301016
TXN001259,CUST0199,MERCHANT002,44589.78,CARD,2026-08-25 00:36:53.848634,FAILED,Technical Error,1,17,5,True,1,1,0.7727272727272727,0.6182042233658366,40,20,20,10,90,VERY HIGH,RETRY_WITH_DELAY,27565.59031495351
TXN002568,CUST0703,MERCHANT003,42156.71,NETBANKING,2026-08-21 08:44:57.848634,FAILED,Insufficient Funds,3,7,2,False,1,0,0.7777777777777778,0.6424043501969164,40,5,0,10,55,MEDIUM,DO_NOT_RETRY,27081.65389398985
TXN002245,CUST0180,MERCHANT008,49318.6,NETBANKING,2026-08-20 11:47:58.848634,FAILED,Timeout,2,4,1,True,1,0,0.8,0.5484399751873433,40,25,10,5,80,VERY HIGH,RETRY_WITH_DELAY,27048.29176027451
TXN000931,CUST0246,MERCHANT002,40106.04,WALLET,2026-08-19 10:15:06.848634,FAILED,Bank Declined,2,20,4,True,1,0,0.8333333333333334,0.6712581234582935,40,10,10,10,70,HIGH,RETRY_WITH_DELAY,26921.505149743258
TXN004133,CUST1703,MERCHANT001,38303.42,NETBANKING,2026-08-24 18:28:34.848634,FAILED,Timeout,2,14,1,True,1,0,0.9333333333333333,0.7026648063850021,30,25,10,15,80,VERY HIGH,RETRY_WITH_DELAY,26914.465198183414
TXN006380,CUST1023,MERCHANT003,46031.3,UPI,2026-08-20 10:57:39.848634,FAILED,Timeout,2,7,5,True,1,0,0.5833333333333334,0.5805640715818255,40,25,10,10,85,VERY HIGH,RETRY_WITH_DELAY,26724.118948204487
TXN003689,CUST1938,MERCHANT003,35522.48,CARD,2026-08-23 23:36:58.848634,FAILED,Technical Error,1,13,4,True,1,1,0.7647058823529411,0.7511069185920445,30,20,20,10,80,VERY HIGH,FALLBACK_PROCESSOR,26681.18049354753
TXN005153,CUST0547,MERCHANT001,34955.47,WALLET,2026-08-18 10:11:26.848634,FAILED,Timeout,1,11,1,True,1,1,0.9166666666666666,0.7623273777722501,30,25,20,15,90,VERY HIGH,SMART_RETRY,26647.511783896556
TXN005607,CUST0461,MERCHANT008,33243.6,CARD,2026-08-22 08:48:13.848634,FAILED,Technical Error,1,13,0,True,1,1,1.0,0.780091108810674,30,20,20,15,85,VERY HIGH,FALLBACK_PROCESSOR,25933.036784858523
TXN007047,CUST1479,MERCHANT007,44396.27,WALLET,2026-08-20 04:18:39.848634,FAILED,Bank Declined,3,6,3,False,1,0,0.6666666666666666,0.5838303004185355,40,10,0,10,60,HIGH,STOP_AUTOMATIC_RETRY,25919.88765156241
TXN007556,CUST0716,MERCHANT006,47103.16,WALLET,2026-08-20 08:20:41.848634,FAILED,Technical Error,2,4,1,True,1,0,0.8,0.5425561415917455,40,20,10,5,75,HIGH,RETRY_WITH_DELAY,25556.108746378643
TXN007026,CUST1469,MERCHANT001,35768.23,NETBANKING,2026-08-18 10:10:01.848634,FAILED,Insufficient Funds,2,14,3,True,1,0,0.8235294117647058,0.7122093296567955,30,5,10,10,55,MEDIUM,REQUEST_CUSTOMER_ACTION,25474.467111310085
TXN004527,CUST1954,MERCHANT001,49836.27,NETBANKING,2026-08-22 15:50:46.848634,FAILED,Timeout,2,6,1,True,1,0,0.8571428571428571,0.5056734243450091,40,25,10,10,85,VERY HIGH,RETRY_WITH_DELAY,25200.877307482442
TXN002391,CUST0833,MERCHANT002,38946.42,NETBANKING,2026-08-22 09:29:57.848634,FAILED,Bank Declined,1,12,0,True,1,1,1.0,0.6426645650817483,30,10,20,15,75,HIGH,RETRY_WITH_DELAY,25029.484070791103
TXN007902,CUST1354,MERCHANT004,33729.54,WALLET,2026-08-19 22:01:45.848634,FAILED,Technical Error,3,15,3,False,1,0,0.8333333333333334,0.7416982611644471,30,20,0,10,60,HIGH,STOP_AUTOMATIC_RETRY,25017.141167876667
TXN007966,CUST0251,MERCHANT003,33207.95,WALLET,2026-08-19 04:47:17.848634,FAILED,Network Error,2,6,1,True,1,0,0.8571428571428571,0.7527274452734811,30,25,10,10,75,HIGH,ALTERNATE_ROUTE,24996.535366269494
TXN008351,CUST1085,MERCHANT002,36827.37,WALLET,2026-08-18 22:25:12.848634,FAILED,Timeout,3,18,4,False,1,0,0.8181818181818182,0.6784799549135319,30,25,0,10,65,HIGH,STOP_AUTOMATIC_RETRY,24986.632337183957
TXN005810,CUST0390,MERCHANT010,44085.37,NETBANKING,2026-08-19 06:25:40.848634,FAILED,Network Error,3,14,2,False,1,0,0.875,0.5667357658232944,40,25,0,15,80,VERY HIGH,STOP_AUTOMATIC_RETRY,24984.75592855329
TXN007974,CUST1287,MERCHANT008,37190.45,CARD,2026-08-20 08:07:10.848634,FAILED,Network Error,3,8,3,False,1,0,0.7272727272727273,0.6654269010888204,30,25,0,10,65,HIGH,STOP_AUTOMATIC_RETRY,24747.52589359872
TXN007090,CUST0389,MERCHANT007,41652.68,WALLET,2026-08-23 02:34:16.848634,FAILED,Bank Declined,2,8,3,True,1,0,0.7272727272727273,0.5823048545403864,40,10,10,10,70,HIGH,RETRY_WITH_DELAY,24254.557768617262
TXN000929,CUST0422,MERCHANT005,30127.44,UPI,2026-08-21 08:25:53.848634,FAILED,Technical Error,2,15,1,True,1,0,0.9375,0.8041181351328409,30,20,10,15,75,HIGH,FALLBACK_PROCESSOR,24226.020869126554
TXN004665,CUST0363,MERCHANT002,40009.52,WALLET,2026-08-20 11:47:20.848634,FAILED,Technical Error,2,3,3,True,1,0,0.5,0.6043465695733498,40,20,10,5,75,HIGH,RETRY_WITH_DELAY,24179.61616227633
TXN001817,CUST1056,MERCHANT005,46384.67,WALLET,2026-08-22 03:01:16.848634,FAILED,Technical Error,1,0,4,True,1,1,0.0,0.5146879849541143,40,20,20,0,80,VERY HIGH,RETRY_WITH_DELAY,23873.632335061557
TXN009423,CUST0377,MERCHANT006,39227.07,NETBANKING,2026-08-22 17:43:57.848634,FAILED,Network Error,2,7,2,True,1,0,0.7777777777777778,0.6046179322374976,30,25,10,10,75,HIGH,RETRY_WITH_DELAY,23717.389951135574
TXN001887,CUST1512,MERCHANT005,34665.41,CARD,2026-08-22 20:45:37.848634,FAILED,Timeout,3,15,1,False,1,0,0.9375,0.6794731133589493,30,25,0,15,70,HIGH,STOP_AUTOMATIC_RETRY,23554.21405856446
TXN005181,CUST0721,MERCHANT004,33957.05,NETBANKING,2026-08-19 06:26:17.848634,FAILED,Technical Error,2,5,1,True,1,0,0.8333333333333334,0.6922660404447181,30,20,10,10,70,HIGH,RETRY_WITH_DELAY,23507.312548683316
TXN008519,CUST1089,MERCHANT007,40747.56,CARD,2026-08-24 02:58:47.848634,FAILED,Technical Error,1,10,4,True,1,1,0.7142857142857143,0.575636865065557,40,20,20,10,90,VERY HIGH,RETRY_WITH_DELAY,23455.797697470687
TXN007267,CUST1594,MERCHANT004,33744.75,CARD,2026-08-19 20:19:04.848634,FAILED,Technical Error,1,18,4,True,1,1,0.8181818181818182,0.6943641837630968,30,20,20,10,80,VERY HIGH,RETRY_WITH_DELAY,23431.14579003976
TXN006169,CUST0353,MERCHANT003,39368.33,WALLET,2026-08-22 14:42:17.848634,FAILED,Bank Declined,1,4,2,True,1,1,0.6666666666666666,0.5938998995815561,30,10,20,5,65,HIGH,RETRY_WITH_DELAY,23380.847233693563
TXN002959,CUST1002,MERCHANT010,36690.26,NETBANKING,2026-08-18 15:30:06.848634,FAILED,Insufficient Funds,3,14,2,False,1,0,0.875,0.6336908228352197,30,5,0,15,50,MEDIUM,DO_NOT_RETRY,23250.28104943815
TXN009082,CUST1559,MERCHANT002,25028.32,UPI,2026-08-21 08:42:32.848634,FAILED,Network Error,2,15,2,True,1,0,0.8823529411764706,0.9282691161756983,30,25,10,15,80,VERY HIGH,ALTERNATE_ROUTE,23233.016485762553
TXN006695,CUST0306,MERCHANT001,30802.32,CARD,2026-08-20 04:59:49.848634,FAILED,Network Error,2,10,0,True,1,0,1.0,0.7471987336737338,30,25,10,15,80,VERY HIGH,RETRY_WITH_DELAY,23015.454498213123
TXN001497,CUST1444,MERCHANT002,49425.26,UPI,2026-08-24 12:39:16.848634,FAILED,Bank Declined,1,19,4,True,1,1,0.8260869565217391,0.4651271577604529,40,10,20,10,80,VERY HIGH,MANUAL_REVIEW,22989.030705371402
TXN000004,CUST0491,MERCHANT001,37468.05,CARD,2026-08-19 22:38:01.848634,FAILED,Technical Error,3,18,1,False,1,0,0.9473684210526315,0.6091941412417422,30,20,0,15,65,HIGH,STOP_AUTOMATIC_RETRY,22825.316543752662
TXN004465,CUST0167,MERCHANT001,45313.53,NETBANKING,2026-08-24 05:00:30.848634,FAILED,Insufficient Funds,2,8,0,True,1,0,1.0,0.5019179414043877,40,5,10,10,65,HIGH,DO_NOT_RETRY,22743.673695365964
TXN009974,CUST1673,MERCHANT001,38601.04,NETBANKING,2026-08-19 02:46:42.848634,FAILED,Timeout,2,10,5,True,1,0,0.6666666666666666,0.581606021103416,30,25,10,10,75,HIGH,RETRY_WITH_DELAY,22450.597284853804
TXN009461,CUST1149,MERCHANT009,40664.6,NETBANKING,2026-08-24 22:52:30.848634,FAILED,Network Error,1,8,5,True,1,1,0.6153846153846154,0.5480876926221153,40,25,20,10,95,VERY HIGH,RETRY_WITH_DELAY,22287.76678540127
TXN006687,CUST1997,MERCHANT004,32895.53,UPI,2026-08-23 01:10:46.848634,FAILED,Bank Declined,2,6,1,True,1,0,0.8571428571428571,0.6751225416453743,30,10,10,10,60,HIGH,RETRY_WITH_DELAY,22208.51382237166
TXN004098,CUST0316,MERCHANT005,33248.73,NETBANKING,2026-08-20 10:40:06.848634,FAILED,Network Error,2,11,1,True,1,0,0.9166666666666666,0.666646466238726,30,25,10,15,80,VERY HIGH,RETRY_WITH_DELAY,22165.14836142552
TXN007246,CUST1532,MERCHANT003,29931.47,CARD,2026-08-24 13:42:35.848634,FAILED,Technical Error,1,16,0,True,1,1,1.0,0.7401704738900392,30,20,20,15,85,VERY HIGH,RETRY_WITH_DELAY,22154.39033412549
TXN006994,CUST0551,MERCHANT010,45048.6,WALLET,2026-08-24 06:41:52.848634,FAILED,Timeout,2,11,3,True,1,0,0.7857142857142857,0.490645256841394,40,25,10,10,85,VERY HIGH,MANUAL_REVIEW,22102.88191734522
TXN002446,CUST0430,MERCHANT007,39006.28,UPI,2026-08-18 02:37:02.848634,FAILED,Insufficient Funds,2,8,1,True,1,0,0.8888888888888888,0.5659916501030964,30,5,10,10,55,MEDIUM,DO_NOT_RETRY,22077.228781583406
TXN002035,CUST1594,MERCHANT001,30046.36,CARD,2026-08-24 11:11:13.848634,FAILED,Bank Declined,2,10,1,True,1,0,0.9090909090909091,0.7331575400499752,30,10,10,15,65,HIGH,RETRY_WITH_DELAY,22028.715385055973
TXN002683,CUST1357,MERCHANT007,26190.63,CARD,2026-08-21 19:08:06.848634,FAILED,Network Error,3,16,4,False,1,0,0.8,0.8389738540339228,30,25,0,10,65,HIGH,STOP_AUTOMATIC_RETRY,21973.25379067648
TXN000328,CUST0881,MERCHANT009,40054.02,WALLET,2026-08-18 19:15:52.848634,FAILED,Insufficient Funds,2,18,3,True,1,0,0.8571428571428571,0.5473051497435555,40,5,10,10,65,HIGH,DO_NOT_RETRY,21921.771413931365
TXN005312,CUST0250,MERCHANT010,36508.07,CARD,2026-08-22 13:39:37.848634,FAILED,Bank Declined,3,18,5,False,1,0,0.782608695652174,0.5985283820009826,30,10,0,10,50,MEDIUM,STOP_AUTOMATIC_RETRY,21851.116067078612
TXN005256,CUST1486,MERCHANT008,49948.46,WALLET,2026-08-24 07:58:12.848634,FAILED,Network Error,2,3,1,True,1,0,0.75,0.4313375896758249,40,25,10,5,80,VERY HIGH,MANUAL_REVIEW,21544.648344419355
TXN003251,CUST1877,MERCHANT008,42855.97,UPI,2026-08-23 05:33:29.848634,FAILED,Technical Error,3,7,2,False,1,0,0.7777777777777778,0.5023733078653518,40,20,0,10,70,HIGH,STOP_AUTOMATIC_RETRY,21529.695410678283
TXN006133,CUST0420,MERCHANT005,37771.64,CARD,2026-08-22 17:22:19.848634,FAILED,Network Error,2,4,5,True,1,0,0.4444444444444444,0.5670111723337891,30,25,10,5,70,HIGH,RETRY_WITH_DELAY,21416.94187736984
TXN005750,CUST0361,MERCHANT004,44735.61,UPI,2026-08-21 04:08:44.848634,FAILED,Timeout,1,2,4,True,1,1,0.3333333333333333,0.47486423254165194,40,25,20,5,90,VERY HIGH,MANUAL_REVIEW,21243.34110993265
TXN008383,CUST1540,MERCHANT007,24876.86,CARD,2026-08-21 07:39:59.848634,FAILED,Network Error,1,10,0,True,1,1,1.0,0.8538636243386244,20,25,20,15,80,VERY HIGH,ALTERNATE_ROUTE,21241.44584176455
TXN006201,CUST0290,MERCHANT010,29178.38,NETBANKING,2026-08-23 11:06:59.848634,FAILED,Network Error,1,10,3,True,1,1,0.7692307692307693,0.7203957219537516,30,25,20,10,85,VERY HIGH,RETRY_WITH_DELAY,21019.980125540907
TXN000242,CUST0167,MERCHANT010,38274.73,UPI,2026-08-23 09:41:20.848634,FAILED,Bank Declined,1,12,4,True,1,1,0.75,0.5463555441133651,30,10,20,10,70,HIGH,RETRY_WITH_DELAY,20911.61093494214
TXN008789,CUST1138,MERCHANT003,43605.11,CARD,2026-08-23 05:31:05.848634,FAILED,Bank Declined,2,15,3,True,1,0,0.8333333333333334,0.47554441057823377,40,10,10,10,70,HIGH,MANUAL_REVIEW,20736.16633314905
TXN006225,CUST1757,MERCHANT001,40564.45,WALLET,2026-08-23 09:52:38.848634,FAILED,Technical Error,3,14,1,False,1,0,0.9333333333333333,0.5061022069611888,40,20,0,15,75,HIGH,STOP_AUTOMATIC_RETRY,20529.757669166793
TXN000974,CUST1899,MERCHANT004,23295.66,UPI,2026-08-18 19:17:55.848634,FAILED,Network Error,2,15,1,True,1,0,0.9375,0.881110881779612,20,25,10,15,70,HIGH,ALTERNATE_ROUTE,20526.059524238037
TXN001027,CUST0784,MERCHANT010,35838.69,UPI,2026-08-20 10:10:21.848634,FAILED,Timeout,2,10,3,True,1,0,0.7692307692307693,0.5647882405395634,30,25,10,10,75,HIGH,RETRY_WITH_DELAY,20241.270668342848
TXN000729,CUST1209,MERCHANT006,24457.23,UPI,2026-08-18 14:50:52.848634,FAILED,Technical Error,1,20,3,True,1,1,0.8695652173913043,0.8208928571428572,20,20,20,10,70,HIGH,FALLBACK_PROCESSOR,20076.7654125
TXN001510,CUST0285,MERCHANT006,25439.9,UPI,2026-08-23 16:31:25.848634,FAILED,Network Error,3,16,3,False,1,0,0.8421052631578947,0.7828327744529792,30,25,0,10,65,HIGH,STOP_AUTOMATIC_RETRY,19915.187498806346
TXN006396,CUST0260,MERCHANT005,40096.21,WALLET,2026-08-18 11:28:51.848634,FAILED,Timeout,3,10,0,False,1,0,1.0,0.495656625873924,40,25,0,15,80,VERY HIGH,STOP_AUTOMATIC_RETRY,19873.95215893229
TXN003728,CUST0975,MERCHANT009,44259.54,CARD,2026-08-19 23:25:04.848634,FAILED,Bank Declined,3,6,3,False,1,0,0.6666666666666666,0.4487510865590786,40,10,0,10,60,HIGH,STOP_AUTOMATIC_RETRY,19861.516665605002
TXN000391,CUST0820,MERCHANT001,42872.98,CARD,2026-08-22 22:23:57.848634,FAILED,Bank Declined,1,5,0,True,1,1,1.0,0.4629197216898454,40,10,20,10,80,VERY HIGH,MANUAL_REVIEW,19846.74796961431
TXN000424,CUST0939,MERCHANT007,26149.65,NETBANKING,2026-08-19 18:30:51.848634,FAILED,Timeout,1,15,0,True,1,1,1.0,0.7576487912248785,30,25,20,15,90,VERY HIGH,SMART_RETRY,19812.250713453646
TXN008769,CUST1681,MERCHANT001,28461.38,CARD,2026-08-19 06:21:03.848634,FAILED,Network Error,1,7,3,True,1,1,0.7,0.6952877832533162,30,25,20,10,85,VERY HIGH,RETRY_WITH_DELAY,19788.84980853027
TXN000613,CUST2000,MERCHANT006,31897.49,CARD,2026-08-23 20:16:16.848634,FAILED,Insufficient Funds,1,7,0,True,1,1,1.0,0.6168928047619908,30,5,20,10,65,HIGH,DO_NOT_RETRY,19677.332070967557
TXN008006,CUST0322,MERCHANT001,21017.91,CARD,2026-08-21 15:32:18.848634,FAILED,Network Error,1,8,1,True,1,1,0.8888888888888888,0.9177476849237718,20,25,20,10,75,HIGH,ALTERNATE_ROUTE,19289.13824443619
TXN004546,CUST0489,MERCHANT008,27753.72,UPI,2026-08-19 22:40:50.848634,FAILED,Bank Declined,2,11,1,True,1,0,0.9166666666666666,0.6921158788150272,30,10,10,15,65,HIGH,RETRY_WITH_DELAY,19208.7903081862
TXN005309,CUST0834,MERCHANT007,46082.04,WALLET,2026-08-19 23:47:27.848634,FAILED,Bank Declined,2,0,2,True,1,0,0.0,0.41353927091427106,40,10,10,0,60,HIGH,MANUAL_REVIEW,19056.733223842275
TXN000799,CUST0041,MERCHANT007,43023.59,NETBANKING,2026-08-24 06:14:29.848634,FAILED,Timeout,3,18,5,False,1,0,0.782608695652174,0.435528009438986,40,25,0,10,75,HIGH,STOP_AUTOMATIC_RETRY,18737.97851161906
TXN003729,CUST1791,MERCHANT008,30295.17,WALLET,2026-08-20 02:01:47.848634,FAILED,Bank Declined,2,4,3,True,1,0,0.5714285714285714,0.6179084337611158,30,10,10,5,55,MEDIUM,RETRY_WITH_DELAY,18719.64104522674
TXN000560,CUST1495,MERCHANT004,29735.0,UPI,2026-08-23 07:55:27.848634,FAILED,Network Error,3,7,0,False,1,0,1.0,0.6272658730158731,30,25,0,10,65,HIGH,STOP_AUTOMATIC_RETRY,18651.75073412699
TXN004435,CUST0388,MERCHANT010,41632.12,CARD,2026-08-18 20:43:39.848634,FAILED,Technical Error,2,3,0,True,1,0,1.0,0.44765404040404055,40,20,10,5,75,HIGH,MANUAL_REVIEW,18636.786728585867
TXN008658,CUST0049,MERCHANT006,24606.45,CARD,2026-08-24 17:18:08.848634,FAILED,Network Error,1,13,4,True,1,1,0.7647058823529411,0.7561995047919546,20,25,20,10,75,HIGH,ALTERNATE_ROUTE,18607.385304687992
TXN006235,CUST1925,MERCHANT009,45122.47,NETBANKING,2026-08-19 07:44:08.848634,FAILED,Bank Declined,1,14,5,True,1,1,0.7368421052631579,0.41066859774212716,40,10,20,10,80,VERY HIGH,MANUAL_REVIEW,18530.381481561202
TXN000146,CUST0408,MERCHANT007,49551.02,NETBANKING,2026-08-22 17:11:14.848634,FAILED,Timeout,2,4,4,True,1,0,0.5,0.37346214415185003,40,25,10,5,80,VERY HIGH,MANUAL_REVIEW,18505.430174111203
TXN002495,CUST0903,MERCHANT004,37189.76,NETBANKING,2026-08-22 14:04:45.848634,FAILED,Bank Declined,2,18,2,True,1,0,0.9,0.49734699754436584,30,10,10,15,65,HIGH,MANUAL_REVIEW,18496.215475395555
TXN003913,CUST0342,MERCHANT009,30982.8,CARD,2026-08-19 01:26:07.848634,FAILED,Technical Error,1,11,4,True,1,1,0.7333333333333333,0.5968046313826366,30,20,20,10,80,VERY HIGH,RETRY_WITH_DELAY,18490.678533201954
TXN006130,CUST1686,MERCHANT002,25271.27,NETBANKING,2026-08-20 17:05:09.848634,FAILED,Network Error,1,5,3,True,1,1,0.625,0.7289538464645201,30,25,20,10,85,VERY HIGH,RETRY_WITH_DELAY,18421.589471543433
TXN002951,CUST1746,MERCHANT002,24357.12,CARD,2026-08-24 01:30:38.848634,FAILED,Bank Declined,1,15,2,True,1,1,0.8823529411764706,0.7502290660225444,20,10,20,15,65,HIGH,RETRY_WITH_DELAY,18273.419388599035
TXN005104,CUST1859,MERCHANT005,25377.44,UPI,2026-08-23 15:05:17.848634,FAILED,Timeout,1,10,2,True,1,1,0.8333333333333334,0.717722827136131,30,25,20,15,90,VERY HIGH,RETRY_WITH_DELAY,18213.967982277536
TXN001659,CUST1466,MERCHANT009,43759.11,NETBANKING,2026-08-18 16:52:30.848634,FAILED,Network Error,2,18,2,True,1,0,0.9,0.4155541426272882,40,25,10,15,90,VERY HIGH,MANUAL_REVIEW,18184.27943818319
TXN005570,CUST0748,MERCHANT007,48756.5,UPI,2026-08-23 15:19:44.848634,FAILED,Network Error,1,2,2,True,1,1,0.5,0.37030809930809927,40,25,20,5,90,VERY HIGH,MANUAL_REVIEW,18054.926843915342
TXN000960,CUST0460,MERCHANT010,33168.9,NETBANKING,2026-08-23 11:31:57.848634,FAILED,Technical Error,2,17,0,True,1,0,1.0,0.5420553885116444,30,20,10,15,75,HIGH,RETRY_WITH_DELAY,17979.380976003882
TXN001060,CUST1935,MERCHANT006,39895.84,NETBANKING,2026-08-18 09:07:58.848634,FAILED,Timeout,3,10,1,False,1,0,0.9090909090909091,0.44949836990361386,30,25,0,15,70,HIGH,STOP_AUTOMATIC_RETRY,17933.115045935392
TXN009642,CUST0061,MERCHANT008,45710.81,WALLET,2026-08-20 15:38:17.848634,FAILED,Insufficient Funds,2,10,2,True,1,0,0.8333333333333334,0.39213687885753545,40,5,10,15,70,HIGH,DO_NOT_RETRY,17924.89436344982
TXN008316,CUST0658,MERCHANT005,21487.19,NETBANKING,2026-08-21 22:46:27.848634,FAILED,Network Error,1,17,0,True,1,1,1.0,0.8329357561118431,20,25,20,15,80,VERY HIGH,ALTERNATE_ROUTE,17897.448849368833
TXN006580,CUST0836,MERCHANT001,30937.62,WALLET,2026-08-23 19:38:51.848634,FAILED,Timeout,1,15,2,True,1,1,0.8823529411764706,0.5744104502582762,30,25,20,15,90,VERY HIGH,RETRY_WITH_DELAY,17770.89223411945
TXN009114,CUST0169,MERCHANT009,28464.72,CARD,2026-08-18 19:38:39.848634,FAILED,Bank Declined,3,6,5,False,1,0,0.5454545454545454,0.6224006029964294,30,10,0,10,50,MEDIUM,STOP_AUTOMATIC_RETRY,17716.458892124523
TXN008991,CUST1888,MERCHANT003,49634.18,UPI,2026-08-22 17:43:49.848634,FAILED,Bank Declined,2,11,3,True,1,0,0.7857142857142857,0.3535429725216877,40,10,10,10,70,HIGH,MANUAL_REVIEW,17547.8155358765
TXN001942,CUST0231,MERCHANT010,39759.93,CARD,2026-08-21 15:01:38.848634,FAILED,Network Error,2,13,5,True,1,0,0.7222222222222222,0.44028217815563947,30,25,10,10,75,HIGH,MANUAL_REVIEW,17505.588583715755
TXN008970,CUST1861,MERCHANT009,38636.52,CARD,2026-08-22 13:23:40.848634,FAILED,Network Error,3,5,4,False,1,0,0.5555555555555556,0.45190585537932587,30,25,0,10,65,HIGH,STOP_AUTOMATIC_RETRY,17460.06961948043
TXN004355,CUST0955,MERCHANT009,35386.37,NETBANKING,2026-08-22 13:50:56.848634,FAILED,Network Error,3,5,1,False,1,0,0.8333333333333334,0.49318610101890137,30,25,0,10,65,HIGH,STOP_AUTOMATIC_RETRY,17452.065849512222
TXN001981,CUST0099,MERCHANT008,29602.4,NETBANKING,2026-08-23 09:13:32.848634,FAILED,Technical Error,2,13,0,True,1,0,1.0,0.5891345447355374,30,20,10,15,75,HIGH,RETRY_WITH_DELAY,17439.796447079272
TXN000913,CUST0745,MERCHANT007,36568.96,NETBANKING,2026-08-24 09:28:58.848634,FAILED,Network Error,2,17,4,True,1,0,0.8095238095238095,0.47633347139191123,30,25,10,10,75,HIGH,MANUAL_REVIEW,17419.019661991944
TXN008611,CUST0581,MERCHANT002,18771.11,UPI,2026-08-24 17:45:50.848634,FAILED,Network Error,1,8,1,True,1,1,0.8888888888888888,0.9232758537758539,20,25,20,10,75,HIGH,ALTERNATE_ROUTE,17330.912611570468
TXN004658,CUST0879,MERCHANT009,21941.01,NETBANKING,2026-08-22 11:19:57.848634,FAILED,Technical Error,2,13,2,True,1,0,0.8666666666666667,0.7869518338183427,20,20,10,15,65,HIGH,FALLBACK_PROCESSOR,17266.518055326593
TXN007371,CUST1524,MERCHANT005,40103.42,NETBANKING,2026-08-18 18:09:35.848634,FAILED,Insufficient Funds,3,12,1,False,1,0,0.9230769230769231,0.42333214711910483,40,5,0,15,60,HIGH,DO_NOT_RETRY,16977.06689541925
TXN009022,CUST0508,MERCHANT009,27841.29,CARD,2026-08-20 12:06:53.848634,FAILED,Network Error,3,4,0,False,1,0,1.0,0.6074797979797979,30,25,0,5,60,HIGH,STOP_AUTOMATIC_RETRY,16913.021224696968
TXN000953,CUST1001,MERCHANT007,35856.03,NETBANKING,2026-08-24 13:10:47.848634,FAILED,Bank Declined,2,1,0,True,1,0,1.0,0.46535427959640485,30,10,10,0,50,MEDIUM,MANUAL_REVIEW,16685.757009837078
TXN006941,CUST1872,MERCHANT001,29273.04,WALLET,2026-08-21 16:30:55.848634,FAILED,Timeout,1,10,1,True,1,1,0.9090909090909091,0.5665739211898463,30,25,20,15,90,VERY HIGH,RETRY_WITH_DELAY,16585.34105794722
TXN006261,CUST1717,MERCHANT007,47292.53,UPI,2026-08-19 12:22:44.848634,FAILED,Network Error,3,1,0,False,1,0,1.0,0.34573773448773454,40,25,0,0,65,HIGH,STOP_AUTOMATIC_RETRY,16350.812180393219
TXN009493,CUST0966,MERCHANT009,35363.33,NETBANKING,2026-08-22 19:46:23.848634,FAILED,Insufficient Funds,2,20,5,True,1,0,0.8,0.46170008821969616,30,5,10,10,55,MEDIUM,DO_NOT_RETRY,16327.252580742228
TXN000167,CUST0595,MERCHANT006,28542.08,NETBANKING,2026-08-21 13:14:54.848634,FAILED,Timeout,2,7,1,True,1,0,0.875,0.5692300426800798,30,25,10,10,75,HIGH,RETRY_WITH_DELAY,16247.009416578254
TXN000151,CUST1237,MERCHANT003,23868.36,NETBANKING,2026-08-20 21:12:17.848634,FAILED,Technical Error,2,5,5,True,1,0,0.5,0.674018677153499,20,20,10,10,60,HIGH,RETRY_WITH_DELAY,16087.720433023489
TXN003129,CUST1051,MERCHANT001,41354.52,CARD,2026-08-22 01:40:38.848634,FAILED,Bank Declined,2,4,0,True,1,0,1.0,0.38840709955479774,40,10,10,5,65,HIGH,MANUAL_REVIEW,16062.389166680872
TXN004519,CUST1933,MERCHANT003,39497.29,CARD,2026-08-19 02:41:21.848634,FAILED,Network Error,2,5,2,True,1,0,0.7142857142857143,0.4040980902863252,30,25,10,10,75,HIGH,MANUAL_REVIEW,15960.77946048517
TXN002853,CUST1758,MERCHANT010,34096.86,NETBANKING,2026-08-20 02:33:03.848634,FAILED,Bank Declined,2,9,2,True,1,0,0.8181818181818182,0.4652459646500958,30,10,10,10,60,HIGH,MANUAL_REVIEW,15863.426522239266
TXN004864,CUST1177,MERCHANT006,42945.14,WALLET,2026-08-24 06:40:05.848634,FAILED,Technical Error,3,3,5,False,1,0,0.375,0.36928696031637204,40,20,0,5,65,HIGH,STOP_AUTOMATIC_RETRY,15859.080210961041
TXN002691,CUST1446,MERCHANT006,48099.73,WALLET,2026-08-23 08:43:23.848634,FAILED,Technical Error,2,17,1,True,1,0,0.9444444444444444,0.328635525067804,40,20,10,15,85,VERY HIGH,MANUAL_REVIEW,15807.280024169606
TXN003822,CUST0904,MERCHANT005,48243.92,NETBANKING,2026-08-23 08:01:03.848634,FAILED,Bank Declined,2,19,0,True,1,0,1.0,0.3275217209690894,40,10,10,15,75,HIGH,MANUAL_REVIEW,15800.93170469507
TXN002878,CUST1665,MERCHANT008,44997.98,WALLET,2026-08-23 09:08:13.848634,FAILED,Insufficient Funds,2,7,1,True,1,0,0.875,0.34985350457416103,40,5,10,10,65,HIGH,DO_NOT_RETRY,15742.701001758009
TXN003911,CUST1973,MERCHANT003,29409.19,UPI,2026-08-22 21:13:32.848634,FAILED,Insufficient Funds,1,6,3,True,1,1,0.6666666666666666,0.5318623216285666,30,5,20,10,65,HIGH,DO_NOT_RETRY,15641.640070615624
TXN004006,CUST0455,MERCHANT003,47142.33,UPI,2026-08-23 12:32:39.848634,FAILED,Bank Declined,3,16,1,False,1,0,0.9411764705882353,0.32995082477435395,40,10,0,15,65,HIGH,STOP_AUTOMATIC_RETRY,15554.65066528477
TXN007997,CUST0961,MERCHANT002,18692.63,CARD,2026-08-20 13:24:25.848634,FAILED,Network Error,1,14,4,True,1,1,0.7777777777777778,0.8090368135196143,20,25,20,10,75,HIGH,ALTERNATE_ROUTE,15123.02581150115
TXN000061,CUST0048,MERCHANT010,26302.32,CARD,2026-08-19 01:57:31.848634,FAILED,Timeout,3,6,1,False,1,0,0.8571428571428571,0.5735651675518182,30,25,0,10,65,HIGH,STOP_AUTOMATIC_RETRY,15086.094577801538
TXN007837,CUST0968,MERCHANT002,32979.89,WALLET,2026-08-18 13:00:55.848634,FAILED,Technical Error,1,19,4,True,1,1,0.8260869565217391,0.45446673635637824,30,20,20,10,80,VERY HIGH,MANUAL_REVIEW,14988.262973692355
TXN003203,CUST0685,MERCHANT010,44906.31,CARD,2026-08-20 11:43:40.848634,FAILED,Insufficient Funds,1,2,1,True,1,1,0.6666666666666666,0.3322540814305521,40,5,20,5,70,HIGH,DO_NOT_RETRY,14920.304779485614
TXN008289,CUST1534,MERCHANT007,49436.52,CARD,2026-08-22 21:18:41.848634,FAILED,Bank Declined,3,4,3,False,1,0,0.5714285714285714,0.30076319143819136,40,10,0,5,55,MEDIUM,STOP_AUTOMATIC_RETRY,14868.685528797974
TXN004338,CUST1710,MERCHANT004,48819.13,WALLET,2026-08-21 11:20:38.848634,FAILED,Timeout,3,17,1,False,1,0,0.9444444444444444,0.30391253030383475,40,25,0,15,80,VERY HIGH,STOP_AUTOMATIC_RETRY,14836.745325531847
TXN001695,CUST1366,MERCHANT008,34015.24,NETBANKING,2026-08-19 14:09:02.848634,FAILED,Insufficient Funds,2,20,4,True,1,0,0.8333333333333334,0.4349095369732626,30,5,10,10,55,MEDIUM,DO_NOT_RETRY,14793.552278434401
TXN002026,CUST0013,MERCHANT006,31304.31,WALLET,2026-08-19 15:17:44.848634,FAILED,Bank Declined,3,17,1,False,1,0,0.9444444444444444,0.4716028914642388,30,10,0,15,55,MEDIUM,STOP_AUTOMATIC_RETRY,14763.203111292885
TXN002734,CUST1117,MERCHANT002,44896.13,NETBANKING,2026-08-21 12:40:44.848634,FAILED,Insufficient Funds,3,19,5,False,1,0,0.7916666666666666,0.32787912641493205,40,5,0,10,55,MEDIUM,DO_NOT_RETRY,14720.503883811223
TXN007201,CUST1204,MERCHANT002,45555.36,NETBANKING,2026-08-23 12:45:52.848634,FAILED,Insufficient Funds,3,4,3,False,1,0,0.5714285714285714,0.3225641605126899,40,5,0,5,50,MEDIUM,DO_NOT_RETRY,14694.526455253372
TXN000485,CUST1016,MERCHANT009,33252.92,NETBANKING,2026-08-18 14:38:07.848634,FAILED,Network Error,2,16,5,True,1,0,0.7619047619047619,0.4383756905706528,30,25,10,10,75,HIGH,MANUAL_REVIEW,14577.271768490671
TXN004734,CUST0940,MERCHANT002,26254.15,CARD,2026-08-20 14:20:41.848634,FAILED,Bank Declined,3,19,1,False,1,0,0.95,0.5517490506569455,30,10,0,15,55,MEDIUM,STOP_AUTOMATIC_RETRY,14485.702338305045
TXN001555,CUST1606,MERCHANT009,27535.87,NETBANKING,2026-08-18 15:04:53.848634,FAILED,Bank Declined,3,14,1,False,1,0,0.9333333333333333,0.5225451663433557,30,10,0,15,55,MEDIUM,STOP_AUTOMATIC_RETRY,14388.735769559016
TXN009134,CUST1729,MERCHANT002,39750.77,WALLET,2026-08-21 19:52:28.848634,FAILED,Bank Declined,3,19,0,False,1,0,1.0,0.36103631250942475,30,10,0,15,55,MEDIUM,STOP_AUTOMATIC_RETRY,14351.471420210264
TXN004760,CUST0139,MERCHANT006,40991.38,WALLET,2026-08-23 23:44:38.848634,FAILED,Network Error,2,3,4,True,1,0,0.42857142857142855,0.3487592104076784,40,25,10,5,80,VERY HIGH,MANUAL_REVIEW,14296.121322321098
TXN008473,CUST0458,MERCHANT007,38621.84,WALLET,2026-08-22 03:14:24.848634,FAILED,Network Error,3,8,5,False,1,0,0.6153846153846154,0.36882917854498404,30,25,0,10,65,HIGH,STOP_AUTOMATIC_RETRY,14244.861521095805
TXN007844,CUST1179,MERCHANT007,30752.8,NETBANKING,2026-08-19 18:24:44.848634,FAILED,Network Error,2,9,3,True,1,0,0.75,0.4603053195639009,30,25,10,10,75,HIGH,MANUAL_REVIEW,14155.677431484732
TXN000666,CUST0343,MERCHANT002,19099.49,UPI,2026-08-24 10:36:33.848634,FAILED,Technical Error,1,20,4,True,1,1,0.8333333333333334,0.7375806878306879,20,20,20,10,70,HIGH,RETRY_WITH_DELAY,14087.414971415346
TXN003932,CUST0267,MERCHANT001,17468.83,UPI,2026-08-20 03:39:22.848634,FAILED,Network Error,1,11,4,True,1,1,0.7333333333333333,0.8060486268422702,20,25,20,10,75,HIGH,ALTERNATE_ROUTE,14080.726434041057
TXN006521,CUST0781,MERCHANT006,44292.36,WALLET,2026-08-23 20:06:33.848634,FAILED,Bank Declined,3,8,5,False,1,0,0.6153846153846154,0.31578555078757914,40,10,0,10,60,HIGH,STOP_AUTOMATIC_RETRY,13986.88729828174
TXN000558,CUST1210,MERCHANT001,21889.25,CARD,2026-08-20 08:52:49.848634,FAILED,Network Error,2,7,2,True,1,0,0.7777777777777778,0.6378192001637657,20,25,10,10,65,HIGH,RETRY_WITH_DELAY,13961.383927184708
TXN009931,CUST1659,MERCHANT008,39394.54,NETBANKING,2026-08-18 06:55:57.848634,FAILED,Network Error,1,1,1,True,1,1,0.5,0.35411018223115015,30,25,20,0,75,HIGH,MANUAL_REVIEW,13950.007738312333
TXN008338,CUST0474,MERCHANT008,25769.27,NETBANKING,2026-08-20 12:28:12.848634,FAILED,Technical Error,1,1,5,True,1,1,0.16666666666666666,0.5396714285714285,30,20,20,0,70,HIGH,RETRY_WITH_DELAY,13906.938754142855
TXN003937,CUST0153,MERCHANT006,21001.03,CARD,2026-08-24 02:53:22.848634,FAILED,Timeout,3,18,3,False,1,0,0.8571428571428571,0.6584412397935812,20,25,0,10,55,MEDIUM,STOP_AUTOMATIC_RETRY,13827.944230142191
TXN003411,CUST1683,MERCHANT008,24570.9,UPI,2026-08-20 13:46:02.848634,FAILED,Technical Error,1,9,5,True,1,1,0.6428571428571429,0.5593255882088591,20,20,20,10,70,HIGH,RETRY_WITH_DELAY,13743.133095321058
TXN009883,CUST1515,MERCHANT009,23301.39,WALLET,2026-08-22 07:54:22.848634,FAILED,Technical Error,3,6,1,False,1,0,0.8571428571428571,0.5887768387568689,20,20,0,10,50,MEDIUM,STOP_AUTOMATIC_RETRY,13719.318742840918
TXN002918,CUST1275,MERCHANT007,20374.56,CARD,2026-08-24 07:18:44.848634,FAILED,Technical Error,2,10,5,True,1,0,0.6666666666666666,0.6725991543803145,20,20,10,10,60,HIGH,RETRY_WITH_DELAY,13703.91182687098
TXN001485,CUST0659,MERCHANT007,19399.51,WALLET,2026-08-19 00:20:33.848634,FAILED,Bank Declined,2,16,2,True,1,0,0.8888888888888888,0.705964894943295,20,10,10,15,55,MEDIUM,RETRY_WITH_DELAY,13695.373039101398
TXN006199,CUST1435,MERCHANT001,27062.55,NETBANKING,2026-08-20 08:42:15.848634,FAILED,Timeout,2,10,0,True,1,0,1.0,0.4977490180228377,30,25,10,15,80,VERY HIGH,MANUAL_REVIEW,13470.357687693946
TXN002270,CUST1615,MERCHANT008,39627.94,CARD,2026-08-23 19:33:30.848634,FAILED,Bank Declined,2,8,3,True,1,0,0.7272727272727273,0.3393766482741813,30,10,10,10,60,HIGH,MANUAL_REVIEW,13448.79745521036
TXN004540,CUST0580,MERCHANT009,20847.02,UPI,2026-08-24 15:04:43.848634,FAILED,Network Error,3,20,3,False,1,0,0.8695652173913043,0.6437071909571911,20,25,0,10,55,MEDIUM,STOP_AUTOMATIC_RETRY,13419.376684028382
TXN005835,CUST0129,MERCHANT005,18746.35,WALLET,2026-08-21 05:25:27.848634,FAILED,Network Error,1,6,0,True,1,1,1.0,0.7152592592592593,20,25,20,10,75,HIGH,RETRY_WITH_DELAY,13408.500414814815
TXN004840,CUST1636,MERCHANT009,21071.77,WALLET,2026-08-23 02:18:10.848634,FAILED,Timeout,1,17,3,True,1,1,0.85,0.6269540090959526,20,25,20,10,75,HIGH,RETRY_WITH_DELAY,13211.03068024782
TXN009126,CUST1033,MERCHANT008,29328.12,WALLET,2026-08-22 14:43:32.848634,FAILED,Network Error,1,7,3,True,1,1,0.7,0.4473465516249404,30,25,20,10,85,VERY HIGH,MANUAL_REVIEW,13119.833347642447
TXN007903,CUST0278,MERCHANT010,28989.55,WALLET,2026-08-24 02:36:19.848634,FAILED,Timeout,3,17,5,False,1,0,0.7727272727272727,0.4517419185833904,30,25,0,10,65,HIGH,STOP_AUTOMATIC_RETRY,13095.794935869126
TXN000827,CUST0960,MERCHANT001,44673.46,CARD,2026-08-24 10:31:53.848634,FAILED,Timeout,1,2,5,True,1,1,0.2857142857142857,0.29297493665235586,40,25,20,5,90,VERY HIGH,MANUAL_REVIEW,13088.204113541553
TXN005152,CUST1556,MERCHANT002,18004.6,UPI,2026-08-18 07:34:57.848634,FAILED,Timeout,2,6,1,True,1,0,0.8571428571428571,0.7235340699539385,20,25,10,10,65,HIGH,RETRY_WITH_DELAY,13026.94151589268
TXN004252,CUST1209,MERCHANT008,24505.97,CARD,2026-08-21 13:54:56.848634,FAILED,Technical Error,1,17,5,True,1,1,0.7727272727272727,0.5294294924606708,20,20,20,10,70,HIGH,RETRY_WITH_DELAY,12974.183259356427
TXN008905,CUST1574,MERCHANT009,28573.05,CARD,2026-08-24 10:08:34.848634,FAILED,Technical Error,3,1,3,False,1,0,0.25,0.4527166461077752,30,20,0,0,50,MEDIUM,STOP_AUTOMATIC_RETRY,12935.495365069764
TXN008872,CUST0618,MERCHANT002,36512.36,WALLET,2026-08-24 07:50:34.848634,FAILED,Bank Declined,2,13,5,True,1,0,0.7222222222222222,0.35119287593834436,30,10,10,10,60,HIGH,MANUAL_REVIEW,12822.880715696167
TXN005852,CUST0547,MERCHANT003,33306.58,CARD,2026-08-18 12:10:28.848634,FAILED,Technical Error,3,20,0,False,1,0,1.0,0.3844579944908893,30,20,0,15,65,HIGH,STOP_AUTOMATIC_RETRY,12804.980950150364
TXN007825,CUST0441,MERCHANT007,28765.41,NETBANKING,2026-08-24 22:28:40.848634,FAILED,Insufficient Funds,3,12,3,False,1,0,0.8,0.4440790579779305,30,5,0,10,45,MEDIUM,DO_NOT_RETRY,12774.116175148942
TXN006243,CUST1552,MERCHANT003,35238.24,WALLET,2026-08-19 10:09:51.848634,FAILED,Technical Error,2,2,2,True,1,0,0.5,0.36156647066383923,30,20,10,5,65,HIGH,MANUAL_REVIEW,12740.966069205326
TXN007161,CUST0693,MERCHANT006,19773.94,CARD,2026-08-24 12:54:57.848634,FAILED,Network Error,3,14,0,False,1,0,1.0,0.6402912550412548,20,25,0,15,60,HIGH,STOP_AUTOMATIC_RETRY,12661.08085971047
TXN003227,CUST1893,MERCHANT006,15474.35,WALLET,2026-08-18 03:15:56.848634,FAILED,Network Error,2,14,3,True,1,0,0.8235294117647058,0.8093381739554376,20,25,10,10,65,HIGH,ALTERNATE_ROUTE,12523.982172147325
TXN005731,CUST1260,MERCHANT004,25650.08,WALLET,2026-08-24 20:02:12.848634,FAILED,Technical Error,3,11,1,False,1,0,0.9166666666666666,0.4791711000987316,30,20,0,15,65,HIGH,STOP_AUTOMATIC_RETRY,12290.777051220473
TXN002635,CUST0701,MERCHANT006,17767.18,UPI,2026-08-21 07:47:28.848634,FAILED,Timeout,2,5,4,True,1,0,0.5555555555555556,0.6773244913950708,20,25,10,10,65,HIGH,RETRY_WITH_DELAY,12034.146157024674
TXN001896,CUST0327,MERCHANT005,24235.05,UPI,2026-08-18 12:56:57.848634,FAILED,Insufficient Funds,1,1,0,True,1,1,1.0,0.4945510426392782,20,5,20,0,45,MEDIUM,DO_NOT_RETRY,11985.46924591504
TXN006204,CUST0302,MERCHANT006,16325.1,CARD,2026-08-24 10:51:54.848634,FAILED,Technical Error,3,13,1,False,1,0,0.9285714285714286,0.7328049789484037,20,20,0,15,55,MEDIUM,STOP_AUTOMATIC_RETRY,11963.114561830585
TXN006780,CUST0270,MERCHANT006,15852.26,CARD,2026-08-23 05:03:41.848634,FAILED,Technical Error,1,13,0,True,1,1,1.0,0.7545778812974466,20,20,20,15,75,HIGH,FALLBACK_PROCESSOR,11961.76476457626
TXN008794,CUST0959,MERCHANT006,26165.61,WALLET,2026-08-22 09:10:44.848634,FAILED,Bank Declined,2,17,4,True,1,0,0.8095238095238095,0.45425229664244987,30,10,10,10,60,HIGH,MANUAL_REVIEW,11885.788435550652
TXN000018,CUST1646,MERCHANT003,17511.95,CARD,2026-08-23 13:13:04.848634,FAILED,Timeout,1,12,3,True,1,1,0.8,0.6780033465953588,20,25,20,10,75,HIGH,RETRY_WITH_DELAY,11873.160705410593
TXN004574,CUST1144,MERCHANT007,16896.22,CARD,2026-08-24 20:51:57.848634,FAILED,Network Error,2,17,4,True,1,0,0.8095238095238095,0.701681426492424,20,25,10,10,65,HIGH,RETRY_WITH_DELAY,11855.763751929826
TXN002097,CUST1483,MERCHANT003,22890.94,CARD,2026-08-19 14:41:30.848634,FAILED,Bank Declined,2,17,4,True,1,0,0.8095238095238095,0.515328882243865,20,10,10,10,50,MEDIUM,RETRY_WITH_DELAY,11796.362523711377
TXN006495,CUST0953,MERCHANT009,47146.63,NETBANKING,2026-08-21 17:50:16.848634,FAILED,Bank Declined,3,8,5,False,1,0,0.6153846153846154,0.24599140462872715,40,10,0,10,60,HIGH,STOP_AUTOMATIC_RETRY,11597.665737210886
TXN005092,CUST0950,MERCHANT005,16550.81,CARD,2026-08-21 02:50:10.848634,FAILED,Technical Error,1,9,5,True,1,1,0.6428571428571429,0.6977451974028014,20,20,20,10,70,HIGH,RETRY_WITH_DELAY,11548.24819062626
TXN003145,CUST1155,MERCHANT004,24830.55,WALLET,2026-08-23 18:51:44.848634,FAILED,Bank Declined,3,7,5,False,1,0,0.5833333333333334,0.4643795658588544,20,10,0,10,40,MEDIUM,STOP_AUTOMATIC_RETRY,11530.800029036578
TXN005411,CUST1654,MERCHANT002,17147.32,CARD,2026-08-21 11:05:38.848634,FAILED,Bank Declined,1,11,2,True,1,1,0.8461538461538461,0.6564168901265454,20,10,20,15,65,HIGH,RETRY_WITH_DELAY,11255.790468404713
TXN006182,CUST0968,MERCHANT004,12964.54,NETBANKING,2026-08-22 11:39:52.848634,FAILED,Network Error,1,17,3,True,1,1,0.85,0.859408589579881,20,25,20,10,75,HIGH,ALTERNATE_ROUTE,11141.83703595195
TXN008435,CUST0490,MERCHANT009,43134.82,WALLET,2026-08-23 15:43:13.848634,FAILED,Technical Error,3,20,1,False,1,0,0.9523809523809523,0.2577800625300625,40,20,0,15,75,HIGH,STOP_AUTOMATIC_RETRY,11119.296596822991
TXN004695,CUST0835,MERCHANT008,17912.22,CARD,2026-08-24 18:32:44.848634,FAILED,Timeout,3,14,4,False,1,0,0.7777777777777778,0.6165485588424545,20,25,0,10,55,MEDIUM,STOP_AUTOMATIC_RETRY,11043.75342666899
TXN004937,CUST0823,MERCHANT003,19176.82,WALLET,2026-08-18 15:46:41.848634,FAILED,Technical Error,3,1,4,False,1,0,0.2,0.5750940696101983,20,20,0,0,40,MEDIUM,STOP_AUTOMATIC_RETRY,11028.475455982241
TXN001336,CUST0722,MERCHANT003,24101.66,NETBANKING,2026-08-23 10:44:25.848634,FAILED,Insufficient Funds,1,19,3,True,1,1,0.8636363636363636,0.45747618001965823,20,5,20,10,55,MEDIUM,DO_NOT_RETRY,11025.935348932597
TXN007545,CUST0960,MERCHANT009,21403.33,UPI,2026-08-20 18:48:35.848634,FAILED,Technical Error,2,7,4,True,1,0,0.6363636363636364,0.5127202532841031,20,20,10,10,60,HIGH,RETRY_WITH_DELAY,10973.920778723243
TXN003987,CUST0562,MERCHANT005,18833.47,NETBANKING,2026-08-22 19:02:43.848634,FAILED,Timeout,3,7,5,False,1,0,0.5833333333333334,0.5760396680965857,20,25,0,10,55,MEDIUM,STOP_AUTOMATIC_RETRY,10848.825807907004
TXN003230,CUST0038,MERCHANT003,49102.32,NETBANKING,2026-08-21 03:55:22.848634,FAILED,Timeout,3,4,4,False,1,0,0.5,0.21925055130055143,40,25,0,5,70,HIGH,STOP_AUTOMATIC_RETRY,10765.710730136092
TXN001740,CUST0547,MERCHANT002,23704.32,WALLET,2026-08-21 06:09:17.848634,FAILED,Timeout,1,1,0,True,1,1,1.0,0.453185545935546,20,25,20,0,65,HIGH,MANUAL_REVIEW,10742.455200230881
TXN003340,CUST1940,MERCHANT009,32430.35,WALLET,2026-08-21 15:36:39.848634,FAILED,Timeout,3,9,3,False,1,0,0.75,0.3291253888374401,30,25,0,10,65,HIGH,STOP_AUTOMATIC_RETRY,10673.651553884274
TXN004578,CUST0957,MERCHANT009,17461.79,UPI,2026-08-22 14:21:12.848634,FAILED,Bank Declined,2,1,3,True,1,0,0.25,0.6107144671864783,20,10,10,0,40,MEDIUM,RETRY_WITH_DELAY,10664.167775972175
TXN005767,CUST1688,MERCHANT002,28458.3,NETBANKING,2026-08-20 10:44:04.848634,FAILED,Network Error,2,1,1,True,1,0,0.5,0.3734729558076332,30,25,10,0,65,HIGH,MANUAL_REVIEW,10628.405418260367
TXN008648,CUST1882,MERCHANT005,27874.1,NETBANKING,2026-08-23 05:06:13.848634,FAILED,Technical Error,2,19,0,True,1,0,1.0,0.3811076659443565,30,20,10,15,75,HIGH,MANUAL_REVIEW,10623.033191299588
TXN004491,CUST1730,MERCHANT003,17483.9,CARD,2026-08-22 09:11:32.848634,FAILED,Timeout,2,5,0,True,1,0,1.0,0.6064295374512768,20,25,10,10,65,HIGH,RETRY_WITH_DELAY,10602.75338984438
TXN009433,CUST1677,MERCHANT002,14729.93,UPI,2026-08-24 16:28:10.848634,FAILED,Network Error,1,1,0,True,1,1,1.0,0.7125316257816259,20,25,20,0,65,HIGH,RETRY_WITH_DELAY,10495.540970549544
TXN000277,CUST0197,MERCHANT008,18075.95,CARD,2026-08-19 07:08:51.848634,FAILED,Timeout,3,13,4,False,1,0,0.7647058823529411,0.5734673114901746,20,25,0,10,55,MEDIUM,STOP_AUTOMATIC_RETRY,10365.966449130821
TXN004043,CUST1710,MERCHANT010,21276.02,WALLET,2026-08-22 02:09:17.848634,FAILED,Bank Declined,3,2,5,False,1,0,0.2857142857142857,0.48661654164646395,20,10,0,5,35,LOW,STOP_AUTOMATIC_RETRY,10353.263272401
TXN001570,CUST0406,MERCHANT001,25597.44,WALLET,2026-08-20 21:38:24.848634,FAILED,Timeout,1,18,5,True,1,1,0.782608695652174,0.39556312503921226,30,25,20,10,85,VERY HIGH,MANUAL_REVIEW,10125.403359403734
TXN001527,CUST1381,MERCHANT002,21488.64,UPI,2026-08-18 08:38:30.848634,FAILED,Insufficient Funds,2,20,2,True,1,0,0.9090909090909091,0.4693623490706824,20,5,10,15,50,MEDIUM,DO_NOT_RETRY,10085.958548734228
TXN004836,CUST1828,MERCHANT010,18520.28,UPI,2026-08-18 22:22:03.848634,FAILED,Technical Error,2,1,1,True,1,0,0.5,0.5433202286614849,20,20,10,0,50,MEDIUM,RETRY_WITH_DELAY,10062.442764474725
TXN006686,CUST0167,MERCHANT008,23246.35,NETBANKING,2026-08-24 09:52:37.848634,FAILED,Timeout,2,6,3,True,1,0,0.6666666666666666,0.4313512507057756,20,25,10,10,65,HIGH,MANUAL_REVIEW,10027.342146844207
TXN000881,CUST1750,MERCHANT007,44429.74,NETBANKING,2026-08-24 19:21:30.848634,FAILED,Timeout,3,4,4,False,1,0,0.5,0.22507664840606026,40,25,0,5,70,HIGH,STOP_AUTOMATIC_RETRY,10000.096968752672
TXN000705,CUST0558,MERCHANT010,32025.1,CARD,2026-08-21 09:05:32.848634,FAILED,Bank Declined,3,4,0,False,1,0,1.0,0.31197006817658995,30,10,0,5,45,MEDIUM,STOP_AUTOMATIC_RETRY,9990.87263036211
TXN002954,CUST0910,MERCHANT007,37505.29,WALLET,2026-08-21 01:19:14.848634,FAILED,Bank Declined,3,2,0,False,1,0,1.0,0.2662758141640495,30,10,0,5,45,MEDIUM,STOP_AUTOMATIC_RETRY,9986.751630208784
TXN002046,CUST0612,MERCHANT008,30900.86,UPI,2026-08-23 16:48:41.848634,FAILED,Bank Declined,3,10,1,False,1,0,0.9090909090909091,0.32093742023656885,30,10,0,15,55,MEDIUM,STOP_AUTOMATIC_RETRY,9917.24229149138
TXN003488,CUST1630,MERCHANT006,39739.56,CARD,2026-08-24 08:31:46.848634,FAILED,Technical Error,2,2,4,True,1,0,0.3333333333333333,0.24866316717929626,30,20,10,5,65,HIGH,MANUAL_REVIEW,9881.764851911674
TXN003973,CUST1108,MERCHANT006,13888.74,UPI,2026-08-22 02:04:53.848634,FAILED,Technical Error,1,7,3,True,1,1,0.7,0.7015705649215469,20,20,20,10,70,HIGH,RETRY_WITH_DELAY,9743.931167848485
TXN000336,CUST1091,MERCHANT008,14080.9,UPI,2026-08-24 12:16:30.848634,FAILED,Timeout,1,12,5,True,1,1,0.7058823529411765,0.6912682666075889,20,25,20,10,75,HIGH,RETRY_WITH_DELAY,9733.679335274797
TXN008181,CUST1835,MERCHANT010,27066.7,NETBANKING,2026-08-21 08:24:16.848634,FAILED,Timeout,1,3,5,True,1,1,0.375,0.358244488411042,30,25,20,5,80,VERY HIGH,MANUAL_REVIEW,9696.496094475151
TXN004525,CUST1682,MERCHANT010,22138.44,NETBANKING,2026-08-20 02:53:00.848634,FAILED,Timeout,3,13,1,False,1,0,0.9285714285714286,0.4361937008261624,20,25,0,15,60,HIGH,STOP_AUTOMATIC_RETRY,9656.648074117946
TXN002939,CUST0462,MERCHANT006,14597.3,NETBANKING,2026-08-22 22:53:32.848634,FAILED,Technical Error,2,6,4,True,1,0,0.6,0.6611620081357414,20,20,10,10,60,HIGH,RETRY_WITH_DELAY,9651.180181359858
TXN006603,CUST1622,MERCHANT009,32741.7,UPI,2026-08-23 14:43:26.848634,FAILED,Technical Error,1,2,3,True,1,1,0.4,0.2926926007087298,30,20,20,5,75,HIGH,MANUAL_REVIEW,9583.253324625019
TXN003720,CUST0255,MERCHANT001,41584.03,UPI,2026-08-19 10:45:52.848634,FAILED,Technical Error,3,2,3,False,1,0,0.4,0.2299306496967788,40,20,0,5,65,HIGH,STOP_AUTOMATIC_RETRY,9561.44303491034
TXN004933,CUST0542,MERCHANT002,20922.93,NETBANKING,2026-08-21 09:42:54.848634,FAILED,Bank Declined,2,4,1,True,1,0,0.8,0.4562015204895179,20,10,10,5,45,MEDIUM,MANUAL_REVIEW,9545.072479095748
TXN000943,CUST1258,MERCHANT010,15963.91,WALLET,2026-08-23 19:30:16.848634,FAILED,Timeout,1,13,0,True,1,1,1.0,0.5969049634969759,20,25,20,15,80,VERY HIGH,RETRY_WITH_DELAY,9528.937115819008
TXN001535,CUST0414,MERCHANT006,12254.79,UPI,2026-08-22 17:32:46.848634,FAILED,Technical Error,2,8,1,True,1,0,0.8888888888888888,0.7748863375629792,20,20,10,10,60,HIGH,FALLBACK_PROCESSOR,9496.069340703423
TXN001021,CUST1242,MERCHANT003,14754.16,NETBANKING,2026-08-24 02:24:56.848634,FAILED,Network Error,3,7,2,False,1,0,0.7777777777777778,0.6371125854821507,20,25,0,10,55,MEDIUM,STOP_AUTOMATIC_RETRY,9400.061024217328
TXN005968,CUST0448,MERCHANT002,17012.83,CARD,2026-08-18 11:58:35.848634,FAILED,Insufficient Funds,1,8,2,True,1,1,0.8,0.5519984527372042,20,5,20,10,55,MEDIUM,DO_NOT_RETRY,9391.05583668109
TXN007016,CUST0251,MERCHANT004,13605.05,WALLET,2026-08-20 07:24:31.848634,FAILED,Network Error,3,8,2,False,1,0,0.8,0.6895472458109286,20,25,0,10,55,MEDIUM,STOP_AUTOMATIC_RETRY,9381.324756619973
TXN006852,CUST0377,MERCHANT002,42264.85,UPI,2026-08-23 23:14:56.848634,FAILED,Bank Declined,3,2,0,False,1,0,1.0,0.22134367130690663,40,10,0,5,55,MEDIUM,STOP_AUTOMATIC_RETRY,9355.057066235713
TXN009956,CUST0068,MERCHANT001,39906.54,UPI,2026-08-18 07:16:20.848634,FAILED,Insufficient Funds,1,4,5,True,1,1,0.4444444444444444,0.23315115440115444,30,5,20,5,60,HIGH,DO_NOT_RETRY,9304.255869155846
TXN004446,CUST0010,MERCHANT010,31824.98,CARD,2026-08-19 19:48:44.848634,FAILED,Insufficient Funds,3,4,1,False,1,0,0.8,0.29147906992600087,30,5,0,5,40,MEDIUM,DO_NOT_RETRY,9276.315570813578
TXN009827,CUST1035,MERCHANT005,14001.5,NETBANKING,2026-08-22 19:43:36.848634,FAILED,Technical Error,1,18,4,True,1,1,0.8181818181818182,0.6622593533956221,20,20,20,10,70,HIGH,RETRY_WITH_DELAY,9272.624336568804
TXN006145,CUST1587,MERCHANT007,34224.66,WALLET,2026-08-18 07:43:35.848634,FAILED,Bank Declined,2,12,4,True,1,0,0.75,0.2689942095499723,30,10,10,10,60,HIGH,MANUAL_REVIEW,9206.235363816555
TXN000072,CUST1399,MERCHANT005,23427.31,UPI,2026-08-23 07:08:01.848634,FAILED,Technical Error,3,6,2,False,1,0,0.75,0.38861247857982206,20,20,0,10,50,MEDIUM,STOP_AUTOMATIC_RETRY,9104.145005557852
TXN003168,CUST0302,MERCHANT001,16211.65,CARD,2026-08-21 17:21:14.848634,FAILED,Timeout,2,7,3,True,1,0,0.7,0.5606255632986178,20,25,10,10,65,HIGH,RETRY_WITH_DELAY,9088.665413250037
TXN001563,CUST0566,MERCHANT001,12989.36,CARD,2026-08-21 08:29:18.848634,FAILED,Technical Error,2,12,2,True,1,0,0.8571428571428571,0.6940110296401449,20,20,10,15,65,HIGH,RETRY_WITH_DELAY,9014.759107966513
TXN000573,CUST0695,MERCHANT006,14432.76,WALLET,2026-08-19 07:34:34.848634,FAILED,Timeout,3,14,3,False,1,0,0.8235294117647058,0.6201607957285002,20,25,0,10,55,MEDIUM,STOP_AUTOMATIC_RETRY,8950.631926158469
TXN001186,CUST1130,MERCHANT009,15262.64,CARD,2026-08-22 02:46:16.848634,FAILED,Technical Error,1,4,2,True,1,1,0.6666666666666666,0.5818149591665434,20,20,20,5,65,HIGH,RETRY_WITH_DELAY,8880.03226837365
TXN004860,CUST1019,MERCHANT010,17188.0,UPI,2026-08-20 05:05:14.848634,FAILED,Timeout,3,13,3,False,1,0,0.8125,0.5103892997207813,20,25,0,10,55,MEDIUM,STOP_AUTOMATIC_RETRY,8772.571283600788
TXN000498,CUST0914,MERCHANT002,31790.93,WALLET,2026-08-18 05:36:14.848634,FAILED,Insufficient Funds,1,7,5,True,1,1,0.5833333333333334,0.27250163970016916,30,5,20,10,65,HIGH,DO_NOT_RETRY,8663.0805525933
TXN000669,CUST1261,MERCHANT003,38835.78,UPI,2026-08-22 10:53:31.848634,FAILED,Insufficient Funds,3,17,0,False,1,0,1.0,0.22195280890133834,30,5,0,15,50,MEDIUM,DO_NOT_RETRY,8619.710456874418
TXN004448,CUST1076,MERCHANT010,19631.11,WALLET,2026-08-23 21:14:05.848634,FAILED,Timeout,1,2,4,True,1,1,0.3333333333333333,0.438219308990701,20,25,20,5,70,HIGH,MANUAL_REVIEW,8602.73145892044
TXN004440,CUST1388,MERCHANT002,13380.73,CARD,2026-08-22 16:12:36.848634,FAILED,Technical Error,2,11,5,True,1,0,0.6875,0.6387593666057808,20,20,10,10,60,HIGH,RETRY_WITH_DELAY,8547.06661952297
TXN001487,CUST1275,MERCHANT007,38582.36,UPI,2026-08-21 02:48:51.848634,FAILED,Insufficient Funds,2,5,5,True,1,0,0.5,0.22134299224740397,30,5,10,10,55,MEDIUM,DO_NOT_RETRY,8539.93501036655
TXN005950,CUST0162,MERCHANT010,21538.66,CARD,2026-08-22 09:38:05.848634,FAILED,Bank Declined,2,6,3,True,1,0,0.6666666666666666,0.3952087099053103,20,10,10,10,50,MEDIUM,MANUAL_REVIEW,8512.26603168911
TXN000095,CUST0568,MERCHANT004,10244.78,UPI,2026-08-19 11:38:19.848634,FAILED,Network Error,2,12,2,True,1,0,0.8571428571428571,0.8299337356686428,20,25,10,15,70,HIGH,ALTERNATE_ROUTE,8502.488536503399
TXN001587,CUST1205,MERCHANT008,10750.24,UPI,2026-08-25 02:29:35.848634,FAILED,Timeout,1,12,3,True,1,1,0.8,0.7895568014951053,20,25,20,10,75,HIGH,SMART_RETRY,8487.92510970474
TXN008090,CUST0481,MERCHANT009,14311.16,CARD,2026-08-23 18:17:20.848634,FAILED,Technical Error,3,5,0,False,1,0,1.0,0.5815425777925778,20,20,0,10,50,MEDIUM,STOP_AUTOMATIC_RETRY,8322.548877602027
TXN002373,CUST0020,MERCHANT010,28013.48,WALLET,2026-08-24 11:04:37.848634,FAILED,Technical Error,2,1,5,True,1,0,0.16666666666666666,0.2959953516614809,30,20,10,0,60,HIGH,MANUAL_REVIEW,8291.859863861862
TXN001335,CUST1435,MERCHANT009,19176.92,UPI,2026-08-21 20:58:30.848634,FAILED,Insufficient Funds,2,8,1,True,1,0,0.8888888888888888,0.42616825609001774,20,5,10,10,45,MEDIUM,DO_NOT_RETRY,8172.594553577782
TXN004708,CUST0902,MERCHANT004,13338.55,CARD,2026-08-23 00:24:47.848634,FAILED,Technical Error,2,4,1,True,1,0,0.8,0.5992734101342091,20,20,10,5,55,MEDIUM,RETRY_WITH_DELAY,7993.438344745654
TXN007657,CUST1193,MERCHANT005,32722.12,NETBANKING,2026-08-19 21:17:45.848634,FAILED,Bank Declined,3,19,4,False,1,0,0.8260869565217391,0.24364227129474364,30,10,0,10,50,MEDIUM,STOP_AUTOMATIC_RETRY,7972.491638379157
TXN006756,CUST0519,MERCHANT006,10908.26,WALLET,2026-08-23 10:41:18.848634,FAILED,Bank Declined,1,18,2,True,1,1,0.9,0.7305507383541909,20,10,20,15,65,HIGH,RETRY_WITH_DELAY,7969.037397159487
TXN008065,CUST0764,MERCHANT004,11488.57,WALLET,2026-08-22 05:10:38.848634,FAILED,Network Error,3,10,2,False,1,0,0.8333333333333334,0.6926403887790714,20,25,0,15,60,HIGH,STOP_AUTOMATIC_RETRY,7957.447591315577
TXN008079,CUST0296,MERCHANT006,22157.41,NETBANKING,2026-08-24 21:12:28.848634,FAILED,Network Error,3,3,0,False,1,0,1.0,0.35714730639730646,20,25,0,5,50,MEDIUM,STOP_AUTOMATIC_RETRY,7913.459298240742
TXN009926,CUST1189,MERCHANT008,13191.74,WALLET,2026-08-18 05:56:26.848634,FAILED,Bank Declined,1,11,1,True,1,1,0.9166666666666666,0.5981080092423444,20,10,20,15,65,HIGH,RETRY_WITH_DELAY,7890.085349842604
TXN005094,CUST0040,MERCHANT004,35163.7,CARD,2026-08-18 07:49:15.848634,FAILED,Insufficient Funds,3,15,0,False,1,0,1.0,0.22364158064158066,30,5,0,15,50,MEDIUM,DO_NOT_RETRY,7864.0654492063495
TXN006389,CUST0801,MERCHANT010,10192.82,CARD,2026-08-24 12:37:15.848634,FAILED,Timeout,1,17,3,True,1,1,0.85,0.7650100523872262,20,25,20,10,75,HIGH,SMART_RETRY,7797.609762173566
TXN007936,CUST0772,MERCHANT007,27432.07,CARD,2026-08-24 19:59:57.848634,FAILED,Technical Error,1,2,2,True,1,1,0.5,0.2835096066579669,30,20,20,5,75,HIGH,MANUAL_REVIEW,7777.255375513813
TXN002630,CUST0434,MERCHANT003,31506.01,UPI,2026-08-18 22:41:54.848634,FAILED,Bank Declined,3,17,0,False,1,0,1.0,0.2467067771553066,30,10,0,15,55,MEDIUM,STOP_AUTOMATIC_RETRY,7772.746188122861
TXN005449,CUST1637,MERCHANT003,18744.57,NETBANKING,2026-08-24 22:55:18.848634,FAILED,Insufficient Funds,3,5,3,False,1,0,0.625,0.40875000353676827,20,5,0,10,35,LOW,DO_NOT_RETRY,7661.8430537952
TXN005480,CUST0381,MERCHANT002,10360.84,WALLET,2026-08-23 05:05:41.848634,FAILED,Network Error,1,10,0,True,1,1,1.0,0.7394833333333334,20,25,20,15,80,VERY HIGH,RETRY_WITH_DELAY,7661.668499333334
TXN000375,CUST0087,MERCHANT001,31677.78,CARD,2026-08-24 16:39:18.848634,FAILED,Insufficient Funds,3,17,3,False,1,0,0.85,0.2394495355585172,30,5,0,10,45,MEDIUM,DO_NOT_RETRY,7585.229708524885
TXN004603,CUST1360,MERCHANT009,16850.93,NETBANKING,2026-08-20 19:28:49.848634,FAILED,Technical Error,1,0,4,True,1,1,0.0,0.44825698190698215,20,20,20,0,60,HIGH,MANUAL_REVIEW,7553.547024125823
TXN006045,CUST1894,MERCHANT009,20117.65,WALLET,2026-08-23 16:24:10.848634,FAILED,Bank Declined,3,7,4,False,1,0,0.6363636363636364,0.3737351231827945,20,10,0,10,40,MEDIUM,STOP_AUTOMATIC_RETRY,7518.6724008983465
TXN005523,CUST1809,MERCHANT002,39952.2,WALLET,2026-08-19 04:27:09.848634,FAILED,Insufficient Funds,3,14,0,False,1,0,1.0,0.18769678339442214,30,5,0,15,50,MEDIUM,DO_NOT_RETRY,7498.899429530632
TXN000417,CUST1644,MERCHANT007,49730.64,NETBANKING,2026-08-24 23:13:39.848634,FAILED,Insufficient Funds,3,1,1,False,1,0,0.5,0.1506094379476732,40,5,0,0,45,MEDIUM,DO_NOT_RETRY,7489.903739178075
TXN004786,CUST1837,MERCHANT001,23924.09,CARD,2026-08-22 22:52:04.848634,FAILED,Insufficient Funds,2,7,2,True,1,0,0.7777777777777778,0.3120906949019099,20,5,10,10,45,MEDIUM,DO_NOT_RETRY,7466.485872995833
TXN001939,CUST1552,MERCHANT010,16938.94,CARD,2026-08-22 14:34:33.848634,FAILED,Bank Declined,2,10,3,True,1,0,0.7692307692307693,0.4372207472590441,20,10,10,10,50,MEDIUM,MANUAL_REVIEW,7406.056004576111
TXN000859,CUST0425,MERCHANT006,15518.71,WALLET,2026-08-21 12:03:06.848634,FAILED,Timeout,1,18,0,True,1,1,1.0,0.47419664554447166,20,25,20,15,80,VERY HIGH,MANUAL_REVIEW,7358.920225177448
TXN009256,CUST0192,MERCHANT005,22557.38,NETBANKING,2026-08-19 08:07:50.848634,FAILED,Insufficient Funds,3,15,1,False,1,0,0.9375,0.3222052221744642,20,5,0,15,40,MEDIUM,DO_NOT_RETRY,7268.105634573815
TXN003909,CUST0467,MERCHANT010,16009.74,NETBANKING,2026-08-21 02:11:25.848634,FAILED,Timeout,2,1,0,True,1,0,1.0,0.4512536782227858,20,25,10,0,55,MEDIUM,MANUAL_REVIEW,7224.454062390462
TXN000079,CUST0501,MERCHANT001,17147.49,NETBANKING,2026-08-23 09:39:44.848634,FAILED,Network Error,1,1,2,True,1,1,0.3333333333333333,0.4203930339831166,20,25,20,0,65,HIGH,MANUAL_REVIEW,7208.685346295153
TXN005135,CUST0907,MERCHANT001,29478.97,WALLET,2026-08-19 05:01:54.848634,FAILED,Bank Declined,3,15,5,False,1,0,0.75,0.24276180543169848,30,10,0,10,50,MEDIUM,STOP_AUTOMATIC_RETRY,7156.367979466877
TXN005442,CUST0408,MERCHANT002,7753.95,UPI,2026-08-20 19:37:52.848634,FAILED,Network Error,1,6,1,True,0,1,0.8571428571428571,0.9203545574795576,10,25,20,10,65,HIGH,ALTERNATE_ROUTE,7136.383220968616
TXN008070,CUST1100,MERCHANT004,33504.99,UPI,2026-08-21 02:46:20.848634,FAILED,Bank Declined,3,17,5,False,1,0,0.7727272727272727,0.21258116794435175,30,10,0,10,50,MEDIUM,STOP_AUTOMATIC_RETRY,7122.529906163825
TXN005793,CUST1668,MERCHANT006,39739.82,UPI,2026-08-24 05:15:38.848634,FAILED,Bank Declined,3,5,4,False,1,0,0.5555555555555556,0.1783053666644897,30,10,0,10,50,MEDIUM,STOP_AUTOMATIC_RETRY,7085.823176280821
TXN003824,CUST0444,MERCHANT001,9714.77,WALLET,2026-08-20 18:32:21.848634,FAILED,Network Error,2,13,4,True,0,0,0.7647058823529411,0.7185250861012892,10,25,10,10,55,MEDIUM,RETRY_WITH_DELAY,6980.305950704222
TXN003543,CUST1027,MERCHANT006,8292.2,WALLET,2026-08-24 16:03:04.848634,FAILED,Timeout,1,14,1,True,0,1,0.9333333333333333,0.8376804632565502,10,25,20,15,70,HIGH,SMART_RETRY,6946.213937415966
TXN004128,CUST1662,MERCHANT004,28562.93,NETBANKING,2026-08-18 20:38:24.848634,FAILED,Bank Declined,2,13,5,True,1,0,0.7222222222222222,0.24201919980865816,30,10,10,10,60,HIGH,MANUAL_REVIEW,6912.7774627907165
TXN006119,CUST1175,MERCHANT005,17652.93,WALLET,2026-08-20 16:53:39.848634,FAILED,Network Error,3,11,0,False,1,0,1.0,0.38972378547378556,20,25,0,15,60,HIGH,STOP_AUTOMATIC_RETRY,6879.766704303754
TXN005286,CUST1828,MERCHANT008,12463.86,CARD,2026-08-22 16:55:45.848634,FAILED,Timeout,2,7,3,True,1,0,0.7,0.5456034465265012,20,25,10,10,65,HIGH,RETRY_WITH_DELAY,6800.324973023798
TXN006472,CUST1531,MERCHANT001,20235.82,CARD,2026-08-19 09:45:23.848634,FAILED,Network Error,3,3,3,False,1,0,0.5,0.33590344846312575,20,25,0,5,50,MEDIUM,STOP_AUTOMATIC_RETRY,6797.281720479089
TXN003508,CUST1823,MERCHANT006,13700.28,WALLET,2026-08-23 01:30:35.848634,FAILED,Timeout,3,13,4,False,1,0,0.7647058823529411,0.4946877320984673,20,25,0,10,55,MEDIUM,STOP_AUTOMATIC_RETRY,6777.36044231399
TXN003314,CUST0065,MERCHANT002,35968.82,WALLET,2026-08-18 05:05:48.848634,FAILED,Network Error,3,3,4,False,1,0,0.42857142857142855,0.18784372213692702,30,25,0,5,60,HIGH,STOP_AUTOMATIC_RETRY,6756.517029673143
TXN001319,CUST0076,MERCHANT004,11986.01,UPI,2026-08-18 05:49:59.848634,FAILED,Network Error,3,18,5,False,1,0,0.782608695652174,0.5632212000961999,20,25,0,10,55,MEDIUM,STOP_AUTOMATIC_RETRY,6750.774936565053
TXN007655,CUST1027,MERCHANT001,30859.79,CARD,2026-08-23 00:37:26.848634,FAILED,Insufficient Funds,3,6,2,False,1,0,0.75,0.21580555089970682,30,5,0,10,45,MEDIUM,DO_NOT_RETRY,6659.713981599264
TXN008448,CUST1769,MERCHANT003,10219.23,CARD,2026-08-19 03:07:20.848634,FAILED,Timeout,3,7,5,False,1,0,0.5833333333333334,0.6490775607380997,20,25,0,10,55,MEDIUM,STOP_AUTOMATIC_RETRY,6633.072881021611
TXN005165,CUST0194,MERCHANT010,11763.83,WALLET,2026-08-22 17:40:23.848634,FAILED,Network Error,2,18,0,True,1,0,1.0,0.562862820877143,20,25,10,15,70,HIGH,RETRY_WITH_DELAY,6621.422538119161
TXN003876,CUST1250,MERCHANT005,11790.72,NETBANKING,2026-08-23 13:27:05.848634,FAILED,Technical Error,1,18,5,True,1,1,0.782608695652174,0.5585066387316948,20,20,20,10,70,HIGH,RETRY_WITH_DELAY,6585.195395426568
TXN003613,CUST1298,MERCHANT008,15434.31,UPI,2026-08-23 04:15:42.848634,FAILED,Timeout,3,8,5,False,1,0,0.6153846153846154,0.4250894437232448,20,25,0,10,55,MEDIUM,STOP_AUTOMATIC_RETRY,6560.962252152114
TXN002408,CUST1286,MERCHANT009,17216.86,NETBANKING,2026-08-19 03:35:07.848634,FAILED,Bank Declined,1,12,4,True,1,1,0.75,0.3803878693535716,20,10,20,10,60,HIGH,MANUAL_REVIEW,6549.084692358733
TXN007995,CUST0295,MERCHANT005,10630.04,CARD,2026-08-24 19:18:27.848634,FAILED,Timeout,3,9,2,False,1,0,0.8181818181818182,0.6143325562534012,20,25,0,10,55,MEDIUM,STOP_AUTOMATIC_RETRY,6530.3796462759055
TXN008816,CUST0687,MERCHANT009,36209.68,WALLET,2026-08-21 17:28:33.848634,FAILED,Insufficient Funds,3,1,0,False,1,0,1.0,0.17976060714884248,30,5,0,0,35,LOW,DO_NOT_RETRY,6509.074061465299
TXN006447,CUST1956,MERCHANT008,22875.84,WALLET,2026-08-21 11:20:36.848634,FAILED,Technical Error,1,8,5,True,1,1,0.6153846153846154,0.2839159117736485,20,20,20,10,70,HIGH,MANUAL_REVIEW,6494.8149711881
TXN001657,CUST0698,MERCHANT007,15417.59,WALLET,2026-08-18 04:25:18.848634,FAILED,Bank Declined,1,10,4,True,1,1,0.7142857142857143,0.41911853565506013,20,10,20,10,60,HIGH,MANUAL_REVIEW,6461.797744130098
TXN007548,CUST0891,MERCHANT003,13173.21,UPI,2026-08-19 22:47:58.848634,FAILED,Network Error,3,12,1,False,1,0,0.9230769230769231,0.49044507101086005,20,25,0,15,60,HIGH,STOP_AUTOMATIC_RETRY,6460.7359138909715
TXN009347,CUST1554,MERCHANT008,30617.3,WALLET,2026-08-23 09:47:27.848634,FAILED,Insufficient Funds,2,16,1,True,1,0,0.9411764705882353,0.20658371889075222,30,5,10,15,60,HIGH,DO_NOT_RETRY,6325.0356963938275
TXN006167,CUST0649,MERCHANT007,9762.8,WALLET,2026-08-22 08:02:31.848634,FAILED,Technical Error,1,15,4,True,0,1,0.7894736842105263,0.6467756304066349,10,20,20,10,60,HIGH,RETRY_WITH_DELAY,6314.341124533895
TXN007698,CUST1666,MERCHANT004,42473.95,WALLET,2026-08-22 23:16:55.848634,FAILED,Insufficient Funds,2,3,5,True,1,0,0.375,0.14763912938912943,40,5,10,5,60,HIGH,DO_NOT_RETRY,6270.816999717414
TXN009020,CUST1847,MERCHANT003,14454.16,UPI,2026-08-25 00:27:37.848634,FAILED,Technical Error,3,19,5,False,1,0,0.7916666666666666,0.4322945064924328,20,20,0,10,50,MEDIUM,STOP_AUTOMATIC_RETRY,6248.453963962662
TXN006664,CUST1249,MERCHANT005,10012.41,WALLET,2026-08-23 05:20:22.848634,FAILED,Bank Declined,1,18,1,True,1,1,0.9473684210526315,0.6203163865546216,20,10,20,15,65,HIGH,RETRY_WITH_DELAY,6210.861991903359
TXN006828,CUST1931,MERCHANT002,37553.49,CARD,2026-08-21 08:32:59.848634,FAILED,Timeout,2,1,4,True,1,0,0.2,0.16470566337705558,30,25,10,0,65,HIGH,MANUAL_REVIEW,6185.272482573623
TXN008287,CUST0598,MERCHANT002,18838.47,WALLET,2026-08-24 11:11:34.848634,FAILED,Insufficient Funds,3,7,2,False,1,0,0.7777777777777778,0.32701908146672015,20,5,0,10,35,LOW,DO_NOT_RETRY,6160.539155638364
TXN003823,CUST1829,MERCHANT010,12595.18,WALLET,2026-08-19 15:45:06.848634,FAILED,Network Error,2,14,5,True,1,0,0.7368421052631579,0.48825548637458144,20,25,10,10,65,HIGH,MANUAL_REVIEW,6149.6657368754
TXN006348,CUST0535,MERCHANT001,10130.54,NETBANKING,2026-08-20 04:57:48.848634,FAILED,Timeout,3,11,2,False,1,0,0.8461538461538461,0.6041873378169814,20,25,0,15,60,HIGH,STOP_AUTOMATIC_RETRY,6120.743993248443
TXN003670,CUST0696,MERCHANT007,29708.84,UPI,2026-08-20 07:47:39.848634,FAILED,Insufficient Funds,2,15,5,True,1,0,0.75,0.20496288708296273,30,5,10,10,55,MEDIUM,DO_NOT_RETRY,6089.209618285807
TXN007731,CUST1051,MERCHANT009,13445.69,WALLET,2026-08-22 15:46:38.848634,FAILED,Insufficient Funds,1,1,0,True,1,1,1.0,0.451526992615228,20,5,20,0,45,MEDIUM,DO_NOT_RETRY,6071.091969336645
TXN004794,CUST0068,MERCHANT007,23994.02,CARD,2026-08-22 15:15:22.848634,FAILED,Technical Error,2,0,4,True,1,0,0.0,0.2524556604159072,20,20,10,0,50,MEDIUM,MANUAL_REVIEW,6057.426165132486
TXN001119,CUST1421,MERCHANT010,13301.53,UPI,2026-08-23 22:03:20.848634,FAILED,Technical Error,2,1,1,True,1,0,0.5,0.45392645576771185,20,20,10,0,50,MEDIUM,MANUAL_REVIEW,6037.916369187892
TXN003776,CUST1449,MERCHANT003,26241.6,WALLET,2026-08-21 00:38:16.848634,FAILED,Technical Error,1,5,5,True,1,1,0.5,0.2287513942910363,30,20,20,10,80,VERY HIGH,MANUAL_REVIEW,6002.802588427658
TXN004639,CUST1944,MERCHANT009,15861.99,NETBANKING,2026-08-20 17:50:41.848634,FAILED,Network Error,3,12,0,False,1,0,1.0,0.378289587605377,20,25,0,15,60,HIGH,STOP_AUTOMATIC_RETRY,6000.425655700614
TXN007430,CUST1631,MERCHANT003,26344.54,WALLET,2026-08-22 19:18:54.848634,FAILED,Insufficient Funds,1,12,5,True,1,1,0.7058823529411765,0.22658694137919141,30,5,20,10,65,HIGH,DO_NOT_RETRY,5969.328740641764
TXN008436,CUST1333,MERCHANT010,14196.77,WALLET,2026-08-20 02:56:05.848634,FAILED,Insufficient Funds,1,0,5,True,1,1,0.0,0.4106578722792644,20,5,20,0,45,MEDIUM,DO_NOT_RETRY,5830.015361438093
TXN004763,CUST1090,MERCHANT009,24504.44,WALLET,2026-08-20 22:08:54.848634,FAILED,Timeout,3,1,2,False,1,0,0.3333333333333333,0.23736803936803932,20,25,0,0,45,MEDIUM,STOP_AUTOMATIC_RETRY,5816.5708786117575
TXN008707,CUST0696,MERCHANT006,25778.81,CARD,2026-08-20 00:45:26.848634,FAILED,Network Error,1,0,1,True,1,1,0.0,0.22532480273609315,30,25,20,0,75,HIGH,MANUAL_REVIEW,5808.605278021226
TXN008514,CUST1151,MERCHANT006,26643.8,WALLET,2026-08-21 18:04:08.848634,FAILED,Bank Declined,1,2,3,True,1,1,0.4,0.21575646812786034,30,10,20,5,65,HIGH,MANUAL_REVIEW,5748.572185505085
TXN002707,CUST0006,MERCHANT003,27531.48,WALLET,2026-08-21 00:11:30.848634,FAILED,Insufficient Funds,3,14,2,False,1,0,0.875,0.2085393891317648,30,5,0,15,50,MEDIUM,DO_NOT_RETRY,5741.3980210934005
TXN001058,CUST1221,MERCHANT002,9071.54,WALLET,2026-08-19 03:23:32.848634,FAILED,Timeout,3,5,1,False,0,0,0.8333333333333334,0.6234873850405884,10,25,0,10,45,MEDIUM,STOP_AUTOMATIC_RETRY,5655.9907528911
TXN005535,CUST1574,MERCHANT009,7563.75,UPI,2026-08-21 19:09:05.848634,FAILED,Technical Error,1,9,3,True,0,1,0.75,0.7397076687757634,10,20,20,10,60,HIGH,RETRY_WITH_DELAY,5594.963879702681
TXN006751,CUST0579,MERCHANT010,14083.39,CARD,2026-08-20 16:47:11.848634,FAILED,Bank Declined,2,6,4,True,1,0,0.6,0.3960422034545307,20,10,10,10,50,MEDIUM,MANUAL_REVIEW,5577.616807709503
TXN005057,CUST1100,MERCHANT007,15850.25,NETBANKING,2026-08-21 11:21:16.848634,FAILED,Bank Declined,1,2,2,True,1,1,0.5,0.3512437467779474,20,10,20,5,55,MEDIUM,MANUAL_REVIEW,5567.301197367161
TXN002260,CUST0944,MERCHANT002,13815.41,WALLET,2026-08-23 11:05:12.848634,FAILED,Network Error,1,5,4,True,1,1,0.5555555555555556,0.4027859486476708,20,25,20,10,75,HIGH,MANUAL_REVIEW,5564.653022806518
TXN004084,CUST1644,MERCHANT002,12364.0,CARD,2026-08-19 01:49:22.848634,FAILED,Bank Declined,2,0,4,True,1,0,0.0,0.4475471106371301,20,10,10,0,40,MEDIUM,MANUAL_REVIEW,5533.472475917477
TXN003500,CUST0732,MERCHANT002,8388.97,WALLET,2026-08-22 01:22:23.848634,FAILED,Timeout,3,7,4,False,0,0,0.6363636363636364,0.6564977922208701,10,25,0,10,45,MEDIUM,STOP_AUTOMATIC_RETRY,5507.340284007112
TXN009287,CUST1703,MERCHANT009,8414.6,WALLET,2026-08-24 08:34:50.848634,FAILED,Bank Declined,2,17,1,True,0,0,0.9444444444444444,0.6523052764773354,10,10,10,15,45,MEDIUM,RETRY_WITH_DELAY,5488.887979446186
TXN005443,CUST1495,MERCHANT008,44991.15,NETBANKING,2026-08-18 14:34:14.848634,FAILED,Insufficient Funds,1,2,3,True,1,1,0.4,0.12187698412698414,40,5,20,5,70,HIGH,DO_NOT_RETRY,5483.3856744047625
TXN005862,CUST1965,MERCHANT006,6771.4,WALLET,2026-08-20 02:02:03.848634,FAILED,Technical Error,1,16,1,True,0,1,0.9411764705882353,0.7969867970548915,10,20,20,15,65,HIGH,FALLBACK_PROCESSOR,5396.716397577492
TXN000405,CUST1410,MERCHANT006,10682.03,NETBANKING,2026-08-21 21:04:33.848634,FAILED,Technical Error,2,18,4,True,1,0,0.8181818181818182,0.5024476792310066,20,20,10,10,60,HIGH,RETRY_WITH_DELAY,5367.16118297599
TXN002755,CUST1171,MERCHANT010,8159.76,CARD,2026-08-23 22:45:38.848634,FAILED,Technical Error,2,15,0,True,0,0,1.0,0.6541738871434523,10,20,10,15,55,MEDIUM,RETRY_WITH_DELAY,5337.901917357656
TXN004256,CUST1896,MERCHANT006,6092.11,CARD,2026-08-20 12:39:25.848634,FAILED,Technical Error,3,11,2,False,0,0,0.8461538461538461,0.8626824737788699,10,20,0,15,45,MEDIUM,STOP_AUTOMATIC_RETRY,5255.5565253329905
TXN003721,CUST0012,MERCHANT005,6216.72,UPI,2026-08-20 08:51:01.848634,FAILED,Technical Error,2,7,1,True,0,0,0.875,0.8313394745469554,10,20,10,10,50,MEDIUM,RETRY_WITH_DELAY,5168.204738205549
TXN009064,CUST1843,MERCHANT004,10547.05,WALLET,2026-08-19 11:14:26.848634,FAILED,Timeout,3,4,1,False,1,0,0.8,0.4895039988192162,20,25,0,5,50,MEDIUM,STOP_AUTOMATIC_RETRY,5162.823150746214
TXN005936,CUST1251,MERCHANT009,9220.69,WALLET,2026-08-18 19:29:19.848634,FAILED,Timeout,2,9,0,True,0,0,1.0,0.5541672818324992,10,25,10,10,55,MEDIUM,RETRY_WITH_DELAY,5109.804713920107
TXN003548,CUST0336,MERCHANT010,9167.0,UPI,2026-08-20 16:48:48.848634,FAILED,Technical Error,1,8,5,True,0,1,0.6153846153846154,0.5551439241938618,10,20,20,10,60,HIGH,RETRY_WITH_DELAY,5089.004353085132
TXN000193,CUST0182,MERCHANT009,8357.7,NETBANKING,2026-08-22 20:01:10.848634,FAILED,Timeout,1,15,5,True,0,1,0.75,0.6017712167919483,10,25,20,10,65,HIGH,RETRY_WITH_DELAY,5029.423298582067
TXN008722,CUST1779,MERCHANT003,13896.99,NETBANKING,2026-08-19 23:03:31.848634,FAILED,Technical Error,3,15,5,False,1,0,0.75,0.35969421468471097,20,20,0,10,50,MEDIUM,STOP_AUTOMATIC_RETRY,4998.666904531281
TXN003666,CUST1594,MERCHANT003,21670.61,UPI,2026-08-20 04:27:09.848634,FAILED,Insufficient Funds,1,1,4,True,1,1,0.2,0.22752935654548556,20,5,20,0,45,MEDIUM,DO_NOT_RETRY,4930.699949248165
TXN005792,CUST1913,MERCHANT003,6396.53,UPI,2026-08-20 22:46:44.848634,FAILED,Technical Error,1,12,0,True,0,1,1.0,0.7701965148378193,10,20,20,15,65,HIGH,FALLBACK_PROCESSOR,4926.585113055556
TXN007022,CUST0710,MERCHANT008,7293.37,WALLET,2026-08-19 16:54:47.848634,FAILED,Insufficient Funds,1,7,0,True,0,1,1.0,0.6681631192881192,10,5,20,10,45,MEDIUM,DO_NOT_RETRY,4873.16084932239
TXN004629,CUST1922,MERCHANT003,26899.83,CARD,2026-08-18 17:15:56.848634,FAILED,Technical Error,2,2,4,True,1,0,0.3333333333333333,0.17846766692791366,30,20,10,5,65,HIGH,MANUAL_REVIEW,4800.7499008575
TXN009187,CUST0037,MERCHANT006,13975.96,CARD,2026-08-24 07:38:35.848634,FAILED,Bank Declined,1,11,4,True,1,1,0.7333333333333333,0.341191348345898,20,10,20,10,60,HIGH,MANUAL_REVIEW,4768.476636828336
TXN008067,CUST1203,MERCHANT007,5901.16,UPI,2026-08-20 02:45:31.848634,FAILED,Network Error,2,13,0,True,0,0,1.0,0.8042440128098023,10,25,10,15,60,HIGH,ALTERNATE_ROUTE,4745.972598632693
TXN005361,CUST1962,MERCHANT007,17336.74,WALLET,2026-08-22 05:22:12.848634,FAILED,Insufficient Funds,2,14,2,True,1,0,0.875,0.2736981426875769,20,5,10,15,50,MEDIUM,DO_NOT_RETRY,4745.033538257423
TXN001845,CUST0263,MERCHANT003,13522.18,WALLET,2026-08-19 01:23:29.848634,FAILED,Insufficient Funds,3,15,4,False,1,0,0.7894736842105263,0.3449858644481405,20,5,0,10,35,LOW,DO_NOT_RETRY,4664.960956523357
TXN007410,CUST0548,MERCHANT004,24343.2,CARD,2026-08-18 16:38:55.848634,FAILED,Network Error,2,1,4,True,1,0,0.2,0.1908980868945942,20,25,10,0,55,MEDIUM,MANUAL_REVIEW,4647.070308892486
TXN002743,CUST0669,MERCHANT010,8711.77,UPI,2026-08-21 08:33:16.848634,FAILED,Insufficient Funds,2,6,1,True,0,0,0.8571428571428571,0.5099928648914157,10,5,10,10,35,LOW,DO_NOT_RETRY,4442.940540575089
TXN005080,CUST0075,MERCHANT003,36732.33,UPI,2026-08-23 07:43:58.848634,FAILED,Network Error,3,2,3,False,1,0,0.4,0.12060176860176862,30,25,0,5,60,HIGH,STOP_AUTOMATIC_RETRY,4429.983962863804
TXN003036,CUST0365,MERCHANT009,9156.22,UPI,2026-08-21 10:25:45.848634,FAILED,Bank Declined,1,18,3,True,0,1,0.8571428571428571,0.4829485816728848,10,10,20,10,50,MEDIUM,MANUAL_REVIEW,4421.983462484901
TXN009392,CUST0130,MERCHANT005,6546.85,NETBANKING,2026-08-18 04:11:02.848634,FAILED,Bank Declined,2,16,1,True,0,0,0.9411764705882353,0.6706213197927393,10,10,10,15,45,MEDIUM,RETRY_WITH_DELAY,4390.457187485095
TXN007836,CUST0706,MERCHANT009,5751.0,CARD,2026-08-20 09:47:46.848634,FAILED,Technical Error,2,16,1,True,0,0,0.9411764705882353,0.760250890615021,10,20,10,15,55,MEDIUM,RETRY_WITH_DELAY,4372.202871926986
TXN000195,CUST0483,MERCHANT002,14070.37,WALLET,2026-08-24 15:48:42.848634,FAILED,Insufficient Funds,3,15,4,False,1,0,0.7894736842105263,0.3101660231782992,20,5,0,10,35,LOW,DO_NOT_RETRY,4364.150707547246
TXN004645,CUST0126,MERCHANT010,15809.85,UPI,2026-08-19 23:58:02.848634,FAILED,Bank Declined,3,20,2,False,1,0,0.9090909090909091,0.2751797255939414,20,10,0,15,45,MEDIUM,STOP_AUTOMATIC_RETRY,4350.550184681374
TXN005912,CUST1538,MERCHANT002,13686.76,NETBANKING,2026-08-24 21:37:34.848634,FAILED,Network Error,3,3,2,False,1,0,0.6,0.31691467394788075,20,25,0,5,50,MEDIUM,STOP_AUTOMATIC_RETRY,4337.535082802897
TXN002947,CUST1118,MERCHANT004,4732.58,UPI,2026-08-23 11:18:38.848634,FAILED,Network Error,1,7,4,True,0,1,0.6363636363636364,0.9074599715980378,5,25,20,10,60,HIGH,ALTERNATE_ROUTE,4294.626912385442
TXN008750,CUST0664,MERCHANT004,17636.83,NETBANKING,2026-08-18 16:35:19.848634,FAILED,Timeout,3,1,3,False,1,0,0.25,0.2420311688311689,20,25,0,0,45,MEDIUM,STOP_AUTOMATIC_RETRY,4268.662579376625
TXN009096,CUST1145,MERCHANT004,8963.3,WALLET,2026-08-19 18:21:08.848634,FAILED,Network Error,1,8,4,True,0,1,0.6666666666666666,0.47178942139133945,10,25,20,10,65,HIGH,MANUAL_REVIEW,4228.790120756992
TXN007935,CUST0733,MERCHANT008,13845.2,UPI,2026-08-18 20:41:55.848634,FAILED,Technical Error,3,14,5,False,1,0,0.7368421052631579,0.3029001766918237,20,20,0,10,50,MEDIUM,STOP_AUTOMATIC_RETRY,4193.713526333638
TXN000128,CUST0715,MERCHANT010,37922.6,CARD,2026-08-21 22:59:04.848634,FAILED,Insufficient Funds,2,2,2,True,1,0,0.5,0.10970823802673645,30,5,10,5,50,MEDIUM,DO_NOT_RETRY,4160.421627392715
TXN000801,CUST1591,MERCHANT010,6095.85,CARD,2026-08-23 01:49:07.848634,FAILED,Network Error,1,4,5,True,0,1,0.4444444444444444,0.6784361562881329,10,25,20,5,60,HIGH,RETRY_WITH_DELAY,4135.645043309015
TXN006338,CUST1612,MERCHANT006,6478.25,UPI,2026-08-23 06:41:31.848634,FAILED,Technical Error,3,15,1,False,0,0,0.9375,0.6376635864135863,10,20,0,15,45,MEDIUM,STOP_AUTOMATIC_RETRY,4130.9441286838155
TXN009046,CUST1534,MERCHANT010,19942.23,CARD,2026-08-23 20:03:45.848634,FAILED,Timeout,3,1,4,False,1,0,0.2,0.20525226500957053,20,25,0,0,45,MEDIUM,STOP_AUTOMATIC_RETRY,4093.187876841808
TXN007618,CUST1925,MERCHANT002,7036.23,NETBANKING,2026-08-21 05:28:07.848634,FAILED,Bank Declined,2,15,0,True,0,0,1.0,0.572304333248451,10,10,10,15,45,MEDIUM,RETRY_WITH_DELAY,4026.864918732748
TXN009499,CUST1168,MERCHANT005,6150.86,NETBANKING,2026-08-18 12:57:47.848634,FAILED,Bank Declined,2,18,2,True,0,0,0.9,0.6329445138463257,10,10,10,15,45,MEDIUM,RETRY_WITH_DELAY,3893.1530924368103
TXN002592,CUST0935,MERCHANT005,15411.33,WALLET,2026-08-23 18:37:08.848634,FAILED,Network Error,3,2,2,False,1,0,0.5,0.2521854808590103,20,25,0,5,50,MEDIUM,STOP_AUTOMATIC_RETRY,3886.5136667268916
TXN003350,CUST1141,MERCHANT002,6815.98,NETBANKING,2026-08-23 01:01:38.848634,FAILED,Insufficient Funds,3,13,3,False,0,0,0.8125,0.5673369964322482,10,5,0,10,25,LOW,DO_NOT_RETRY,3866.957620942275
TXN001658,CUST1858,MERCHANT001,7744.21,CARD,2026-08-21 12:12:29.848634,FAILED,Network Error,3,7,4,False,0,0,0.6363636363636364,0.4921891262569594,10,25,0,10,45,MEDIUM,STOP_AUTOMATIC_RETRY,3811.6159534504072
TXN001972,CUST1560,MERCHANT009,4396.82,UPI,2026-08-19 15:54:19.848634,FAILED,Timeout,1,11,1,True,0,1,0.9166666666666666,0.8477158270071314,5,25,20,15,65,HIGH,SMART_RETRY,3727.2539025014953
TXN008892,CUST0487,MERCHANT006,19779.8,UPI,2026-08-22 02:09:12.848634,FAILED,Insufficient Funds,2,1,3,True,1,0,0.25,0.1880486890648181,20,5,10,0,35,LOW,DO_NOT_RETRY,3719.5654599642885
TXN005209,CUST1243,MERCHANT005,8130.3,CARD,2026-08-22 16:50:42.848634,FAILED,Bank Declined,1,10,2,True,0,1,0.8333333333333334,0.45680891368033305,10,10,20,15,55,MEDIUM,MANUAL_REVIEW,3713.993510895212
TXN002493,CUST1129,MERCHANT008,9819.7,NETBANKING,2026-08-21 02:00:59.848634,FAILED,Bank Declined,1,6,0,True,0,1,1.0,0.3731411453470277,10,10,20,10,50,MEDIUM,MANUAL_REVIEW,3664.1341049642083
TXN003284,CUST0301,MERCHANT002,21002.85,UPI,2026-08-21 17:08:28.848634,FAILED,Insufficient Funds,2,0,3,True,1,0,0.0,0.17284142410755307,20,5,10,0,35,LOW,DO_NOT_RETRY,3630.162504317321
TXN009318,CUST1289,MERCHANT010,14499.89,UPI,2026-08-20 20:50:58.848634,FAILED,Bank Declined,3,11,0,False,1,0,1.0,0.24892544473929937,20,10,0,15,45,MEDIUM,STOP_AUTOMATIC_RETRY,3609.3915669209196
TXN001296,CUST1540,MERCHANT002,21650.4,NETBANKING,2026-08-20 16:01:28.848634,FAILED,Bank Declined,2,10,4,True,1,0,0.7142857142857143,0.16643221595917432,20,10,10,10,50,MEDIUM,MANUAL_REVIEW,3603.3240484025077
TXN006626,CUST0366,MERCHANT009,4582.95,CARD,2026-08-20 02:26:12.848634,FAILED,Technical Error,1,7,4,True,0,1,0.6363636363636364,0.7667574091065096,5,20,20,10,55,MEDIUM,RETRY_WITH_DELAY,3514.010868064678
TXN006476,CUST0746,MERCHANT007,6699.29,CARD,2026-08-18 07:16:45.848634,FAILED,Insufficient Funds,3,8,1,False,0,0,0.8888888888888888,0.5177296363621686,10,5,0,10,25,LOW,DO_NOT_RETRY,3468.420975584713
TXN000459,CUST1293,MERCHANT010,25431.1,UPI,2026-08-23 01:49:59.848634,FAILED,Insufficient Funds,2,0,4,True,1,0,0.0,0.13589433416046318,30,5,10,0,45,MEDIUM,DO_NOT_RETRY,3455.942401468155
TXN007408,CUST1378,MERCHANT003,8338.74,UPI,2026-08-21 07:40:10.848634,FAILED,Bank Declined,1,18,0,True,0,1,1.0,0.40978193843193833,10,10,20,15,55,MEDIUM,MANUAL_REVIEW,3417.0650412799414
TXN008114,CUST1243,MERCHANT007,5023.98,CARD,2026-08-18 08:59:55.848634,FAILED,Network Error,3,6,0,False,0,0,1.0,0.6759110149110147,10,25,0,10,45,MEDIUM,STOP_AUTOMATIC_RETRY,3395.763420692639
TXN009982,CUST0170,MERCHANT003,4282.68,UPI,2026-08-24 20:47:57.848634,FAILED,Network Error,2,14,0,True,0,0,1.0,0.7772579365079364,5,25,10,15,55,MEDIUM,RETRY_WITH_DELAY,3328.7470195238093
TXN003939,CUST0737,MERCHANT008,13439.11,CARD,2026-08-21 15:14:21.848634,FAILED,Timeout,1,1,4,True,1,1,0.2,0.2460159947820106,20,25,20,0,65,HIGH,MANUAL_REVIEW,3306.236015634867
TXN001043,CUST1159,MERCHANT003,8037.9,WALLET,2026-08-22 18:32:46.848634,FAILED,Bank Declined,3,18,2,False,0,0,0.9,0.40872978107395036,10,10,0,15,35,LOW,STOP_AUTOMATIC_RETRY,3285.3291072943052
TXN009894,CUST0156,MERCHANT006,5167.87,CARD,2026-08-22 18:48:01.848634,FAILED,Bank Declined,2,15,1,True,0,0,0.9375,0.6292091080393509,10,10,10,15,45,MEDIUM,RETRY_WITH_DELAY,3251.6708731633203
TXN006821,CUST1960,MERCHANT002,3763.1,NETBANKING,2026-08-24 19:14:11.848634,FAILED,Network Error,1,18,3,True,0,1,0.8571428571428571,0.8585062630014674,5,25,20,10,60,HIGH,ALTERNATE_ROUTE,3230.6449183008217
TXN008864,CUST1165,MERCHANT001,14815.23,UPI,2026-08-24 20:57:44.848634,FAILED,Bank Declined,3,17,5,False,1,0,0.7727272727272727,0.21758975521764487,20,10,0,10,40,MEDIUM,STOP_AUTOMATIC_RETRY,3223.642269193109
TXN010000,CUST0794,MERCHANT003,6837.2,NETBANKING,2026-08-24 11:35:13.848634,FAILED,Bank Declined,2,5,1,True,0,0,0.8333333333333334,0.4618280619596688,10,10,10,10,40,MEDIUM,MANUAL_REVIEW,3157.6108252306476
TXN002935,CUST1337,MERCHANT009,3799.3,UPI,2026-08-23 05:09:00.848634,FAILED,Technical Error,1,6,4,True,0,1,0.6,0.8004153560355198,5,20,20,10,55,MEDIUM,RETRY_WITH_DELAY,3041.0180621857508
TXN005721,CUST1680,MERCHANT008,5267.21,CARD,2026-08-22 12:53:14.848634,FAILED,Insufficient Funds,3,10,2,False,0,0,0.8333333333333334,0.5735995515452991,10,5,0,15,30,LOW,DO_NOT_RETRY,3021.269293894915
TXN006189,CUST0834,MERCHANT008,4560.17,UPI,2026-08-24 20:54:56.848634,FAILED,Network Error,2,8,5,True,0,0,0.6153846153846154,0.6519613912301024,5,25,10,10,50,MEDIUM,RETRY_WITH_DELAY,2973.0547774457764
TXN006136,CUST1050,MERCHANT002,8592.29,CARD,2026-08-18 11:07:53.848634,FAILED,Insufficient Funds,1,7,5,True,0,1,0.5833333333333334,0.34348966946583576,10,5,20,10,45,MEDIUM,DO_NOT_RETRY,2951.3628520546063
TXN000816,CUST0587,MERCHANT009,25544.14,WALLET,2026-08-21 01:56:42.848634,FAILED,Insufficient Funds,2,0,1,True,1,0,0.0,0.11284511784511783,30,5,10,0,45,MEDIUM,DO_NOT_RETRY,2882.531488552188
TXN004430,CUST1304,MERCHANT002,12983.69,CARD,2026-08-22 18:59:30.848634,FAILED,Insufficient Funds,1,0,3,True,1,1,0.0,0.22146607333746546,20,5,20,0,45,MEDIUM,DO_NOT_RETRY,2875.446841730917
TXN003303,CUST1816,MERCHANT005,6537.2,UPI,2026-08-22 00:35:40.848634,FAILED,Bank Declined,2,7,2,True,0,0,0.7777777777777778,0.43818483575090567,10,10,10,10,40,MEDIUM,MANUAL_REVIEW,2864.5019082708204
TXN008053,CUST1187,MERCHANT007,17669.04,NETBANKING,2026-08-23 08:23:26.848634,FAILED,Insufficient Funds,3,3,3,False,1,0,0.5,0.1598599722717369,20,5,0,5,30,LOW,DO_NOT_RETRY,2824.57224446821
TXN003556,CUST1743,MERCHANT009,4258.5,UPI,2026-08-18 02:48:31.848634,FAILED,Technical Error,1,0,4,True,0,1,0.0,0.6581006493506495,5,20,20,0,45,MEDIUM,RETRY_WITH_DELAY,2802.521615259741
TXN007360,CUST1919,MERCHANT007,12455.19,CARD,2026-08-22 13:21:26.848634,FAILED,Insufficient Funds,3,20,2,False,1,0,0.9090909090909091,0.22349829081560582,20,5,0,15,40,MEDIUM,DO_NOT_RETRY,2783.7136767836255
TXN000278,CUST0128,MERCHANT008,3583.07,CARD,2026-08-19 16:42:18.848634,FAILED,Network Error,1,8,4,True,0,1,0.6666666666666666,0.7700723787519469,5,25,20,10,60,HIGH,ALTERNATE_ROUTE,2759.2232381347385
TXN008838,CUST0588,MERCHANT002,5179.07,NETBANKING,2026-08-18 18:37:35.848634,FAILED,Timeout,3,12,3,False,0,0,0.8,0.5209830363353212,10,25,0,10,45,MEDIUM,STOP_AUTOMATIC_RETRY,2698.2076139931714
TXN000989,CUST0349,MERCHANT003,6827.72,NETBANKING,2026-08-20 20:54:24.848634,FAILED,Bank Declined,1,10,2,True,0,1,0.8333333333333334,0.3889949085914559,10,10,20,15,55,MEDIUM,MANUAL_REVIEW,2655.9483172880555
TXN001989,CUST1413,MERCHANT008,5239.91,NETBANKING,2026-08-19 01:36:48.848634,FAILED,Timeout,1,9,3,True,0,1,0.75,0.49099132554182595,10,25,20,10,65,HIGH,MANUAL_REVIEW,2572.7503566198693
TXN003692,CUST1629,MERCHANT001,27913.08,WALLET,2026-08-18 14:44:31.848634,FAILED,Insufficient Funds,3,18,1,False,1,0,0.9473684210526315,0.08981146096491363,30,5,0,15,50,MEDIUM,DO_NOT_RETRY,2506.9144948305116
TXN005961,CUST1464,MERCHANT001,41948.29,NETBANKING,2026-08-23 00:14:18.848634,FAILED,Insufficient Funds,2,2,4,True,1,0,0.3333333333333333,0.05937590187590187,40,5,10,5,60,HIGH,DO_NOT_RETRY,2490.7175509018757
TXN006154,CUST1461,MERCHANT009,10552.99,NETBANKING,2026-08-23 10:31:49.848634,FAILED,Bank Declined,3,4,3,False,1,0,0.5714285714285714,0.22481000233426704,20,10,0,5,35,LOW,STOP_AUTOMATIC_RETRY,2372.4177065334966
TXN009743,CUST0392,MERCHANT002,9511.45,NETBANKING,2026-08-24 22:08:39.848634,FAILED,Insufficient Funds,3,19,5,False,0,0,0.7916666666666666,0.24609250217745654,10,5,0,10,25,LOW,DO_NOT_RETRY,2340.696529835769
TXN009691,CUST1898,MERCHANT004,5794.27,WALLET,2026-08-23 01:56:55.848634,FAILED,Bank Declined,1,3,5,True,0,1,0.375,0.3983220833317584,10,10,20,5,45,MEDIUM,MANUAL_REVIEW,2307.985697786708
TXN009359,CUST0978,MERCHANT010,37547.29,WALLET,2026-08-20 09:12:18.848634,FAILED,Insufficient Funds,3,2,4,False,1,0,0.3333333333333333,0.0607479712641003,30,5,0,5,40,MEDIUM,DO_NOT_RETRY,2280.921693964841
TXN002913,CUST0524,MERCHANT004,3606.24,WALLET,2026-08-18 07:27:24.848634,FAILED,Technical Error,1,20,2,True,0,1,0.9090909090909091,0.6317956315376391,5,20,20,15,60,HIGH,RETRY_WITH_DELAY,2278.406678276295
TXN003559,CUST1385,MERCHANT001,10564.87,NETBANKING,2026-08-19 05:18:15.848634,FAILED,Insufficient Funds,3,11,5,False,1,0,0.6875,0.21454863579367767,20,5,0,10,35,LOW,DO_NOT_RETRY,2266.6784458375514
TXN004499,CUST1736,MERCHANT005,5629.68,NETBANKING,2026-08-20 09:48:37.848634,FAILED,Technical Error,2,14,0,True,0,0,1.0,0.40147457429450284,10,20,10,15,55,MEDIUM,MANUAL_REVIEW,2260.1733814142767
TXN004993,CUST1737,MERCHANT003,3325.12,CARD,2026-08-22 05:46:37.848634,FAILED,Technical Error,2,4,4,True,0,0,0.5,0.671277511718711,5,20,10,5,40,MEDIUM,RETRY_WITH_DELAY,2232.07827976612
TXN007451,CUST1425,MERCHANT002,25173.64,WALLET,2026-08-22 07:48:58.848634,FAILED,Insufficient Funds,3,18,1,False,1,0,0.9473684210526315,0.08718183133528398,30,5,0,15,50,MEDIUM,DO_NOT_RETRY,2194.684036575158
TXN005292,CUST1821,MERCHANT001,34406.7,CARD,2026-08-20 21:56:26.848634,FAILED,Insufficient Funds,3,3,4,False,1,0,0.42857142857142855,0.06211435786435788,30,5,0,5,40,MEDIUM,DO_NOT_RETRY,2137.150076731602
TXN003946,CUST1313,MERCHANT001,7662.87,CARD,2026-08-24 08:29:42.848634,FAILED,Insufficient Funds,3,5,3,False,0,0,0.625,0.27661603538074137,10,5,0,10,25,LOW,DO_NOT_RETRY,2119.6727190380216
TXN004946,CUST0999,MERCHANT003,6086.13,CARD,2026-08-22 09:29:33.848634,FAILED,Timeout,1,2,5,True,0,1,0.2857142857142857,0.3393695238694106,10,25,20,5,60,HIGH,MANUAL_REVIEW,2065.447040307336
TXN007600,CUST0293,MERCHANT001,5083.14,NETBANKING,2026-08-20 00:43:16.848634,FAILED,Insufficient Funds,2,9,2,True,0,0,0.8181818181818182,0.40408651285104485,10,5,10,10,35,LOW,DO_NOT_RETRY,2054.0283169336603
TXN003857,CUST1354,MERCHANT005,33543.2,UPI,2026-08-19 22:46:06.848634,FAILED,Bank Declined,3,10,4,False,1,0,0.7142857142857143,0.059549266347347043,30,10,0,10,50,MEDIUM,STOP_AUTOMATIC_RETRY,1997.4729509423312
TXN005854,CUST0361,MERCHANT009,3293.02,UPI,2026-08-20 01:54:56.848634,FAILED,Bank Declined,1,10,2,True,0,1,0.8333333333333334,0.5747312807255263,5,10,20,15,50,MEDIUM,RETRY_WITH_DELAY,1892.6016020547725
TXN009579,CUST1657,MERCHANT002,34197.27,UPI,2026-08-19 23:01:13.848634,FAILED,Bank Declined,3,9,4,False,1,0,0.6923076923076923,0.052594012049987496,30,10,0,10,50,MEDIUM,STOP_AUTOMATIC_RETRY,1798.5716304566756
TXN000035,CUST1888,MERCHANT009,29628.33,WALLET,2026-08-21 19:06:01.848634,FAILED,Insufficient Funds,2,2,4,True,1,0,0.3333333333333333,0.05738538550677769,30,5,10,5,50,MEDIUM,DO_NOT_RETRY,1700.2331389720268
TXN001167,CUST0044,MERCHANT004,32424.44,UPI,2026-08-19 20:14:54.848634,FAILED,Insufficient Funds,3,1,5,False,1,0,0.16666666666666666,0.052254464770593805,30,5,0,0,35,LOW,DO_NOT_RETRY,1694.3217576862326
TXN009371,CUST1892,MERCHANT008,3916.69,NETBANKING,2026-08-19 23:59:12.848634,FAILED,Technical Error,1,12,4,True,0,1,0.75,0.42081437676897226,5,20,20,10,55,MEDIUM,MANUAL_REVIEW,1648.199461347266
TXN001480,CUST1411,MERCHANT002,6731.9,NETBANKING,2026-08-23 14:17:37.848634,FAILED,Bank Declined,2,13,4,True,0,0,0.7647058823529411,0.2403418014922805,10,10,10,10,40,MEDIUM,MANUAL_REVIEW,1617.956973465883
TXN003694,CUST0343,MERCHANT004,3469.25,NETBANKING,2026-08-20 09:43:22.848634,FAILED,Timeout,2,14,3,True,0,0,0.8235294117647058,0.4626662009314339,5,25,10,10,50,MEDIUM,MANUAL_REVIEW,1605.1047175813771
TXN003461,CUST0953,MERCHANT003,2520.11,WALLET,2026-08-22 08:36:48.848634,FAILED,Bank Declined,1,17,3,True,0,1,0.85,0.6356506420500027,5,10,20,10,45,MEDIUM,RETRY_WITH_DELAY,1601.9095395366323
TXN004366,CUST1547,MERCHANT007,5386.77,CARD,2026-08-23 23:28:46.848634,FAILED,Insufficient Funds,2,16,1,True,0,0,0.9411764705882353,0.29546395633352146,10,5,10,15,40,MEDIUM,DO_NOT_RETRY,1591.5963760587235
TXN008044,CUST1282,MERCHANT001,27214.7,NETBANKING,2026-08-21 11:16:37.848634,FAILED,Insufficient Funds,3,1,4,False,1,0,0.2,0.05752645502645502,30,5,0,0,35,LOW,DO_NOT_RETRY,1565.5652156084655
TXN004697,CUST0518,MERCHANT003,7968.2,CARD,2026-08-24 08:28:55.848634,FAILED,Bank Declined,3,2,4,False,0,0,0.3333333333333333,0.18802829057291864,10,10,0,5,25,LOW,STOP_AUTOMATIC_RETRY,1498.2470249431303
TXN004973,CUST1345,MERCHANT002,12791.01,WALLET,2026-08-18 13:08:04.848634,FAILED,Insufficient Funds,2,1,5,True,1,0,0.16666666666666666,0.11482420376912536,20,5,10,0,35,LOW,DO_NOT_RETRY,1468.7175386529202
TXN006164,CUST1639,MERCHANT002,8104.86,NETBANKING,2026-08-18 09:26:59.848634,FAILED,Bank Declined,3,1,4,False,0,0,0.2,0.18047545891866382,10,10,0,0,20,LOW,STOP_AUTOMATIC_RETRY,1462.7283279715216
TXN001080,CUST0001,MERCHANT001,3061.1,WALLET,2026-08-22 01:00:32.848634,FAILED,Timeout,3,2,3,False,0,0,0.4,0.46906254856254853,5,25,0,5,35,LOW,STOP_AUTOMATIC_RETRY,1435.8473674048173
TXN001851,CUST0281,MERCHANT005,1920.15,UPI,2026-08-23 02:10:51.848634,FAILED,Network Error,2,5,4,True,0,0,0.5555555555555556,0.7471295729365971,5,25,10,10,50,MEDIUM,RETRY_WITH_DELAY,1434.600849474207
TXN009198,CUST1719,MERCHANT006,1867.47,CARD,2026-08-19 10:57:56.848634,FAILED,Network Error,1,10,5,True,0,1,0.6666666666666666,0.7613358330068198,5,25,20,10,60,HIGH,ALTERNATE_ROUTE,1421.771828065246
TXN002072,CUST1072,MERCHANT005,4824.77,UPI,2026-08-20 17:11:16.848634,FAILED,Network Error,3,1,4,False,0,0,0.2,0.2875672568172568,5,25,0,0,30,LOW,STOP_AUTOMATIC_RETRY,1387.4458736741963
TXN000535,CUST0191,MERCHANT010,26173.56,NETBANKING,2026-08-18 04:13:57.848634,FAILED,Insufficient Funds,2,1,4,True,1,0,0.2,0.052815023670286836,30,5,10,0,45,MEDIUM,DO_NOT_RETRY,1382.3571909356729
TXN001752,CUST1974,MERCHANT003,2262.41,UPI,2026-08-19 22:22:22.848634,FAILED,Timeout,2,13,4,True,0,0,0.7647058823529411,0.5990230410265912,5,25,10,10,50,MEDIUM,RETRY_WITH_DELAY,1355.2357182489702
TXN003330,CUST0868,MERCHANT009,1702.31,NETBANKING,2026-08-20 00:12:03.848634,FAILED,Technical Error,1,15,1,True,0,1,0.9375,0.7897810271451577,5,20,20,15,60,HIGH,FALLBACK_PROCESSOR,1344.4521403194735
TXN007537,CUST0943,MERCHANT004,5232.43,CARD,2026-08-23 14:15:28.848634,FAILED,Bank Declined,2,4,2,True,0,0,0.6666666666666666,0.2545593479903474,10,10,10,5,35,LOW,MANUAL_REVIEW,1331.9639692051335
TXN005161,CUST1246,MERCHANT003,5643.03,UPI,2026-08-22 18:22:03.848634,FAILED,Bank Declined,3,14,1,False,0,0,0.9333333333333333,0.222596954625643,10,10,0,15,35,LOW,STOP_AUTOMATIC_RETRY,1256.1212928611421
TXN003567,CUST1437,MERCHANT010,3052.38,CARD,2026-08-21 18:17:39.848634,FAILED,Bank Declined,2,3,2,True,0,0,0.6,0.40911252639332224,5,10,10,5,30,LOW,MANUAL_REVIEW,1248.766893312449
TXN001943,CUST1746,MERCHANT003,2292.16,WALLET,2026-08-23 12:45:10.848634,FAILED,Bank Declined,2,0,5,True,0,0,0.0,0.47575690401216697,5,10,10,0,25,LOW,MANUAL_REVIEW,1090.5109451005285
TXN001560,CUST0876,MERCHANT004,2846.89,UPI,2026-08-24 10:14:41.848634,FAILED,Timeout,3,17,5,False,0,0,0.7727272727272727,0.37457156030592886,5,25,0,10,40,MEDIUM,STOP_AUTOMATIC_RETRY,1066.3640293193457
TXN001953,CUST0250,MERCHANT004,3620.72,WALLET,2026-08-19 20:02:34.848634,FAILED,Network Error,3,4,5,False,0,0,0.4444444444444444,0.27742492810416225,5,25,0,5,35,LOW,STOP_AUTOMATIC_RETRY,1004.4779856853023
TXN007933,CUST1026,MERCHANT007,1332.02,CARD,2026-08-20 11:20:08.848634,FAILED,Network Error,3,19,4,False,0,0,0.8260869565217391,0.6968196061197641,5,25,0,10,40,MEDIUM,STOP_AUTOMATIC_RETRY,928.1776517436482
TXN004921,CUST0424,MERCHANT008,3116.98,CARD,2026-08-20 22:30:44.848634,FAILED,Bank Declined,2,2,5,True,0,0,0.2857142857142857,0.2881611550332378,5,10,10,5,30,LOW,MANUAL_REVIEW,898.1925570155016
TXN003318,CUST1151,MERCHANT008,2364.66,WALLET,2026-08-20 09:47:00.848634,FAILED,Network Error,3,8,1,False,0,0,0.8888888888888888,0.3739750264181211,5,25,0,10,40,MEDIUM,STOP_AUTOMATIC_RETRY,884.3237859698742
TXN006704,CUST1634,MERCHANT002,2619.14,CARD,2026-08-21 21:33:13.848634,FAILED,Bank Declined,3,9,0,False,0,0,1.0,0.32240033576475224,5,10,0,10,25,LOW,STOP_AUTOMATIC_RETRY,844.4116154148932
TXN002107,CUST1866,MERCHANT004,1551.37,WALLET,2026-08-23 23:24:37.848634,FAILED,Network Error,2,14,4,True,0,0,0.7777777777777778,0.5441002346274177,5,25,10,10,50,MEDIUM,RETRY_WITH_DELAY,844.100780993937
TXN008955,CUST1625,MERCHANT003,4813.06,NETBANKING,2026-08-24 19:07:02.848634,FAILED,Insufficient Funds,3,3,1,False,0,0,0.75,0.15793812395334136,5,5,0,5,15,LOW,DO_NOT_RETRY,760.1656668748692
TXN005524,CUST1305,MERCHANT007,866.02,UPI,2026-08-18 03:23:05.848634,FAILED,Network Error,1,19,4,True,0,1,0.8260869565217391,0.8427607623857624,5,25,20,10,60,HIGH,ALTERNATE_ROUTE,729.847675441318
TXN003491,CUST0196,MERCHANT008,1801.25,WALLET,2026-08-23 12:10:24.848634,FAILED,Bank Declined,1,4,4,True,0,1,0.5,0.3989397348176121,5,10,20,5,40,MEDIUM,MANUAL_REVIEW,718.5901973402238
TXN006440,CUST0680,MERCHANT008,1085.58,WALLET,2026-08-22 15:51:32.848634,FAILED,Bank Declined,2,15,3,True,0,0,0.8333333333333334,0.6516941373559386,5,10,10,10,35,LOW,RETRY_WITH_DELAY,707.4661216308598
TXN008068,CUST0091,MERCHANT005,1496.58,CARD,2026-08-23 13:31:17.848634,FAILED,Technical Error,2,9,3,True,0,0,0.75,0.45581166462180933,5,20,10,10,45,MEDIUM,MANUAL_REVIEW,682.1586210397073
TXN005058,CUST1682,MERCHANT002,3412.94,CARD,2026-08-20 23:59:18.848634,FAILED,Insufficient Funds,2,18,4,True,0,0,0.8181818181818182,0.18546629568212533,5,5,10,10,30,LOW,DO_NOT_RETRY,632.9853391853528
TXN004492,CUST0261,MERCHANT003,2726.58,CARD,2026-08-18 08:28:16.848634,FAILED,Insufficient Funds,2,20,4,True,0,0,0.8333333333333334,0.23160915282498243,5,5,10,10,30,LOW,DO_NOT_RETRY,631.5008839095406
TXN008049,CUST1156,MERCHANT006,2752.51,WALLET,2026-08-19 18:19:41.848634,FAILED,Insufficient Funds,2,14,3,True,0,0,0.8235294117647058,0.22232776054103265,5,5,10,10,30,LOW,DO_NOT_RETRY,611.9593841667978
TXN005025,CUST0566,MERCHANT008,1880.16,WALLET,2026-08-23 14:15:48.848634,FAILED,Bank Declined,2,10,0,True,0,0,1.0,0.3236215342628387,5,10,10,15,40,MEDIUM,MANUAL_REVIEW,608.4602638596189
TXN003421,CUST1488,MERCHANT010,1136.45,NETBANKING,2026-08-23 22:38:16.848634,FAILED,Technical Error,3,17,5,False,0,0,0.7727272727272727,0.5210012025012023,5,20,0,10,35,LOW,STOP_AUTOMATIC_RETRY,592.0918165824913
TXN006490,CUST0012,MERCHANT005,2522.11,UPI,2026-08-24 18:31:51.848634,FAILED,Bank Declined,3,11,3,False,0,0,0.7857142857142857,0.21534641459311119,5,10,0,10,25,LOW,STOP_AUTOMATIC_RETRY,543.1273457094317
TXN000099,CUST1711,MERCHANT003,1199.6,CARD,2026-08-19 06:32:35.848634,FAILED,Bank Declined,1,11,3,True,0,1,0.7857142857142857,0.4263717268964226,5,10,20,10,45,MEDIUM,MANUAL_REVIEW,511.4755235849485
TXN001928,CUST0174,MERCHANT003,2491.65,UPI,2026-08-22 16:50:51.848634,FAILED,Bank Declined,3,2,0,False,0,0,1.0,0.19841110117740557,5,10,0,5,20,LOW,STOP_AUTOMATIC_RETRY,494.3710202486826
TXN000854,CUST1228,MERCHANT003,1292.06,NETBANKING,2026-08-24 02:26:25.848634,FAILED,Bank Declined,3,16,3,False,0,0,0.8421052631578947,0.35312114634495945,5,10,0,10,25,LOW,STOP_AUTOMATIC_RETRY,456.2537083464683
TXN000256,CUST1517,MERCHANT005,3496.24,UPI,2026-08-24 22:10:11.848634,FAILED,Bank Declined,3,8,5,False,0,0,0.6153846153846154,0.1261393921402553,5,10,0,10,25,LOW,STOP_AUTOMATIC_RETRY,441.01358837644614
TXN003427,CUST1380,MERCHANT009,814.7,NETBANKING,2026-08-18 23:47:48.848634,FAILED,Insufficient Funds,3,7,2,False,0,0,0.7777777777777778,0.4264856316276033,5,5,0,10,20,LOW,DO_NOT_RETRY,347.4578440870084
TXN009516,CUST1368,MERCHANT003,1769.48,NETBANKING,2026-08-23 08:54:10.848634,FAILED,Bank Declined,1,1,2,True,0,1,0.3333333333333333,0.17783186391065647,5,10,20,0,35,LOW,MANUAL_REVIEW,314.6699265526284
TXN008698,CUST0466,MERCHANT001,1580.7,UPI,2026-08-24 05:08:01.848634,FAILED,Timeout,3,1,2,False,0,0,0.3333333333333333,0.1926528379028379,5,25,0,0,30,LOW,STOP_AUTOMATIC_RETRY,304.5263408730159
TXN000488,CUST0596,MERCHANT009,1243.82,CARD,2026-08-24 05:00:47.848634,FAILED,Network Error,3,1,1,False,0,0,0.5,0.23652449930770614,5,25,0,0,30,LOW,STOP_AUTOMATIC_RETRY,294.19390272891104
TXN000241,CUST1316,MERCHANT010,430.7,CARD,2026-08-19 01:35:00.848634,FAILED,Bank Declined,3,19,0,False,0,0,1.0,0.5758581175160122,5,10,0,15,30,LOW,STOP_AUTOMATIC_RETRY,248.02209121414646
TXN004332,CUST1248,MERCHANT008,1854.81,NETBANKING,2026-08-21 08:57:56.848634,FAILED,Bank Declined,2,9,4,True,0,0,0.6923076923076923,0.11375820600996212,5,10,10,10,35,LOW,MANUAL_REVIEW,210.99985808933783
TXN005484,CUST1862,MERCHANT003,489.58,NETBANKING,2026-08-22 14:40:50.848634,FAILED,Technical Error,2,7,5,True,0,0,0.5833333333333334,0.38799254048550275,5,20,10,10,45,MEDIUM,MANUAL_REVIEW,189.95338797089244
TXN007878,CUST1224,MERCHANT002,257.42,CARD,2026-08-18 11:55:26.848634,FAILED,Technical Error,1,4,2,True,0,1,0.6666666666666666,0.4132660018602331,5,20,20,5,50,MEDIUM,MANUAL_REVIEW,106.38293419886121
TXN003353,CUST1745,MERCHANT008,290.84,WALLET,2026-08-24 23:09:09.848634,FAILED,Bank Declined,1,0,1,True,0,1,0.0,0.25792792207792203,5,10,20,0,35,LOW,MANUAL_REVIEW,75.01575685714283
TXN000368,CUST0117,MERCHANT006,176.88,CARD,2026-08-18 14:29:08.848634,FAILED,Insufficient Funds,2,1,5,True,0,0,0.16666666666666666,0.09136627579506836,5,5,10,0,20,LOW,DO_NOT_RETRY,16.16086686263169
