transaction_id,customer_id,merchant_id,amount,payment_method,timestamp,status,failure_reason,attempt_number,previous_successes,previous_failures,recovery_eligible
TXN000001,CUST1291,MERCHANT002,16895.7,CARD,2026-08-19 06:31:32.848634,SUCCESS,,1,13,0,False
TXN000002,CUST1101,MERCHANT005,36033.91,NETBANKING,2026-08-18 20:00:05.848634,SUCCESS,,1,13,3,False
TXN000003,CUST1521,MERCHANT009,31732.54,UPI,2026-08-22 11:57:56.848634,SUCCESS,,1,8,0,False
TXN000004,CUST0491,MERCHANT001,37468.05,CARD,2026-08-19 22:38:01.848634,FAILED,Technical Error,3,18,1,False
TXN000005,CUST0569,MERCHANT008,7719.75,CARD,2026-08-21 16:13:00.848634,SUCCESS,,1,6,4,False
TXN000006,CUST0453,MERCHANT010,28551.02,WALLET,2026-08-18 08:25:46.848634,SUCCESS,,1,3,2,False
TXN000007,CUST1190,MERCHANT001,11192.98,NETBANKING,2026-08-19 02:17:34.848634,SUCCESS,,1,18,1,False
TXN000008,CUST0931,MERCHANT004,30388.56,UPI,2026-08-23 14:44:52.848634,SUCCESS,,1,17,0,False
TXN000009,CUST1780,MERCHANT001,14621.63,WALLET,2026-08-18 08:56:12.848634,SUCCESS,,1,17,2,False
TXN000010,CUST0141,MERCHANT010,42687.74,NETBANKING,2026-08-21 11:40:01.848634,SUCCESS,,1,10,5,False
TXN000011,CUST0091,MERCHANT009,6422.04,CARD,2026-08-19 11:15:24.848634,SUCCESS,,1,18,3,False
TXN000012,CUST0087,MERCHANT004,16333.17,UPI,2026-08-22 10:19:36.848634,SUCCESS,,1,4,0,False
TXN000013,CUST0850,MERCHANT005,25094.57,WALLET,2026-08-19 03:39:54.848634,SUCCESS,,1,14,0,False
TXN000014,CUST0684,MERCHANT006,49982.71,WALLET,2026-08-18 10:10:50.848634,SUCCESS,,1,12,3,False
TXN000015,CUST1905,MERCHANT004,15363.75,WALLET,2026-08-23 11:44:40.848634,SUCCESS,,1,10,0,False
TXN000016,CUST0128,MERCHANT010,27219.94,UPI,2026-08-23 13:24:41.848634,SUCCESS,,1,9,3,False
TXN000017,CUST1326,MERCHANT001,5903.14,UPI,2026-08-21 14:46:46.848634,SUCCESS,,1,17,5,False
TXN000018,CUST1646,MERCHANT003,17511.95,CARD,2026-08-23 13:13:04.848634,FAILED,Timeout,1,12,3,True
TXN000019,CUST0873,MERCHANT009,44657.3,WALLET,2026-08-19 10:16:57.848634,SUCCESS,,1,14,5,False
TXN000020,CUST1860,MERCHANT005,30581.22,WALLET,2026-08-23 20:57:05.848634,SUCCESS,,1,3,0,False
TXN000021,CUST1049,MERCHANT005,19565.57,WALLET,2026-08-23 18:59:12.848634,SUCCESS,,1,14,0,False
TXN000022,CUST0327,MERCHANT007,31983.43,UPI,2026-08-23 16:50:01.848634,SUCCESS,,1,1,4,False
TXN000023,CUST1591,MERCHANT007,38055.19,CARD,2026-08-19 03:23:51.848634,SUCCESS,,1,5,0,False
TXN000024,CUST0719,MERCHANT008,10326.7,WALLET,2026-08-24 00:32:32.848634,SUCCESS,,1,8,5,False
TXN000025,CUST0712,MERCHANT004,9500.67,WALLET,2026-08-22 01:12:26.848634,SUCCESS,,1,4,1,False
TXN000026,CUST0420,MERCHANT008,19428.7,CARD,2026-08-24 23:01:57.848634,SUCCESS,,1,1,1,False
TXN000027,CUST1284,MERCHANT007,15486.86,UPI,2026-08-20 23:17:54.848634,SUCCESS,,1,17,3,False
TXN000028,CUST1700,MERCHANT003,38522.41,UPI,2026-08-20 09:03:50.848634,SUCCESS,,1,10,3,False
TXN000029,CUST0187,MERCHANT007,15129.68,UPI,2026-08-24 12:13:56.848634,SUCCESS,,1,15,1,False
TXN000030,CUST0275,MERCHANT003,3273.33,NETBANKING,2026-08-23 05:33:17.848634,SUCCESS,,1,10,3,False
TXN000031,CUST1893,MERCHANT003,44469.58,WALLET,2026-08-19 09:52:40.848634,SUCCESS,,1,19,1,False
TXN000032,CUST1081,MERCHANT004,23336.97,CARD,2026-08-23 00:14:45.848634,SUCCESS,,1,15,1,False
TXN000033,CUST0316,MERCHANT001,38504.02,UPI,2026-08-22 12:47:25.848634,SUCCESS,,1,17,0,False
TXN000034,CUST0463,MERCHANT007,10899.66,CARD,2026-08-23 07:22:47.848634,SUCCESS,,1,16,4,False
TXN000035,CUST1888,MERCHANT009,29628.33,WALLET,2026-08-21 19:06:01.848634,FAILED,Insufficient Funds,2,2,4,True
TXN000036,CUST0490,MERCHANT002,32278.91,WALLET,2026-08-22 05:27:21.848634,SUCCESS,,1,17,0,False
TXN000037,CUST0638,MERCHANT008,4063.59,NETBANKING,2026-08-21 22:27:46.848634,SUCCESS,,1,1,5,False
TXN000038,CUST1970,MERCHANT009,3109.73,WALLET,2026-08-22 10:12:09.848634,SUCCESS,,1,12,3,False
TXN000039,CUST0406,MERCHANT009,42019.6,UPI,2026-08-20 04:29:40.848634,SUCCESS,,1,17,2,False
TXN000040,CUST0337,MERCHANT005,37731.75,CARD,2026-08-20 09:34:21.848634,SUCCESS,,1,17,1,False
TXN000041,CUST0434,MERCHANT001,260.25,WALLET,2026-08-24 05:58:12.848634,SUCCESS,,1,6,4,False
TXN000042,CUST0794,MERCHANT009,38581.53,NETBANKING,2026-08-23 07:48:14.848634,SUCCESS,,1,1,4,False
TXN000043,CUST0773,MERCHANT008,41041.65,NETBANKING,2026-08-21 02:15:47.848634,SUCCESS,,1,10,4,False
TXN000044,CUST1899,MERCHANT008,7773.68,CARD,2026-08-20 07:15:14.848634,SUCCESS,,1,15,2,False
TXN000045,CUST0300,MERCHANT009,30239.63,CARD,2026-08-21 18:35:12.848634,SUCCESS,,1,5,5,False
TXN000046,CUST0275,MERCHANT005,49285.46,CARD,2026-08-25 01:00:20.848634,SUCCESS,,1,4,5,False
TXN000047,CUST1598,MERCHANT008,34862.65,NETBANKING,2026-08-22 09:48:15.848634,SUCCESS,,1,13,5,False
TXN000048,CUST1276,MERCHANT005,40260.77,WALLET,2026-08-23 00:38:49.848634,SUCCESS,,1,0,0,False
TXN000049,CUST1139,MERCHANT001,46800.67,UPI,2026-08-22 01:29:13.848634,SUCCESS,,1,20,4,False
TXN000050,CUST1789,MERCHANT007,18862.83,NETBANKING,2026-08-18 08:39:00.848634,SUCCESS,,1,13,0,False
TXN000051,CUST0328,MERCHANT004,34303.66,UPI,2026-08-22 20:04:42.848634,SUCCESS,,1,17,0,False
TXN000052,CUST0478,MERCHANT010,27707.81,WALLET,2026-08-20 13:09:17.848634,SUCCESS,,1,2,4,False
TXN000053,CUST0742,MERCHANT005,39318.27,WALLET,2026-08-23 06:13:05.848634,SUCCESS,,1,12,2,False
TXN000054,CUST1822,MERCHANT001,42485.25,UPI,2026-08-20 18:58:04.848634,SUCCESS,,1,0,4,False
TXN000055,CUST1773,MERCHANT003,35622.02,WALLET,2026-08-20 00:01:53.848634,SUCCESS,,1,19,3,False
TXN000056,CUST0068,MERCHANT008,22415.23,CARD,2026-08-22 00:22:05.848634,SUCCESS,,1,1,4,False
TXN000057,CUST0124,MERCHANT003,49608.32,NETBANKING,2026-08-19 09:10:09.848634,SUCCESS,,1,4,1,False
TXN000058,CUST1432,MERCHANT004,25723.44,UPI,2026-08-22 13:56:58.848634,SUCCESS,,1,18,0,False
TXN000059,CUST1140,MERCHANT006,48724.77,NETBANKING,2026-08-25 01:32:15.848634,SUCCESS,,1,16,1,False
TXN000060,CUST1923,MERCHANT005,44900.98,NETBANKING,2026-08-22 09:00:20.848634,SUCCESS,,1,19,0,False
TXN000061,CUST0048,MERCHANT010,26302.32,CARD,2026-08-19 01:57:31.848634,FAILED,Timeout,3,6,1,False
TXN000062,CUST1448,MERCHANT005,21989.37,NETBANKING,2026-08-19 03:08:45.848634,SUCCESS,,1,15,3,False
TXN000063,CUST0198,MERCHANT009,43559.93,CARD,2026-08-22 08:27:23.848634,SUCCESS,,1,9,5,False
TXN000064,CUST1036,MERCHANT007,33003.02,CARD,2026-08-21 16:35:02.848634,SUCCESS,,1,8,2,False
TXN000065,CUST1163,MERCHANT006,37902.22,WALLET,2026-08-20 04:18:51.848634,SUCCESS,,1,6,5,False
TXN000066,CUST1708,MERCHANT004,28593.2,WALLET,2026-08-21 08:25:55.848634,SUCCESS,,1,11,3,False
TXN000067,CUST1676,MERCHANT005,42643.32,WALLET,2026-08-19 10:44:31.848634,SUCCESS,,1,0,1,False
TXN000068,CUST0536,MERCHANT002,8062.28,CARD,2026-08-20 02:31:43.848634,SUCCESS,,1,16,0,False
TXN000069,CUST1793,MERCHANT008,20425.58,NETBANKING,2026-08-22 03:41:41.848634,SUCCESS,,1,13,4,False
TXN000070,CUST1121,MERCHANT010,9941.32,CARD,2026-08-24 03:09:49.848634,SUCCESS,,1,0,4,False
TXN000071,CUST0995,MERCHANT003,14459.82,NETBANKING,2026-08-23 10:11:38.848634,SUCCESS,,1,1,0,False
TXN000072,CUST1399,MERCHANT005,23427.31,UPI,2026-08-23 07:08:01.848634,FAILED,Technical Error,3,6,2,False
TXN000073,CUST0078,MERCHANT005,3847.78,NETBANKING,2026-08-23 04:53:20.848634,SUCCESS,,1,7,1,False
TXN000074,CUST1618,MERCHANT007,672.75,WALLET,2026-08-25 02:07:25.848634,SUCCESS,,1,8,2,False
TXN000075,CUST0042,MERCHANT010,44684.63,CARD,2026-08-21 16:47:21.848634,SUCCESS,,1,6,4,False
TXN000076,CUST0931,MERCHANT001,24100.48,UPI,2026-08-23 02:13:21.848634,SUCCESS,,1,2,2,False
TXN000077,CUST1387,MERCHANT006,10915.27,UPI,2026-08-18 10:18:31.848634,SUCCESS,,1,3,0,False
TXN000078,CUST0165,MERCHANT010,49863.31,NETBANKING,2026-08-19 01:36:52.848634,SUCCESS,,1,18,2,False
TXN000079,CUST0501,MERCHANT001,17147.49,NETBANKING,2026-08-23 09:39:44.848634,FAILED,Network Error,1,1,2,True
TXN000080,CUST0440,MERCHANT004,12232.7,CARD,2026-08-19 02:26:44.848634,SUCCESS,,1,6,1,False
TXN000081,CUST0191,MERCHANT006,3745.82,UPI,2026-08-20 18:16:07.848634,SUCCESS,,1,12,5,False
TXN000082,CUST0594,MERCHANT005,9371.75,CARD,2026-08-20 06:01:49.848634,SUCCESS,,1,4,0,False
TXN000083,CUST1830,MERCHANT001,6445.71,WALLET,2026-08-18 08:15:04.848634,SUCCESS,,1,10,4,False
TXN000084,CUST0403,MERCHANT002,25928.81,CARD,2026-08-18 09:04:36.848634,SUCCESS,,1,18,2,False
TXN000085,CUST1407,MERCHANT001,28001.56,NETBANKING,2026-08-20 18:00:21.848634,SUCCESS,,1,18,3,False
TXN000086,CUST1505,MERCHANT008,46453.51,CARD,2026-08-19 15:33:19.848634,SUCCESS,,1,12,2,False
TXN000087,CUST1513,MERCHANT006,22672.21,CARD,2026-08-20 07:50:08.848634,SUCCESS,,1,2,4,False
TXN000088,CUST0710,MERCHANT006,25966.0,NETBANKING,2026-08-21 20:11:37.848634,SUCCESS,,1,12,5,False
TXN000089,CUST1382,MERCHANT001,14465.64,CARD,2026-08-22 17:05:02.848634,SUCCESS,,1,10,2,False
TXN000090,CUST0215,MERCHANT001,36692.98,WALLET,2026-08-20 07:59:25.848634,SUCCESS,,1,13,1,False
TXN000091,CUST0610,MERCHANT004,22632.79,CARD,2026-08-21 21:56:49.848634,SUCCESS,,1,10,4,False
TXN000092,CUST1164,MERCHANT009,21855.76,WALLET,2026-08-19 13:00:36.848634,SUCCESS,,1,8,0,False
TXN000093,CUST1434,MERCHANT006,48496.92,UPI,2026-08-23 15:04:16.848634,SUCCESS,,1,8,1,False
TXN000094,CUST1850,MERCHANT003,29289.91,WALLET,2026-08-24 19:17:08.848634,SUCCESS,,1,7,2,False
TXN000095,CUST0568,MERCHANT004,10244.78,UPI,2026-08-19 11:38:19.848634,FAILED,Network Error,2,12,2,True
TXN000096,CUST0724,MERCHANT005,38113.64,NETBANKING,2026-08-21 23:19:45.848634,SUCCESS,,1,14,3,False
TXN000097,CUST1353,MERCHANT009,5577.18,NETBANKING,2026-08-24 09:41:17.848634,SUCCESS,,1,8,1,False
TXN000098,CUST1354,MERCHANT008,18074.24,NETBANKING,2026-08-21 21:26:51.848634,SUCCESS,,1,12,2,False
TXN000099,CUST1711,MERCHANT003,1199.6,CARD,2026-08-19 06:32:35.848634,FAILED,Bank Declined,1,11,3,True
TXN000100,CUST1112,MERCHANT003,43790.43,NETBANKING,2026-08-18 22:10:32.848634,SUCCESS,,1,13,1,False
TXN000101,CUST0450,MERCHANT007,12036.32,UPI,2026-08-19 18:59:09.848634,SUCCESS,,1,10,3,False
TXN000102,CUST0560,MERCHANT007,9198.03,CARD,2026-08-22 14:27:59.848634,SUCCESS,,1,4,4,False
TXN000103,CUST0089,MERCHANT010,16114.63,WALLET,2026-08-23 08:05:52.848634,SUCCESS,,1,14,5,False
TXN000104,CUST0568,MERCHANT001,28548.63,NETBANKING,2026-08-22 19:59:53.848634,SUCCESS,,1,2,4,False
TXN000105,CUST1248,MERCHANT007,10821.82,CARD,2026-08-19 12:45:54.848634,SUCCESS,,1,7,4,False
TXN000106,CUST0528,MERCHANT010,36374.25,CARD,2026-08-24 21:12:21.848634,SUCCESS,,1,3,2,False
TXN000107,CUST1831,MERCHANT002,26113.49,NETBANKING,2026-08-18 22:55:22.848634,SUCCESS,,1,0,5,False
TXN000108,CUST0691,MERCHANT004,2013.36,CARD,2026-08-23 13:45:25.848634,SUCCESS,,1,8,3,False
TXN000109,CUST1708,MERCHANT009,13646.28,CARD,2026-08-23 05:58:53.848634,SUCCESS,,1,9,0,False
TXN000110,CUST1552,MERCHANT006,47489.11,WALLET,2026-08-24 04:03:37.848634,SUCCESS,,1,18,3,False
TXN000111,CUST0661,MERCHANT006,39951.47,UPI,2026-08-22 16:48:37.848634,SUCCESS,,1,0,3,False
TXN000112,CUST0039,MERCHANT009,33107.49,WALLET,2026-08-18 22:11:13.848634,SUCCESS,,1,14,0,False
TXN000113,CUST0978,MERCHANT009,35954.74,UPI,2026-08-23 12:17:54.848634,SUCCESS,,1,0,2,False
TXN000114,CUST1325,MERCHANT001,12188.24,WALLET,2026-08-24 20:50:36.848634,SUCCESS,,1,5,5,False
TXN000115,CUST0438,MERCHANT007,27216.07,NETBANKING,2026-08-24 19:23:40.848634,SUCCESS,,1,3,1,False
TXN000116,CUST1364,MERCHANT001,29059.58,NETBANKING,2026-08-19 16:03:53.848634,SUCCESS,,1,20,5,False
TXN000117,CUST1569,MERCHANT009,11351.18,CARD,2026-08-19 14:49:43.848634,SUCCESS,,1,10,2,False
TXN000118,CUST0837,MERCHANT007,13658.96,WALLET,2026-08-22 17:46:33.848634,SUCCESS,,1,17,2,False
TXN000119,CUST0080,MERCHANT008,23407.57,WALLET,2026-08-18 16:25:13.848634,SUCCESS,,1,0,1,False
TXN000120,CUST0150,MERCHANT005,2423.26,WALLET,2026-08-22 05:01:42.848634,SUCCESS,,1,10,3,False
TXN000121,CUST1748,MERCHANT002,8130.97,CARD,2026-08-19 21:53:43.848634,SUCCESS,,1,4,3,False
TXN000122,CUST1560,MERCHANT004,5743.91,UPI,2026-08-24 05:13:08.848634,SUCCESS,,1,20,5,False
TXN000123,CUST1657,MERCHANT007,14718.67,WALLET,2026-08-20 12:51:17.848634,SUCCESS,,1,8,4,False
TXN000124,CUST0563,MERCHANT007,2154.97,NETBANKING,2026-08-20 02:23:32.848634,SUCCESS,,1,0,5,False
TXN000125,CUST1732,MERCHANT010,27129.87,CARD,2026-08-25 00:04:35.848634,SUCCESS,,1,3,4,False
TXN000126,CUST0472,MERCHANT002,19299.46,CARD,2026-08-19 12:53:33.848634,SUCCESS,,1,10,1,False
TXN000127,CUST0115,MERCHANT006,19631.72,UPI,2026-08-19 09:33:30.848634,SUCCESS,,1,9,5,False
TXN000128,CUST0715,MERCHANT010,37922.6,CARD,2026-08-21 22:59:04.848634,FAILED,Insufficient Funds,2,2,2,True
TXN000129,CUST0239,MERCHANT010,33407.02,WALLET,2026-08-18 05:23:16.848634,SUCCESS,,1,10,5,False
TXN000130,CUST0590,MERCHANT006,44531.43,CARD,2026-08-22 18:26:29.848634,SUCCESS,,1,11,0,False
TXN000131,CUST1991,MERCHANT003,43105.09,CARD,2026-08-24 03:23:03.848634,SUCCESS,,1,11,4,False
TXN000132,CUST0587,MERCHANT004,30549.41,UPI,2026-08-24 12:32:23.848634,SUCCESS,,1,4,0,False
TXN000133,CUST0002,MERCHANT008,38474.74,WALLET,2026-08-20 09:08:16.848634,SUCCESS,,1,1,1,False
TXN000134,CUST0216,MERCHANT004,39837.47,WALLET,2026-08-19 21:23:06.848634,SUCCESS,,1,18,0,False
TXN000135,CUST1663,MERCHANT006,33362.54,WALLET,2026-08-23 00:53:20.848634,SUCCESS,,1,13,5,False
TXN000136,CUST0163,MERCHANT010,474.26,CARD,2026-08-20 10:10:54.848634,SUCCESS,,1,2,1,False
TXN000137,CUST0763,MERCHANT007,42955.48,WALLET,2026-08-19 05:51:19.848634,SUCCESS,,1,9,3,False
TXN000138,CUST1804,MERCHANT005,2110.97,WALLET,2026-08-19 13:11:33.848634,SUCCESS,,1,19,2,False
TXN000139,CUST0594,MERCHANT004,38771.84,CARD,2026-08-24 08:10:10.848634,SUCCESS,,1,17,2,False
TXN000140,CUST1204,MERCHANT007,38133.38,NETBANKING,2026-08-19 02:38:55.848634,SUCCESS,,1,0,2,False
TXN000141,CUST1982,MERCHANT009,26186.98,CARD,2026-08-24 21:46:26.848634,SUCCESS,,1,12,2,False
TXN000142,CUST1349,MERCHANT009,41492.92,NETBANKING,2026-08-19 14:51:26.848634,SUCCESS,,1,5,1,False
TXN000143,CUST0512,MERCHANT004,49238.64,UPI,2026-08-22 02:19:56.848634,SUCCESS,,1,3,2,False
TXN000144,CUST0751,MERCHANT006,47307.46,WALLET,2026-08-24 14:20:56.848634,SUCCESS,,1,20,3,False
TXN000145,CUST0907,MERCHANT010,881.18,UPI,2026-08-22 03:03:49.848634,SUCCESS,,1,16,2,False
TXN000146,CUST0408,MERCHANT007,49551.02,NETBANKING,2026-08-22 17:11:14.848634,FAILED,Timeout,2,4,4,True
TXN000147,CUST1262,MERCHANT010,247.67,NETBANKING,2026-08-24 04:04:55.848634,SUCCESS,,1,11,0,False
TXN000148,CUST1942,MERCHANT008,41484.51,CARD,2026-08-18 09:37:12.848634,SUCCESS,,1,20,4,False
TXN000149,CUST0393,MERCHANT002,39530.34,UPI,2026-08-20 15:36:40.848634,SUCCESS,,1,7,0,False
TXN000150,CUST1524,MERCHANT001,18258.77,CARD,2026-08-22 23:09:53.848634,SUCCESS,,1,11,0,False
TXN000151,CUST1237,MERCHANT003,23868.36,NETBANKING,2026-08-20 21:12:17.848634,FAILED,Technical Error,2,5,5,True
TXN000152,CUST0806,MERCHANT006,12757.74,UPI,2026-08-25 02:08:14.848634,SUCCESS,,1,10,3,False
TXN000153,CUST0958,MERCHANT007,31528.51,UPI,2026-08-18 08:10:27.848634,SUCCESS,,1,20,3,False
TXN000154,CUST0721,MERCHANT009,45355.32,NETBANKING,2026-08-23 21:25:29.848634,SUCCESS,,1,19,1,False
TXN000155,CUST1520,MERCHANT007,14560.34,CARD,2026-08-21 10:01:45.848634,SUCCESS,,1,11,3,False
TXN000156,CUST0923,MERCHANT003,41410.91,CARD,2026-08-21 19:58:51.848634,SUCCESS,,1,0,3,False
TXN000157,CUST1058,MERCHANT003,28166.86,NETBANKING,2026-08-21 16:21:29.848634,SUCCESS,,1,11,2,False
TXN000158,CUST0665,MERCHANT002,8976.92,CARD,2026-08-18 14:57:59.848634,SUCCESS,,1,16,0,False
TXN000159,CUST1599,MERCHANT009,4452.17,WALLET,2026-08-24 12:53:45.848634,SUCCESS,,1,18,3,False
TXN000160,CUST1562,MERCHANT006,34872.01,UPI,2026-08-20 10:08:30.848634,SUCCESS,,1,19,2,False
TXN000161,CUST1860,MERCHANT009,41725.82,CARD,2026-08-24 12:31:04.848634,SUCCESS,,1,9,2,False
TXN000162,CUST0587,MERCHANT002,33426.3,NETBANKING,2026-08-18 21:42:54.848634,SUCCESS,,1,3,1,False
TXN000163,CUST0087,MERCHANT001,10142.27,NETBANKING,2026-08-23 09:27:41.848634,SUCCESS,,1,20,4,False
TXN000164,CUST0303,MERCHANT004,31995.26,CARD,2026-08-20 06:20:26.848634,SUCCESS,,1,9,3,False
TXN000165,CUST0551,MERCHANT005,17507.7,WALLET,2026-08-22 10:16:00.848634,SUCCESS,,1,18,5,False
TXN000166,CUST1414,MERCHANT001,49601.39,CARD,2026-08-20 01:33:30.848634,SUCCESS,,1,1,3,False
TXN000167,CUST0595,MERCHANT006,28542.08,NETBANKING,2026-08-21 13:14:54.848634,FAILED,Timeout,2,7,1,True
TXN000168,CUST1842,MERCHANT008,37635.67,NETBANKING,2026-08-19 16:37:19.848634,SUCCESS,,1,9,1,False
TXN000169,CUST0546,MERCHANT008,6405.66,CARD,2026-08-23 12:19:36.848634,SUCCESS,,1,5,5,False
TXN000170,CUST0174,MERCHANT007,40028.14,WALLET,2026-08-23 14:07:19.848634,SUCCESS,,1,17,3,False
TXN000171,CUST0194,MERCHANT008,49262.86,UPI,2026-08-19 19:45:15.848634,FAILED,Timeout,1,20,0,True
TXN000172,CUST1780,MERCHANT004,23002.21,CARD,2026-08-23 13:19:20.848634,SUCCESS,,1,15,4,False
TXN000173,CUST0763,MERCHANT008,37076.57,WALLET,2026-08-24 12:32:08.848634,SUCCESS,,1,10,3,False
TXN000174,CUST0811,MERCHANT007,37484.28,NETBANKING,2026-08-23 17:40:40.848634,SUCCESS,,1,18,0,False
TXN000175,CUST1480,MERCHANT003,21059.06,WALLET,2026-08-23 07:50:20.848634,SUCCESS,,1,11,4,False
TXN000176,CUST0213,MERCHANT004,8821.01,NETBANKING,2026-08-20 14:49:09.848634,SUCCESS,,1,2,5,False
TXN000177,CUST0363,MERCHANT004,23538.7,CARD,2026-08-19 09:55:03.848634,SUCCESS,,1,7,0,False
TXN000178,CUST1541,MERCHANT002,14711.06,WALLET,2026-08-22 13:21:45.848634,SUCCESS,,1,19,1,False
TXN000179,CUST1996,MERCHANT009,4538.64,UPI,2026-08-20 03:25:11.848634,SUCCESS,,1,15,3,False
TXN000180,CUST0485,MERCHANT002,5244.63,NETBANKING,2026-08-22 05:49:49.848634,SUCCESS,,1,14,0,False
TXN000181,CUST0181,MERCHANT003,12088.99,CARD,2026-08-24 02:46:10.848634,SUCCESS,,1,14,4,False
TXN000182,CUST0591,MERCHANT007,1770.65,WALLET,2026-08-24 18:15:24.848634,SUCCESS,,1,1,0,False
TXN000183,CUST1524,MERCHANT008,26752.36,NETBANKING,2026-08-21 13:29:06.848634,SUCCESS,,1,11,0,False
TXN000184,CUST1344,MERCHANT004,11195.35,NETBANKING,2026-08-24 05:20:46.848634,SUCCESS,,1,5,3,False
TXN000185,CUST1835,MERCHANT006,33104.07,UPI,2026-08-21 09:34:21.848634,SUCCESS,,1,14,2,False
TXN000186,CUST0475,MERCHANT001,26382.91,UPI,2026-08-21 15:33:46.848634,SUCCESS,,1,6,4,False
TXN000187,CUST1754,MERCHANT010,2038.82,UPI,2026-08-22 17:18:10.848634,SUCCESS,,1,18,5,False
TXN000188,CUST1528,MERCHANT004,10019.86,CARD,2026-08-19 09:03:28.848634,SUCCESS,,1,20,1,False
TXN000189,CUST1352,MERCHANT009,15009.75,NETBANKING,2026-08-24 10:16:23.848634,SUCCESS,,1,20,4,False
TXN000190,CUST1086,MERCHANT002,39417.06,CARD,2026-08-21 09:23:36.848634,SUCCESS,,1,0,0,False
TXN000191,CUST1648,MERCHANT005,35599.54,CARD,2026-08-22 07:28:57.848634,SUCCESS,,1,16,2,False
TXN000192,CUST0560,MERCHANT006,9105.67,NETBANKING,2026-08-20 10:49:35.848634,SUCCESS,,1,18,5,False
TXN000193,CUST0182,MERCHANT009,8357.7,NETBANKING,2026-08-22 20:01:10.848634,FAILED,Timeout,1,15,5,True
TXN000194,CUST1656,MERCHANT004,49965.46,CARD,2026-08-22 07:30:06.848634,SUCCESS,,1,4,4,False
TXN000195,CUST0483,MERCHANT002,14070.37,WALLET,2026-08-24 15:48:42.848634,FAILED,Insufficient Funds,3,15,4,False
TXN000196,CUST0361,MERCHANT007,45223.79,UPI,2026-08-18 22:24:03.848634,SUCCESS,,1,11,3,False
TXN000197,CUST1729,MERCHANT003,7366.55,CARD,2026-08-24 21:33:58.848634,SUCCESS,,1,9,3,False
TXN000198,CUST1528,MERCHANT010,45332.09,UPI,2026-08-19 16:56:37.848634,SUCCESS,,1,17,1,False
TXN000199,CUST1037,MERCHANT005,45699.25,WALLET,2026-08-19 02:25:07.848634,SUCCESS,,1,4,4,False
TXN000200,CUST0934,MERCHANT010,15154.67,CARD,2026-08-24 11:22:50.848634,SUCCESS,,1,9,2,False
TXN000201,CUST1686,MERCHANT009,47065.26,CARD,2026-08-20 20:43:02.848634,SUCCESS,,1,16,0,False
TXN000202,CUST0424,MERCHANT006,40580.56,UPI,2026-08-24 03:26:44.848634,SUCCESS,,1,9,1,False
TXN000203,CUST0797,MERCHANT002,23248.72,NETBANKING,2026-08-19 11:48:14.848634,SUCCESS,,1,10,0,False
TXN000204,CUST1683,MERCHANT006,1267.81,CARD,2026-08-23 11:30:53.848634,SUCCESS,,1,0,0,False
TXN000205,CUST1803,MERCHANT007,22326.52,NETBANKING,2026-08-20 12:26:32.848634,SUCCESS,,1,9,3,False
TXN000206,CUST0331,MERCHANT001,17081.68,CARD,2026-08-22 07:00:18.848634,SUCCESS,,1,6,4,False
TXN000207,CUST0330,MERCHANT004,18596.4,NETBANKING,2026-08-21 07:16:25.848634,SUCCESS,,1,7,2,False
TXN000208,CUST0144,MERCHANT008,12114.46,UPI,2026-08-23 11:47:39.848634,SUCCESS,,1,15,1,False
TXN000209,CUST1469,MERCHANT009,10476.32,WALLET,2026-08-22 15:21:20.848634,SUCCESS,,1,2,3,False
TXN000210,CUST1004,MERCHANT008,46806.41,UPI,2026-08-22 21:51:37.848634,SUCCESS,,1,20,0,False
TXN000211,CUST0856,MERCHANT009,10071.59,CARD,2026-08-22 00:37:20.848634,SUCCESS,,1,18,3,False
TXN000212,CUST0961,MERCHANT002,27519.41,UPI,2026-08-24 23:31:08.848634,SUCCESS,,1,8,3,False
TXN000213,CUST1258,MERCHANT008,46620.45,CARD,2026-08-21 11:17:44.848634,SUCCESS,,1,11,0,False
TXN000214,CUST0403,MERCHANT010,36686.53,WALLET,2026-08-24 07:33:27.848634,SUCCESS,,1,12,4,False
TXN000215,CUST1421,MERCHANT004,34050.83,NETBANKING,2026-08-25 02:25:37.848634,SUCCESS,,1,13,3,False
TXN000216,CUST0750,MERCHANT007,11060.4,CARD,2026-08-24 19:57:01.848634,SUCCESS,,1,9,2,False
TXN000217,CUST0068,MERCHANT006,43887.02,UPI,2026-08-20 00:04:49.848634,SUCCESS,,1,20,1,False
TXN000218,CUST1303,MERCHANT009,47271.0,WALLET,2026-08-21 22:08:27.848634,SUCCESS,,1,0,0,False
TXN000219,CUST0816,MERCHANT010,14639.54,UPI,2026-08-23 06:14:05.848634,SUCCESS,,1,14,5,False
TXN000220,CUST0233,MERCHANT006,20848.8,NETBANKING,2026-08-21 10:34:04.848634,SUCCESS,,1,10,3,False
TXN000221,CUST1774,MERCHANT003,22773.55,CARD,2026-08-22 07:16:34.848634,SUCCESS,,1,0,4,False
TXN000222,CUST1706,MERCHANT002,35255.53,WALLET,2026-08-24 03:58:25.848634,SUCCESS,,1,8,4,False
TXN000223,CUST1146,MERCHANT006,12414.06,WALLET,2026-08-20 21:50:47.848634,SUCCESS,,1,15,0,False
TXN000224,CUST1292,MERCHANT006,16295.0,CARD,2026-08-22 09:59:09.848634,SUCCESS,,1,1,0,False
TXN000225,CUST0209,MERCHANT001,48675.19,UPI,2026-08-25 01:35:18.848634,SUCCESS,,1,8,2,False
TXN000226,CUST0359,MERCHANT010,41083.12,WALLET,2026-08-21 15:49:03.848634,SUCCESS,,1,6,0,False
TXN000227,CUST0820,MERCHANT010,40243.15,UPI,2026-08-24 18:16:16.848634,SUCCESS,,1,20,1,False
TXN000228,CUST1167,MERCHANT001,35836.5,WALLET,2026-08-23 11:27:19.848634,SUCCESS,,1,17,3,False
TXN000229,CUST0637,MERCHANT010,23667.04,UPI,2026-08-24 12:17:53.848634,SUCCESS,,1,13,5,False
TXN000230,CUST1541,MERCHANT009,32452.18,WALLET,2026-08-19 16:11:36.848634,SUCCESS,,1,15,4,False
TXN000231,CUST1487,MERCHANT009,37843.1,NETBANKING,2026-08-20 09:01:38.848634,SUCCESS,,1,10,1,False
TXN000232,CUST0418,MERCHANT006,6372.96,UPI,2026-08-23 09:27:37.848634,SUCCESS,,1,10,0,False
TXN000233,CUST1263,MERCHANT005,38764.52,NETBANKING,2026-08-18 19:07:58.848634,SUCCESS,,1,10,0,False
TXN000234,CUST0917,MERCHANT003,14439.02,UPI,2026-08-23 03:49:38.848634,SUCCESS,,1,12,1,False
TXN000235,CUST0642,MERCHANT003,34617.54,WALLET,2026-08-21 16:36:50.848634,SUCCESS,,1,4,4,False
TXN000236,CUST0016,MERCHANT002,33529.57,UPI,2026-08-24 20:58:47.848634,SUCCESS,,1,9,5,False
TXN000237,CUST0131,MERCHANT010,33799.42,UPI,2026-08-23 00:34:11.848634,SUCCESS,,1,16,4,False
TXN000238,CUST0618,MERCHANT007,19050.49,NETBANKING,2026-08-23 20:20:48.848634,SUCCESS,,1,7,1,False
TXN000239,CUST1682,MERCHANT003,5003.07,NETBANKING,2026-08-22 12:29:46.848634,SUCCESS,,1,19,4,False
TXN000240,CUST0673,MERCHANT001,29763.75,UPI,2026-08-21 17:53:05.848634,SUCCESS,,1,13,0,False
TXN000241,CUST1316,MERCHANT010,430.7,CARD,2026-08-19 01:35:00.848634,FAILED,Bank Declined,3,19,0,False
TXN000242,CUST0167,MERCHANT010,38274.73,UPI,2026-08-23 09:41:20.848634,FAILED,Bank Declined,1,12,4,True
TXN000243,CUST1678,MERCHANT001,16213.76,NETBANKING,2026-08-19 14:25:41.848634,SUCCESS,,1,19,5,False
TXN000244,CUST1235,MERCHANT008,49588.46,WALLET,2026-08-21 02:25:50.848634,SUCCESS,,1,12,3,False
TXN000245,CUST0217,MERCHANT002,28726.57,UPI,2026-08-23 19:25:18.848634,SUCCESS,,1,1,0,False
TXN000246,CUST0065,MERCHANT010,13375.97,NETBANKING,2026-08-24 06:14:38.848634,SUCCESS,,1,4,4,False
TXN000247,CUST1333,MERCHANT007,13313.36,WALLET,2026-08-22 14:40:21.848634,SUCCESS,,1,8,1,False
TXN000248,CUST0375,MERCHANT004,8126.51,WALLET,2026-08-24 22:19:26.848634,SUCCESS,,1,7,1,False
TXN000249,CUST0740,MERCHANT006,9666.89,UPI,2026-08-19 06:25:00.848634,SUCCESS,,1,8,4,False
TXN000250,CUST1680,MERCHANT006,41626.61,NETBANKING,2026-08-22 00:55:39.848634,SUCCESS,,1,2,2,False
TXN000251,CUST1928,MERCHANT010,14901.89,CARD,2026-08-18 17:08:38.848634,SUCCESS,,1,16,4,False
TXN000252,CUST1927,MERCHANT003,30193.97,NETBANKING,2026-08-24 22:52:33.848634,SUCCESS,,1,5,1,False
TXN000253,CUST0385,MERCHANT010,47433.63,UPI,2026-08-19 02:21:16.848634,SUCCESS,,1,16,4,False
TXN000254,CUST0804,MERCHANT008,37525.63,NETBANKING,2026-08-18 16:36:30.848634,SUCCESS,,1,13,0,False
TXN000255,CUST0829,MERCHANT007,3911.17,WALLET,2026-08-20 12:17:51.848634,SUCCESS,,1,12,3,False
TXN000256,CUST1517,MERCHANT005,3496.24,UPI,2026-08-24 22:10:11.848634,FAILED,Bank Declined,3,8,5,False
TXN000257,CUST0103,MERCHANT003,25074.57,UPI,2026-08-19 20:07:26.848634,SUCCESS,,1,11,1,False
TXN000258,CUST1136,MERCHANT002,44681.9,UPI,2026-08-20 06:26:48.848634,SUCCESS,,1,13,2,False
TXN000259,CUST1438,MERCHANT003,7994.75,CARD,2026-08-20 22:16:01.848634,SUCCESS,,1,8,4,False
TXN000260,CUST0882,MERCHANT001,34550.51,WALLET,2026-08-19 01:15:21.848634,SUCCESS,,1,6,5,False
TXN000261,CUST1953,MERCHANT004,34578.64,WALLET,2026-08-24 08:21:47.848634,SUCCESS,,1,18,3,False
TXN000262,CUST0108,MERCHANT002,6247.64,UPI,2026-08-20 07:19:29.848634,SUCCESS,,1,0,1,False
TXN000263,CUST0618,MERCHANT007,13343.2,CARD,2026-08-20 17:44:18.848634,SUCCESS,,1,20,2,False
TXN000264,CUST1636,MERCHANT004,37129.82,NETBANKING,2026-08-23 17:08:03.848634,SUCCESS,,1,12,3,False
TXN000265,CUST1418,MERCHANT004,40507.7,NETBANKING,2026-08-22 02:05:11.848634,SUCCESS,,1,16,5,False
TXN000266,CUST1235,MERCHANT001,37187.18,NETBANKING,2026-08-25 01:29:24.848634,FAILED,Technical Error,2,20,5,True
TXN000267,CUST0438,MERCHANT002,9861.31,NETBANKING,2026-08-23 01:28:06.848634,SUCCESS,,1,0,4,False
TXN000268,CUST1119,MERCHANT004,1258.98,NETBANKING,2026-08-24 06:09:19.848634,SUCCESS,,1,7,0,False
TXN000269,CUST1004,MERCHANT004,710.11,NETBANKING,2026-08-19 08:12:50.848634,SUCCESS,,1,8,2,False
TXN000270,CUST1784,MERCHANT004,40823.73,NETBANKING,2026-08-21 05:23:39.848634,SUCCESS,,1,17,1,False
TXN000271,CUST0062,MERCHANT010,48440.37,CARD,2026-08-22 11:57:49.848634,SUCCESS,,1,13,4,False
TXN000272,CUST1960,MERCHANT004,37069.19,CARD,2026-08-24 02:56:01.848634,SUCCESS,,1,6,2,False
TXN000273,CUST0252,MERCHANT002,47429.99,WALLET,2026-08-19 11:04:13.848634,SUCCESS,,1,17,4,False
TXN000274,CUST0817,MERCHANT005,21895.47,WALLET,2026-08-19 15:15:19.848634,SUCCESS,,1,2,0,False
TXN000275,CUST1876,MERCHANT009,10457.28,NETBANKING,2026-08-20 00:14:38.848634,SUCCESS,,1,8,4,False
TXN000276,CUST1358,MERCHANT002,13865.61,UPI,2026-08-19 07:47:28.848634,SUCCESS,,1,5,5,False
TXN000277,CUST0197,MERCHANT008,18075.95,CARD,2026-08-19 07:08:51.848634,FAILED,Timeout,3,13,4,False
TXN000278,CUST0128,MERCHANT008,3583.07,CARD,2026-08-19 16:42:18.848634,FAILED,Network Error,1,8,4,True
TXN000279,CUST1471,MERCHANT002,20322.14,WALLET,2026-08-21 15:58:06.848634,SUCCESS,,1,12,4,False
TXN000280,CUST0431,MERCHANT008,41064.87,UPI,2026-08-23 18:46:01.848634,SUCCESS,,1,11,2,False
TXN000281,CUST0884,MERCHANT003,48488.63,CARD,2026-08-23 08:58:02.848634,SUCCESS,,1,19,4,False
TXN000282,CUST0954,MERCHANT003,43429.81,CARD,2026-08-23 07:09:33.848634,SUCCESS,,1,3,5,False
TXN000283,CUST1824,MERCHANT002,14462.84,WALLET,2026-08-22 01:43:14.848634,SUCCESS,,1,8,5,False
TXN000284,CUST1660,MERCHANT008,43691.12,UPI,2026-08-22 21:21:59.848634,SUCCESS,,1,0,0,False
TXN000285,CUST1230,MERCHANT005,11549.7,NETBANKING,2026-08-25 00:47:28.848634,SUCCESS,,1,0,0,False
TXN000286,CUST0475,MERCHANT005,42270.92,UPI,2026-08-19 17:40:57.848634,SUCCESS,,1,14,3,False
TXN000287,CUST0549,MERCHANT006,27238.79,UPI,2026-08-23 21:26:15.848634,SUCCESS,,1,11,0,False
TXN000288,CUST0501,MERCHANT008,43855.88,UPI,2026-08-23 13:33:18.848634,SUCCESS,,1,16,4,False
TXN000289,CUST1664,MERCHANT010,10579.44,CARD,2026-08-24 06:17:41.848634,SUCCESS,,1,9,3,False
TXN000290,CUST1297,MERCHANT001,12685.46,NETBANKING,2026-08-20 17:02:32.848634,SUCCESS,,1,19,0,False
TXN000291,CUST1097,MERCHANT005,30763.67,WALLET,2026-08-24 11:23:34.848634,SUCCESS,,1,14,0,False
TXN000292,CUST0884,MERCHANT004,43408.94,NETBANKING,2026-08-21 01:34:52.848634,SUCCESS,,1,10,5,False
TXN000293,CUST0174,MERCHANT003,2853.1,UPI,2026-08-22 07:57:43.848634,SUCCESS,,1,6,2,False
TXN000294,CUST0889,MERCHANT002,12842.78,CARD,2026-08-20 23:33:28.848634,SUCCESS,,1,12,3,False
TXN000295,CUST0434,MERCHANT003,38319.33,WALLET,2026-08-20 19:23:29.848634,SUCCESS,,1,16,1,False
TXN000296,CUST0437,MERCHANT005,27691.72,NETBANKING,2026-08-21 10:42:14.848634,SUCCESS,,1,16,1,False
TXN000297,CUST1914,MERCHANT008,48144.52,NETBANKING,2026-08-20 04:05:06.848634,SUCCESS,,1,8,5,False
TXN000298,CUST1109,MERCHANT003,42524.63,NETBANKING,2026-08-21 16:35:53.848634,SUCCESS,,1,6,5,False
TXN000299,CUST1379,MERCHANT004,13888.22,CARD,2026-08-22 09:04:46.848634,SUCCESS,,1,8,2,False
TXN000300,CUST1212,MERCHANT009,4258.85,CARD,2026-08-21 04:52:42.848634,SUCCESS,,1,2,3,False
TXN000301,CUST1549,MERCHANT009,23259.31,WALLET,2026-08-22 04:14:08.848634,SUCCESS,,1,18,1,False
TXN000302,CUST1707,MERCHANT007,30567.12,CARD,2026-08-20 10:24:42.848634,SUCCESS,,1,16,0,False
TXN000303,CUST1774,MERCHANT006,38598.91,WALLET,2026-08-20 06:28:47.848634,SUCCESS,,1,12,0,False
TXN000304,CUST0296,MERCHANT004,30328.14,CARD,2026-08-19 05:17:03.848634,SUCCESS,,1,18,2,False
TXN000305,CUST1931,MERCHANT008,2825.01,CARD,2026-08-24 03:32:41.848634,SUCCESS,,1,12,3,False
TXN000306,CUST1574,MERCHANT008,21025.0,NETBANKING,2026-08-19 10:13:23.848634,SUCCESS,,1,2,5,False
TXN000307,CUST0205,MERCHANT010,31215.62,WALLET,2026-08-20 01:25:49.848634,SUCCESS,,1,3,0,False
TXN000308,CUST1727,MERCHANT005,16324.7,NETBANKING,2026-08-23 13:22:16.848634,SUCCESS,,1,1,3,False
TXN000309,CUST0820,MERCHANT010,2719.49,WALLET,2026-08-18 21:18:17.848634,SUCCESS,,1,13,2,False
TXN000310,CUST0458,MERCHANT006,18091.95,WALLET,2026-08-22 14:49:36.848634,SUCCESS,,1,0,1,False
TXN000311,CUST1432,MERCHANT009,43821.9,UPI,2026-08-21 12:30:50.848634,SUCCESS,,1,6,1,False
TXN000312,CUST1156,MERCHANT001,20004.3,NETBANKING,2026-08-21 22:37:40.848634,SUCCESS,,1,8,1,False
TXN000313,CUST1976,MERCHANT008,49337.92,UPI,2026-08-19 13:18:45.848634,SUCCESS,,1,9,5,False
TXN000314,CUST1245,MERCHANT010,15874.2,UPI,2026-08-18 08:07:35.848634,SUCCESS,,1,16,3,False
TXN000315,CUST0443,MERCHANT006,20405.51,UPI,2026-08-22 03:36:33.848634,SUCCESS,,1,10,4,False
TXN000316,CUST1297,MERCHANT007,23068.08,WALLET,2026-08-19 06:37:45.848634,SUCCESS,,1,9,5,False
TXN000317,CUST0997,MERCHANT004,8572.2,NETBANKING,2026-08-19 18:52:42.848634,SUCCESS,,1,1,5,False
TXN000318,CUST0987,MERCHANT001,12517.79,WALLET,2026-08-22 10:05:32.848634,SUCCESS,,1,15,0,False
TXN000319,CUST1009,MERCHANT004,29068.69,UPI,2026-08-21 14:51:22.848634,SUCCESS,,1,19,2,False
TXN000320,CUST0253,MERCHANT008,22357.51,NETBANKING,2026-08-18 04:58:53.848634,SUCCESS,,1,15,1,False
TXN000321,CUST0611,MERCHANT006,16058.37,WALLET,2026-08-22 06:41:51.848634,SUCCESS,,1,12,2,False
TXN000322,CUST1594,MERCHANT009,12359.03,NETBANKING,2026-08-19 20:30:06.848634,SUCCESS,,1,19,2,False
TXN000323,CUST0552,MERCHANT010,37855.35,CARD,2026-08-23 17:01:19.848634,SUCCESS,,1,0,4,False
TXN000324,CUST1041,MERCHANT007,11761.38,UPI,2026-08-18 07:35:26.848634,SUCCESS,,1,14,5,False
TXN000325,CUST1283,MERCHANT009,19195.38,UPI,2026-08-22 04:36:50.848634,SUCCESS,,1,13,5,False
TXN000326,CUST1263,MERCHANT001,20203.93,CARD,2026-08-19 02:42:48.848634,SUCCESS,,1,6,0,False
TXN000327,CUST1651,MERCHANT003,27966.34,CARD,2026-08-18 12:27:18.848634,SUCCESS,,1,6,0,False
TXN000328,CUST0881,MERCHANT009,40054.02,WALLET,2026-08-18 19:15:52.848634,FAILED,Insufficient Funds,2,18,3,True
TXN000329,CUST1959,MERCHANT004,20679.24,NETBANKING,2026-08-18 22:30:34.848634,SUCCESS,,1,11,3,False
TXN000330,CUST1995,MERCHANT007,45561.5,WALLET,2026-08-19 21:07:43.848634,SUCCESS,,1,14,2,False
TXN000331,CUST1918,MERCHANT008,22914.47,NETBANKING,2026-08-20 12:04:24.848634,SUCCESS,,1,13,1,False
TXN000332,CUST0884,MERCHANT009,49800.53,NETBANKING,2026-08-21 10:06:33.848634,SUCCESS,,1,11,2,False
TXN000333,CUST0794,MERCHANT004,3013.34,UPI,2026-08-23 05:50:47.848634,SUCCESS,,1,20,5,False
TXN000334,CUST1179,MERCHANT002,12703.63,WALLET,2026-08-24 21:43:48.848634,SUCCESS,,1,13,4,False
TXN000335,CUST0266,MERCHANT001,45194.81,WALLET,2026-08-21 12:41:46.848634,SUCCESS,,1,18,3,False
TXN000336,CUST1091,MERCHANT008,14080.9,UPI,2026-08-24 12:16:30.848634,FAILED,Timeout,1,12,5,True
TXN000337,CUST1003,MERCHANT003,32517.53,NETBANKING,2026-08-22 12:21:31.848634,SUCCESS,,1,17,2,False
TXN000338,CUST1288,MERCHANT009,22373.18,CARD,2026-08-18 13:11:05.848634,SUCCESS,,1,2,1,False
TXN000339,CUST0676,MERCHANT002,28440.19,WALLET,2026-08-19 11:23:03.848634,SUCCESS,,1,19,1,False
TXN000340,CUST1687,MERCHANT006,20647.54,NETBANKING,2026-08-21 05:23:19.848634,SUCCESS,,1,0,5,False
TXN000341,CUST0161,MERCHANT004,35019.69,CARD,2026-08-24 17:02:30.848634,SUCCESS,,1,15,0,False
TXN000342,CUST1086,MERCHANT008,39148.15,UPI,2026-08-22 17:56:33.848634,SUCCESS,,1,20,4,False
TXN000343,CUST0750,MERCHANT010,23739.62,UPI,2026-08-24 15:52:49.848634,SUCCESS,,1,11,5,False
TXN000344,CUST1384,MERCHANT002,9446.61,WALLET,2026-08-24 13:33:35.848634,SUCCESS,,1,16,2,False
TXN000345,CUST1059,MERCHANT003,4942.12,WALLET,2026-08-23 08:33:20.848634,SUCCESS,,1,16,1,False
TXN000346,CUST0276,MERCHANT003,38320.07,UPI,2026-08-24 04:15:12.848634,SUCCESS,,1,6,3,False
TXN000347,CUST0661,MERCHANT009,14857.94,UPI,2026-08-18 18:45:14.848634,SUCCESS,,1,0,0,False
TXN000348,CUST0207,MERCHANT008,16497.46,NETBANKING,2026-08-22 00:52:37.848634,SUCCESS,,1,3,3,False
TXN000349,CUST0465,MERCHANT008,1532.24,WALLET,2026-08-19 16:58:45.848634,SUCCESS,,1,5,0,False
TXN000350,CUST1381,MERCHANT004,43422.62,CARD,2026-08-22 14:19:30.848634,SUCCESS,,1,18,5,False
TXN000351,CUST0779,MERCHANT007,23013.09,UPI,2026-08-19 23:31:02.848634,SUCCESS,,1,8,4,False
TXN000352,CUST1900,MERCHANT009,44449.84,NETBANKING,2026-08-24 04:12:29.848634,SUCCESS,,1,15,5,False
TXN000353,CUST1291,MERCHANT006,38335.77,WALLET,2026-08-24 02:43:28.848634,SUCCESS,,1,9,4,False
TXN000354,CUST0640,MERCHANT004,34309.82,WALLET,2026-08-19 12:59:22.848634,SUCCESS,,1,7,1,False
TXN000355,CUST0060,MERCHANT007,40351.04,WALLET,2026-08-22 23:01:10.848634,SUCCESS,,1,8,0,False
TXN000356,CUST0551,MERCHANT009,21365.41,UPI,2026-08-23 09:37:29.848634,SUCCESS,,1,20,3,False
TXN000357,CUST0224,MERCHANT003,43370.17,CARD,2026-08-24 17:53:00.848634,SUCCESS,,1,8,4,False
TXN000358,CUST1652,MERCHANT002,30574.84,WALLET,2026-08-23 01:17:32.848634,SUCCESS,,1,0,1,False
TXN000359,CUST1142,MERCHANT006,44918.66,UPI,2026-08-22 08:04:51.848634,SUCCESS,,1,19,4,False
TXN000360,CUST1077,MERCHANT006,36489.16,NETBANKING,2026-08-19 10:34:11.848634,SUCCESS,,1,7,3,False
TXN000361,CUST1458,MERCHANT001,47845.64,NETBANKING,2026-08-21 08:19:18.848634,SUCCESS,,1,5,2,False
TXN000362,CUST0324,MERCHANT005,4481.33,WALLET,2026-08-18 19:04:35.848634,SUCCESS,,1,4,3,False
TXN000363,CUST1472,MERCHANT006,30843.64,CARD,2026-08-22 16:03:01.848634,SUCCESS,,1,15,1,False
TXN000364,CUST1897,MERCHANT008,43499.47,UPI,2026-08-21 12:56:05.848634,SUCCESS,,1,3,1,False
TXN000365,CUST1652,MERCHANT004,34494.87,WALLET,2026-08-24 01:32:21.848634,SUCCESS,,1,12,3,False
TXN000366,CUST1811,MERCHANT002,47158.08,NETBANKING,2026-08-19 22:57:56.848634,SUCCESS,,1,10,3,False
TXN000367,CUST0962,MERCHANT009,15227.78,WALLET,2026-08-21 06:25:18.848634,SUCCESS,,1,5,3,False
TXN000368,CUST0117,MERCHANT006,176.88,CARD,2026-08-18 14:29:08.848634,FAILED,Insufficient Funds,2,1,5,True
TXN000369,CUST0267,MERCHANT004,45468.38,NETBANKING,2026-08-18 18:57:53.848634,SUCCESS,,1,15,1,False
TXN000370,CUST1152,MERCHANT003,15291.82,CARD,2026-08-21 20:18:15.848634,SUCCESS,,1,19,3,False
TXN000371,CUST0467,MERCHANT004,40168.26,CARD,2026-08-23 05:53:24.848634,SUCCESS,,1,20,5,False
TXN000372,CUST0020,MERCHANT001,11838.59,UPI,2026-08-20 11:39:23.848634,SUCCESS,,1,10,1,False
TXN000373,CUST0357,MERCHANT008,9927.56,NETBANKING,2026-08-18 06:31:47.848634,SUCCESS,,1,4,1,False
TXN000374,CUST0914,MERCHANT003,10964.48,CARD,2026-08-21 01:17:19.848634,SUCCESS,,1,0,5,False
TXN000375,CUST0087,MERCHANT001,31677.78,CARD,2026-08-24 16:39:18.848634,FAILED,Insufficient Funds,3,17,3,False
TXN000376,CUST1847,MERCHANT006,7132.07,UPI,2026-08-22 23:22:07.848634,SUCCESS,,1,17,3,False
TXN000377,CUST0018,MERCHANT008,32012.46,UPI,2026-08-18 23:50:29.848634,SUCCESS,,1,0,2,False
TXN000378,CUST1748,MERCHANT001,22424.74,WALLET,2026-08-21 07:05:56.848634,SUCCESS,,1,4,1,False
TXN000379,CUST1825,MERCHANT007,43940.37,UPI,2026-08-24 18:11:56.848634,SUCCESS,,1,14,2,False
TXN000380,CUST1126,MERCHANT001,26353.85,CARD,2026-08-23 04:19:55.848634,SUCCESS,,1,19,0,False
TXN000381,CUST1020,MERCHANT001,25059.93,UPI,2026-08-18 19:52:16.848634,SUCCESS,,1,8,0,False
TXN000382,CUST1781,MERCHANT009,33015.43,CARD,2026-08-20 02:48:21.848634,SUCCESS,,1,10,0,False
TXN000383,CUST0249,MERCHANT007,23133.66,WALLET,2026-08-20 21:09:00.848634,SUCCESS,,1,0,0,False
TXN000384,CUST0677,MERCHANT010,18253.21,CARD,2026-08-22 11:06:11.848634,SUCCESS,,1,5,0,False
TXN000385,CUST1331,MERCHANT010,27241.21,UPI,2026-08-22 16:56:06.848634,SUCCESS,,1,9,5,False
TXN000386,CUST1245,MERCHANT007,16790.41,NETBANKING,2026-08-20 13:11:16.848634,SUCCESS,,1,1,2,False
TXN000387,CUST1381,MERCHANT008,48216.87,WALLET,2026-08-18 17:10:57.848634,SUCCESS,,1,16,0,False
TXN000388,CUST1080,MERCHANT008,49030.24,NETBANKING,2026-08-19 08:11:51.848634,SUCCESS,,1,3,4,False
TXN000389,CUST1207,MERCHANT001,32504.4,CARD,2026-08-22 15:05:57.848634,SUCCESS,,1,0,1,False
TXN000390,CUST0264,MERCHANT006,1045.84,CARD,2026-08-23 13:39:43.848634,SUCCESS,,1,5,1,False
TXN000391,CUST0820,MERCHANT001,42872.98,CARD,2026-08-22 22:23:57.848634,FAILED,Bank Declined,1,5,0,True
TXN000392,CUST0642,MERCHANT001,42527.53,UPI,2026-08-22 05:25:04.848634,FAILED,Bank Declined,1,14,2,True
TXN000393,CUST0682,MERCHANT006,25771.59,WALLET,2026-08-21 12:34:27.848634,SUCCESS,,1,20,0,False
TXN000394,CUST1647,MERCHANT009,22309.97,NETBANKING,2026-08-24 09:33:19.848634,SUCCESS,,1,17,4,False
TXN000395,CUST1275,MERCHANT001,14997.65,UPI,2026-08-23 18:26:25.848634,SUCCESS,,1,18,3,False
TXN000396,CUST1502,MERCHANT010,14730.15,WALLET,2026-08-19 17:58:06.848634,SUCCESS,,1,11,4,False
TXN000397,CUST0256,MERCHANT010,30314.74,UPI,2026-08-23 13:28:13.848634,SUCCESS,,1,19,3,False
TXN000398,CUST1879,MERCHANT004,32382.4,CARD,2026-08-23 08:04:55.848634,SUCCESS,,1,13,3,False
TXN000399,CUST1602,MERCHANT004,49002.94,UPI,2026-08-19 19:44:46.848634,SUCCESS,,1,7,5,False
TXN000400,CUST0156,MERCHANT002,13757.84,WALLET,2026-08-18 03:06:23.848634,SUCCESS,,1,14,1,False
TXN000401,CUST0990,MERCHANT010,12847.04,WALLET,2026-08-23 17:44:06.848634,SUCCESS,,1,16,0,False
TXN000402,CUST1003,MERCHANT005,33116.77,WALLET,2026-08-23 17:59:02.848634,SUCCESS,,1,10,2,False
TXN000403,CUST1018,MERCHANT001,27521.54,WALLET,2026-08-24 22:23:23.848634,SUCCESS,,1,16,2,False
TXN000404,CUST0053,MERCHANT001,15344.52,UPI,2026-08-21 09:40:41.848634,SUCCESS,,1,14,1,False
TXN000405,CUST1410,MERCHANT006,10682.03,NETBANKING,2026-08-21 21:04:33.848634,FAILED,Technical Error,2,18,4,True
TXN000406,CUST0904,MERCHANT001,47601.02,WALLET,2026-08-24 13:38:53.848634,SUCCESS,,1,16,5,False
TXN000407,CUST1701,MERCHANT003,20735.87,CARD,2026-08-21 02:25:43.848634,SUCCESS,,1,1,1,False
TXN000408,CUST1835,MERCHANT001,1093.08,WALLET,2026-08-21 05:04:10.848634,SUCCESS,,1,4,3,False
TXN000409,CUST0744,MERCHANT004,28355.43,WALLET,2026-08-23 03:42:18.848634,SUCCESS,,1,16,1,False
TXN000410,CUST1052,MERCHANT005,32301.36,NETBANKING,2026-08-19 00:38:35.848634,SUCCESS,,1,9,4,False
TXN000411,CUST0782,MERCHANT008,26954.13,UPI,2026-08-20 10:56:41.848634,SUCCESS,,1,12,2,False
TXN000412,CUST0975,MERCHANT006,22377.68,NETBANKING,2026-08-20 19:45:16.848634,SUCCESS,,1,14,5,False
TXN000413,CUST1189,MERCHANT005,48275.79,UPI,2026-08-24 01:41:16.848634,SUCCESS,,1,20,5,False
TXN000414,CUST1188,MERCHANT004,18848.8,CARD,2026-08-19 03:40:49.848634,SUCCESS,,1,12,3,False
TXN000415,CUST1377,MERCHANT010,4248.5,UPI,2026-08-20 00:22:18.848634,SUCCESS,,1,8,2,False
TXN000416,CUST1642,MERCHANT003,45031.22,WALLET,2026-08-21 21:09:20.848634,SUCCESS,,1,13,4,False
TXN000417,CUST1644,MERCHANT007,49730.64,NETBANKING,2026-08-24 23:13:39.848634,FAILED,Insufficient Funds,3,1,1,False
TXN000418,CUST1396,MERCHANT009,3811.46,UPI,2026-08-18 15:38:34.848634,SUCCESS,,1,9,0,False
TXN000419,CUST0961,MERCHANT002,33501.85,WALLET,2026-08-19 00:19:23.848634,SUCCESS,,1,5,1,False
TXN000420,CUST0619,MERCHANT009,46421.14,NETBANKING,2026-08-19 05:35:39.848634,SUCCESS,,1,17,2,False
TXN000421,CUST0516,MERCHANT007,13358.58,UPI,2026-08-19 21:36:02.848634,SUCCESS,,1,19,1,False
TXN000422,CUST1762,MERCHANT001,4321.87,UPI,2026-08-25 02:22:22.848634,SUCCESS,,1,18,4,False
TXN000423,CUST0313,MERCHANT007,34223.38,WALLET,2026-08-20 01:55:20.848634,SUCCESS,,1,5,0,False
TXN000424,CUST0939,MERCHANT007,26149.65,NETBANKING,2026-08-19 18:30:51.848634,FAILED,Timeout,1,15,0,True
TXN000425,CUST0270,MERCHANT001,38555.17,CARD,2026-08-23 18:04:14.848634,SUCCESS,,1,20,3,False
TXN000426,CUST1939,MERCHANT001,38899.3,WALLET,2026-08-21 22:21:08.848634,SUCCESS,,1,6,5,False
TXN000427,CUST0508,MERCHANT002,23945.43,CARD,2026-08-20 08:39:22.848634,SUCCESS,,1,16,2,False
TXN000428,CUST0305,MERCHANT002,37302.67,WALLET,2026-08-21 05:47:06.848634,SUCCESS,,1,18,2,False
TXN000429,CUST1557,MERCHANT007,5351.79,NETBANKING,2026-08-22 17:57:22.848634,SUCCESS,,1,0,0,False
TXN000430,CUST1642,MERCHANT005,31508.81,UPI,2026-08-21 21:04:14.848634,SUCCESS,,1,4,3,False
TXN000431,CUST0710,MERCHANT001,30548.78,NETBANKING,2026-08-23 05:52:14.848634,SUCCESS,,1,11,3,False
TXN000432,CUST1207,MERCHANT006,11724.48,CARD,2026-08-23 07:21:49.848634,SUCCESS,,1,6,1,False
TXN000433,CUST1739,MERCHANT010,24040.5,NETBANKING,2026-08-20 18:06:57.848634,SUCCESS,,1,2,3,False
TXN000434,CUST1430,MERCHANT010,8730.7,WALLET,2026-08-20 20:29:51.848634,SUCCESS,,1,7,2,False
TXN000435,CUST1560,MERCHANT008,32119.53,CARD,2026-08-24 23:43:20.848634,SUCCESS,,1,10,1,False
TXN000436,CUST1674,MERCHANT007,24961.98,WALLET,2026-08-22 11:29:50.848634,SUCCESS,,1,20,2,False
TXN000437,CUST1017,MERCHANT002,25381.0,UPI,2026-08-25 01:34:20.848634,SUCCESS,,1,20,0,False
TXN000438,CUST1837,MERCHANT006,32892.1,WALLET,2026-08-24 16:37:38.848634,SUCCESS,,1,17,1,False
TXN000439,CUST0671,MERCHANT010,44666.2,CARD,2026-08-20 14:17:18.848634,SUCCESS,,1,4,5,False
TXN000440,CUST1507,MERCHANT003,45220.6,WALLET,2026-08-20 17:26:44.848634,FAILED,Timeout,1,6,2,True
TXN000441,CUST1007,MERCHANT001,49101.91,NETBANKING,2026-08-18 16:18:45.848634,SUCCESS,,1,13,1,False
TXN000442,CUST1044,MERCHANT007,45063.12,WALLET,2026-08-18 23:31:42.848634,SUCCESS,,1,2,1,False
TXN000443,CUST0183,MERCHANT009,15266.17,WALLET,2026-08-20 05:50:09.848634,SUCCESS,,1,15,3,False
TXN000444,CUST0214,MERCHANT001,21515.23,UPI,2026-08-22 08:21:15.848634,SUCCESS,,1,1,0,False
TXN000445,CUST1714,MERCHANT006,14280.6,UPI,2026-08-24 04:52:47.848634,SUCCESS,,1,13,2,False
TXN000446,CUST0735,MERCHANT005,48245.6,WALLET,2026-08-22 12:58:36.848634,SUCCESS,,1,3,0,False
TXN000447,CUST1196,MERCHANT003,6017.19,UPI,2026-08-21 08:51:30.848634,SUCCESS,,1,4,0,False
TXN000448,CUST0765,MERCHANT005,8344.92,NETBANKING,2026-08-23 10:20:42.848634,SUCCESS,,1,9,1,False
TXN000449,CUST0926,MERCHANT010,15387.27,CARD,2026-08-21 01:38:30.848634,SUCCESS,,1,5,3,False
TXN000450,CUST0474,MERCHANT002,1969.55,WALLET,2026-08-19 03:32:58.848634,SUCCESS,,1,12,1,False
TXN000451,CUST0335,MERCHANT001,31908.97,NETBANKING,2026-08-23 10:10:32.848634,SUCCESS,,1,13,4,False
TXN000452,CUST1541,MERCHANT007,40016.81,NETBANKING,2026-08-18 11:41:08.848634,SUCCESS,,1,18,1,False
TXN000453,CUST0885,MERCHANT001,28530.99,WALLET,2026-08-20 00:32:47.848634,SUCCESS,,1,3,2,False
TXN000454,CUST0560,MERCHANT007,14758.79,CARD,2026-08-25 00:04:53.848634,SUCCESS,,1,8,1,False
TXN000455,CUST1058,MERCHANT009,7328.57,NETBANKING,2026-08-21 00:11:44.848634,SUCCESS,,1,0,0,False
TXN000456,CUST0527,MERCHANT002,40876.53,WALLET,2026-08-22 19:49:59.848634,SUCCESS,,1,19,2,False
TXN000457,CUST1926,MERCHANT003,7538.75,UPI,2026-08-20 08:36:48.848634,SUCCESS,,1,13,5,False
TXN000458,CUST1168,MERCHANT002,31608.4,CARD,2026-08-20 11:45:42.848634,SUCCESS,,1,20,4,False
TXN000459,CUST1293,MERCHANT010,25431.1,UPI,2026-08-23 01:49:59.848634,FAILED,Insufficient Funds,2,0,4,True
TXN000460,CUST0524,MERCHANT008,33860.07,NETBANKING,2026-08-19 23:43:14.848634,SUCCESS,,1,20,2,False
TXN000461,CUST1659,MERCHANT008,39869.89,WALLET,2026-08-18 18:44:21.848634,SUCCESS,,1,11,5,False
TXN000462,CUST0376,MERCHANT007,5342.63,WALLET,2026-08-18 08:58:21.848634,SUCCESS,,1,12,4,False
TXN000463,CUST1023,MERCHANT008,27670.37,CARD,2026-08-20 02:54:05.848634,SUCCESS,,1,12,2,False
TXN000464,CUST0741,MERCHANT010,44263.12,UPI,2026-08-24 04:29:16.848634,SUCCESS,,1,19,0,False
TXN000465,CUST1929,MERCHANT005,4238.6,NETBANKING,2026-08-24 18:01:27.848634,SUCCESS,,1,4,5,False
TXN000466,CUST1597,MERCHANT008,4043.71,NETBANKING,2026-08-18 15:59:06.848634,SUCCESS,,1,17,0,False
TXN000467,CUST1935,MERCHANT005,32858.56,WALLET,2026-08-24 12:38:28.848634,SUCCESS,,1,1,4,False
TXN000468,CUST0027,MERCHANT002,35810.18,CARD,2026-08-23 03:46:15.848634,SUCCESS,,1,11,5,False
TXN000469,CUST1936,MERCHANT002,37827.37,CARD,2026-08-19 23:31:16.848634,SUCCESS,,1,11,4,False
TXN000470,CUST0540,MERCHANT007,33007.8,WALLET,2026-08-18 09:26:28.848634,SUCCESS,,1,15,0,False
TXN000471,CUST0177,MERCHANT004,4014.96,NETBANKING,2026-08-19 05:02:26.848634,SUCCESS,,1,8,0,False
TXN000472,CUST0347,MERCHANT001,22249.0,WALLET,2026-08-21 07:34:47.848634,SUCCESS,,1,3,0,False
TXN000473,CUST1208,MERCHANT009,14571.38,NETBANKING,2026-08-22 05:11:42.848634,SUCCESS,,1,2,2,False
TXN000474,CUST0577,MERCHANT003,29555.47,CARD,2026-08-19 17:08:00.848634,SUCCESS,,1,9,1,False
TXN000475,CUST0417,MERCHANT005,45894.7,CARD,2026-08-20 06:35:52.848634,SUCCESS,,1,10,0,False
TXN000476,CUST1673,MERCHANT005,27272.57,CARD,2026-08-23 15:59:50.848634,SUCCESS,,1,17,4,False
TXN000477,CUST0065,MERCHANT007,37278.69,WALLET,2026-08-24 15:16:19.848634,SUCCESS,,1,6,2,False
TXN000478,CUST1483,MERCHANT007,9780.12,NETBANKING,2026-08-24 17:16:43.848634,SUCCESS,,1,4,3,False
TXN000479,CUST0854,MERCHANT008,26514.52,CARD,2026-08-20 14:22:28.848634,SUCCESS,,1,15,1,False
TXN000480,CUST1064,MERCHANT009,40580.54,UPI,2026-08-18 22:44:16.848634,SUCCESS,,1,13,1,False
TXN000481,CUST1304,MERCHANT009,23488.12,CARD,2026-08-18 02:59:24.848634,SUCCESS,,1,4,4,False
TXN000482,CUST0681,MERCHANT010,28938.67,CARD,2026-08-20 15:29:03.848634,SUCCESS,,1,4,4,False
TXN000483,CUST0002,MERCHANT002,32650.57,UPI,2026-08-18 06:24:23.848634,FAILED,Timeout,1,19,0,True
TXN000484,CUST1891,MERCHANT009,45891.45,CARD,2026-08-20 03:46:14.848634,SUCCESS,,1,0,0,False
TXN000485,CUST1016,MERCHANT009,33252.92,NETBANKING,2026-08-18 14:38:07.848634,FAILED,Network Error,2,16,5,True
TXN000486,CUST1491,MERCHANT001,40307.66,CARD,2026-08-20 17:51:23.848634,SUCCESS,,1,19,0,False
TXN000487,CUST1951,MERCHANT007,624.02,NETBANKING,2026-08-24 16:35:03.848634,SUCCESS,,1,16,1,False
TXN000488,CUST0596,MERCHANT009,1243.82,CARD,2026-08-24 05:00:47.848634,FAILED,Network Error,3,1,1,False
TXN000489,CUST0020,MERCHANT006,40367.69,UPI,2026-08-19 15:07:52.848634,SUCCESS,,1,19,2,False
TXN000490,CUST1461,MERCHANT002,10335.4,WALLET,2026-08-19 21:48:27.848634,SUCCESS,,1,5,5,False
TXN000491,CUST0082,MERCHANT008,47731.77,NETBANKING,2026-08-19 19:58:31.848634,SUCCESS,,1,3,4,False
TXN000492,CUST1818,MERCHANT001,37488.06,CARD,2026-08-20 11:29:40.848634,SUCCESS,,1,10,4,False
TXN000493,CUST0166,MERCHANT010,24948.35,CARD,2026-08-21 20:50:30.848634,SUCCESS,,1,10,1,False
TXN000494,CUST0550,MERCHANT006,48585.26,NETBANKING,2026-08-20 02:57:50.848634,SUCCESS,,1,14,4,False
TXN000495,CUST0557,MERCHANT001,49000.56,WALLET,2026-08-24 10:57:15.848634,SUCCESS,,1,19,4,False
TXN000496,CUST1722,MERCHANT003,49065.74,UPI,2026-08-19 23:17:14.848634,SUCCESS,,1,6,1,False
TXN000497,CUST0316,MERCHANT001,43604.33,NETBANKING,2026-08-21 10:29:40.848634,FAILED,Network Error,1,5,0,True
TXN000498,CUST0914,MERCHANT002,31790.93,WALLET,2026-08-18 05:36:14.848634,FAILED,Insufficient Funds,1,7,5,True
TXN000499,CUST1711,MERCHANT005,467.36,NETBANKING,2026-08-18 15:31:50.848634,SUCCESS,,1,13,3,False
TXN000500,CUST0263,MERCHANT009,18087.35,NETBANKING,2026-08-18 08:35:28.848634,SUCCESS,,1,10,2,False
TXN000501,CUST0321,MERCHANT010,36050.58,UPI,2026-08-22 07:47:08.848634,SUCCESS,,1,5,0,False
TXN000502,CUST1967,MERCHANT005,45901.72,CARD,2026-08-18 15:03:39.848634,SUCCESS,,1,14,1,False
TXN000503,CUST0333,MERCHANT008,14555.74,WALLET,2026-08-20 19:07:15.848634,SUCCESS,,1,20,5,False
TXN000504,CUST1724,MERCHANT008,33458.13,UPI,2026-08-24 20:31:12.848634,SUCCESS,,1,13,2,False
TXN000505,CUST0759,MERCHANT010,5065.89,UPI,2026-08-21 18:33:55.848634,SUCCESS,,1,10,5,False
TXN000506,CUST1087,MERCHANT004,2889.12,WALLET,2026-08-22 10:28:02.848634,SUCCESS,,1,17,2,False
TXN000507,CUST1885,MERCHANT005,5557.55,UPI,2026-08-18 08:11:52.848634,SUCCESS,,1,4,2,False
TXN000508,CUST1380,MERCHANT006,36467.72,CARD,2026-08-23 16:22:59.848634,SUCCESS,,1,4,4,False
TXN000509,CUST0628,MERCHANT007,34346.79,WALLET,2026-08-22 15:16:30.848634,SUCCESS,,1,10,5,False
TXN000510,CUST0055,MERCHANT004,33084.56,WALLET,2026-08-24 12:02:03.848634,SUCCESS,,1,5,4,False
TXN000511,CUST1711,MERCHANT002,48835.71,WALLET,2026-08-21 18:22:49.848634,SUCCESS,,1,1,5,False
TXN000512,CUST1865,MERCHANT005,41750.79,WALLET,2026-08-23 00:09:28.848634,SUCCESS,,1,18,2,False
TXN000513,CUST1902,MERCHANT009,12309.48,CARD,2026-08-22 09:32:28.848634,SUCCESS,,1,7,1,False
TXN000514,CUST0804,MERCHANT002,17993.5,CARD,2026-08-18 18:18:58.848634,SUCCESS,,1,1,5,False
TXN000515,CUST1971,MERCHANT009,40030.25,NETBANKING,2026-08-21 15:45:54.848634,SUCCESS,,1,14,3,False
TXN000516,CUST0509,MERCHANT004,47800.45,WALLET,2026-08-21 02:48:30.848634,SUCCESS,,1,11,3,False
TXN000517,CUST0254,MERCHANT007,45552.37,WALLET,2026-08-22 10:37:31.848634,SUCCESS,,1,15,3,False
TXN000518,CUST0476,MERCHANT004,41474.72,WALLET,2026-08-20 05:12:10.848634,SUCCESS,,1,2,1,False
TXN000519,CUST1676,MERCHANT006,35213.5,NETBANKING,2026-08-18 15:18:45.848634,SUCCESS,,1,0,5,False
TXN000520,CUST1550,MERCHANT005,1969.32,WALLET,2026-08-18 10:57:27.848634,SUCCESS,,1,2,1,False
TXN000521,CUST0873,MERCHANT006,17855.86,UPI,2026-08-20 20:17:56.848634,SUCCESS,,1,13,1,False
TXN000522,CUST1599,MERCHANT010,37274.22,CARD,2026-08-20 09:25:06.848634,SUCCESS,,1,8,5,False
TXN000523,CUST0293,MERCHANT004,8246.84,WALLET,2026-08-22 21:44:13.848634,SUCCESS,,1,5,2,False
TXN000524,CUST1381,MERCHANT005,12512.47,UPI,2026-08-19 12:41:57.848634,SUCCESS,,1,15,0,False
TXN000525,CUST0910,MERCHANT009,15109.91,WALLET,2026-08-23 21:05:24.848634,SUCCESS,,1,11,2,False
TXN000526,CUST0461,MERCHANT006,8711.87,NETBANKING,2026-08-20 02:56:48.848634,SUCCESS,,1,19,0,False
TXN000527,CUST0755,MERCHANT001,31473.47,CARD,2026-08-19 18:47:24.848634,SUCCESS,,1,11,5,False
TXN000528,CUST0814,MERCHANT008,14158.33,NETBANKING,2026-08-22 06:27:25.848634,SUCCESS,,1,15,4,False
TXN000529,CUST0316,MERCHANT007,19875.5,CARD,2026-08-21 20:11:41.848634,SUCCESS,,1,3,0,False
TXN000530,CUST0558,MERCHANT002,6913.91,NETBANKING,2026-08-19 02:36:59.848634,SUCCESS,,1,12,0,False
TXN000531,CUST0678,MERCHANT002,40597.85,UPI,2026-08-22 03:10:59.848634,SUCCESS,,1,0,4,False
TXN000532,CUST0551,MERCHANT010,21192.5,NETBANKING,2026-08-21 18:09:17.848634,SUCCESS,,1,9,5,False
TXN000533,CUST0318,MERCHANT007,5084.38,NETBANKING,2026-08-23 23:54:51.848634,SUCCESS,,1,20,2,False
TXN000534,CUST0070,MERCHANT001,28391.42,WALLET,2026-08-23 19:46:24.848634,SUCCESS,,1,13,2,False
TXN000535,CUST0191,MERCHANT010,26173.56,NETBANKING,2026-08-18 04:13:57.848634,FAILED,Insufficient Funds,2,1,4,True
TXN000536,CUST0634,MERCHANT007,29601.57,WALLET,2026-08-21 14:28:40.848634,SUCCESS,,1,5,1,False
TXN000537,CUST0763,MERCHANT008,24120.01,UPI,2026-08-21 07:37:53.848634,SUCCESS,,1,11,4,False
TXN000538,CUST0088,MERCHANT006,15044.61,NETBANKING,2026-08-24 03:27:28.848634,SUCCESS,,1,20,3,False
TXN000539,CUST0627,MERCHANT008,24126.44,CARD,2026-08-19 16:27:38.848634,SUCCESS,,1,19,3,False
TXN000540,CUST1612,MERCHANT009,42675.0,NETBANKING,2026-08-21 20:44:28.848634,SUCCESS,,1,17,0,False
TXN000541,CUST1434,MERCHANT006,41986.56,NETBANKING,2026-08-24 17:41:27.848634,SUCCESS,,1,9,3,False
TXN000542,CUST0692,MERCHANT001,48138.75,WALLET,2026-08-20 01:47:17.848634,SUCCESS,,1,11,5,False
TXN000543,CUST0921,MERCHANT008,5857.62,CARD,2026-08-23 13:08:23.848634,SUCCESS,,1,12,4,False
TXN000544,CUST0177,MERCHANT004,38182.91,CARD,2026-08-19 15:24:10.848634,SUCCESS,,1,19,3,False
TXN000545,CUST0888,MERCHANT005,27179.42,UPI,2026-08-19 21:55:18.848634,SUCCESS,,1,3,2,False
TXN000546,CUST1312,MERCHANT007,49014.03,WALLET,2026-08-20 04:07:43.848634,SUCCESS,,1,11,5,False
TXN000547,CUST1467,MERCHANT001,26327.43,UPI,2026-08-18 11:21:58.848634,SUCCESS,,1,12,1,False
TXN000548,CUST0469,MERCHANT001,45196.31,CARD,2026-08-18 21:39:56.848634,SUCCESS,,1,12,4,False
TXN000549,CUST1543,MERCHANT009,48946.82,NETBANKING,2026-08-19 00:10:08.848634,SUCCESS,,1,19,5,False
TXN000550,CUST0960,MERCHANT007,41843.77,WALLET,2026-08-24 03:47:02.848634,SUCCESS,,1,0,3,False
TXN000551,CUST0457,MERCHANT006,17873.2,NETBANKING,2026-08-18 06:06:21.848634,SUCCESS,,1,1,1,False
TXN000552,CUST1314,MERCHANT004,30926.59,NETBANKING,2026-08-19 20:49:22.848634,SUCCESS,,1,14,2,False
TXN000553,CUST0697,MERCHANT010,30122.33,NETBANKING,2026-08-23 09:25:43.848634,SUCCESS,,1,16,0,False
TXN000554,CUST1261,MERCHANT001,13177.85,CARD,2026-08-22 18:30:23.848634,SUCCESS,,1,2,3,False
TXN000555,CUST0998,MERCHANT006,32984.97,CARD,2026-08-22 08:59:31.848634,SUCCESS,,1,6,5,False
TXN000556,CUST0367,MERCHANT001,35784.5,WALLET,2026-08-21 03:37:39.848634,SUCCESS,,1,19,5,False
TXN000557,CUST0263,MERCHANT004,3841.68,CARD,2026-08-24 15:08:32.848634,SUCCESS,,1,16,1,False
TXN000558,CUST1210,MERCHANT001,21889.25,CARD,2026-08-20 08:52:49.848634,FAILED,Network Error,2,7,2,True
TXN000559,CUST0140,MERCHANT004,18617.95,UPI,2026-08-22 04:12:08.848634,SUCCESS,,1,3,5,False
TXN000560,CUST1495,MERCHANT004,29735.0,UPI,2026-08-23 07:55:27.848634,FAILED,Network Error,3,7,0,False
TXN000561,CUST1024,MERCHANT010,48440.76,CARD,2026-08-21 23:40:33.848634,SUCCESS,,1,10,5,False
TXN000562,CUST0649,MERCHANT005,3145.66,UPI,2026-08-23 21:43:42.848634,SUCCESS,,1,20,3,False
TXN000563,CUST1946,MERCHANT007,17554.49,CARD,2026-08-21 17:56:41.848634,SUCCESS,,1,3,1,False
TXN000564,CUST0115,MERCHANT007,22567.49,NETBANKING,2026-08-23 08:05:15.848634,SUCCESS,,1,2,5,False
TXN000565,CUST1943,MERCHANT003,34203.31,NETBANKING,2026-08-21 20:30:11.848634,SUCCESS,,1,12,3,False
TXN000566,CUST0999,MERCHANT003,11788.49,NETBANKING,2026-08-24 20:43:32.848634,SUCCESS,,1,6,1,False
TXN000567,CUST0375,MERCHANT005,37537.61,NETBANKING,2026-08-18 14:07:36.848634,SUCCESS,,1,2,2,False
TXN000568,CUST0982,MERCHANT001,36911.79,WALLET,2026-08-23 06:31:56.848634,SUCCESS,,1,15,0,False
TXN000569,CUST0672,MERCHANT007,2544.57,UPI,2026-08-24 18:18:47.848634,SUCCESS,,1,15,1,False
TXN000570,CUST1139,MERCHANT003,16990.49,WALLET,2026-08-25 00:29:48.848634,SUCCESS,,1,9,1,False
TXN000571,CUST1504,MERCHANT010,19203.64,NETBANKING,2026-08-23 14:00:02.848634,SUCCESS,,1,13,2,False
TXN000572,CUST0707,MERCHANT010,21328.12,UPI,2026-08-20 12:24:53.848634,SUCCESS,,1,13,0,False
TXN000573,CUST0695,MERCHANT006,14432.76,WALLET,2026-08-19 07:34:34.848634,FAILED,Timeout,3,14,3,False
TXN000574,CUST0614,MERCHANT001,10960.91,CARD,2026-08-21 04:40:40.848634,SUCCESS,,1,7,2,False
TXN000575,CUST1019,MERCHANT001,27416.05,NETBANKING,2026-08-21 09:37:00.848634,SUCCESS,,1,16,1,False
TXN000576,CUST0795,MERCHANT006,37814.08,UPI,2026-08-18 19:47:30.848634,SUCCESS,,1,18,0,False
TXN000577,CUST0754,MERCHANT002,21231.32,WALLET,2026-08-24 05:15:14.848634,SUCCESS,,1,15,2,False
TXN000578,CUST1081,MERCHANT009,23160.78,CARD,2026-08-18 19:13:42.848634,SUCCESS,,1,7,1,False
TXN000579,CUST0216,MERCHANT005,19461.12,CARD,2026-08-19 10:18:45.848634,SUCCESS,,1,16,3,False
TXN000580,CUST1665,MERCHANT002,19444.99,NETBANKING,2026-08-21 16:42:38.848634,SUCCESS,,1,16,5,False
TXN000581,CUST1469,MERCHANT003,33679.46,UPI,2026-08-24 16:56:52.848634,SUCCESS,,1,7,3,False
TXN000582,CUST1777,MERCHANT001,37253.44,NETBANKING,2026-08-24 00:48:20.848634,SUCCESS,,1,14,3,False
TXN000583,CUST0262,MERCHANT009,22483.81,UPI,2026-08-19 23:48:19.848634,SUCCESS,,1,9,0,False
TXN000584,CUST1807,MERCHANT003,47192.45,WALLET,2026-08-19 06:03:36.848634,SUCCESS,,1,9,5,False
TXN000585,CUST0853,MERCHANT010,39243.9,WALLET,2026-08-20 19:11:12.848634,SUCCESS,,1,3,2,False
TXN000586,CUST1970,MERCHANT001,1625.08,WALLET,2026-08-18 03:02:32.848634,SUCCESS,,1,11,5,False
TXN000587,CUST0251,MERCHANT005,31293.04,CARD,2026-08-22 11:29:35.848634,SUCCESS,,1,4,1,False
TXN000588,CUST0475,MERCHANT007,49223.63,CARD,2026-08-21 00:38:55.848634,SUCCESS,,1,2,3,False
TXN000589,CUST1272,MERCHANT009,13861.88,UPI,2026-08-25 00:08:17.848634,SUCCESS,,1,3,2,False
TXN000590,CUST0040,MERCHANT007,32350.18,WALLET,2026-08-24 07:26:56.848634,SUCCESS,,1,8,3,False
TXN000591,CUST0415,MERCHANT008,49298.17,WALLET,2026-08-20 19:37:16.848634,SUCCESS,,1,3,2,False
TXN000592,CUST0826,MERCHANT008,43836.44,UPI,2026-08-24 18:25:31.848634,SUCCESS,,1,9,2,False
TXN000593,CUST1443,MERCHANT002,27010.02,CARD,2026-08-19 03:40:08.848634,SUCCESS,,1,13,1,False
TXN000594,CUST1896,MERCHANT007,33738.51,WALLET,2026-08-24 14:26:59.848634,SUCCESS,,1,2,1,False
TXN000595,CUST1307,MERCHANT010,10175.82,NETBANKING,2026-08-22 22:40:56.848634,SUCCESS,,1,17,3,False
TXN000596,CUST1806,MERCHANT009,43649.3,UPI,2026-08-22 09:01:09.848634,SUCCESS,,1,8,0,False
TXN000597,CUST1939,MERCHANT003,23588.69,WALLET,2026-08-18 21:45:34.848634,SUCCESS,,1,14,3,False
TXN000598,CUST0548,MERCHANT005,15153.04,CARD,2026-08-18 10:24:05.848634,SUCCESS,,1,13,1,False
TXN000599,CUST1646,MERCHANT007,46400.79,WALLET,2026-08-19 20:58:06.848634,SUCCESS,,1,11,5,False
TXN000600,CUST0228,MERCHANT001,5396.99,UPI,2026-08-22 01:01:00.848634,SUCCESS,,1,9,3,False
TXN000601,CUST1790,MERCHANT001,38233.43,WALLET,2026-08-20 23:07:59.848634,SUCCESS,,1,14,1,False
TXN000602,CUST1275,MERCHANT003,1515.86,NETBANKING,2026-08-24 21:36:19.848634,SUCCESS,,1,11,3,False
TXN000603,CUST0389,MERCHANT008,49147.79,WALLET,2026-08-23 17:04:08.848634,SUCCESS,,1,16,5,False
TXN000604,CUST1907,MERCHANT002,32783.17,CARD,2026-08-18 21:50:39.848634,SUCCESS,,1,2,1,False
TXN000605,CUST1213,MERCHANT005,19302.66,UPI,2026-08-20 14:48:59.848634,SUCCESS,,1,17,2,False
TXN000606,CUST0395,MERCHANT008,21608.62,NETBANKING,2026-08-21 20:17:14.848634,SUCCESS,,1,9,3,False
TXN000607,CUST1989,MERCHANT007,32316.1,NETBANKING,2026-08-20 00:26:00.848634,SUCCESS,,1,3,1,False
TXN000608,CUST0445,MERCHANT008,35526.31,WALLET,2026-08-24 09:27:20.848634,SUCCESS,,1,14,1,False
TXN000609,CUST1097,MERCHANT004,13666.85,NETBANKING,2026-08-18 05:30:42.848634,SUCCESS,,1,6,3,False
TXN000610,CUST1684,MERCHANT002,33882.64,WALLET,2026-08-21 12:09:05.848634,SUCCESS,,1,15,0,False
TXN000611,CUST0390,MERCHANT010,38409.0,NETBANKING,2026-08-20 22:45:28.848634,SUCCESS,,1,4,4,False
TXN000612,CUST0414,MERCHANT009,26792.92,NETBANKING,2026-08-21 17:59:47.848634,SUCCESS,,1,6,0,False
TXN000613,CUST2000,MERCHANT006,31897.49,CARD,2026-08-23 20:16:16.848634,FAILED,Insufficient Funds,1,7,0,True
TXN000614,CUST1091,MERCHANT001,100.88,UPI,2026-08-18 12:22:35.848634,SUCCESS,,1,11,3,False
TXN000615,CUST0481,MERCHANT006,48986.97,UPI,2026-08-23 08:37:06.848634,SUCCESS,,1,17,0,False
TXN000616,CUST0580,MERCHANT001,19739.2,CARD,2026-08-19 18:44:23.848634,SUCCESS,,1,1,3,False
TXN000617,CUST0157,MERCHANT006,6045.79,CARD,2026-08-20 13:28:39.848634,SUCCESS,,1,9,3,False
TXN000618,CUST1199,MERCHANT001,32796.2,WALLET,2026-08-22 17:11:59.848634,SUCCESS,,1,9,1,False
TXN000619,CUST1753,MERCHANT005,49499.74,UPI,2026-08-21 21:01:38.848634,SUCCESS,,1,9,0,False
TXN000620,CUST1974,MERCHANT007,46061.06,NETBANKING,2026-08-22 07:07:30.848634,SUCCESS,,1,16,2,False
TXN000621,CUST1554,MERCHANT007,22544.71,UPI,2026-08-22 01:13:51.848634,SUCCESS,,1,7,1,False
TXN000622,CUST0109,MERCHANT001,45266.39,NETBANKING,2026-08-20 17:44:05.848634,FAILED,Technical Error,2,11,4,True
TXN000623,CUST0409,MERCHANT004,24198.45,NETBANKING,2026-08-23 18:48:31.848634,SUCCESS,,1,0,1,False
TXN000624,CUST1166,MERCHANT009,31942.03,UPI,2026-08-20 11:11:32.848634,SUCCESS,,1,12,3,False
TXN000625,CUST0750,MERCHANT001,17719.74,CARD,2026-08-19 17:09:26.848634,SUCCESS,,1,15,1,False
TXN000626,CUST1878,MERCHANT010,1420.18,UPI,2026-08-23 09:38:08.848634,SUCCESS,,1,18,2,False
TXN000627,CUST0027,MERCHANT004,585.76,UPI,2026-08-21 06:15:03.848634,SUCCESS,,1,20,2,False
TXN000628,CUST1804,MERCHANT008,45557.08,UPI,2026-08-20 09:00:52.848634,SUCCESS,,1,1,2,False
TXN000629,CUST0346,MERCHANT008,22074.25,WALLET,2026-08-21 06:23:36.848634,SUCCESS,,1,0,4,False
TXN000630,CUST1814,MERCHANT002,33790.72,CARD,2026-08-19 08:14:53.848634,SUCCESS,,1,3,3,False
TXN000631,CUST1340,MERCHANT010,41053.28,NETBANKING,2026-08-24 20:03:41.848634,SUCCESS,,1,19,4,False
TXN000632,CUST0597,MERCHANT004,15732.78,WALLET,2026-08-22 21:59:50.848634,SUCCESS,,1,19,4,False
TXN000633,CUST0130,MERCHANT006,2516.1,CARD,2026-08-22 08:39:02.848634,SUCCESS,,1,11,5,False
TXN000634,CUST1339,MERCHANT010,40430.35,WALLET,2026-08-24 09:29:30.848634,SUCCESS,,1,4,1,False
TXN000635,CUST1536,MERCHANT001,14669.11,UPI,2026-08-19 13:27:42.848634,SUCCESS,,1,9,4,False
TXN000636,CUST1343,MERCHANT003,1428.33,UPI,2026-08-19 10:47:08.848634,SUCCESS,,1,13,5,False
TXN000637,CUST1519,MERCHANT010,6053.34,NETBANKING,2026-08-19 11:03:24.848634,SUCCESS,,1,19,0,False
TXN000638,CUST1822,MERCHANT001,22039.98,NETBANKING,2026-08-21 07:36:33.848634,SUCCESS,,1,17,5,False
TXN000639,CUST1619,MERCHANT010,8346.01,WALLET,2026-08-22 10:51:40.848634,SUCCESS,,1,7,1,False
TXN000640,CUST1970,MERCHANT008,21942.5,CARD,2026-08-19 03:04:06.848634,SUCCESS,,1,4,0,False
TXN000641,CUST0793,MERCHANT002,35579.33,NETBANKING,2026-08-24 05:11:49.848634,SUCCESS,,1,2,4,False
TXN000642,CUST0500,MERCHANT006,44753.06,UPI,2026-08-18 15:16:35.848634,SUCCESS,,1,18,1,False
TXN000643,CUST1260,MERCHANT003,10711.07,CARD,2026-08-24 16:24:28.848634,SUCCESS,,1,5,0,False
TXN000644,CUST1828,MERCHANT002,7084.92,WALLET,2026-08-18 07:32:55.848634,SUCCESS,,1,4,2,False
TXN000645,CUST1998,MERCHANT004,16251.23,CARD,2026-08-24 15:52:22.848634,SUCCESS,,1,4,3,False
TXN000646,CUST1112,MERCHANT008,45067.85,CARD,2026-08-24 09:06:52.848634,SUCCESS,,1,17,3,False
TXN000647,CUST1645,MERCHANT008,21797.87,CARD,2026-08-23 19:22:28.848634,SUCCESS,,1,4,5,False
TXN000648,CUST1122,MERCHANT006,31638.56,UPI,2026-08-19 15:17:42.848634,SUCCESS,,1,12,1,False
TXN000649,CUST1048,MERCHANT001,48270.48,UPI,2026-08-21 15:46:11.848634,SUCCESS,,1,1,2,False
TXN000650,CUST0330,MERCHANT003,49010.34,NETBANKING,2026-08-23 03:56:32.848634,SUCCESS,,1,20,3,False
TXN000651,CUST0804,MERCHANT003,36077.81,CARD,2026-08-21 03:28:37.848634,SUCCESS,,1,4,0,False
TXN000652,CUST1364,MERCHANT005,18377.02,WALLET,2026-08-19 13:15:27.848634,SUCCESS,,1,12,0,False
TXN000653,CUST0564,MERCHANT007,11119.98,UPI,2026-08-24 13:23:09.848634,SUCCESS,,1,11,1,False
TXN000654,CUST1500,MERCHANT010,9175.55,NETBANKING,2026-08-19 22:13:21.848634,SUCCESS,,1,9,2,False
TXN000655,CUST1346,MERCHANT003,42088.51,WALLET,2026-08-22 23:42:25.848634,SUCCESS,,1,14,5,False
TXN000656,CUST1875,MERCHANT004,20651.8,CARD,2026-08-24 14:34:19.848634,SUCCESS,,1,13,2,False
TXN000657,CUST0790,MERCHANT009,21637.98,UPI,2026-08-23 01:55:50.848634,SUCCESS,,1,0,5,False
TXN000658,CUST1297,MERCHANT006,7533.91,CARD,2026-08-24 23:35:59.848634,SUCCESS,,1,15,3,False
TXN000659,CUST0633,MERCHANT003,22072.19,UPI,2026-08-18 21:24:03.848634,SUCCESS,,1,16,4,False
TXN000660,CUST1753,MERCHANT003,5244.18,WALLET,2026-08-20 21:57:38.848634,SUCCESS,,1,20,0,False
TXN000661,CUST0220,MERCHANT006,32544.22,UPI,2026-08-22 01:32:30.848634,SUCCESS,,1,5,1,False
TXN000662,CUST1922,MERCHANT007,31551.94,NETBANKING,2026-08-20 17:18:55.848634,SUCCESS,,1,9,4,False
TXN000663,CUST1531,MERCHANT006,28134.65,WALLET,2026-08-22 01:05:05.848634,SUCCESS,,1,15,4,False
TXN000664,CUST1659,MERCHANT004,16576.72,WALLET,2026-08-24 21:52:16.848634,SUCCESS,,1,2,1,False
TXN000665,CUST1575,MERCHANT009,34797.9,UPI,2026-08-21 19:41:00.848634,SUCCESS,,1,17,1,False
TXN000666,CUST0343,MERCHANT002,19099.49,UPI,2026-08-24 10:36:33.848634,FAILED,Technical Error,1,20,4,True
TXN000667,CUST0785,MERCHANT003,17859.77,CARD,2026-08-22 14:13:47.848634,SUCCESS,,1,2,3,False
TXN000668,CUST1928,MERCHANT003,38572.6,UPI,2026-08-19 13:40:06.848634,SUCCESS,,1,11,5,False
TXN000669,CUST1261,MERCHANT003,38835.78,UPI,2026-08-22 10:53:31.848634,FAILED,Insufficient Funds,3,17,0,False
TXN000670,CUST0370,MERCHANT008,3491.85,NETBANKING,2026-08-21 22:03:56.848634,SUCCESS,,1,14,4,False
TXN000671,CUST0023,MERCHANT007,21805.95,WALLET,2026-08-24 01:10:07.848634,SUCCESS,,1,11,2,False
TXN000672,CUST1286,MERCHANT009,19918.43,WALLET,2026-08-20 17:33:33.848634,SUCCESS,,1,7,3,False
TXN000673,CUST0867,MERCHANT007,21971.27,UPI,2026-08-21 19:04:26.848634,SUCCESS,,1,17,3,False
TXN000674,CUST0462,MERCHANT008,25485.82,UPI,2026-08-20 19:31:18.848634,SUCCESS,,1,4,0,False
TXN000675,CUST1093,MERCHANT010,3530.36,WALLET,2026-08-19 13:27:01.848634,SUCCESS,,1,20,2,False
TXN000676,CUST1548,MERCHANT008,2604.97,CARD,2026-08-21 17:49:53.848634,SUCCESS,,1,18,2,False
TXN000677,CUST0474,MERCHANT007,17939.84,UPI,2026-08-21 22:07:02.848634,SUCCESS,,1,14,1,False
TXN000678,CUST0391,MERCHANT009,28704.4,WALLET,2026-08-24 15:46:29.848634,SUCCESS,,1,13,3,False
TXN000679,CUST1964,MERCHANT005,5006.74,UPI,2026-08-23 01:29:05.848634,SUCCESS,,1,10,4,False
TXN000680,CUST1983,MERCHANT010,41472.95,UPI,2026-08-18 04:30:02.848634,SUCCESS,,1,5,5,False
TXN000681,CUST1798,MERCHANT002,30211.55,UPI,2026-08-21 00:17:39.848634,SUCCESS,,1,2,4,False
TXN000682,CUST0089,MERCHANT006,25883.43,NETBANKING,2026-08-21 14:52:59.848634,SUCCESS,,1,4,3,False
TXN000683,CUST1385,MERCHANT005,6578.77,UPI,2026-08-20 00:09:45.848634,SUCCESS,,1,18,0,False
TXN000684,CUST0486,MERCHANT004,44552.98,CARD,2026-08-25 00:37:05.848634,SUCCESS,,1,8,3,False
TXN000685,CUST1775,MERCHANT010,18202.47,NETBANKING,2026-08-22 07:54:08.848634,SUCCESS,,1,11,3,False
TXN000686,CUST1350,MERCHANT007,734.58,WALLET,2026-08-21 14:31:36.848634,SUCCESS,,1,16,5,False
TXN000687,CUST1450,MERCHANT007,29281.31,NETBANKING,2026-08-19 09:13:26.848634,SUCCESS,,1,10,4,False
TXN000688,CUST1715,MERCHANT004,17225.97,NETBANKING,2026-08-21 02:34:35.848634,SUCCESS,,1,9,4,False
TXN000689,CUST1329,MERCHANT006,5900.62,NETBANKING,2026-08-19 00:12:22.848634,SUCCESS,,1,1,3,False
TXN000690,CUST0717,MERCHANT002,1691.5,NETBANKING,2026-08-20 12:19:37.848634,SUCCESS,,1,17,5,False
TXN000691,CUST0527,MERCHANT005,41734.28,WALLET,2026-08-24 23:42:19.848634,SUCCESS,,1,8,3,False
TXN000692,CUST0607,MERCHANT001,10729.33,NETBANKING,2026-08-23 10:43:19.848634,SUCCESS,,1,19,2,False
TXN000693,CUST0057,MERCHANT003,7927.59,WALLET,2026-08-19 20:33:50.848634,SUCCESS,,1,16,5,False
TXN000694,CUST1365,MERCHANT003,21742.09,WALLET,2026-08-22 08:17:05.848634,SUCCESS,,1,19,4,False
TXN000695,CUST1132,MERCHANT003,42619.75,NETBANKING,2026-08-24 20:18:28.848634,SUCCESS,,1,20,0,False
TXN000696,CUST1769,MERCHANT003,42730.55,UPI,2026-08-24 02:20:07.848634,SUCCESS,,1,13,5,False
TXN000697,CUST0142,MERCHANT009,19968.02,NETBANKING,2026-08-20 23:24:36.848634,SUCCESS,,1,9,5,False
TXN000698,CUST0734,MERCHANT008,44969.93,UPI,2026-08-22 17:36:18.848634,SUCCESS,,1,13,4,False
TXN000699,CUST0102,MERCHANT001,26130.61,UPI,2026-08-20 09:50:08.848634,SUCCESS,,1,2,3,False
TXN000700,CUST1673,MERCHANT002,45873.19,WALLET,2026-08-24 17:23:44.848634,SUCCESS,,1,10,4,False
TXN000701,CUST0083,MERCHANT002,39770.23,WALLET,2026-08-21 23:24:20.848634,SUCCESS,,1,12,2,False
TXN000702,CUST0567,MERCHANT003,36155.08,CARD,2026-08-20 17:55:28.848634,SUCCESS,,1,18,1,False
TXN000703,CUST1458,MERCHANT008,25510.48,UPI,2026-08-18 23:18:50.848634,SUCCESS,,1,7,3,False
TXN000704,CUST0858,MERCHANT001,20633.89,WALLET,2026-08-18 03:36:26.848634,SUCCESS,,1,11,3,False
TXN000705,CUST0558,MERCHANT010,32025.1,CARD,2026-08-21 09:05:32.848634,FAILED,Bank Declined,3,4,0,False
TXN000706,CUST0084,MERCHANT003,11641.36,CARD,2026-08-23 14:27:04.848634,SUCCESS,,1,14,3,False
TXN000707,CUST0396,MERCHANT008,12232.63,WALLET,2026-08-22 05:49:35.848634,SUCCESS,,1,8,1,False
TXN000708,CUST1693,MERCHANT007,17659.25,UPI,2026-08-20 08:33:48.848634,SUCCESS,,1,10,3,False
TXN000709,CUST0146,MERCHANT008,11146.91,UPI,2026-08-22 02:01:23.848634,SUCCESS,,1,15,0,False
TXN000710,CUST0091,MERCHANT003,39220.85,NETBANKING,2026-08-20 12:01:08.848634,SUCCESS,,1,17,1,False
TXN000711,CUST0035,MERCHANT002,5943.94,CARD,2026-08-21 02:00:23.848634,SUCCESS,,1,19,4,False
TXN000712,CUST0998,MERCHANT009,27991.34,CARD,2026-08-22 16:49:52.848634,SUCCESS,,1,11,4,False
TXN000713,CUST0439,MERCHANT001,32830.88,UPI,2026-08-19 09:56:14.848634,SUCCESS,,1,14,5,False
TXN000714,CUST1584,MERCHANT008,3135.11,CARD,2026-08-21 21:03:04.848634,SUCCESS,,1,7,2,False
TXN000715,CUST0038,MERCHANT004,43027.59,CARD,2026-08-21 20:01:15.848634,SUCCESS,,1,18,5,False
TXN000716,CUST0761,MERCHANT007,12526.42,CARD,2026-08-22 17:48:20.848634,SUCCESS,,1,12,1,False
TXN000717,CUST1962,MERCHANT007,35098.63,CARD,2026-08-24 06:17:04.848634,SUCCESS,,1,8,2,False
TXN000718,CUST0168,MERCHANT002,41826.19,NETBANKING,2026-08-21 03:12:57.848634,SUCCESS,,1,16,2,False
TXN000719,CUST1035,MERCHANT009,32163.8,WALLET,2026-08-20 04:42:12.848634,SUCCESS,,1,1,3,False
TXN000720,CUST1905,MERCHANT008,23996.03,NETBANKING,2026-08-19 14:30:45.848634,SUCCESS,,1,15,3,False
TXN000721,CUST0560,MERCHANT003,38561.45,CARD,2026-08-22 14:49:05.848634,SUCCESS,,1,1,1,False
TXN000722,CUST1674,MERCHANT009,5620.56,UPI,2026-08-18 17:21:51.848634,SUCCESS,,1,9,4,False
TXN000723,CUST0090,MERCHANT005,19384.85,NETBANKING,2026-08-23 05:45:05.848634,SUCCESS,,1,20,5,False
TXN000724,CUST1724,MERCHANT010,31369.07,CARD,2026-08-18 19:53:35.848634,SUCCESS,,1,7,0,False
TXN000725,CUST0039,MERCHANT008,10295.5,UPI,2026-08-21 22:28:27.848634,SUCCESS,,1,5,2,False
TXN000726,CUST1784,MERCHANT005,2509.73,UPI,2026-08-20 04:58:57.848634,SUCCESS,,1,0,4,False
TXN000727,CUST0151,MERCHANT008,41970.38,NETBANKING,2026-08-24 19:42:49.848634,SUCCESS,,1,11,0,False
TXN000728,CUST0544,MERCHANT005,13095.98,UPI,2026-08-22 03:10:56.848634,SUCCESS,,1,12,3,False
TXN000729,CUST1209,MERCHANT006,24457.23,UPI,2026-08-18 14:50:52.848634,FAILED,Technical Error,1,20,3,True
TXN000730,CUST0875,MERCHANT007,47282.3,NETBANKING,2026-08-21 06:16:29.848634,SUCCESS,,1,19,5,False
TXN000731,CUST0745,MERCHANT008,6554.92,WALLET,2026-08-24 11:39:29.848634,SUCCESS,,1,8,3,False
TXN000732,CUST0759,MERCHANT009,14046.69,CARD,2026-08-22 21:26:55.848634,SUCCESS,,1,8,2,False
TXN000733,CUST1446,MERCHANT005,13117.17,CARD,2026-08-21 05:20:22.848634,SUCCESS,,1,6,5,False
TXN000734,CUST1572,MERCHANT005,1376.48,NETBANKING,2026-08-22 14:48:14.848634,SUCCESS,,1,19,5,False
TXN000735,CUST1761,MERCHANT005,3728.29,NETBANKING,2026-08-24 22:01:09.848634,SUCCESS,,1,2,0,False
TXN000736,CUST0580,MERCHANT002,7618.96,WALLET,2026-08-19 07:12:01.848634,SUCCESS,,1,7,1,False
TXN000737,CUST1625,MERCHANT008,44345.56,CARD,2026-08-23 04:31:38.848634,SUCCESS,,1,2,4,False
TXN000738,CUST1152,MERCHANT005,44510.41,WALLET,2026-08-24 19:42:56.848634,SUCCESS,,1,4,0,False
TXN000739,CUST1418,MERCHANT002,35320.32,WALLET,2026-08-21 14:08:18.848634,SUCCESS,,1,8,2,False
TXN000740,CUST0688,MERCHANT008,38254.83,NETBANKING,2026-08-20 10:39:20.848634,SUCCESS,,1,11,1,False
TXN000741,CUST1990,MERCHANT010,37002.39,UPI,2026-08-18 08:38:03.848634,SUCCESS,,1,14,0,False
TXN000742,CUST1228,MERCHANT006,26831.1,NETBANKING,2026-08-20 11:04:08.848634,SUCCESS,,1,6,0,False
TXN000743,CUST0295,MERCHANT006,16846.71,CARD,2026-08-21 19:10:56.848634,SUCCESS,,1,8,3,False
TXN000744,CUST0449,MERCHANT005,43067.28,CARD,2026-08-23 15:23:40.848634,SUCCESS,,1,18,2,False
TXN000745,CUST0148,MERCHANT006,43197.82,WALLET,2026-08-23 10:36:39.848634,SUCCESS,,1,13,5,False
TXN000746,CUST1507,MERCHANT009,2694.89,WALLET,2026-08-21 20:24:38.848634,SUCCESS,,1,12,4,False
TXN000747,CUST0670,MERCHANT004,8837.25,NETBANKING,2026-08-18 04:42:48.848634,SUCCESS,,1,3,2,False
TXN000748,CUST1730,MERCHANT003,32881.78,UPI,2026-08-23 09:07:41.848634,SUCCESS,,1,12,1,False
TXN000749,CUST0411,MERCHANT003,22953.34,UPI,2026-08-24 05:56:44.848634,SUCCESS,,1,15,1,False
TXN000750,CUST1475,MERCHANT006,34467.96,CARD,2026-08-20 12:30:19.848634,SUCCESS,,1,1,1,False
TXN000751,CUST1061,MERCHANT003,29399.54,CARD,2026-08-24 08:49:51.848634,SUCCESS,,1,15,4,False
TXN000752,CUST1687,MERCHANT004,607.04,UPI,2026-08-24 20:29:48.848634,SUCCESS,,1,8,4,False
TXN000753,CUST0132,MERCHANT005,19905.06,UPI,2026-08-22 23:50:14.848634,SUCCESS,,1,18,2,False
TXN000754,CUST0176,MERCHANT009,46087.91,UPI,2026-08-22 00:37:32.848634,SUCCESS,,1,14,3,False
TXN000755,CUST1848,MERCHANT006,44032.45,NETBANKING,2026-08-19 11:35:33.848634,SUCCESS,,1,20,1,False
TXN000756,CUST1831,MERCHANT006,27768.56,NETBANKING,2026-08-23 14:48:06.848634,SUCCESS,,1,6,0,False
TXN000757,CUST1166,MERCHANT003,1209.14,CARD,2026-08-24 11:55:59.848634,SUCCESS,,1,16,1,False
TXN000758,CUST0497,MERCHANT006,4746.17,WALLET,2026-08-20 09:16:34.848634,SUCCESS,,1,10,3,False
TXN000759,CUST0788,MERCHANT006,7891.9,WALLET,2026-08-20 07:39:20.848634,SUCCESS,,1,11,2,False
TXN000760,CUST0848,MERCHANT004,24556.79,NETBANKING,2026-08-23 06:29:32.848634,SUCCESS,,1,1,5,False
TXN000761,CUST0200,MERCHANT007,15868.44,NETBANKING,2026-08-24 13:13:10.848634,SUCCESS,,1,16,5,False
TXN000762,CUST1603,MERCHANT004,5025.28,WALLET,2026-08-20 19:28:06.848634,SUCCESS,,1,9,1,False
TXN000763,CUST1625,MERCHANT003,25496.53,WALLET,2026-08-19 23:07:42.848634,SUCCESS,,1,11,0,False
TXN000764,CUST1916,MERCHANT001,6201.84,WALLET,2026-08-23 20:54:39.848634,SUCCESS,,1,14,0,False
TXN000765,CUST1908,MERCHANT005,9816.89,NETBANKING,2026-08-18 20:50:11.848634,SUCCESS,,1,16,2,False
TXN000766,CUST1894,MERCHANT006,49830.84,UPI,2026-08-21 04:17:47.848634,SUCCESS,,1,9,4,False
TXN000767,CUST1308,MERCHANT003,5021.85,WALLET,2026-08-22 22:33:43.848634,SUCCESS,,1,5,3,False
TXN000768,CUST1921,MERCHANT006,49926.46,WALLET,2026-08-21 00:31:24.848634,SUCCESS,,1,20,0,False
TXN000769,CUST0702,MERCHANT008,26733.98,UPI,2026-08-22 01:10:38.848634,SUCCESS,,1,13,0,False
TXN000770,CUST1804,MERCHANT003,31332.86,WALLET,2026-08-18 13:33:05.848634,SUCCESS,,1,17,2,False
TXN000771,CUST0920,MERCHANT009,36988.43,CARD,2026-08-23 20:42:03.848634,SUCCESS,,1,17,1,False
TXN000772,CUST1381,MERCHANT003,40241.59,NETBANKING,2026-08-18 10:19:55.848634,SUCCESS,,1,18,2,False
TXN000773,CUST1856,MERCHANT004,31876.17,NETBANKING,2026-08-23 20:48:48.848634,SUCCESS,,1,5,4,False
TXN000774,CUST0793,MERCHANT009,16997.62,WALLET,2026-08-18 04:49:58.848634,SUCCESS,,1,10,2,False
TXN000775,CUST0848,MERCHANT001,41809.72,CARD,2026-08-19 19:59:05.848634,SUCCESS,,1,10,5,False
TXN000776,CUST1429,MERCHANT003,26162.75,UPI,2026-08-23 01:02:41.848634,SUCCESS,,1,16,1,False
TXN000777,CUST0212,MERCHANT001,19347.65,UPI,2026-08-18 03:45:10.848634,SUCCESS,,1,1,5,False
TXN000778,CUST0244,MERCHANT009,46226.05,CARD,2026-08-18 03:44:58.848634,SUCCESS,,1,7,3,False
TXN000779,CUST0245,MERCHANT001,47744.94,UPI,2026-08-19 23:14:31.848634,SUCCESS,,1,18,3,False
TXN000780,CUST1838,MERCHANT005,5847.39,UPI,2026-08-18 10:13:34.848634,SUCCESS,,1,7,0,False
TXN000781,CUST0681,MERCHANT004,31226.4,NETBANKING,2026-08-21 01:32:40.848634,SUCCESS,,1,0,2,False
TXN000782,CUST1319,MERCHANT007,43645.67,UPI,2026-08-22 02:50:43.848634,SUCCESS,,1,3,2,False
TXN000783,CUST1375,MERCHANT008,14735.72,CARD,2026-08-19 03:37:55.848634,SUCCESS,,1,6,2,False
TXN000784,CUST0443,MERCHANT005,32111.48,UPI,2026-08-23 13:18:55.848634,SUCCESS,,1,10,3,False
TXN000785,CUST1707,MERCHANT003,14280.64,UPI,2026-08-23 10:30:56.848634,SUCCESS,,1,5,5,False
TXN000786,CUST0463,MERCHANT004,38839.6,WALLET,2026-08-19 08:12:09.848634,SUCCESS,,1,7,5,False
TXN000787,CUST0354,MERCHANT009,1861.13,WALLET,2026-08-19 03:58:43.848634,SUCCESS,,1,1,2,False
TXN000788,CUST0571,MERCHANT006,32451.9,CARD,2026-08-23 06:42:50.848634,SUCCESS,,1,16,2,False
TXN000789,CUST0634,MERCHANT006,2485.97,CARD,2026-08-18 20:55:40.848634,SUCCESS,,1,8,2,False
TXN000790,CUST1564,MERCHANT008,40917.4,NETBANKING,2026-08-25 02:19:29.848634,SUCCESS,,1,8,2,False
TXN000791,CUST0738,MERCHANT003,34990.18,WALLET,2026-08-22 11:07:10.848634,SUCCESS,,1,10,0,False
TXN000792,CUST0672,MERCHANT006,9520.61,WALLET,2026-08-20 19:42:04.848634,SUCCESS,,1,10,5,False
TXN000793,CUST1050,MERCHANT003,11562.21,WALLET,2026-08-21 09:42:28.848634,SUCCESS,,1,2,2,False
TXN000794,CUST0062,MERCHANT005,10547.91,NETBANKING,2026-08-18 19:35:06.848634,SUCCESS,,1,15,2,False
TXN000795,CUST0855,MERCHANT010,32404.15,WALLET,2026-08-18 19:27:48.848634,SUCCESS,,1,20,1,False
TXN000796,CUST1461,MERCHANT009,13320.55,NETBANKING,2026-08-23 03:16:24.848634,SUCCESS,,1,6,1,False
TXN000797,CUST0759,MERCHANT008,15661.78,NETBANKING,2026-08-18 08:02:21.848634,SUCCESS,,1,15,4,False
TXN000798,CUST1890,MERCHANT006,48198.28,UPI,2026-08-24 05:24:40.848634,SUCCESS,,1,19,2,False
TXN000799,CUST0041,MERCHANT007,43023.59,NETBANKING,2026-08-24 06:14:29.848634,FAILED,Timeout,3,18,5,False
TXN000800,CUST1237,MERCHANT007,46375.19,WALLET,2026-08-23 15:51:28.848634,SUCCESS,,1,16,2,False
TXN000801,CUST1591,MERCHANT010,6095.85,CARD,2026-08-23 01:49:07.848634,FAILED,Network Error,1,4,5,True
TXN000802,CUST1932,MERCHANT002,3311.84,WALLET,2026-08-21 21:20:07.848634,SUCCESS,,1,11,5,False
TXN000803,CUST0238,MERCHANT007,17325.32,NETBANKING,2026-08-20 06:41:04.848634,SUCCESS,,1,0,1,False
TXN000804,CUST1165,MERCHANT008,25955.95,NETBANKING,2026-08-19 16:24:00.848634,SUCCESS,,1,13,4,False
TXN000805,CUST1901,MERCHANT001,31590.09,CARD,2026-08-23 03:50:06.848634,SUCCESS,,1,7,2,False
TXN000806,CUST1135,MERCHANT003,44715.32,WALLET,2026-08-23 08:37:33.848634,SUCCESS,,1,1,2,False
TXN000807,CUST0169,MERCHANT010,1974.96,CARD,2026-08-21 00:03:06.848634,SUCCESS,,1,6,3,False
TXN000808,CUST0867,MERCHANT004,2456.61,UPI,2026-08-19 01:58:58.848634,SUCCESS,,1,5,3,False
TXN000809,CUST1797,MERCHANT007,39315.6,UPI,2026-08-20 12:57:13.848634,SUCCESS,,1,11,3,False
TXN000810,CUST0740,MERCHANT004,19604.81,WALLET,2026-08-22 09:30:20.848634,SUCCESS,,1,7,3,False
TXN000811,CUST1588,MERCHANT010,1242.5,UPI,2026-08-20 11:57:35.848634,SUCCESS,,1,13,2,False
TXN000812,CUST1936,MERCHANT005,14048.67,UPI,2026-08-18 17:22:36.848634,SUCCESS,,1,18,3,False
TXN000813,CUST0147,MERCHANT001,27361.48,UPI,2026-08-18 16:40:18.848634,SUCCESS,,1,13,4,False
TXN000814,CUST1227,MERCHANT010,1599.2,NETBANKING,2026-08-23 22:26:33.848634,SUCCESS,,1,1,4,False
TXN000815,CUST0602,MERCHANT002,8839.63,CARD,2026-08-19 23:14:47.848634,SUCCESS,,1,6,0,False
TXN000816,CUST0587,MERCHANT009,25544.14,WALLET,2026-08-21 01:56:42.848634,FAILED,Insufficient Funds,2,0,1,True
TXN000817,CUST1399,MERCHANT007,33785.53,CARD,2026-08-21 11:21:02.848634,SUCCESS,,1,14,3,False
TXN000818,CUST1864,MERCHANT003,20762.55,CARD,2026-08-21 17:10:08.848634,SUCCESS,,1,5,2,False
TXN000819,CUST1369,MERCHANT009,30995.29,NETBANKING,2026-08-19 23:18:30.848634,SUCCESS,,1,16,2,False
TXN000820,CUST1884,MERCHANT010,10380.74,NETBANKING,2026-08-20 15:39:21.848634,SUCCESS,,1,1,1,False
TXN000821,CUST0213,MERCHANT006,12174.12,NETBANKING,2026-08-19 07:50:34.848634,SUCCESS,,1,12,3,False
TXN000822,CUST1270,MERCHANT008,4485.62,CARD,2026-08-21 07:22:43.848634,SUCCESS,,1,3,2,False
TXN000823,CUST0105,MERCHANT002,13863.12,NETBANKING,2026-08-22 16:05:44.848634,SUCCESS,,1,3,5,False
TXN000824,CUST0036,MERCHANT007,45688.49,WALLET,2026-08-24 09:23:44.848634,SUCCESS,,1,0,0,False
TXN000825,CUST0983,MERCHANT003,42134.33,WALLET,2026-08-19 06:28:16.848634,SUCCESS,,1,15,2,False
TXN000826,CUST1435,MERCHANT002,25608.16,UPI,2026-08-24 13:42:15.848634,SUCCESS,,1,5,5,False
TXN000827,CUST0960,MERCHANT001,44673.46,CARD,2026-08-24 10:31:53.848634,FAILED,Timeout,1,2,5,True
TXN000828,CUST1497,MERCHANT009,28557.86,CARD,2026-08-21 15:02:12.848634,SUCCESS,,1,17,2,False
TXN000829,CUST0913,MERCHANT009,33782.06,WALLET,2026-08-22 02:48:58.848634,SUCCESS,,1,9,1,False
TXN000830,CUST0436,MERCHANT009,40843.26,WALLET,2026-08-19 13:25:40.848634,SUCCESS,,1,4,5,False
TXN000831,CUST0260,MERCHANT009,38174.91,UPI,2026-08-23 03:04:44.848634,SUCCESS,,1,5,4,False
TXN000832,CUST0213,MERCHANT009,2338.45,CARD,2026-08-21 15:45:24.848634,SUCCESS,,1,0,0,False
TXN000833,CUST1976,MERCHANT010,34760.94,NETBANKING,2026-08-19 20:06:34.848634,SUCCESS,,1,8,3,False
TXN000834,CUST1802,MERCHANT006,28223.87,CARD,2026-08-24 21:07:02.848634,SUCCESS,,1,17,3,False
TXN000835,CUST0875,MERCHANT005,20160.03,WALLET,2026-08-21 12:54:45.848634,SUCCESS,,1,5,2,False
TXN000836,CUST1008,MERCHANT004,10562.95,WALLET,2026-08-21 22:13:10.848634,SUCCESS,,1,6,1,False
TXN000837,CUST1586,MERCHANT006,11758.6,WALLET,2026-08-23 23:50:24.848634,SUCCESS,,1,5,3,False
TXN000838,CUST1351,MERCHANT007,35521.05,WALLET,2026-08-21 20:06:53.848634,SUCCESS,,1,6,2,False
TXN000839,CUST0565,MERCHANT010,4955.05,CARD,2026-08-23 07:48:09.848634,SUCCESS,,1,20,2,False
TXN000840,CUST1715,MERCHANT003,3275.88,CARD,2026-08-23 08:29:52.848634,SUCCESS,,1,2,2,False
TXN000841,CUST1890,MERCHANT002,46656.65,UPI,2026-08-22 14:17:16.848634,SUCCESS,,1,3,3,False
TXN000842,CUST1874,MERCHANT007,17083.29,UPI,2026-08-21 22:42:51.848634,SUCCESS,,1,13,0,False
TXN000843,CUST1170,MERCHANT008,45304.18,NETBANKING,2026-08-19 21:36:03.848634,SUCCESS,,1,3,1,False
TXN000844,CUST0379,MERCHANT004,905.09,UPI,2026-08-23 13:18:12.848634,SUCCESS,,1,1,2,False
TXN000845,CUST0581,MERCHANT006,37500.24,CARD,2026-08-23 01:22:51.848634,SUCCESS,,1,10,3,False
TXN000846,CUST1601,MERCHANT010,20943.73,WALLET,2026-08-21 18:44:13.848634,SUCCESS,,1,12,4,False
TXN000847,CUST1860,MERCHANT009,39462.54,CARD,2026-08-19 17:40:55.848634,SUCCESS,,1,16,0,False
TXN000848,CUST1988,MERCHANT008,18995.38,WALLET,2026-08-20 04:03:54.848634,SUCCESS,,1,12,4,False
TXN000849,CUST1630,MERCHANT002,35506.29,CARD,2026-08-18 17:33:14.848634,SUCCESS,,1,9,3,False
TXN000850,CUST0935,MERCHANT003,39642.22,WALLET,2026-08-22 13:38:07.848634,SUCCESS,,1,20,2,False
TXN000851,CUST0821,MERCHANT002,27953.01,CARD,2026-08-19 10:07:56.848634,SUCCESS,,1,20,2,False
TXN000852,CUST0247,MERCHANT010,35031.89,UPI,2026-08-23 03:25:14.848634,FAILED,Network Error,1,13,0,True
TXN000853,CUST1534,MERCHANT002,10040.99,UPI,2026-08-24 23:35:27.848634,SUCCESS,,1,18,3,False
TXN000854,CUST1228,MERCHANT003,1292.06,NETBANKING,2026-08-24 02:26:25.848634,FAILED,Bank Declined,3,16,3,False
TXN000855,CUST1023,MERCHANT009,37960.78,NETBANKING,2026-08-18 03:43:08.848634,SUCCESS,,1,13,5,False
TXN000856,CUST0913,MERCHANT005,3755.28,WALLET,2026-08-23 00:19:32.848634,SUCCESS,,1,5,2,False
TXN000857,CUST0001,MERCHANT008,7188.46,WALLET,2026-08-21 17:17:25.848634,SUCCESS,,1,1,5,False
TXN000858,CUST1631,MERCHANT008,16307.1,WALLET,2026-08-21 11:28:13.848634,SUCCESS,,1,2,1,False
TXN000859,CUST0425,MERCHANT006,15518.71,WALLET,2026-08-21 12:03:06.848634,FAILED,Timeout,1,18,0,True
TXN000860,CUST1610,MERCHANT003,36045.27,CARD,2026-08-20 14:55:17.848634,SUCCESS,,1,5,0,False
TXN000861,CUST1547,MERCHANT009,35683.33,CARD,2026-08-19 11:35:56.848634,SUCCESS,,1,19,1,False
TXN000862,CUST0124,MERCHANT005,24001.81,WALLET,2026-08-20 23:32:39.848634,SUCCESS,,1,0,4,False
TXN000863,CUST0008,MERCHANT007,28733.52,WALLET,2026-08-20 13:53:49.848634,SUCCESS,,1,12,3,False
TXN000864,CUST1740,MERCHANT004,27652.54,UPI,2026-08-18 23:27:56.848634,SUCCESS,,1,11,4,False
TXN000865,CUST1640,MERCHANT001,26849.81,NETBANKING,2026-08-24 06:59:21.848634,SUCCESS,,1,14,3,False
TXN000866,CUST1626,MERCHANT006,7213.72,WALLET,2026-08-21 15:33:27.848634,SUCCESS,,1,11,3,False
TXN000867,CUST0657,MERCHANT004,18021.49,NETBANKING,2026-08-19 12:45:11.848634,SUCCESS,,1,5,3,False
TXN000868,CUST0500,MERCHANT006,43386.66,NETBANKING,2026-08-20 16:28:48.848634,SUCCESS,,1,3,5,False
TXN000869,CUST1852,MERCHANT008,14796.56,CARD,2026-08-19 00:04:13.848634,SUCCESS,,1,14,1,False
TXN000870,CUST1482,MERCHANT007,31058.06,UPI,2026-08-23 10:36:30.848634,SUCCESS,,1,2,4,False
TXN000871,CUST1715,MERCHANT001,17934.25,CARD,2026-08-19 19:35:18.848634,SUCCESS,,1,9,3,False
TXN000872,CUST1881,MERCHANT008,2715.75,UPI,2026-08-21 08:11:09.848634,SUCCESS,,1,14,3,False
TXN000873,CUST0540,MERCHANT009,10435.63,CARD,2026-08-24 08:01:21.848634,SUCCESS,,1,3,4,False
TXN000874,CUST0265,MERCHANT006,41698.03,UPI,2026-08-23 16:40:44.848634,SUCCESS,,1,16,1,False
TXN000875,CUST0067,MERCHANT006,3939.34,CARD,2026-08-21 20:55:42.848634,SUCCESS,,1,20,3,False
TXN000876,CUST1794,MERCHANT001,41045.11,UPI,2026-08-20 20:46:19.848634,SUCCESS,,1,4,1,False
TXN000877,CUST0570,MERCHANT006,3312.13,WALLET,2026-08-21 07:11:49.848634,SUCCESS,,1,2,2,False
TXN000878,CUST0126,MERCHANT005,36411.78,UPI,2026-08-19 00:39:04.848634,SUCCESS,,1,12,1,False
TXN000879,CUST1047,MERCHANT005,5947.69,UPI,2026-08-18 22:12:02.848634,SUCCESS,,1,10,0,False
TXN000880,CUST0769,MERCHANT004,41198.24,NETBANKING,2026-08-19 11:40:31.848634,SUCCESS,,1,15,2,False
TXN000881,CUST1750,MERCHANT007,44429.74,NETBANKING,2026-08-24 19:21:30.848634,FAILED,Timeout,3,4,4,False
TXN000882,CUST1718,MERCHANT003,24150.05,CARD,2026-08-19 09:59:24.848634,SUCCESS,,1,1,5,False
TXN000883,CUST0093,MERCHANT004,5970.94,WALLET,2026-08-23 20:18:06.848634,SUCCESS,,1,19,5,False
TXN000884,CUST1334,MERCHANT001,21171.97,CARD,2026-08-20 11:29:01.848634,SUCCESS,,1,0,1,False
TXN000885,CUST1883,MERCHANT007,34046.79,CARD,2026-08-22 12:41:46.848634,SUCCESS,,1,7,0,False
TXN000886,CUST0193,MERCHANT010,18936.47,UPI,2026-08-19 23:06:11.848634,SUCCESS,,1,14,1,False
TXN000887,CUST0592,MERCHANT009,19307.58,UPI,2026-08-20 06:49:39.848634,SUCCESS,,1,15,5,False
TXN000888,CUST0207,MERCHANT001,28860.77,CARD,2026-08-20 18:37:58.848634,SUCCESS,,1,20,5,False
TXN000889,CUST0192,MERCHANT010,49154.53,CARD,2026-08-24 20:48:51.848634,SUCCESS,,1,19,0,False
TXN000890,CUST1940,MERCHANT006,15378.0,NETBANKING,2026-08-21 08:29:50.848634,SUCCESS,,1,3,4,False
TXN000891,CUST0107,MERCHANT001,49409.61,CARD,2026-08-24 00:00:21.848634,SUCCESS,,1,10,3,False
TXN000892,CUST0991,MERCHANT003,35863.26,NETBANKING,2026-08-19 23:51:34.848634,SUCCESS,,1,17,1,False
TXN000893,CUST1288,MERCHANT009,22402.17,WALLET,2026-08-18 13:49:23.848634,SUCCESS,,1,4,1,False
TXN000894,CUST1926,MERCHANT001,44886.26,NETBANKING,2026-08-24 02:10:26.848634,SUCCESS,,1,10,0,False
TXN000895,CUST0928,MERCHANT006,1314.81,UPI,2026-08-18 05:21:13.848634,SUCCESS,,1,15,0,False
TXN000896,CUST0793,MERCHANT002,8216.85,CARD,2026-08-24 11:05:35.848634,SUCCESS,,1,11,5,False
TXN000897,CUST1617,MERCHANT009,6164.02,CARD,2026-08-23 07:58:52.848634,SUCCESS,,1,14,2,False
TXN000898,CUST1527,MERCHANT006,32647.9,UPI,2026-08-24 23:10:02.848634,SUCCESS,,1,0,5,False
TXN000899,CUST0078,MERCHANT009,4426.45,CARD,2026-08-22 00:09:55.848634,SUCCESS,,1,16,4,False
TXN000900,CUST0380,MERCHANT001,42786.96,CARD,2026-08-23 00:27:16.848634,SUCCESS,,1,16,1,False
TXN000901,CUST0944,MERCHANT009,33367.33,UPI,2026-08-19 09:11:47.848634,SUCCESS,,1,3,2,False
TXN000902,CUST1002,MERCHANT001,42712.46,UPI,2026-08-19 10:09:01.848634,SUCCESS,,1,14,4,False
TXN000903,CUST0447,MERCHANT002,919.89,UPI,2026-08-25 00:20:08.848634,SUCCESS,,1,2,4,False
TXN000904,CUST1615,MERCHANT003,4225.4,NETBANKING,2026-08-22 06:52:59.848634,SUCCESS,,1,20,2,False
TXN000905,CUST1222,MERCHANT008,44632.04,UPI,2026-08-20 20:36:43.848634,SUCCESS,,1,9,5,False
TXN000906,CUST0101,MERCHANT005,41082.96,CARD,2026-08-22 23:20:08.848634,SUCCESS,,1,13,3,False
TXN000907,CUST1514,MERCHANT005,29406.32,WALLET,2026-08-23 21:46:46.848634,SUCCESS,,1,1,3,False
TXN000908,CUST0003,MERCHANT005,12076.38,NETBANKING,2026-08-18 16:05:13.848634,SUCCESS,,1,20,4,False
TXN000909,CUST0367,MERCHANT003,48366.27,NETBANKING,2026-08-23 19:51:45.848634,SUCCESS,,1,18,2,False
TXN000910,CUST0091,MERCHANT002,23253.64,NETBANKING,2026-08-22 00:40:07.848634,SUCCESS,,1,6,3,False
TXN000911,CUST1565,MERCHANT002,32204.9,WALLET,2026-08-22 13:42:11.848634,SUCCESS,,1,1,4,False
TXN000912,CUST1346,MERCHANT008,15302.24,NETBANKING,2026-08-18 20:14:31.848634,SUCCESS,,1,13,3,False
TXN000913,CUST0745,MERCHANT007,36568.96,NETBANKING,2026-08-24 09:28:58.848634,FAILED,Network Error,2,17,4,True
TXN000914,CUST0927,MERCHANT004,27093.82,NETBANKING,2026-08-24 01:24:16.848634,SUCCESS,,1,19,0,False
TXN000915,CUST0779,MERCHANT006,41986.09,CARD,2026-08-18 22:34:36.848634,SUCCESS,,1,18,5,False
TXN000916,CUST1701,MERCHANT005,8084.72,NETBANKING,2026-08-23 21:51:54.848634,SUCCESS,,1,13,4,False
TXN000917,CUST1891,MERCHANT004,21466.25,NETBANKING,2026-08-24 01:06:32.848634,SUCCESS,,1,12,2,False
TXN000918,CUST1308,MERCHANT004,36295.23,CARD,2026-08-22 06:13:20.848634,SUCCESS,,1,3,3,False
TXN000919,CUST1235,MERCHANT008,24500.95,NETBANKING,2026-08-23 10:21:17.848634,SUCCESS,,1,0,5,False
TXN000920,CUST1567,MERCHANT005,38009.82,WALLET,2026-08-24 20:43:37.848634,SUCCESS,,1,15,5,False
TXN000921,CUST1006,MERCHANT002,37239.09,CARD,2026-08-25 00:02:52.848634,SUCCESS,,1,2,1,False
TXN000922,CUST1789,MERCHANT009,20886.09,UPI,2026-08-21 20:25:59.848634,SUCCESS,,1,19,3,False
TXN000923,CUST1006,MERCHANT010,37619.81,NETBANKING,2026-08-23 13:57:38.848634,SUCCESS,,1,6,3,False
TXN000924,CUST1139,MERCHANT007,22580.09,NETBANKING,2026-08-23 23:05:03.848634,SUCCESS,,1,14,0,False
TXN000925,CUST0685,MERCHANT008,37237.44,NETBANKING,2026-08-21 05:31:11.848634,SUCCESS,,1,4,5,False
TXN000926,CUST0826,MERCHANT004,27830.41,WALLET,2026-08-20 14:18:59.848634,SUCCESS,,1,17,0,False
TXN000927,CUST1149,MERCHANT005,2897.27,WALLET,2026-08-24 05:27:52.848634,SUCCESS,,1,12,2,False
TXN000928,CUST1129,MERCHANT010,20992.27,WALLET,2026-08-21 18:33:03.848634,SUCCESS,,1,11,4,False
TXN000929,CUST0422,MERCHANT005,30127.44,UPI,2026-08-21 08:25:53.848634,FAILED,Technical Error,2,15,1,True
TXN000930,CUST0098,MERCHANT010,20522.7,WALLET,2026-08-23 23:58:48.848634,SUCCESS,,1,11,4,False
TXN000931,CUST0246,MERCHANT002,40106.04,WALLET,2026-08-19 10:15:06.848634,FAILED,Bank Declined,2,20,4,True
TXN000932,CUST1717,MERCHANT008,23640.19,UPI,2026-08-24 08:21:13.848634,SUCCESS,,1,3,2,False
TXN000933,CUST1023,MERCHANT005,43903.38,UPI,2026-08-20 13:12:17.848634,SUCCESS,,1,7,5,False
TXN000934,CUST1403,MERCHANT002,18243.49,CARD,2026-08-23 16:43:58.848634,SUCCESS,,1,17,1,False
TXN000935,CUST1035,MERCHANT005,21294.93,NETBANKING,2026-08-20 06:31:07.848634,SUCCESS,,1,13,2,False
TXN000936,CUST0996,MERCHANT004,1791.17,NETBANKING,2026-08-19 22:51:15.848634,SUCCESS,,1,2,5,False
TXN000937,CUST1531,MERCHANT002,29790.76,WALLET,2026-08-19 23:57:59.848634,SUCCESS,,1,14,4,False
TXN000938,CUST0086,MERCHANT007,49732.71,WALLET,2026-08-23 16:27:57.848634,SUCCESS,,1,12,0,False
TXN000939,CUST0345,MERCHANT010,17892.88,NETBANKING,2026-08-21 03:40:38.848634,SUCCESS,,1,16,3,False
TXN000940,CUST1981,MERCHANT002,14503.49,NETBANKING,2026-08-20 18:52:26.848634,SUCCESS,,1,10,4,False
TXN000941,CUST1353,MERCHANT003,26294.04,CARD,2026-08-18 08:46:44.848634,SUCCESS,,1,14,3,False
TXN000942,CUST0307,MERCHANT009,7840.85,WALLET,2026-08-20 10:34:58.848634,SUCCESS,,1,0,3,False
TXN000943,CUST1258,MERCHANT010,15963.91,WALLET,2026-08-23 19:30:16.848634,FAILED,Timeout,1,13,0,True
TXN000944,CUST1317,MERCHANT004,46032.68,WALLET,2026-08-19 03:27:51.848634,SUCCESS,,1,4,0,False
TXN000945,CUST0659,MERCHANT008,35418.14,CARD,2026-08-22 07:49:51.848634,SUCCESS,,1,9,4,False
TXN000946,CUST1835,MERCHANT001,28974.44,UPI,2026-08-21 21:07:59.848634,SUCCESS,,1,6,3,False
TXN000947,CUST1844,MERCHANT010,15569.15,UPI,2026-08-20 17:53:58.848634,SUCCESS,,1,8,0,False
TXN000948,CUST1952,MERCHANT003,23116.35,UPI,2026-08-25 01:49:13.848634,SUCCESS,,1,4,1,False
TXN000949,CUST1074,MERCHANT001,7081.4,NETBANKING,2026-08-18 10:19:22.848634,SUCCESS,,1,16,3,False
TXN000950,CUST1030,MERCHANT008,35875.53,WALLET,2026-08-19 14:36:10.848634,SUCCESS,,1,2,1,False
TXN000951,CUST0545,MERCHANT001,43231.69,WALLET,2026-08-21 10:23:44.848634,SUCCESS,,1,18,0,False
TXN000952,CUST1914,MERCHANT006,41252.98,WALLET,2026-08-19 23:04:54.848634,SUCCESS,,1,8,3,False
TXN000953,CUST1001,MERCHANT007,35856.03,NETBANKING,2026-08-24 13:10:47.848634,FAILED,Bank Declined,2,1,0,True
TXN000954,CUST0324,MERCHANT009,41117.06,WALLET,2026-08-18 13:46:30.848634,SUCCESS,,1,5,5,False
TXN000955,CUST0371,MERCHANT001,6241.03,WALLET,2026-08-18 10:24:40.848634,SUCCESS,,1,12,3,False
TXN000956,CUST0731,MERCHANT005,27610.54,UPI,2026-08-18 19:53:03.848634,SUCCESS,,1,16,2,False
TXN000957,CUST1825,MERCHANT007,1749.98,CARD,2026-08-24 19:23:49.848634,SUCCESS,,1,10,1,False
TXN000958,CUST0873,MERCHANT007,38707.41,NETBANKING,2026-08-19 03:54:58.848634,SUCCESS,,1,12,4,False
TXN000959,CUST1134,MERCHANT001,37083.52,UPI,2026-08-18 03:16:59.848634,SUCCESS,,1,10,0,False
TXN000960,CUST0460,MERCHANT010,33168.9,NETBANKING,2026-08-23 11:31:57.848634,FAILED,Technical Error,2,17,0,True
TXN000961,CUST1989,MERCHANT010,23084.54,UPI,2026-08-18 14:58:47.848634,SUCCESS,,1,14,4,False
TXN000962,CUST1323,MERCHANT003,35532.75,WALLET,2026-08-20 00:51:58.848634,SUCCESS,,1,7,3,False
TXN000963,CUST1477,MERCHANT005,5971.86,WALLET,2026-08-18 19:02:54.848634,SUCCESS,,1,2,2,False
TXN000964,CUST0271,MERCHANT005,42090.8,CARD,2026-08-23 11:14:42.848634,SUCCESS,,1,5,2,False
TXN000965,CUST0887,MERCHANT003,17196.16,CARD,2026-08-20 20:37:19.848634,SUCCESS,,1,18,0,False
TXN000966,CUST1790,MERCHANT001,11428.82,CARD,2026-08-20 14:54:00.848634,SUCCESS,,1,7,5,False
TXN000967,CUST1743,MERCHANT002,23191.79,CARD,2026-08-20 08:47:29.848634,SUCCESS,,1,0,4,False
TXN000968,CUST1965,MERCHANT004,2202.8,NETBANKING,2026-08-19 08:05:35.848634,SUCCESS,,1,20,0,False
TXN000969,CUST1684,MERCHANT001,47546.66,WALLET,2026-08-24 20:59:06.848634,SUCCESS,,1,17,5,False
TXN000970,CUST0226,MERCHANT008,47329.94,UPI,2026-08-18 05:41:50.848634,SUCCESS,,1,7,0,False
TXN000971,CUST1042,MERCHANT004,47397.86,CARD,2026-08-24 14:40:36.848634,SUCCESS,,1,0,3,False
TXN000972,CUST1167,MERCHANT003,28836.51,CARD,2026-08-23 14:16:19.848634,SUCCESS,,1,2,4,False
TXN000973,CUST0059,MERCHANT008,7719.98,CARD,2026-08-20 08:15:18.848634,SUCCESS,,1,16,4,False
TXN000974,CUST1899,MERCHANT004,23295.66,UPI,2026-08-18 19:17:55.848634,FAILED,Network Error,2,15,1,True
TXN000975,CUST1857,MERCHANT005,17053.69,NETBANKING,2026-08-22 09:34:16.848634,SUCCESS,,1,4,4,False
TXN000976,CUST1459,MERCHANT002,27226.18,UPI,2026-08-19 00:36:39.848634,SUCCESS,,1,5,5,False
TXN000977,CUST0155,MERCHANT008,26823.07,UPI,2026-08-18 09:17:05.848634,SUCCESS,,1,20,0,False
TXN000978,CUST1857,MERCHANT008,39701.22,NETBANKING,2026-08-19 00:52:22.848634,SUCCESS,,1,20,2,False
TXN000979,CUST0182,MERCHANT010,16315.81,NETBANKING,2026-08-23 19:24:18.848634,SUCCESS,,1,9,4,False
TXN000980,CUST0712,MERCHANT007,1620.06,WALLET,2026-08-19 21:53:02.848634,SUCCESS,,1,2,2,False
TXN000981,CUST0443,MERCHANT009,17018.36,UPI,2026-08-22 11:31:18.848634,SUCCESS,,1,11,5,False
TXN000982,CUST1993,MERCHANT002,40296.68,UPI,2026-08-19 19:32:24.848634,SUCCESS,,1,3,3,False
TXN000983,CUST0186,MERCHANT002,44863.26,CARD,2026-08-24 11:08:04.848634,SUCCESS,,1,9,4,False
TXN000984,CUST1448,MERCHANT003,21349.97,NETBANKING,2026-08-22 05:57:44.848634,SUCCESS,,1,4,1,False
TXN000985,CUST0973,MERCHANT010,5262.47,CARD,2026-08-24 14:44:33.848634,SUCCESS,,1,11,5,False
TXN000986,CUST0798,MERCHANT004,16280.28,UPI,2026-08-23 01:38:07.848634,SUCCESS,,1,1,4,False
TXN000987,CUST1840,MERCHANT005,18481.46,WALLET,2026-08-20 08:01:21.848634,SUCCESS,,1,5,3,False
TXN000988,CUST0967,MERCHANT009,1993.19,UPI,2026-08-20 22:02:06.848634,SUCCESS,,1,6,0,False
TXN000989,CUST0349,MERCHANT003,6827.72,NETBANKING,2026-08-20 20:54:24.848634,FAILED,Bank Declined,1,10,2,True
TXN000990,CUST0883,MERCHANT008,11000.6,UPI,2026-08-20 23:32:02.848634,SUCCESS,,1,8,2,False
TXN000991,CUST1977,MERCHANT003,18075.3,UPI,2026-08-20 20:02:50.848634,SUCCESS,,1,20,1,False
TXN000992,CUST1295,MERCHANT001,46584.09,NETBANKING,2026-08-19 13:35:31.848634,SUCCESS,,1,8,5,False
TXN000993,CUST1123,MERCHANT005,25913.72,UPI,2026-08-23 22:40:10.848634,SUCCESS,,1,7,4,False
TXN000994,CUST0121,MERCHANT007,37154.12,NETBANKING,2026-08-18 12:33:22.848634,SUCCESS,,1,19,4,False
TXN000995,CUST0997,MERCHANT010,10648.02,NETBANKING,2026-08-19 06:34:14.848634,SUCCESS,,1,13,3,False
TXN000996,CUST0286,MERCHANT003,25247.74,CARD,2026-08-22 02:06:29.848634,SUCCESS,,1,17,5,False
TXN000997,CUST1849,MERCHANT003,7612.08,WALLET,2026-08-23 12:05:38.848634,SUCCESS,,1,4,4,False
TXN000998,CUST1692,MERCHANT010,20952.87,CARD,2026-08-19 19:06:28.848634,SUCCESS,,1,12,4,False
TXN000999,CUST1667,MERCHANT010,7163.27,UPI,2026-08-23 14:49:26.848634,SUCCESS,,1,16,4,False
TXN001000,CUST1599,MERCHANT008,4876.38,CARD,2026-08-19 12:09:31.848634,SUCCESS,,1,14,4,False
TXN001001,CUST0339,MERCHANT003,9817.03,NETBANKING,2026-08-20 09:08:31.848634,SUCCESS,,1,12,2,False
TXN001002,CUST1839,MERCHANT003,10588.31,NETBANKING,2026-08-21 08:11:50.848634,SUCCESS,,1,16,2,False
TXN001003,CUST0612,MERCHANT008,49755.53,CARD,2026-08-21 14:59:25.848634,SUCCESS,,1,8,0,False
TXN001004,CUST0717,MERCHANT009,4009.28,WALLET,2026-08-19 03:25:15.848634,SUCCESS,,1,8,0,False
TXN001005,CUST0989,MERCHANT009,40205.23,NETBANKING,2026-08-19 21:38:34.848634,SUCCESS,,1,12,5,False
TXN001006,CUST0765,MERCHANT007,30163.47,UPI,2026-08-20 06:39:12.848634,SUCCESS,,1,8,5,False
TXN001007,CUST0474,MERCHANT008,6304.81,CARD,2026-08-20 15:19:13.848634,SUCCESS,,1,14,2,False
TXN001008,CUST1724,MERCHANT006,1926.21,UPI,2026-08-19 23:16:30.848634,SUCCESS,,1,3,0,False
TXN001009,CUST1250,MERCHANT008,33432.48,CARD,2026-08-24 10:45:37.848634,SUCCESS,,1,0,1,False
TXN001010,CUST1626,MERCHANT006,28183.86,CARD,2026-08-20 18:22:17.848634,SUCCESS,,1,19,5,False
TXN001011,CUST2000,MERCHANT003,5804.39,WALLET,2026-08-20 13:56:44.848634,SUCCESS,,1,7,0,False
TXN001012,CUST1465,MERCHANT008,20101.93,UPI,2026-08-19 12:34:07.848634,SUCCESS,,1,5,1,False
TXN001013,CUST1159,MERCHANT003,20869.0,UPI,2026-08-19 09:13:53.848634,SUCCESS,,1,4,0,False
TXN001014,CUST0137,MERCHANT009,31678.69,NETBANKING,2026-08-23 03:00:22.848634,SUCCESS,,1,6,3,False
TXN001015,CUST1346,MERCHANT004,46508.05,CARD,2026-08-21 01:59:11.848634,SUCCESS,,1,3,4,False
TXN001016,CUST0222,MERCHANT006,31703.94,UPI,2026-08-20 08:09:36.848634,SUCCESS,,1,7,4,False
TXN001017,CUST1483,MERCHANT003,14823.24,CARD,2026-08-24 02:57:46.848634,SUCCESS,,1,14,0,False
TXN001018,CUST1720,MERCHANT003,20504.88,NETBANKING,2026-08-24 12:31:37.848634,SUCCESS,,1,8,1,False
TXN001019,CUST1086,MERCHANT005,2789.52,NETBANKING,2026-08-19 00:28:16.848634,SUCCESS,,1,12,4,False
TXN001020,CUST0316,MERCHANT009,46983.96,NETBANKING,2026-08-21 22:14:07.848634,SUCCESS,,1,6,5,False
TXN001021,CUST1242,MERCHANT003,14754.16,NETBANKING,2026-08-24 02:24:56.848634,FAILED,Network Error,3,7,2,False
TXN001022,CUST0893,MERCHANT002,41275.21,WALLET,2026-08-22 19:34:56.848634,SUCCESS,,1,18,2,False
TXN001023,CUST0739,MERCHANT002,34794.24,CARD,2026-08-18 05:01:55.848634,SUCCESS,,1,13,3,False
TXN001024,CUST1321,MERCHANT009,47051.26,CARD,2026-08-19 06:30:39.848634,SUCCESS,,1,18,2,False
TXN001025,CUST0063,MERCHANT008,36875.53,NETBANKING,2026-08-22 13:40:11.848634,SUCCESS,,1,5,3,False
TXN001026,CUST0921,MERCHANT002,18436.04,UPI,2026-08-20 08:52:36.848634,SUCCESS,,1,20,3,False
TXN001027,CUST0784,MERCHANT010,35838.69,UPI,2026-08-20 10:10:21.848634,FAILED,Timeout,2,10,3,True
TXN001028,CUST0768,MERCHANT008,9754.74,CARD,2026-08-20 08:34:56.848634,SUCCESS,,1,7,5,False
TXN001029,CUST0467,MERCHANT006,47797.96,NETBANKING,2026-08-23 08:40:11.848634,SUCCESS,,1,8,5,False
TXN001030,CUST0047,MERCHANT005,24840.91,NETBANKING,2026-08-21 16:58:03.848634,SUCCESS,,1,18,3,False
TXN001031,CUST0536,MERCHANT006,1269.81,NETBANKING,2026-08-21 09:39:42.848634,SUCCESS,,1,2,2,False
TXN001032,CUST1346,MERCHANT006,4435.74,WALLET,2026-08-18 06:11:55.848634,SUCCESS,,1,9,5,False
TXN001033,CUST0077,MERCHANT009,8481.42,WALLET,2026-08-19 14:45:07.848634,SUCCESS,,1,7,4,False
TXN001034,CUST1292,MERCHANT009,12607.25,CARD,2026-08-24 06:10:13.848634,SUCCESS,,1,5,0,False
TXN001035,CUST1909,MERCHANT007,17574.98,WALLET,2026-08-23 11:07:10.848634,SUCCESS,,1,5,3,False
TXN001036,CUST0460,MERCHANT001,37329.94,CARD,2026-08-20 05:37:37.848634,SUCCESS,,1,5,5,False
TXN001037,CUST0590,MERCHANT006,15252.22,CARD,2026-08-24 20:27:46.848634,SUCCESS,,1,13,4,False
TXN001038,CUST0388,MERCHANT003,7741.34,NETBANKING,2026-08-21 09:29:25.848634,SUCCESS,,1,2,0,False
TXN001039,CUST1503,MERCHANT009,15771.04,CARD,2026-08-23 12:16:12.848634,SUCCESS,,1,0,2,False
TXN001040,CUST0696,MERCHANT002,35954.18,CARD,2026-08-22 00:35:55.848634,SUCCESS,,1,12,2,False
TXN001041,CUST0134,MERCHANT010,48311.45,NETBANKING,2026-08-24 22:41:01.848634,SUCCESS,,1,14,5,False
TXN001042,CUST0423,MERCHANT005,2312.81,WALLET,2026-08-18 19:35:46.848634,SUCCESS,,1,5,2,False
TXN001043,CUST1159,MERCHANT003,8037.9,WALLET,2026-08-22 18:32:46.848634,FAILED,Bank Declined,3,18,2,False
TXN001044,CUST1485,MERCHANT005,18734.89,UPI,2026-08-19 17:58:47.848634,SUCCESS,,1,19,4,False
TXN001045,CUST0674,MERCHANT002,24818.7,UPI,2026-08-21 11:59:32.848634,SUCCESS,,1,9,2,False
TXN001046,CUST0939,MERCHANT002,18484.94,WALLET,2026-08-23 03:02:01.848634,SUCCESS,,1,17,2,False
TXN001047,CUST1018,MERCHANT007,38115.49,UPI,2026-08-23 16:58:46.848634,SUCCESS,,1,1,3,False
TXN001048,CUST0220,MERCHANT010,26005.14,CARD,2026-08-24 00:04:19.848634,SUCCESS,,1,0,3,False
TXN001049,CUST1167,MERCHANT003,36992.52,UPI,2026-08-18 11:36:50.848634,SUCCESS,,1,1,0,False
TXN001050,CUST1782,MERCHANT010,19168.63,CARD,2026-08-22 18:08:59.848634,SUCCESS,,1,18,5,False
TXN001051,CUST0457,MERCHANT002,16622.31,UPI,2026-08-20 07:56:23.848634,SUCCESS,,1,6,4,False
TXN001052,CUST0854,MERCHANT002,38751.71,WALLET,2026-08-19 06:54:23.848634,SUCCESS,,1,9,0,False
TXN001053,CUST0120,MERCHANT004,12608.3,NETBANKING,2026-08-22 11:33:00.848634,SUCCESS,,1,11,1,False
TXN001054,CUST0955,MERCHANT001,16416.73,WALLET,2026-08-21 03:54:13.848634,SUCCESS,,1,11,1,False
TXN001055,CUST0285,MERCHANT007,24326.16,WALLET,2026-08-22 08:04:12.848634,SUCCESS,,1,12,1,False
TXN001056,CUST0030,MERCHANT008,39850.25,UPI,2026-08-19 09:15:51.848634,SUCCESS,,1,7,2,False
TXN001057,CUST0174,MERCHANT005,1282.85,UPI,2026-08-23 10:06:40.848634,SUCCESS,,1,11,3,False
TXN001058,CUST1221,MERCHANT002,9071.54,WALLET,2026-08-19 03:23:32.848634,FAILED,Timeout,3,5,1,False
TXN001059,CUST0468,MERCHANT006,5000.2,WALLET,2026-08-22 17:11:34.848634,SUCCESS,,1,0,5,False
TXN001060,CUST1935,MERCHANT006,39895.84,NETBANKING,2026-08-18 09:07:58.848634,FAILED,Timeout,3,10,1,False
TXN001061,CUST0958,MERCHANT004,42988.97,CARD,2026-08-24 18:04:28.848634,SUCCESS,,1,19,4,False
TXN001062,CUST0042,MERCHANT009,39961.51,WALLET,2026-08-22 14:54:57.848634,SUCCESS,,1,4,5,False
TXN001063,CUST0626,MERCHANT005,42691.91,NETBANKING,2026-08-20 21:47:21.848634,SUCCESS,,1,2,2,False
TXN001064,CUST1412,MERCHANT010,15235.91,NETBANKING,2026-08-23 00:37:58.848634,SUCCESS,,1,15,4,False
TXN001065,CUST1758,MERCHANT002,19215.97,NETBANKING,2026-08-21 01:02:27.848634,SUCCESS,,1,3,1,False
TXN001066,CUST1464,MERCHANT006,36528.18,CARD,2026-08-23 11:47:03.848634,SUCCESS,,1,6,0,False
TXN001067,CUST0655,MERCHANT010,37625.3,NETBANKING,2026-08-21 07:46:10.848634,SUCCESS,,1,9,4,False
TXN001068,CUST1041,MERCHANT010,20989.11,UPI,2026-08-22 16:54:53.848634,SUCCESS,,1,18,2,False
TXN001069,CUST1381,MERCHANT008,41356.73,NETBANKING,2026-08-22 03:20:21.848634,SUCCESS,,1,17,1,False
TXN001070,CUST0139,MERCHANT006,44307.66,CARD,2026-08-20 09:07:14.848634,SUCCESS,,1,7,0,False
TXN001071,CUST0052,MERCHANT008,12348.94,CARD,2026-08-20 01:40:58.848634,SUCCESS,,1,9,5,False
TXN001072,CUST1160,MERCHANT003,13013.0,CARD,2026-08-19 11:19:09.848634,SUCCESS,,1,17,4,False
TXN001073,CUST0666,MERCHANT005,42344.86,UPI,2026-08-18 11:11:49.848634,SUCCESS,,1,18,0,False
TXN001074,CUST1167,MERCHANT004,49600.56,WALLET,2026-08-21 02:32:56.848634,SUCCESS,,1,9,5,False
TXN001075,CUST0603,MERCHANT010,46240.57,WALLET,2026-08-20 21:55:13.848634,SUCCESS,,1,15,0,False
TXN001076,CUST0700,MERCHANT006,41378.02,UPI,2026-08-22 22:38:21.848634,SUCCESS,,1,20,3,False
TXN001077,CUST1135,MERCHANT003,14949.29,WALLET,2026-08-22 11:06:42.848634,SUCCESS,,1,6,0,False
TXN001078,CUST1102,MERCHANT010,40659.61,WALLET,2026-08-21 02:09:17.848634,SUCCESS,,1,20,1,False
TXN001079,CUST1566,MERCHANT004,31049.38,NETBANKING,2026-08-18 04:54:36.848634,SUCCESS,,1,18,3,False
TXN001080,CUST0001,MERCHANT001,3061.1,WALLET,2026-08-22 01:00:32.848634,FAILED,Timeout,3,2,3,False
TXN001081,CUST0640,MERCHANT009,17216.13,CARD,2026-08-23 12:46:45.848634,SUCCESS,,1,5,1,False
TXN001082,CUST0508,MERCHANT010,9044.22,CARD,2026-08-20 22:29:48.848634,SUCCESS,,1,20,5,False
TXN001083,CUST1526,MERCHANT005,17806.21,CARD,2026-08-22 13:25:33.848634,SUCCESS,,1,8,0,False
TXN001084,CUST1984,MERCHANT002,8681.63,WALLET,2026-08-20 04:00:02.848634,SUCCESS,,1,11,2,False
TXN001085,CUST1309,MERCHANT001,22062.72,WALLET,2026-08-22 00:26:06.848634,SUCCESS,,1,0,1,False
TXN001086,CUST1298,MERCHANT002,13682.19,UPI,2026-08-24 18:11:47.848634,SUCCESS,,1,19,1,False
TXN001087,CUST1055,MERCHANT007,42963.13,UPI,2026-08-24 18:29:17.848634,SUCCESS,,1,4,2,False
TXN001088,CUST1799,MERCHANT010,34431.29,WALLET,2026-08-22 01:14:01.848634,SUCCESS,,1,19,2,False
TXN001089,CUST1215,MERCHANT002,48105.45,CARD,2026-08-18 19:11:46.848634,SUCCESS,,1,14,3,False
TXN001090,CUST0175,MERCHANT007,44693.01,WALLET,2026-08-18 13:28:00.848634,SUCCESS,,1,1,0,False
TXN001091,CUST0047,MERCHANT008,27780.8,UPI,2026-08-22 15:55:43.848634,SUCCESS,,1,4,5,False
TXN001092,CUST0582,MERCHANT010,21211.69,WALLET,2026-08-21 02:50:11.848634,SUCCESS,,1,9,2,False
TXN001093,CUST0186,MERCHANT009,915.35,CARD,2026-08-20 02:26:32.848634,SUCCESS,,1,10,0,False
TXN001094,CUST0186,MERCHANT006,43536.39,NETBANKING,2026-08-24 15:56:25.848634,SUCCESS,,1,8,1,False
TXN001095,CUST0433,MERCHANT002,26274.32,CARD,2026-08-24 16:14:09.848634,SUCCESS,,1,1,5,False
TXN001096,CUST0676,MERCHANT008,43456.57,UPI,2026-08-18 19:39:31.848634,SUCCESS,,1,17,2,False
TXN001097,CUST1089,MERCHANT010,12983.11,WALLET,2026-08-23 14:56:27.848634,SUCCESS,,1,8,1,False
TXN001098,CUST1392,MERCHANT006,40806.19,WALLET,2026-08-24 20:18:29.848634,SUCCESS,,1,15,5,False
TXN001099,CUST1220,MERCHANT009,5131.32,WALLET,2026-08-19 17:51:33.848634,SUCCESS,,1,19,4,False
TXN001100,CUST0896,MERCHANT003,43468.56,NETBANKING,2026-08-19 04:04:05.848634,SUCCESS,,1,9,3,False
TXN001101,CUST0517,MERCHANT008,21202.35,NETBANKING,2026-08-22 21:34:04.848634,SUCCESS,,1,5,4,False
TXN001102,CUST0086,MERCHANT001,37619.63,CARD,2026-08-19 05:09:05.848634,SUCCESS,,1,14,4,False
TXN001103,CUST1585,MERCHANT003,35749.39,UPI,2026-08-23 23:12:14.848634,SUCCESS,,1,2,3,False
TXN001104,CUST0713,MERCHANT008,6477.1,WALLET,2026-08-18 10:10:45.848634,SUCCESS,,1,9,3,False
TXN001105,CUST1357,MERCHANT005,28181.03,UPI,2026-08-19 08:24:35.848634,SUCCESS,,1,2,1,False
TXN001106,CUST0042,MERCHANT007,35905.23,CARD,2026-08-19 04:21:46.848634,SUCCESS,,1,5,1,False
TXN001107,CUST0727,MERCHANT003,35326.97,CARD,2026-08-20 15:58:08.848634,SUCCESS,,1,4,1,False
TXN001108,CUST0656,MERCHANT009,17487.59,NETBANKING,2026-08-18 22:37:27.848634,SUCCESS,,1,4,1,False
TXN001109,CUST0756,MERCHANT003,17989.33,NETBANKING,2026-08-21 23:07:11.848634,SUCCESS,,1,15,2,False
TXN001110,CUST0449,MERCHANT006,49673.29,WALLET,2026-08-23 08:01:59.848634,SUCCESS,,1,4,3,False
TXN001111,CUST0285,MERCHANT009,9965.98,UPI,2026-08-24 07:53:56.848634,SUCCESS,,1,8,0,False
TXN001112,CUST0726,MERCHANT006,34297.75,UPI,2026-08-21 21:41:11.848634,SUCCESS,,1,6,0,False
TXN001113,CUST0750,MERCHANT006,10611.2,NETBANKING,2026-08-21 23:04:05.848634,SUCCESS,,1,12,4,False
TXN001114,CUST1504,MERCHANT005,30184.6,CARD,2026-08-21 02:14:57.848634,SUCCESS,,1,20,2,False
TXN001115,CUST1671,MERCHANT004,8145.0,UPI,2026-08-19 20:52:24.848634,SUCCESS,,1,10,0,False
TXN001116,CUST0695,MERCHANT003,41962.89,NETBANKING,2026-08-21 07:55:42.848634,SUCCESS,,1,20,5,False
TXN001117,CUST1863,MERCHANT007,35254.46,UPI,2026-08-21 23:03:59.848634,SUCCESS,,1,10,1,False
TXN001118,CUST1311,MERCHANT005,45852.75,CARD,2026-08-19 06:27:37.848634,SUCCESS,,1,17,5,False
TXN001119,CUST1421,MERCHANT010,13301.53,UPI,2026-08-23 22:03:20.848634,FAILED,Technical Error,2,1,1,True
TXN001120,CUST0412,MERCHANT010,42261.91,NETBANKING,2026-08-24 17:53:03.848634,SUCCESS,,1,15,1,False
TXN001121,CUST0629,MERCHANT002,18167.46,WALLET,2026-08-24 18:46:17.848634,SUCCESS,,1,10,3,False
TXN001122,CUST1392,MERCHANT001,47250.29,CARD,2026-08-18 15:47:02.848634,SUCCESS,,1,8,4,False
TXN001123,CUST0430,MERCHANT002,31310.66,NETBANKING,2026-08-22 21:45:01.848634,SUCCESS,,1,20,4,False
TXN001124,CUST0878,MERCHANT010,48161.69,UPI,2026-08-24 01:33:11.848634,SUCCESS,,1,17,5,False
TXN001125,CUST0614,MERCHANT008,22139.14,WALLET,2026-08-22 09:30:11.848634,SUCCESS,,1,9,0,False
TXN001126,CUST0730,MERCHANT002,31457.53,NETBANKING,2026-08-20 11:30:51.848634,SUCCESS,,1,12,5,False
TXN001127,CUST1307,MERCHANT009,49198.77,WALLET,2026-08-19 05:14:48.848634,SUCCESS,,1,17,4,False
TXN001128,CUST1438,MERCHANT001,7825.36,NETBANKING,2026-08-21 07:36:26.848634,SUCCESS,,1,17,1,False
TXN001129,CUST1544,MERCHANT002,32573.53,NETBANKING,2026-08-22 22:41:14.848634,SUCCESS,,1,20,5,False
TXN001130,CUST0471,MERCHANT008,17663.14,UPI,2026-08-20 08:22:30.848634,SUCCESS,,1,19,0,False
TXN001131,CUST1052,MERCHANT008,22814.88,UPI,2026-08-22 10:05:14.848634,SUCCESS,,1,14,4,False
TXN001132,CUST0811,MERCHANT003,44136.5,WALLET,2026-08-21 20:23:47.848634,SUCCESS,,1,2,2,False
TXN001133,CUST0939,MERCHANT004,3059.06,CARD,2026-08-24 05:19:34.848634,SUCCESS,,1,6,0,False
TXN001134,CUST0325,MERCHANT002,1082.49,NETBANKING,2026-08-23 14:26:09.848634,SUCCESS,,1,9,5,False
TXN001135,CUST1133,MERCHANT002,7151.91,WALLET,2026-08-21 01:46:24.848634,SUCCESS,,1,1,4,False
TXN001136,CUST1768,MERCHANT001,25419.77,NETBANKING,2026-08-18 03:34:40.848634,SUCCESS,,1,12,4,False
TXN001137,CUST0677,MERCHANT005,13519.97,CARD,2026-08-19 21:10:27.848634,SUCCESS,,1,11,5,False
TXN001138,CUST0435,MERCHANT010,40681.54,UPI,2026-08-19 06:23:06.848634,SUCCESS,,1,2,4,False
TXN001139,CUST0246,MERCHANT003,18769.1,UPI,2026-08-21 16:02:27.848634,SUCCESS,,1,7,2,False
TXN001140,CUST0391,MERCHANT007,27926.85,CARD,2026-08-24 13:32:03.848634,SUCCESS,,1,4,3,False
TXN001141,CUST1768,MERCHANT009,15651.94,UPI,2026-08-25 00:48:23.848634,SUCCESS,,1,6,5,False
TXN001142,CUST1458,MERCHANT008,27029.78,WALLET,2026-08-24 12:55:04.848634,SUCCESS,,1,9,0,False
TXN001143,CUST0163,MERCHANT008,43783.37,UPI,2026-08-22 01:58:58.848634,SUCCESS,,1,17,2,False
TXN001144,CUST0124,MERCHANT004,23864.01,UPI,2026-08-22 04:19:38.848634,SUCCESS,,1,11,5,False
TXN001145,CUST1218,MERCHANT009,19863.71,UPI,2026-08-22 17:52:59.848634,SUCCESS,,1,3,5,False
TXN001146,CUST1722,MERCHANT005,40454.45,UPI,2026-08-24 08:29:36.848634,SUCCESS,,1,19,0,False
TXN001147,CUST0309,MERCHANT004,46139.25,NETBANKING,2026-08-21 20:14:59.848634,SUCCESS,,1,6,2,False
TXN001148,CUST1916,MERCHANT008,15973.2,UPI,2026-08-19 02:45:19.848634,SUCCESS,,1,0,2,False
TXN001149,CUST0373,MERCHANT004,11190.3,NETBANKING,2026-08-22 18:13:57.848634,SUCCESS,,1,16,5,False
TXN001150,CUST1097,MERCHANT004,8457.51,WALLET,2026-08-22 13:37:58.848634,SUCCESS,,1,19,3,False
TXN001151,CUST0321,MERCHANT004,34724.82,UPI,2026-08-22 05:48:16.848634,SUCCESS,,1,16,3,False
TXN001152,CUST0816,MERCHANT008,23673.34,WALLET,2026-08-21 15:50:34.848634,SUCCESS,,1,1,1,False
TXN001153,CUST0651,MERCHANT004,41827.37,NETBANKING,2026-08-21 18:52:57.848634,SUCCESS,,1,8,5,False
TXN001154,CUST1839,MERCHANT006,44478.83,NETBANKING,2026-08-22 03:59:40.848634,SUCCESS,,1,20,1,False
TXN001155,CUST1723,MERCHANT008,26535.7,WALLET,2026-08-22 20:14:01.848634,SUCCESS,,1,5,3,False
TXN001156,CUST0833,MERCHANT008,42975.67,UPI,2026-08-20 04:35:41.848634,SUCCESS,,1,10,5,False
TXN001157,CUST0538,MERCHANT001,1889.89,UPI,2026-08-18 22:41:25.848634,SUCCESS,,1,6,3,False
TXN001158,CUST1023,MERCHANT001,3869.95,UPI,2026-08-18 22:32:50.848634,SUCCESS,,1,0,2,False
TXN001159,CUST0977,MERCHANT010,115.96,WALLET,2026-08-20 20:41:46.848634,SUCCESS,,1,8,3,False
TXN001160,CUST0748,MERCHANT010,29807.67,CARD,2026-08-20 09:48:37.848634,SUCCESS,,1,7,5,False
TXN001161,CUST0242,MERCHANT006,26695.04,NETBANKING,2026-08-20 10:05:35.848634,SUCCESS,,1,14,5,False
TXN001162,CUST0322,MERCHANT010,22483.26,NETBANKING,2026-08-24 01:28:45.848634,SUCCESS,,1,8,5,False
TXN001163,CUST0930,MERCHANT009,33045.78,CARD,2026-08-23 15:19:20.848634,SUCCESS,,1,13,0,False
TXN001164,CUST0747,MERCHANT002,30496.84,CARD,2026-08-21 15:07:21.848634,SUCCESS,,1,16,1,False
TXN001165,CUST0791,MERCHANT010,17803.25,WALLET,2026-08-21 15:27:03.848634,SUCCESS,,1,10,3,False
TXN001166,CUST0402,MERCHANT005,5826.04,CARD,2026-08-19 23:56:03.848634,SUCCESS,,1,10,2,False
TXN001167,CUST0044,MERCHANT004,32424.44,UPI,2026-08-19 20:14:54.848634,FAILED,Insufficient Funds,3,1,5,False
TXN001168,CUST0485,MERCHANT007,35739.67,UPI,2026-08-20 18:28:08.848634,SUCCESS,,1,16,5,False
TXN001169,CUST1645,MERCHANT007,5270.15,UPI,2026-08-24 23:10:29.848634,SUCCESS,,1,12,0,False
TXN001170,CUST1790,MERCHANT007,49529.05,WALLET,2026-08-19 12:51:40.848634,SUCCESS,,1,0,1,False
TXN001171,CUST0545,MERCHANT010,31508.15,WALLET,2026-08-21 18:37:48.848634,SUCCESS,,1,2,1,False
TXN001172,CUST1799,MERCHANT004,27523.65,WALLET,2026-08-24 05:47:12.848634,SUCCESS,,1,13,0,False
TXN001173,CUST0384,MERCHANT008,30153.9,CARD,2026-08-21 21:55:34.848634,SUCCESS,,1,15,3,False
TXN001174,CUST0501,MERCHANT010,656.93,CARD,2026-08-21 17:22:46.848634,SUCCESS,,1,19,2,False
TXN001175,CUST1107,MERCHANT008,19164.53,NETBANKING,2026-08-19 22:29:50.848634,SUCCESS,,1,3,3,False
TXN001176,CUST0896,MERCHANT010,24973.1,NETBANKING,2026-08-21 18:12:51.848634,SUCCESS,,1,12,3,False
TXN001177,CUST0532,MERCHANT002,1172.69,CARD,2026-08-24 04:20:14.848634,SUCCESS,,1,0,1,False
TXN001178,CUST0245,MERCHANT004,29721.51,CARD,2026-08-21 02:12:56.848634,SUCCESS,,1,14,1,False
TXN001179,CUST0598,MERCHANT002,7137.79,UPI,2026-08-22 14:07:41.848634,SUCCESS,,1,7,3,False
TXN001180,CUST1822,MERCHANT009,45195.02,CARD,2026-08-19 21:49:16.848634,SUCCESS,,1,0,4,False
TXN001181,CUST1081,MERCHANT005,30451.31,UPI,2026-08-19 20:12:39.848634,SUCCESS,,1,18,4,False
TXN001182,CUST0839,MERCHANT005,48265.6,NETBANKING,2026-08-20 09:37:18.848634,SUCCESS,,1,5,0,False
TXN001183,CUST1288,MERCHANT009,7626.98,WALLET,2026-08-24 07:39:51.848634,SUCCESS,,1,19,4,False
TXN001184,CUST0079,MERCHANT007,7371.95,WALLET,2026-08-24 03:20:28.848634,SUCCESS,,1,7,5,False
TXN001185,CUST0684,MERCHANT005,4484.71,CARD,2026-08-21 22:41:50.848634,SUCCESS,,1,12,3,False
TXN001186,CUST1130,MERCHANT009,15262.64,CARD,2026-08-22 02:46:16.848634,FAILED,Technical Error,1,4,2,True
TXN001187,CUST1983,MERCHANT005,46618.19,CARD,2026-08-25 01:24:58.848634,SUCCESS,,1,2,4,False
TXN001188,CUST1931,MERCHANT006,7342.45,NETBANKING,2026-08-20 13:17:18.848634,SUCCESS,,1,2,1,False
TXN001189,CUST1676,MERCHANT003,27948.51,WALLET,2026-08-21 00:16:14.848634,SUCCESS,,1,6,5,False
TXN001190,CUST0651,MERCHANT004,2514.72,CARD,2026-08-22 13:30:53.848634,SUCCESS,,1,17,0,False
TXN001191,CUST1927,MERCHANT006,32004.43,CARD,2026-08-21 20:27:29.848634,SUCCESS,,1,7,4,False
TXN001192,CUST0138,MERCHANT009,40436.16,WALLET,2026-08-21 07:14:18.848634,SUCCESS,,1,1,0,False
TXN001193,CUST1074,MERCHANT006,48860.84,WALLET,2026-08-23 23:39:30.848634,SUCCESS,,1,5,0,False
TXN001194,CUST1848,MERCHANT005,34981.6,CARD,2026-08-19 08:56:00.848634,SUCCESS,,1,2,1,False
TXN001195,CUST1981,MERCHANT002,48667.36,CARD,2026-08-21 22:38:12.848634,SUCCESS,,1,5,4,False
TXN001196,CUST1865,MERCHANT007,12310.91,CARD,2026-08-20 04:17:00.848634,SUCCESS,,1,14,4,False
TXN001197,CUST1206,MERCHANT005,20770.21,NETBANKING,2026-08-19 03:55:30.848634,SUCCESS,,1,3,2,False
TXN001198,CUST1804,MERCHANT003,4739.69,UPI,2026-08-24 16:11:52.848634,SUCCESS,,1,0,5,False
TXN001199,CUST1179,MERCHANT010,1404.7,NETBANKING,2026-08-20 16:31:05.848634,SUCCESS,,1,16,1,False
TXN001200,CUST1097,MERCHANT004,29004.0,NETBANKING,2026-08-22 07:07:07.848634,SUCCESS,,1,16,0,False
TXN001201,CUST1276,MERCHANT005,19261.72,WALLET,2026-08-22 09:31:06.848634,SUCCESS,,1,20,2,False
TXN001202,CUST0871,MERCHANT003,48038.25,UPI,2026-08-20 18:06:57.848634,SUCCESS,,1,7,0,False
TXN001203,CUST0827,MERCHANT007,40515.46,UPI,2026-08-19 03:39:19.848634,SUCCESS,,1,9,0,False
TXN001204,CUST0079,MERCHANT005,17972.75,WALLET,2026-08-18 03:11:45.848634,SUCCESS,,1,18,0,False
TXN001205,CUST0366,MERCHANT005,1897.42,NETBANKING,2026-08-20 04:16:42.848634,SUCCESS,,1,5,0,False
TXN001206,CUST0910,MERCHANT002,33688.52,CARD,2026-08-21 15:32:06.848634,SUCCESS,,1,20,5,False
TXN001207,CUST1726,MERCHANT004,46722.5,WALLET,2026-08-18 13:39:34.848634,SUCCESS,,1,2,3,False
TXN001208,CUST1946,MERCHANT009,29467.04,WALLET,2026-08-21 02:44:56.848634,SUCCESS,,1,2,2,False
TXN001209,CUST1909,MERCHANT010,3200.92,NETBANKING,2026-08-24 13:16:45.848634,SUCCESS,,1,10,3,False
TXN001210,CUST0526,MERCHANT009,12250.07,WALLET,2026-08-23 05:59:36.848634,SUCCESS,,1,20,5,False
TXN001211,CUST0346,MERCHANT010,34604.81,UPI,2026-08-23 15:17:24.848634,SUCCESS,,1,16,4,False
TXN001212,CUST0022,MERCHANT004,16675.05,NETBANKING,2026-08-24 12:54:09.848634,SUCCESS,,1,8,4,False
TXN001213,CUST0601,MERCHANT004,5990.54,UPI,2026-08-18 12:20:54.848634,SUCCESS,,1,17,2,False
TXN001214,CUST1974,MERCHANT001,11108.75,WALLET,2026-08-20 18:05:46.848634,SUCCESS,,1,0,3,False
TXN001215,CUST1136,MERCHANT003,40517.34,NETBANKING,2026-08-22 14:53:32.848634,SUCCESS,,1,11,0,False
TXN001216,CUST0414,MERCHANT009,33353.06,NETBANKING,2026-08-25 01:01:10.848634,SUCCESS,,1,5,1,False
TXN001217,CUST0906,MERCHANT003,32736.28,CARD,2026-08-18 11:37:27.848634,SUCCESS,,1,9,4,False
TXN001218,CUST0214,MERCHANT003,33326.82,NETBANKING,2026-08-21 17:36:49.848634,SUCCESS,,1,1,2,False
TXN001219,CUST0449,MERCHANT005,14546.94,NETBANKING,2026-08-19 20:43:43.848634,SUCCESS,,1,13,5,False
TXN001220,CUST1121,MERCHANT005,21773.04,NETBANKING,2026-08-22 03:59:15.848634,SUCCESS,,1,19,1,False
TXN001221,CUST0883,MERCHANT009,33838.62,CARD,2026-08-22 21:45:56.848634,SUCCESS,,1,10,1,False
TXN001222,CUST0611,MERCHANT001,49188.06,CARD,2026-08-22 04:51:07.848634,SUCCESS,,1,1,0,False
TXN001223,CUST0008,MERCHANT006,32211.34,NETBANKING,2026-08-25 02:13:07.848634,SUCCESS,,1,19,2,False
TXN001224,CUST0354,MERCHANT010,43973.36,NETBANKING,2026-08-23 08:42:20.848634,SUCCESS,,1,17,5,False
TXN001225,CUST0521,MERCHANT010,20863.29,WALLET,2026-08-22 21:42:47.848634,SUCCESS,,1,15,3,False
TXN001226,CUST0726,MERCHANT010,43233.33,WALLET,2026-08-18 20:56:15.848634,SUCCESS,,1,0,1,False
TXN001227,CUST1931,MERCHANT004,37634.04,WALLET,2026-08-21 23:14:35.848634,SUCCESS,,1,13,4,False
TXN001228,CUST1231,MERCHANT003,34015.06,UPI,2026-08-21 07:44:45.848634,SUCCESS,,1,9,5,False
TXN001229,CUST1094,MERCHANT002,31738.76,NETBANKING,2026-08-20 22:30:50.848634,SUCCESS,,1,20,4,False
TXN001230,CUST1840,MERCHANT005,1901.18,WALLET,2026-08-24 07:26:13.848634,SUCCESS,,1,7,5,False
TXN001231,CUST0355,MERCHANT003,28403.02,UPI,2026-08-23 09:36:37.848634,SUCCESS,,1,9,3,False
TXN001232,CUST1360,MERCHANT003,6169.41,NETBANKING,2026-08-19 11:09:30.848634,SUCCESS,,1,16,1,False
TXN001233,CUST1492,MERCHANT008,12926.05,WALLET,2026-08-19 02:17:49.848634,SUCCESS,,1,2,0,False
TXN001234,CUST0013,MERCHANT003,46762.42,WALLET,2026-08-20 22:49:11.848634,SUCCESS,,1,18,4,False
TXN001235,CUST1705,MERCHANT001,14388.78,UPI,2026-08-20 01:38:11.848634,SUCCESS,,1,4,2,False
TXN001236,CUST0339,MERCHANT006,3625.74,UPI,2026-08-22 18:33:02.848634,SUCCESS,,1,12,1,False
TXN001237,CUST1140,MERCHANT006,34318.76,WALLET,2026-08-22 21:48:38.848634,SUCCESS,,1,20,3,False
TXN001238,CUST1178,MERCHANT005,27073.12,CARD,2026-08-24 10:08:50.848634,SUCCESS,,1,9,3,False
TXN001239,CUST0732,MERCHANT008,19296.88,CARD,2026-08-24 06:19:00.848634,SUCCESS,,1,9,3,False
TXN001240,CUST0687,MERCHANT004,44288.16,CARD,2026-08-20 22:53:19.848634,SUCCESS,,1,6,2,False
TXN001241,CUST1808,MERCHANT005,23853.06,NETBANKING,2026-08-23 18:27:19.848634,SUCCESS,,1,20,3,False
TXN001242,CUST0050,MERCHANT008,14647.68,CARD,2026-08-20 20:43:47.848634,SUCCESS,,1,5,0,False
TXN001243,CUST1259,MERCHANT008,46918.08,WALLET,2026-08-23 16:06:11.848634,SUCCESS,,1,5,1,False
TXN001244,CUST0296,MERCHANT002,10676.01,NETBANKING,2026-08-19 07:03:35.848634,SUCCESS,,1,0,3,False
TXN001245,CUST1388,MERCHANT001,33588.4,CARD,2026-08-24 09:18:02.848634,SUCCESS,,1,5,0,False
TXN001246,CUST1783,MERCHANT005,49208.27,WALLET,2026-08-21 23:43:07.848634,SUCCESS,,1,19,5,False
TXN001247,CUST0012,MERCHANT007,37690.46,WALLET,2026-08-24 18:06:51.848634,SUCCESS,,1,10,0,False
TXN001248,CUST0157,MERCHANT004,22345.37,NETBANKING,2026-08-21 21:03:40.848634,SUCCESS,,1,2,0,False
TXN001249,CUST0122,MERCHANT004,34371.63,NETBANKING,2026-08-22 14:52:26.848634,SUCCESS,,1,1,0,False
TXN001250,CUST0663,MERCHANT002,47438.03,WALLET,2026-08-20 06:37:18.848634,SUCCESS,,1,1,4,False
TXN001251,CUST1080,MERCHANT010,31031.76,CARD,2026-08-18 22:09:06.848634,SUCCESS,,1,16,4,False
TXN001252,CUST0180,MERCHANT006,37358.35,NETBANKING,2026-08-21 17:24:48.848634,SUCCESS,,1,4,5,False
TXN001253,CUST1876,MERCHANT010,35926.18,WALLET,2026-08-18 05:54:07.848634,SUCCESS,,1,10,3,False
TXN001254,CUST1604,MERCHANT006,14115.16,NETBANKING,2026-08-18 10:07:07.848634,SUCCESS,,1,14,4,False
TXN001255,CUST1689,MERCHANT006,49246.06,CARD,2026-08-22 14:13:57.848634,SUCCESS,,1,2,5,False
TXN001256,CUST0507,MERCHANT001,1197.32,NETBANKING,2026-08-23 01:03:46.848634,SUCCESS,,1,2,1,False
TXN001257,CUST1274,MERCHANT003,39099.27,UPI,2026-08-20 18:15:45.848634,SUCCESS,,1,17,1,False
TXN001258,CUST0757,MERCHANT002,40338.47,WALLET,2026-08-18 06:02:49.848634,SUCCESS,,1,5,0,False
TXN001259,CUST0199,MERCHANT002,44589.78,CARD,2026-08-25 00:36:53.848634,FAILED,Technical Error,1,17,5,True
TXN001260,CUST1566,MERCHANT004,14282.85,CARD,2026-08-23 05:47:27.848634,SUCCESS,,1,9,2,False
TXN001261,CUST1499,MERCHANT002,47223.8,WALLET,2026-08-20 19:36:51.848634,SUCCESS,,1,13,4,False
TXN001262,CUST1415,MERCHANT008,28307.2,NETBANKING,2026-08-21 13:33:17.848634,SUCCESS,,1,6,5,False
TXN001263,CUST0012,MERCHANT001,33453.79,NETBANKING,2026-08-19 06:32:52.848634,SUCCESS,,1,2,4,False
TXN001264,CUST1797,MERCHANT003,47576.78,CARD,2026-08-22 04:33:40.848634,SUCCESS,,1,7,3,False
TXN001265,CUST1140,MERCHANT009,8363.35,NETBANKING,2026-08-18 14:14:10.848634,SUCCESS,,1,14,5,False
TXN001266,CUST0968,MERCHANT004,19194.01,WALLET,2026-08-22 07:09:15.848634,SUCCESS,,1,0,5,False
TXN001267,CUST0539,MERCHANT006,11024.15,WALLET,2026-08-21 23:40:51.848634,SUCCESS,,1,4,4,False
TXN001268,CUST1206,MERCHANT005,23107.63,NETBANKING,2026-08-20 12:09:12.848634,SUCCESS,,1,17,5,False
TXN001269,CUST0081,MERCHANT004,8693.38,CARD,2026-08-21 18:22:06.848634,SUCCESS,,1,15,5,False
TXN001270,CUST0988,MERCHANT009,33733.07,NETBANKING,2026-08-23 01:59:25.848634,SUCCESS,,1,0,5,False
TXN001271,CUST1379,MERCHANT004,29886.63,NETBANKING,2026-08-24 07:14:40.848634,SUCCESS,,1,3,0,False
TXN001272,CUST1615,MERCHANT009,15463.26,NETBANKING,2026-08-19 15:21:29.848634,SUCCESS,,1,7,3,False
TXN001273,CUST0072,MERCHANT004,14938.09,WALLET,2026-08-20 10:39:13.848634,SUCCESS,,1,6,4,False
TXN001274,CUST0346,MERCHANT007,17456.87,NETBANKING,2026-08-24 01:27:30.848634,SUCCESS,,1,12,5,False
TXN001275,CUST1600,MERCHANT009,24877.23,CARD,2026-08-20 21:32:11.848634,SUCCESS,,1,19,3,False
TXN001276,CUST0893,MERCHANT010,33907.81,UPI,2026-08-18 12:04:50.848634,SUCCESS,,1,8,2,False
TXN001277,CUST0880,MERCHANT007,442.52,WALLET,2026-08-22 01:30:22.848634,SUCCESS,,1,1,2,False
TXN001278,CUST0819,MERCHANT002,44960.16,WALLET,2026-08-20 20:52:28.848634,SUCCESS,,1,19,3,False
TXN001279,CUST0470,MERCHANT006,26402.96,UPI,2026-08-21 16:07:20.848634,SUCCESS,,1,20,1,False
TXN001280,CUST0022,MERCHANT006,38315.32,UPI,2026-08-22 02:18:32.848634,SUCCESS,,1,7,4,False
TXN001281,CUST0598,MERCHANT005,3929.39,WALLET,2026-08-24 15:49:27.848634,SUCCESS,,1,14,1,False
TXN001282,CUST0371,MERCHANT004,750.96,NETBANKING,2026-08-22 03:47:40.848634,SUCCESS,,1,9,3,False
TXN001283,CUST0306,MERCHANT007,38354.72,CARD,2026-08-20 10:52:18.848634,SUCCESS,,1,18,2,False
TXN001284,CUST1500,MERCHANT010,28955.38,WALLET,2026-08-21 00:53:25.848634,SUCCESS,,1,6,0,False
TXN001285,CUST1260,MERCHANT003,48344.04,UPI,2026-08-21 08:49:42.848634,SUCCESS,,1,1,3,False
TXN001286,CUST0722,MERCHANT010,10922.23,UPI,2026-08-24 11:49:56.848634,SUCCESS,,1,2,2,False
TXN001287,CUST0296,MERCHANT006,9727.07,WALLET,2026-08-23 05:33:28.848634,SUCCESS,,1,7,4,False
TXN001288,CUST0478,MERCHANT010,9736.19,NETBANKING,2026-08-21 01:43:56.848634,SUCCESS,,1,7,2,False
TXN001289,CUST0419,MERCHANT001,5639.79,CARD,2026-08-20 12:22:59.848634,SUCCESS,,1,13,2,False
TXN001290,CUST1125,MERCHANT002,4618.84,NETBANKING,2026-08-19 18:27:25.848634,SUCCESS,,1,0,5,False
TXN001291,CUST1459,MERCHANT004,19480.58,NETBANKING,2026-08-19 14:59:43.848634,SUCCESS,,1,3,1,False
TXN001292,CUST1656,MERCHANT003,40493.06,WALLET,2026-08-19 08:59:10.848634,SUCCESS,,1,13,1,False
TXN001293,CUST1582,MERCHANT002,27323.13,NETBANKING,2026-08-23 18:35:09.848634,SUCCESS,,1,14,3,False
TXN001294,CUST0683,MERCHANT006,20309.64,UPI,2026-08-19 01:10:28.848634,SUCCESS,,1,7,2,False
TXN001295,CUST0640,MERCHANT006,3299.83,CARD,2026-08-18 15:05:13.848634,SUCCESS,,1,1,4,False
TXN001296,CUST1540,MERCHANT002,21650.4,NETBANKING,2026-08-20 16:01:28.848634,FAILED,Bank Declined,2,10,4,True
TXN001297,CUST1257,MERCHANT005,8464.92,UPI,2026-08-21 02:17:27.848634,SUCCESS,,1,6,0,False
TXN001298,CUST0735,MERCHANT004,30502.15,CARD,2026-08-24 01:19:43.848634,SUCCESS,,1,1,3,False
TXN001299,CUST0324,MERCHANT010,11455.94,WALLET,2026-08-19 07:41:57.848634,SUCCESS,,1,14,0,False
TXN001300,CUST0554,MERCHANT004,34383.45,NETBANKING,2026-08-22 17:05:56.848634,SUCCESS,,1,20,0,False
TXN001301,CUST0729,MERCHANT001,44685.61,CARD,2026-08-23 18:18:34.848634,SUCCESS,,1,4,1,False
TXN001302,CUST0512,MERCHANT007,3772.53,WALLET,2026-08-24 06:58:19.848634,SUCCESS,,1,9,1,False
TXN001303,CUST1571,MERCHANT004,34315.9,NETBANKING,2026-08-24 02:23:19.848634,SUCCESS,,1,0,5,False
TXN001304,CUST1423,MERCHANT009,26438.92,NETBANKING,2026-08-24 18:35:47.848634,SUCCESS,,1,19,2,False
TXN001305,CUST0351,MERCHANT009,314.76,WALLET,2026-08-20 14:23:43.848634,SUCCESS,,1,10,4,False
TXN001306,CUST1587,MERCHANT007,37525.75,NETBANKING,2026-08-24 12:33:28.848634,SUCCESS,,1,8,5,False
TXN001307,CUST0206,MERCHANT003,11950.52,UPI,2026-08-18 17:26:22.848634,SUCCESS,,1,4,2,False
TXN001308,CUST1161,MERCHANT010,43841.92,NETBANKING,2026-08-23 06:17:11.848634,SUCCESS,,1,8,3,False
TXN001309,CUST1341,MERCHANT002,8533.9,WALLET,2026-08-19 12:10:10.848634,SUCCESS,,1,19,1,False
TXN001310,CUST0896,MERCHANT005,27710.95,NETBANKING,2026-08-19 16:23:01.848634,SUCCESS,,1,7,2,False
TXN001311,CUST1418,MERCHANT003,43066.14,CARD,2026-08-23 03:01:49.848634,SUCCESS,,1,16,4,False
TXN001312,CUST1992,MERCHANT006,18349.84,WALLET,2026-08-21 07:12:52.848634,SUCCESS,,1,1,3,False
TXN001313,CUST0418,MERCHANT010,7623.49,UPI,2026-08-23 02:12:50.848634,SUCCESS,,1,0,4,False
TXN001314,CUST1389,MERCHANT003,49731.15,UPI,2026-08-22 05:31:17.848634,SUCCESS,,1,15,3,False
TXN001315,CUST0554,MERCHANT001,18414.54,UPI,2026-08-18 08:05:29.848634,SUCCESS,,1,9,5,False
TXN001316,CUST0209,MERCHANT005,33324.74,CARD,2026-08-18 13:47:29.848634,SUCCESS,,1,6,1,False
TXN001317,CUST0740,MERCHANT008,24033.86,UPI,2026-08-23 18:45:44.848634,SUCCESS,,1,15,3,False
TXN001318,CUST1996,MERCHANT006,45643.43,UPI,2026-08-23 08:33:29.848634,SUCCESS,,1,16,0,False
TXN001319,CUST0076,MERCHANT004,11986.01,UPI,2026-08-18 05:49:59.848634,FAILED,Network Error,3,18,5,False
TXN001320,CUST0754,MERCHANT009,25655.98,NETBANKING,2026-08-20 10:07:37.848634,SUCCESS,,1,5,0,False
TXN001321,CUST0600,MERCHANT008,24188.51,CARD,2026-08-24 23:28:53.848634,SUCCESS,,1,6,2,False
TXN001322,CUST1408,MERCHANT007,21601.04,CARD,2026-08-23 07:38:13.848634,SUCCESS,,1,9,1,False
TXN001323,CUST0278,MERCHANT008,48101.77,UPI,2026-08-21 08:55:13.848634,SUCCESS,,1,3,5,False
TXN001324,CUST1112,MERCHANT006,15893.06,UPI,2026-08-21 08:49:29.848634,SUCCESS,,1,2,5,False
TXN001325,CUST1465,MERCHANT006,36773.63,CARD,2026-08-20 08:17:38.848634,SUCCESS,,1,1,2,False
TXN001326,CUST1877,MERCHANT008,6751.75,CARD,2026-08-19 06:32:06.848634,SUCCESS,,1,7,3,False
TXN001327,CUST0624,MERCHANT004,41899.76,CARD,2026-08-20 17:27:31.848634,SUCCESS,,1,8,5,False
TXN001328,CUST0951,MERCHANT008,3885.03,NETBANKING,2026-08-21 01:31:58.848634,SUCCESS,,1,20,2,False
TXN001329,CUST1811,MERCHANT003,7677.87,UPI,2026-08-22 15:15:56.848634,SUCCESS,,1,1,4,False
TXN001330,CUST0574,MERCHANT003,9704.5,UPI,2026-08-22 03:13:35.848634,SUCCESS,,1,3,5,False
TXN001331,CUST0946,MERCHANT001,5351.6,UPI,2026-08-24 07:16:24.848634,SUCCESS,,1,3,4,False
TXN001332,CUST0940,MERCHANT006,23111.84,NETBANKING,2026-08-24 07:45:51.848634,SUCCESS,,1,13,0,False
TXN001333,CUST0547,MERCHANT008,370.68,WALLET,2026-08-18 14:11:55.848634,SUCCESS,,1,17,5,False
TXN001334,CUST0363,MERCHANT001,17291.97,WALLET,2026-08-24 02:29:18.848634,SUCCESS,,1,10,0,False
TXN001335,CUST1435,MERCHANT009,19176.92,UPI,2026-08-21 20:58:30.848634,FAILED,Insufficient Funds,2,8,1,True
TXN001336,CUST0722,MERCHANT003,24101.66,NETBANKING,2026-08-23 10:44:25.848634,FAILED,Insufficient Funds,1,19,3,True
TXN001337,CUST0796,MERCHANT003,41202.86,WALLET,2026-08-18 06:20:22.848634,SUCCESS,,1,17,0,False
TXN001338,CUST1939,MERCHANT009,13679.46,WALLET,2026-08-24 22:20:05.848634,SUCCESS,,1,16,0,False
TXN001339,CUST0061,MERCHANT003,26651.81,UPI,2026-08-18 18:13:17.848634,SUCCESS,,1,14,3,False
TXN001340,CUST1521,MERCHANT004,24062.61,CARD,2026-08-20 15:08:21.848634,SUCCESS,,1,11,4,False
TXN001341,CUST1525,MERCHANT009,968.53,CARD,2026-08-21 12:28:16.848634,SUCCESS,,1,6,1,False
TXN001342,CUST0103,MERCHANT005,24228.07,CARD,2026-08-22 10:52:26.848634,SUCCESS,,1,17,3,False
TXN001343,CUST1062,MERCHANT001,23163.59,WALLET,2026-08-20 22:01:13.848634,SUCCESS,,1,1,1,False
TXN001344,CUST1826,MERCHANT005,3265.47,UPI,2026-08-21 22:28:04.848634,SUCCESS,,1,14,4,False
TXN001345,CUST1171,MERCHANT005,41897.03,UPI,2026-08-20 23:18:21.848634,SUCCESS,,1,3,5,False
TXN001346,CUST1857,MERCHANT003,30073.02,CARD,2026-08-19 23:15:01.848634,SUCCESS,,1,2,2,False
TXN001347,CUST1368,MERCHANT010,15801.13,UPI,2026-08-18 11:24:56.848634,SUCCESS,,1,9,1,False
TXN001348,CUST1110,MERCHANT007,23326.5,WALLET,2026-08-20 00:43:45.848634,SUCCESS,,1,13,4,False
TXN001349,CUST1084,MERCHANT009,4712.85,WALLET,2026-08-24 15:09:32.848634,SUCCESS,,1,0,3,False
TXN001350,CUST1209,MERCHANT004,47542.15,CARD,2026-08-24 15:53:46.848634,SUCCESS,,1,5,4,False
TXN001351,CUST0175,MERCHANT001,12571.81,WALLET,2026-08-23 16:19:10.848634,SUCCESS,,1,10,5,False
TXN001352,CUST0524,MERCHANT010,34360.05,WALLET,2026-08-22 04:13:25.848634,SUCCESS,,1,20,4,False
TXN001353,CUST1588,MERCHANT005,17890.89,NETBANKING,2026-08-22 00:20:52.848634,SUCCESS,,1,5,1,False
TXN001354,CUST1613,MERCHANT002,10461.3,NETBANKING,2026-08-20 17:37:43.848634,SUCCESS,,1,4,2,False
TXN001355,CUST0049,MERCHANT007,7623.27,WALLET,2026-08-24 04:40:08.848634,SUCCESS,,1,20,1,False
TXN001356,CUST0164,MERCHANT002,9455.55,WALLET,2026-08-23 12:31:12.848634,SUCCESS,,1,20,3,False
TXN001357,CUST0254,MERCHANT010,4155.16,CARD,2026-08-23 15:36:33.848634,SUCCESS,,1,15,1,False
TXN001358,CUST1996,MERCHANT008,5930.83,WALLET,2026-08-18 07:29:33.848634,SUCCESS,,1,18,2,False
TXN001359,CUST1278,MERCHANT008,13534.95,WALLET,2026-08-23 00:28:41.848634,SUCCESS,,1,15,2,False
TXN001360,CUST1296,MERCHANT002,28846.12,CARD,2026-08-23 05:28:02.848634,SUCCESS,,1,14,3,False
TXN001361,CUST1300,MERCHANT008,6756.68,UPI,2026-08-21 23:21:11.848634,SUCCESS,,1,19,1,False
TXN001362,CUST0041,MERCHANT009,38353.65,CARD,2026-08-21 16:55:38.848634,SUCCESS,,1,16,2,False
TXN001363,CUST0678,MERCHANT004,48983.84,NETBANKING,2026-08-22 03:09:35.848634,SUCCESS,,1,20,4,False
TXN001364,CUST0843,MERCHANT004,24852.3,CARD,2026-08-24 21:16:41.848634,SUCCESS,,1,5,4,False
TXN001365,CUST0662,MERCHANT002,27824.3,UPI,2026-08-22 07:31:14.848634,SUCCESS,,1,18,3,False
TXN001366,CUST1429,MERCHANT001,19117.5,WALLET,2026-08-22 15:43:52.848634,SUCCESS,,1,5,4,False
TXN001367,CUST1337,MERCHANT010,2365.83,CARD,2026-08-19 10:47:15.848634,SUCCESS,,1,1,5,False
TXN001368,CUST0605,MERCHANT005,45484.31,UPI,2026-08-19 08:00:28.848634,SUCCESS,,1,17,4,False
TXN001369,CUST0666,MERCHANT008,40253.35,UPI,2026-08-20 17:25:14.848634,SUCCESS,,1,15,4,False
TXN001370,CUST1992,MERCHANT010,49483.34,UPI,2026-08-22 08:16:23.848634,SUCCESS,,1,15,2,False
TXN001371,CUST0278,MERCHANT002,3731.42,NETBANKING,2026-08-22 12:27:23.848634,SUCCESS,,1,4,2,False
TXN001372,CUST0603,MERCHANT005,48573.45,UPI,2026-08-20 06:34:57.848634,SUCCESS,,1,2,1,False
TXN001373,CUST0471,MERCHANT005,11027.36,WALLET,2026-08-18 12:33:39.848634,SUCCESS,,1,17,5,False
TXN001374,CUST1588,MERCHANT006,41043.72,UPI,2026-08-24 09:48:59.848634,SUCCESS,,1,12,3,False
TXN001375,CUST0968,MERCHANT008,3810.11,NETBANKING,2026-08-23 15:24:09.848634,SUCCESS,,1,1,5,False
TXN001376,CUST0104,MERCHANT010,49788.57,CARD,2026-08-22 16:50:01.848634,SUCCESS,,1,14,3,False
TXN001377,CUST0307,MERCHANT005,2565.59,CARD,2026-08-20 17:03:13.848634,SUCCESS,,1,2,3,False
TXN001378,CUST1383,MERCHANT001,14728.86,CARD,2026-08-22 21:23:37.848634,SUCCESS,,1,2,2,False
TXN001379,CUST1531,MERCHANT004,22923.27,CARD,2026-08-19 06:31:01.848634,SUCCESS,,1,11,2,False
TXN001380,CUST1181,MERCHANT008,12889.12,WALLET,2026-08-22 02:59:17.848634,SUCCESS,,1,0,1,False
TXN001381,CUST0823,MERCHANT002,38617.46,NETBANKING,2026-08-19 07:50:42.848634,SUCCESS,,1,10,1,False
TXN001382,CUST0176,MERCHANT010,13435.11,CARD,2026-08-22 13:04:22.848634,SUCCESS,,1,6,2,False
TXN001383,CUST1657,MERCHANT009,12003.69,CARD,2026-08-20 12:31:55.848634,SUCCESS,,1,19,1,False
TXN001384,CUST0236,MERCHANT008,3092.36,NETBANKING,2026-08-18 23:26:52.848634,SUCCESS,,1,16,3,False
TXN001385,CUST1415,MERCHANT006,44656.39,NETBANKING,2026-08-19 21:40:09.848634,SUCCESS,,1,11,4,False
TXN001386,CUST0349,MERCHANT009,3065.02,UPI,2026-08-24 15:35:14.848634,SUCCESS,,1,5,4,False
TXN001387,CUST1644,MERCHANT001,22850.78,CARD,2026-08-19 19:47:59.848634,SUCCESS,,1,8,0,False
TXN001388,CUST1196,MERCHANT003,37874.36,NETBANKING,2026-08-18 02:37:40.848634,SUCCESS,,1,20,0,False
TXN001389,CUST1021,MERCHANT006,49895.42,NETBANKING,2026-08-23 18:59:14.848634,SUCCESS,,1,20,2,False
TXN001390,CUST1868,MERCHANT006,37900.44,NETBANKING,2026-08-19 09:52:02.848634,SUCCESS,,1,3,5,False
TXN001391,CUST1368,MERCHANT008,47687.57,WALLET,2026-08-18 06:54:32.848634,SUCCESS,,1,8,2,False
TXN001392,CUST1524,MERCHANT003,5807.15,CARD,2026-08-21 09:41:01.848634,SUCCESS,,1,12,2,False
TXN001393,CUST0467,MERCHANT006,36029.85,UPI,2026-08-23 01:36:34.848634,SUCCESS,,1,16,1,False
TXN001394,CUST1590,MERCHANT010,18039.22,NETBANKING,2026-08-21 07:45:26.848634,SUCCESS,,1,7,1,False
TXN001395,CUST1312,MERCHANT009,47062.96,NETBANKING,2026-08-21 13:49:56.848634,SUCCESS,,1,20,1,False
TXN001396,CUST0213,MERCHANT006,26422.43,CARD,2026-08-20 01:42:53.848634,SUCCESS,,1,9,1,False
TXN001397,CUST1561,MERCHANT001,16779.79,UPI,2026-08-22 00:10:39.848634,SUCCESS,,1,15,3,False
TXN001398,CUST1481,MERCHANT001,49504.28,CARD,2026-08-19 10:03:59.848634,SUCCESS,,1,15,5,False
TXN001399,CUST1827,MERCHANT006,39948.4,WALLET,2026-08-22 23:05:06.848634,SUCCESS,,1,6,2,False
TXN001400,CUST0779,MERCHANT002,18276.06,NETBANKING,2026-08-21 23:26:34.848634,SUCCESS,,1,16,2,False
TXN001401,CUST1728,MERCHANT005,27196.31,CARD,2026-08-20 22:19:37.848634,SUCCESS,,1,0,0,False
TXN001402,CUST1752,MERCHANT010,33625.67,UPI,2026-08-21 12:26:13.848634,SUCCESS,,1,14,0,False
TXN001403,CUST0939,MERCHANT003,36314.83,NETBANKING,2026-08-22 14:01:27.848634,SUCCESS,,1,17,3,False
TXN001404,CUST0516,MERCHANT002,44687.43,WALLET,2026-08-24 08:05:13.848634,SUCCESS,,1,12,0,False
TXN001405,CUST1976,MERCHANT002,7783.9,CARD,2026-08-21 11:28:02.848634,SUCCESS,,1,14,3,False
TXN001406,CUST1557,MERCHANT009,37284.44,NETBANKING,2026-08-18 23:56:17.848634,SUCCESS,,1,15,1,False
TXN001407,CUST0301,MERCHANT004,30375.4,WALLET,2026-08-23 21:16:34.848634,SUCCESS,,1,12,3,False
TXN001408,CUST1332,MERCHANT007,6866.06,CARD,2026-08-24 10:37:34.848634,SUCCESS,,1,8,0,False
TXN001409,CUST1805,MERCHANT004,47072.38,CARD,2026-08-22 19:06:46.848634,SUCCESS,,1,19,4,False
TXN001410,CUST1297,MERCHANT009,36715.22,NETBANKING,2026-08-23 03:48:20.848634,SUCCESS,,1,17,2,False
TXN001411,CUST0040,MERCHANT010,36714.56,CARD,2026-08-21 01:23:38.848634,SUCCESS,,1,16,1,False
TXN001412,CUST0183,MERCHANT007,19523.83,UPI,2026-08-22 22:12:03.848634,SUCCESS,,1,17,3,False
TXN001413,CUST0693,MERCHANT010,13582.92,NETBANKING,2026-08-22 21:43:21.848634,SUCCESS,,1,14,4,False
TXN001414,CUST0190,MERCHANT009,6721.71,UPI,2026-08-18 20:20:09.848634,SUCCESS,,1,19,0,False
TXN001415,CUST1190,MERCHANT006,35517.74,CARD,2026-08-22 19:01:50.848634,SUCCESS,,1,19,2,False
TXN001416,CUST1253,MERCHANT005,13925.03,UPI,2026-08-23 20:20:30.848634,SUCCESS,,1,3,0,False
TXN001417,CUST1428,MERCHANT007,29956.6,NETBANKING,2026-08-18 06:47:37.848634,SUCCESS,,1,14,0,False
TXN001418,CUST1110,MERCHANT005,30534.29,WALLET,2026-08-23 07:29:49.848634,SUCCESS,,1,17,2,False
TXN001419,CUST0535,MERCHANT006,30032.27,UPI,2026-08-20 10:26:48.848634,SUCCESS,,1,11,2,False
TXN001420,CUST0220,MERCHANT004,7459.64,NETBANKING,2026-08-18 03:07:05.848634,SUCCESS,,1,13,1,False
TXN001421,CUST0013,MERCHANT009,7877.08,CARD,2026-08-23 04:31:57.848634,SUCCESS,,1,3,4,False
TXN001422,CUST0452,MERCHANT004,10068.57,CARD,2026-08-24 10:09:22.848634,SUCCESS,,1,9,5,False
TXN001423,CUST0623,MERCHANT002,2872.5,NETBANKING,2026-08-21 15:50:04.848634,SUCCESS,,1,9,4,False
TXN001424,CUST1437,MERCHANT001,20176.81,UPI,2026-08-20 18:19:25.848634,SUCCESS,,1,16,4,False
TXN001425,CUST0850,MERCHANT009,42443.71,CARD,2026-08-21 18:52:44.848634,SUCCESS,,1,15,3,False
TXN001426,CUST1108,MERCHANT008,34261.53,CARD,2026-08-22 10:43:30.848634,SUCCESS,,1,2,3,False
TXN001427,CUST1434,MERCHANT008,38306.37,NETBANKING,2026-08-21 14:01:19.848634,SUCCESS,,1,1,4,False
TXN001428,CUST0277,MERCHANT009,34887.36,WALLET,2026-08-19 14:22:42.848634,SUCCESS,,1,6,0,False
TXN001429,CUST1193,MERCHANT004,36907.98,CARD,2026-08-19 18:03:05.848634,FAILED,Technical Error,3,14,1,False
TXN001430,CUST1558,MERCHANT008,13478.15,WALLET,2026-08-24 14:04:58.848634,SUCCESS,,1,8,0,False
TXN001431,CUST1764,MERCHANT008,1629.41,UPI,2026-08-20 21:14:48.848634,SUCCESS,,1,16,1,False
TXN001432,CUST0285,MERCHANT006,41693.51,WALLET,2026-08-18 06:41:32.848634,SUCCESS,,1,3,4,False
TXN001433,CUST1418,MERCHANT005,28004.92,UPI,2026-08-24 18:03:43.848634,SUCCESS,,1,17,1,False
TXN001434,CUST0031,MERCHANT006,23465.42,UPI,2026-08-18 11:27:41.848634,SUCCESS,,1,11,5,False
TXN001435,CUST1186,MERCHANT009,7814.69,CARD,2026-08-24 09:37:14.848634,SUCCESS,,1,3,5,False
TXN001436,CUST0621,MERCHANT006,34559.34,WALLET,2026-08-21 13:52:32.848634,SUCCESS,,1,5,5,False
TXN001437,CUST1811,MERCHANT003,49097.41,CARD,2026-08-24 09:36:29.848634,SUCCESS,,1,18,2,False
TXN001438,CUST1227,MERCHANT010,28374.18,NETBANKING,2026-08-24 11:17:39.848634,SUCCESS,,1,10,5,False
TXN001439,CUST1910,MERCHANT007,35564.27,UPI,2026-08-22 03:18:55.848634,SUCCESS,,1,8,1,False
TXN001440,CUST1941,MERCHANT005,8867.52,UPI,2026-08-22 14:55:59.848634,SUCCESS,,1,20,5,False
TXN001441,CUST1288,MERCHANT001,21513.28,CARD,2026-08-24 16:17:52.848634,SUCCESS,,1,19,3,False
TXN001442,CUST1350,MERCHANT001,48591.33,WALLET,2026-08-18 21:06:54.848634,SUCCESS,,1,4,4,False
TXN001443,CUST0916,MERCHANT010,34658.71,NETBANKING,2026-08-23 05:32:20.848634,SUCCESS,,1,3,5,False
TXN001444,CUST0755,MERCHANT010,3891.84,CARD,2026-08-20 12:19:04.848634,SUCCESS,,1,5,2,False
TXN001445,CUST0843,MERCHANT010,42661.1,WALLET,2026-08-19 12:27:26.848634,SUCCESS,,1,0,2,False
TXN001446,CUST0296,MERCHANT004,36146.18,UPI,2026-08-21 06:04:53.848634,SUCCESS,,1,12,4,False
TXN001447,CUST1975,MERCHANT009,9185.31,NETBANKING,2026-08-19 06:02:10.848634,SUCCESS,,1,19,1,False
TXN001448,CUST1644,MERCHANT008,22042.2,UPI,2026-08-18 19:59:02.848634,SUCCESS,,1,11,1,False
TXN001449,CUST0172,MERCHANT010,23113.51,NETBANKING,2026-08-19 05:33:50.848634,SUCCESS,,1,20,4,False
TXN001450,CUST0838,MERCHANT007,47077.87,NETBANKING,2026-08-22 01:00:31.848634,SUCCESS,,1,17,2,False
TXN001451,CUST0780,MERCHANT010,7398.13,NETBANKING,2026-08-19 07:04:04.848634,SUCCESS,,1,6,4,False
TXN001452,CUST0701,MERCHANT008,41235.16,NETBANKING,2026-08-23 19:53:41.848634,SUCCESS,,1,9,4,False
TXN001453,CUST1220,MERCHANT003,24973.61,WALLET,2026-08-18 02:52:46.848634,SUCCESS,,1,2,2,False
TXN001454,CUST1041,MERCHANT009,1674.09,UPI,2026-08-21 11:58:01.848634,SUCCESS,,1,0,0,False
TXN001455,CUST1101,MERCHANT009,952.59,CARD,2026-08-21 10:15:58.848634,SUCCESS,,1,4,3,False
TXN001456,CUST1115,MERCHANT002,20582.43,CARD,2026-08-22 20:03:05.848634,SUCCESS,,1,1,2,False
TXN001457,CUST1772,MERCHANT007,41799.09,NETBANKING,2026-08-22 02:48:35.848634,SUCCESS,,1,16,4,False
TXN001458,CUST0171,MERCHANT009,33474.84,CARD,2026-08-22 14:21:39.848634,SUCCESS,,1,17,3,False
TXN001459,CUST1576,MERCHANT001,4839.33,NETBANKING,2026-08-24 02:44:47.848634,SUCCESS,,1,0,5,False
TXN001460,CUST1762,MERCHANT002,5070.71,NETBANKING,2026-08-22 11:10:41.848634,SUCCESS,,1,20,4,False
TXN001461,CUST0981,MERCHANT009,8623.89,CARD,2026-08-21 22:21:31.848634,SUCCESS,,1,11,0,False
TXN001462,CUST0016,MERCHANT006,6884.12,NETBANKING,2026-08-21 05:10:12.848634,SUCCESS,,1,3,3,False
TXN001463,CUST1195,MERCHANT007,44992.84,UPI,2026-08-23 06:46:01.848634,SUCCESS,,1,4,4,False
TXN001464,CUST0843,MERCHANT003,11374.1,WALLET,2026-08-18 20:51:00.848634,SUCCESS,,1,16,5,False
TXN001465,CUST0555,MERCHANT001,6502.62,WALLET,2026-08-24 15:59:18.848634,SUCCESS,,1,2,1,False
TXN001466,CUST1976,MERCHANT003,13435.75,UPI,2026-08-24 22:46:22.848634,SUCCESS,,1,20,2,False
TXN001467,CUST1599,MERCHANT003,44518.27,WALLET,2026-08-20 08:35:56.848634,SUCCESS,,1,9,0,False
TXN001468,CUST0711,MERCHANT001,20859.89,NETBANKING,2026-08-19 07:39:00.848634,SUCCESS,,1,15,3,False
TXN001469,CUST0031,MERCHANT001,15693.61,UPI,2026-08-21 07:11:51.848634,SUCCESS,,1,0,5,False
TXN001470,CUST0063,MERCHANT006,16600.73,CARD,2026-08-20 01:45:38.848634,SUCCESS,,1,20,1,False
TXN001471,CUST1800,MERCHANT004,10774.63,UPI,2026-08-20 04:23:36.848634,SUCCESS,,1,20,0,False
TXN001472,CUST0201,MERCHANT001,4297.44,CARD,2026-08-21 19:21:12.848634,SUCCESS,,1,8,0,False
TXN001473,CUST0672,MERCHANT010,43346.54,NETBANKING,2026-08-19 23:51:35.848634,SUCCESS,,1,9,0,False
TXN001474,CUST0055,MERCHANT006,8331.56,CARD,2026-08-24 21:03:48.848634,SUCCESS,,1,11,1,False
TXN001475,CUST0646,MERCHANT002,9427.77,WALLET,2026-08-19 01:41:13.848634,SUCCESS,,1,8,5,False
TXN001476,CUST1032,MERCHANT003,40505.06,CARD,2026-08-22 00:27:48.848634,SUCCESS,,1,14,4,False
TXN001477,CUST0891,MERCHANT008,32810.03,UPI,2026-08-24 23:59:17.848634,SUCCESS,,1,11,2,False
TXN001478,CUST0010,MERCHANT010,41286.59,WALLET,2026-08-19 12:53:50.848634,SUCCESS,,1,8,5,False
TXN001479,CUST1372,MERCHANT003,33353.65,UPI,2026-08-18 18:51:11.848634,SUCCESS,,1,0,1,False
TXN001480,CUST1411,MERCHANT002,6731.9,NETBANKING,2026-08-23 14:17:37.848634,FAILED,Bank Declined,2,13,4,True
TXN001481,CUST1282,MERCHANT008,19365.23,WALLET,2026-08-21 03:19:09.848634,SUCCESS,,1,4,0,False
TXN001482,CUST1086,MERCHANT007,8968.63,WALLET,2026-08-20 20:47:58.848634,SUCCESS,,1,20,3,False
TXN001483,CUST0006,MERCHANT005,6909.31,CARD,2026-08-22 19:59:29.848634,SUCCESS,,1,10,5,False
TXN001484,CUST0350,MERCHANT010,39766.91,WALLET,2026-08-18 05:26:00.848634,SUCCESS,,1,10,4,False
TXN001485,CUST0659,MERCHANT007,19399.51,WALLET,2026-08-19 00:20:33.848634,FAILED,Bank Declined,2,16,2,True
TXN001486,CUST0499,MERCHANT002,22397.07,UPI,2026-08-19 15:44:01.848634,SUCCESS,,1,4,2,False
TXN001487,CUST1275,MERCHANT007,38582.36,UPI,2026-08-21 02:48:51.848634,FAILED,Insufficient Funds,2,5,5,True
TXN001488,CUST1496,MERCHANT001,44310.51,UPI,2026-08-18 16:10:25.848634,SUCCESS,,1,4,4,False
TXN001489,CUST1039,MERCHANT005,32586.59,CARD,2026-08-21 16:30:13.848634,SUCCESS,,1,5,0,False
TXN001490,CUST1115,MERCHANT003,12727.55,NETBANKING,2026-08-21 23:40:06.848634,SUCCESS,,1,15,2,False
TXN001491,CUST1979,MERCHANT003,35424.6,WALLET,2026-08-20 21:37:48.848634,SUCCESS,,1,16,2,False
TXN001492,CUST0952,MERCHANT010,47336.39,UPI,2026-08-19 20:00:43.848634,SUCCESS,,1,12,3,False
TXN001493,CUST0878,MERCHANT005,43632.28,WALLET,2026-08-22 17:40:22.848634,SUCCESS,,1,4,0,False
TXN001494,CUST1503,MERCHANT002,13813.08,NETBANKING,2026-08-18 21:57:07.848634,SUCCESS,,1,5,2,False
TXN001495,CUST1297,MERCHANT007,4506.41,NETBANKING,2026-08-19 06:51:35.848634,SUCCESS,,1,19,5,False
TXN001496,CUST0316,MERCHANT008,33068.05,UPI,2026-08-24 09:18:53.848634,SUCCESS,,1,17,0,False
TXN001497,CUST1444,MERCHANT002,49425.26,UPI,2026-08-24 12:39:16.848634,FAILED,Bank Declined,1,19,4,True
TXN001498,CUST0694,MERCHANT003,3902.63,WALLET,2026-08-22 20:27:00.848634,SUCCESS,,1,4,0,False
TXN001499,CUST0879,MERCHANT003,16938.31,WALLET,2026-08-24 00:05:10.848634,SUCCESS,,1,13,4,False
TXN001500,CUST1122,MERCHANT008,9781.47,WALLET,2026-08-18 18:57:51.848634,SUCCESS,,1,4,0,False
TXN001501,CUST0289,MERCHANT001,41147.41,WALLET,2026-08-21 07:54:35.848634,SUCCESS,,1,17,0,False
TXN001502,CUST0463,MERCHANT009,4072.9,WALLET,2026-08-20 08:57:27.848634,SUCCESS,,1,8,5,False
TXN001503,CUST1406,MERCHANT005,7304.44,CARD,2026-08-22 05:51:39.848634,SUCCESS,,1,17,4,False
TXN001504,CUST0245,MERCHANT005,11221.08,CARD,2026-08-22 09:12:35.848634,SUCCESS,,1,5,1,False
TXN001505,CUST1265,MERCHANT003,3775.1,CARD,2026-08-24 19:16:53.848634,SUCCESS,,1,5,3,False
TXN001506,CUST1373,MERCHANT010,12383.69,UPI,2026-08-23 10:53:45.848634,SUCCESS,,1,10,1,False
TXN001507,CUST0955,MERCHANT004,43433.17,WALLET,2026-08-19 15:14:52.848634,SUCCESS,,1,2,5,False
TXN001508,CUST0876,MERCHANT006,14093.66,UPI,2026-08-24 10:46:22.848634,SUCCESS,,1,7,1,False
TXN001509,CUST1138,MERCHANT001,8320.9,CARD,2026-08-22 16:20:33.848634,SUCCESS,,1,15,2,False
TXN001510,CUST0285,MERCHANT006,25439.9,UPI,2026-08-23 16:31:25.848634,FAILED,Network Error,3,16,3,False
TXN001511,CUST0342,MERCHANT009,24087.93,WALLET,2026-08-24 18:40:09.848634,SUCCESS,,1,8,2,False
TXN001512,CUST1250,MERCHANT001,32208.89,NETBANKING,2026-08-18 08:47:58.848634,SUCCESS,,1,13,5,False
TXN001513,CUST0345,MERCHANT009,10663.54,UPI,2026-08-18 07:33:36.848634,SUCCESS,,1,20,3,False
TXN001514,CUST1202,MERCHANT004,11451.92,CARD,2026-08-24 06:35:40.848634,SUCCESS,,1,6,3,False
TXN001515,CUST0136,MERCHANT002,39722.77,WALLET,2026-08-24 21:13:59.848634,SUCCESS,,1,11,0,False
TXN001516,CUST0143,MERCHANT010,5176.88,CARD,2026-08-24 23:56:24.848634,SUCCESS,,1,9,1,False
TXN001517,CUST1883,MERCHANT003,41026.92,UPI,2026-08-23 00:49:22.848634,SUCCESS,,1,9,0,False
TXN001518,CUST1933,MERCHANT001,21969.94,UPI,2026-08-21 05:00:33.848634,SUCCESS,,1,5,4,False
TXN001519,CUST0597,MERCHANT010,22870.66,CARD,2026-08-20 08:02:19.848634,SUCCESS,,1,17,2,False
TXN001520,CUST1829,MERCHANT005,3174.49,NETBANKING,2026-08-25 01:33:41.848634,SUCCESS,,1,13,4,False
TXN001521,CUST1236,MERCHANT001,2147.81,CARD,2026-08-23 01:53:01.848634,SUCCESS,,1,8,3,False
TXN001522,CUST0918,MERCHANT004,6266.18,NETBANKING,2026-08-22 15:54:03.848634,SUCCESS,,1,17,4,False
TXN001523,CUST1755,MERCHANT001,49023.57,CARD,2026-08-22 11:39:23.848634,SUCCESS,,1,7,2,False
TXN001524,CUST0409,MERCHANT007,26914.5,NETBANKING,2026-08-23 22:05:20.848634,SUCCESS,,1,13,4,False
TXN001525,CUST0659,MERCHANT002,29880.8,CARD,2026-08-21 23:14:49.848634,SUCCESS,,1,12,5,False
TXN001526,CUST0286,MERCHANT001,33001.48,UPI,2026-08-24 08:22:52.848634,SUCCESS,,1,8,5,False
TXN001527,CUST1381,MERCHANT002,21488.64,UPI,2026-08-18 08:38:30.848634,FAILED,Insufficient Funds,2,20,2,True
TXN001528,CUST0568,MERCHANT004,41247.08,NETBANKING,2026-08-21 21:38:21.848634,SUCCESS,,1,12,2,False
TXN001529,CUST0390,MERCHANT009,37660.76,NETBANKING,2026-08-22 09:39:43.848634,SUCCESS,,1,1,5,False
TXN001530,CUST0177,MERCHANT008,34507.93,WALLET,2026-08-23 20:15:09.848634,SUCCESS,,1,5,1,False
TXN001531,CUST0916,MERCHANT007,29816.45,NETBANKING,2026-08-19 13:47:31.848634,SUCCESS,,1,12,5,False
TXN001532,CUST0459,MERCHANT002,7405.23,UPI,2026-08-22 12:07:47.848634,SUCCESS,,1,11,0,False
TXN001533,CUST1366,MERCHANT006,43810.71,NETBANKING,2026-08-19 16:22:12.848634,SUCCESS,,1,1,0,False
TXN001534,CUST0160,MERCHANT008,47602.12,WALLET,2026-08-24 20:47:47.848634,SUCCESS,,1,15,4,False
TXN001535,CUST0414,MERCHANT006,12254.79,UPI,2026-08-22 17:32:46.848634,FAILED,Technical Error,2,8,1,True
TXN001536,CUST0838,MERCHANT008,30967.33,NETBANKING,2026-08-23 01:43:02.848634,SUCCESS,,1,4,5,False
TXN001537,CUST0796,MERCHANT009,27811.22,WALLET,2026-08-21 21:12:27.848634,SUCCESS,,1,18,5,False
TXN001538,CUST1190,MERCHANT006,9274.63,WALLET,2026-08-19 02:17:15.848634,SUCCESS,,1,9,0,False
TXN001539,CUST0818,MERCHANT002,40418.29,NETBANKING,2026-08-21 21:08:25.848634,SUCCESS,,1,14,5,False
TXN001540,CUST0088,MERCHANT002,5337.83,UPI,2026-08-23 13:03:58.848634,SUCCESS,,1,18,1,False
TXN001541,CUST1587,MERCHANT003,33647.97,WALLET,2026-08-21 22:17:15.848634,SUCCESS,,1,1,1,False
TXN001542,CUST0350,MERCHANT001,38891.71,CARD,2026-08-18 12:47:57.848634,SUCCESS,,1,18,4,False
TXN001543,CUST0531,MERCHANT004,22455.84,NETBANKING,2026-08-22 10:22:25.848634,SUCCESS,,1,12,3,False
TXN001544,CUST1824,MERCHANT004,32439.31,CARD,2026-08-24 19:12:04.848634,SUCCESS,,1,14,2,False
TXN001545,CUST0835,MERCHANT006,45167.95,NETBANKING,2026-08-20 02:03:56.848634,SUCCESS,,1,1,2,False
TXN001546,CUST0754,MERCHANT002,9306.11,WALLET,2026-08-19 09:22:53.848634,SUCCESS,,1,11,2,False
TXN001547,CUST1196,MERCHANT005,11335.69,CARD,2026-08-18 13:08:18.848634,SUCCESS,,1,14,2,False
TXN001548,CUST1411,MERCHANT007,38834.1,CARD,2026-08-22 20:12:47.848634,SUCCESS,,1,9,3,False
TXN001549,CUST0734,MERCHANT006,33332.32,UPI,2026-08-23 11:06:41.848634,SUCCESS,,1,2,3,False
TXN001550,CUST0578,MERCHANT009,3665.6,NETBANKING,2026-08-19 04:51:45.848634,SUCCESS,,1,19,3,False
TXN001551,CUST0027,MERCHANT009,41643.18,CARD,2026-08-19 01:53:23.848634,SUCCESS,,1,11,3,False
TXN001552,CUST0733,MERCHANT006,45274.72,NETBANKING,2026-08-23 18:22:18.848634,SUCCESS,,1,4,5,False
TXN001553,CUST1700,MERCHANT004,43965.0,WALLET,2026-08-18 18:55:24.848634,SUCCESS,,1,18,1,False
TXN001554,CUST1578,MERCHANT010,33523.99,NETBANKING,2026-08-22 15:47:43.848634,SUCCESS,,1,17,3,False
TXN001555,CUST1606,MERCHANT009,27535.87,NETBANKING,2026-08-18 15:04:53.848634,FAILED,Bank Declined,3,14,1,False
TXN001556,CUST0620,MERCHANT009,49631.08,WALLET,2026-08-19 00:10:38.848634,SUCCESS,,1,0,2,False
TXN001557,CUST0796,MERCHANT008,47991.45,UPI,2026-08-19 00:05:21.848634,SUCCESS,,1,14,5,False
TXN001558,CUST0459,MERCHANT006,38820.75,CARD,2026-08-20 13:01:00.848634,SUCCESS,,1,2,1,False
TXN001559,CUST0914,MERCHANT005,49866.87,CARD,2026-08-22 10:45:28.848634,SUCCESS,,1,2,3,False
TXN001560,CUST0876,MERCHANT004,2846.89,UPI,2026-08-24 10:14:41.848634,FAILED,Timeout,3,17,5,False
TXN001561,CUST1002,MERCHANT005,38692.38,WALLET,2026-08-24 07:44:40.848634,SUCCESS,,1,13,5,False
TXN001562,CUST1143,MERCHANT002,5937.06,WALLET,2026-08-21 13:54:42.848634,SUCCESS,,1,9,4,False
TXN001563,CUST0566,MERCHANT001,12989.36,CARD,2026-08-21 08:29:18.848634,FAILED,Technical Error,2,12,2,True
TXN001564,CUST1388,MERCHANT008,42024.58,WALLET,2026-08-24 21:10:29.848634,SUCCESS,,1,6,2,False
TXN001565,CUST1666,MERCHANT002,49350.54,CARD,2026-08-23 15:58:18.848634,SUCCESS,,1,17,2,False
TXN001566,CUST1746,MERCHANT005,15422.69,CARD,2026-08-22 20:50:24.848634,SUCCESS,,1,8,3,False
TXN001567,CUST0476,MERCHANT004,36717.91,NETBANKING,2026-08-20 09:26:08.848634,SUCCESS,,1,1,5,False
TXN001568,CUST1252,MERCHANT008,2941.76,CARD,2026-08-24 02:45:47.848634,SUCCESS,,1,3,5,False
TXN001569,CUST1794,MERCHANT004,21980.8,CARD,2026-08-24 02:47:07.848634,SUCCESS,,1,0,0,False
TXN001570,CUST0406,MERCHANT001,25597.44,WALLET,2026-08-20 21:38:24.848634,FAILED,Timeout,1,18,5,True
TXN001571,CUST0324,MERCHANT010,37775.66,UPI,2026-08-21 02:38:49.848634,SUCCESS,,1,20,0,False
TXN001572,CUST0336,MERCHANT009,21667.65,CARD,2026-08-20 20:12:55.848634,SUCCESS,,1,20,2,False
TXN001573,CUST0322,MERCHANT001,8674.74,NETBANKING,2026-08-19 22:17:53.848634,SUCCESS,,1,6,2,False
TXN001574,CUST0858,MERCHANT004,26920.3,WALLET,2026-08-20 07:02:57.848634,SUCCESS,,1,19,0,False
TXN001575,CUST0617,MERCHANT009,47431.89,WALLET,2026-08-22 18:44:33.848634,SUCCESS,,1,14,3,False
TXN001576,CUST1110,MERCHANT007,47554.99,CARD,2026-08-19 18:06:30.848634,SUCCESS,,1,6,0,False
TXN001577,CUST0764,MERCHANT004,9829.69,NETBANKING,2026-08-20 04:13:10.848634,SUCCESS,,1,4,5,False
TXN001578,CUST1079,MERCHANT001,4386.06,NETBANKING,2026-08-21 05:04:20.848634,SUCCESS,,1,1,5,False
TXN001579,CUST0133,MERCHANT006,33535.96,NETBANKING,2026-08-24 04:17:03.848634,SUCCESS,,1,13,4,False
TXN001580,CUST0243,MERCHANT010,17873.02,UPI,2026-08-20 03:13:00.848634,SUCCESS,,1,8,0,False
TXN001581,CUST1754,MERCHANT002,17041.88,CARD,2026-08-23 14:38:05.848634,SUCCESS,,1,8,0,False
TXN001582,CUST0883,MERCHANT006,18450.57,WALLET,2026-08-18 08:45:36.848634,SUCCESS,,1,4,4,False
TXN001583,CUST1207,MERCHANT002,31171.56,UPI,2026-08-19 20:18:37.848634,SUCCESS,,1,3,2,False
TXN001584,CUST1565,MERCHANT009,36006.12,CARD,2026-08-21 13:24:35.848634,SUCCESS,,1,17,5,False
TXN001585,CUST1755,MERCHANT005,37016.73,NETBANKING,2026-08-22 06:04:54.848634,SUCCESS,,1,10,0,False
TXN001586,CUST0235,MERCHANT003,49588.83,NETBANKING,2026-08-19 03:11:43.848634,SUCCESS,,1,10,5,False
TXN001587,CUST1205,MERCHANT008,10750.24,UPI,2026-08-25 02:29:35.848634,FAILED,Timeout,1,12,3,True
TXN001588,CUST0050,MERCHANT008,45652.74,WALLET,2026-08-19 09:28:12.848634,SUCCESS,,1,14,1,False
TXN001589,CUST1510,MERCHANT009,16522.3,CARD,2026-08-22 10:36:23.848634,SUCCESS,,1,13,0,False
TXN001590,CUST1424,MERCHANT007,14762.68,CARD,2026-08-20 02:55:11.848634,SUCCESS,,1,20,1,False
TXN001591,CUST1744,MERCHANT008,35073.68,UPI,2026-08-21 22:51:09.848634,SUCCESS,,1,5,1,False
TXN001592,CUST0510,MERCHANT010,10848.35,NETBANKING,2026-08-20 12:44:55.848634,SUCCESS,,1,19,2,False
TXN001593,CUST0240,MERCHANT007,28236.52,CARD,2026-08-19 08:01:28.848634,SUCCESS,,1,0,5,False
TXN001594,CUST0559,MERCHANT008,32168.59,NETBANKING,2026-08-24 21:57:03.848634,SUCCESS,,1,15,1,False
TXN001595,CUST1688,MERCHANT003,13442.5,WALLET,2026-08-21 09:40:39.848634,SUCCESS,,1,4,1,False
TXN001596,CUST0877,MERCHANT005,23328.91,WALLET,2026-08-21 09:46:06.848634,SUCCESS,,1,0,5,False
TXN001597,CUST0740,MERCHANT003,1234.8,NETBANKING,2026-08-22 21:21:55.848634,SUCCESS,,1,10,3,False
TXN001598,CUST0781,MERCHANT008,1554.14,WALLET,2026-08-18 11:01:15.848634,SUCCESS,,1,14,0,False
TXN001599,CUST1482,MERCHANT004,6718.39,NETBANKING,2026-08-20 10:26:05.848634,SUCCESS,,1,3,3,False
TXN001600,CUST0988,MERCHANT009,12425.16,NETBANKING,2026-08-22 16:40:28.848634,SUCCESS,,1,16,2,False
TXN001601,CUST0748,MERCHANT002,5546.75,NETBANKING,2026-08-23 09:25:02.848634,SUCCESS,,1,1,3,False
TXN001602,CUST0126,MERCHANT006,43894.38,UPI,2026-08-19 00:33:50.848634,SUCCESS,,1,1,1,False
TXN001603,CUST1980,MERCHANT004,15361.52,WALLET,2026-08-18 04:15:48.848634,SUCCESS,,1,6,5,False
TXN001604,CUST1710,MERCHANT005,39913.51,UPI,2026-08-21 15:54:29.848634,SUCCESS,,1,18,5,False
TXN001605,CUST0294,MERCHANT006,15405.18,WALLET,2026-08-22 21:58:28.848634,SUCCESS,,1,8,2,False
TXN001606,CUST0108,MERCHANT003,3269.31,UPI,2026-08-22 09:28:56.848634,SUCCESS,,1,17,3,False
TXN001607,CUST1818,MERCHANT009,13022.97,UPI,2026-08-23 02:04:32.848634,SUCCESS,,1,18,3,False
TXN001608,CUST0558,MERCHANT001,5292.08,WALLET,2026-08-20 11:50:06.848634,SUCCESS,,1,15,1,False
TXN001609,CUST1160,MERCHANT010,30349.1,UPI,2026-08-18 19:52:52.848634,SUCCESS,,1,15,4,False
TXN001610,CUST1519,MERCHANT008,49568.37,NETBANKING,2026-08-18 05:04:05.848634,SUCCESS,,1,13,3,False
TXN001611,CUST0684,MERCHANT003,30474.52,CARD,2026-08-23 03:22:23.848634,SUCCESS,,1,18,4,False
TXN001612,CUST1806,MERCHANT010,5875.57,CARD,2026-08-19 12:03:19.848634,SUCCESS,,1,1,2,False
TXN001613,CUST0916,MERCHANT008,27561.94,CARD,2026-08-19 11:39:38.848634,SUCCESS,,1,0,3,False
TXN001614,CUST0645,MERCHANT005,47027.89,NETBANKING,2026-08-23 00:58:21.848634,SUCCESS,,1,17,0,False
TXN001615,CUST1652,MERCHANT007,5648.36,NETBANKING,2026-08-22 01:39:08.848634,SUCCESS,,1,6,3,False
TXN001616,CUST0639,MERCHANT002,36737.32,WALLET,2026-08-21 04:18:56.848634,SUCCESS,,1,12,5,False
TXN001617,CUST0375,MERCHANT009,36991.31,CARD,2026-08-22 11:45:33.848634,SUCCESS,,1,0,5,False
TXN001618,CUST0168,MERCHANT008,17673.56,CARD,2026-08-22 20:32:32.848634,SUCCESS,,1,14,5,False
TXN001619,CUST1496,MERCHANT009,39904.32,WALLET,2026-08-21 03:11:40.848634,SUCCESS,,1,19,5,False
TXN001620,CUST0302,MERCHANT006,861.64,CARD,2026-08-20 17:57:56.848634,SUCCESS,,1,20,2,False
TXN001621,CUST1475,MERCHANT004,28809.98,CARD,2026-08-21 13:13:23.848634,SUCCESS,,1,10,1,False
TXN001622,CUST0581,MERCHANT009,49988.27,UPI,2026-08-25 00:31:22.848634,SUCCESS,,1,13,5,False
TXN001623,CUST1572,MERCHANT006,29506.65,CARD,2026-08-24 15:45:18.848634,SUCCESS,,1,16,5,False
TXN001624,CUST1636,MERCHANT005,32889.99,NETBANKING,2026-08-24 23:40:49.848634,SUCCESS,,1,16,4,False
TXN001625,CUST1955,MERCHANT007,5626.76,NETBANKING,2026-08-24 05:24:51.848634,SUCCESS,,1,14,0,False
TXN001626,CUST1466,MERCHANT001,20749.9,WALLET,2026-08-24 14:25:45.848634,SUCCESS,,1,10,4,False
TXN001627,CUST0879,MERCHANT003,26264.88,CARD,2026-08-20 11:27:03.848634,SUCCESS,,1,17,4,False
TXN001628,CUST1861,MERCHANT003,14979.54,CARD,2026-08-18 14:51:17.848634,SUCCESS,,1,4,3,False
TXN001629,CUST1284,MERCHANT009,10882.0,CARD,2026-08-24 15:11:22.848634,SUCCESS,,1,5,5,False
TXN001630,CUST1379,MERCHANT010,46604.6,WALLET,2026-08-18 16:48:49.848634,SUCCESS,,1,15,5,False
TXN001631,CUST0515,MERCHANT008,7780.36,CARD,2026-08-18 23:23:55.848634,SUCCESS,,1,3,5,False
TXN001632,CUST0268,MERCHANT009,39165.99,WALLET,2026-08-25 00:35:58.848634,SUCCESS,,1,14,1,False
TXN001633,CUST0306,MERCHANT005,42350.28,NETBANKING,2026-08-24 19:28:44.848634,SUCCESS,,1,10,5,False
TXN001634,CUST1183,MERCHANT005,18998.02,UPI,2026-08-24 15:49:25.848634,SUCCESS,,1,18,3,False
TXN001635,CUST1301,MERCHANT009,9890.49,CARD,2026-08-20 12:31:23.848634,SUCCESS,,1,7,5,False
TXN001636,CUST0269,MERCHANT008,35928.1,NETBANKING,2026-08-24 20:45:48.848634,SUCCESS,,1,19,3,False
TXN001637,CUST1266,MERCHANT008,29512.48,CARD,2026-08-20 21:47:20.848634,SUCCESS,,1,14,3,False
TXN001638,CUST1705,MERCHANT004,20721.0,NETBANKING,2026-08-19 08:21:56.848634,SUCCESS,,1,18,3,False
TXN001639,CUST0199,MERCHANT004,47718.63,WALLET,2026-08-18 05:31:33.848634,SUCCESS,,1,0,4,False
TXN001640,CUST1273,MERCHANT005,36198.91,NETBANKING,2026-08-24 07:25:08.848634,SUCCESS,,1,1,1,False
TXN001641,CUST1010,MERCHANT008,30440.71,UPI,2026-08-21 16:46:51.848634,SUCCESS,,1,19,1,False
TXN001642,CUST1789,MERCHANT008,27624.93,WALLET,2026-08-24 12:44:01.848634,SUCCESS,,1,3,2,False
TXN001643,CUST1415,MERCHANT002,16723.5,WALLET,2026-08-22 09:21:18.848634,SUCCESS,,1,20,1,False
TXN001644,CUST0207,MERCHANT001,13517.83,NETBANKING,2026-08-24 23:08:31.848634,SUCCESS,,1,13,4,False
TXN001645,CUST0287,MERCHANT010,29108.7,WALLET,2026-08-19 18:03:15.848634,SUCCESS,,1,9,3,False
TXN001646,CUST1667,MERCHANT008,36638.1,UPI,2026-08-24 02:56:13.848634,SUCCESS,,1,8,2,False
TXN001647,CUST0740,MERCHANT004,41829.55,CARD,2026-08-23 21:38:16.848634,SUCCESS,,1,5,2,False
TXN001648,CUST0384,MERCHANT007,17547.86,UPI,2026-08-23 08:07:19.848634,SUCCESS,,1,15,5,False
TXN001649,CUST0217,MERCHANT001,4755.38,UPI,2026-08-23 19:20:58.848634,SUCCESS,,1,7,2,False
TXN001650,CUST1166,MERCHANT009,30688.47,UPI,2026-08-19 23:24:28.848634,SUCCESS,,1,20,5,False
TXN001651,CUST0441,MERCHANT003,30914.97,UPI,2026-08-21 21:11:58.848634,SUCCESS,,1,8,0,False
TXN001652,CUST1514,MERCHANT007,6581.57,WALLET,2026-08-18 18:30:08.848634,SUCCESS,,1,15,1,False
TXN001653,CUST1488,MERCHANT005,8385.51,WALLET,2026-08-23 05:54:15.848634,SUCCESS,,1,7,1,False
TXN001654,CUST0936,MERCHANT009,39879.61,NETBANKING,2026-08-20 04:24:17.848634,SUCCESS,,1,17,3,False
TXN001655,CUST1484,MERCHANT005,14440.42,WALLET,2026-08-22 03:36:15.848634,SUCCESS,,1,5,2,False
TXN001656,CUST1847,MERCHANT002,28381.83,CARD,2026-08-19 11:31:26.848634,SUCCESS,,1,2,0,False
TXN001657,CUST0698,MERCHANT007,15417.59,WALLET,2026-08-18 04:25:18.848634,FAILED,Bank Declined,1,10,4,True
TXN001658,CUST1858,MERCHANT001,7744.21,CARD,2026-08-21 12:12:29.848634,FAILED,Network Error,3,7,4,False
TXN001659,CUST1466,MERCHANT009,43759.11,NETBANKING,2026-08-18 16:52:30.848634,FAILED,Network Error,2,18,2,True
TXN001660,CUST1951,MERCHANT001,15477.44,NETBANKING,2026-08-21 06:13:18.848634,SUCCESS,,1,7,2,False
TXN001661,CUST0648,MERCHANT004,23775.19,UPI,2026-08-23 13:04:07.848634,SUCCESS,,1,10,3,False
TXN001662,CUST1668,MERCHANT001,18620.45,NETBANKING,2026-08-23 15:42:09.848634,SUCCESS,,1,2,0,False
TXN001663,CUST1652,MERCHANT006,15313.74,CARD,2026-08-18 23:18:17.848634,SUCCESS,,1,17,2,False
TXN001664,CUST0595,MERCHANT005,10844.61,NETBANKING,2026-08-24 17:16:44.848634,SUCCESS,,1,8,3,False
TXN001665,CUST0750,MERCHANT002,10156.58,UPI,2026-08-21 06:19:26.848634,SUCCESS,,1,20,5,False
TXN001666,CUST1474,MERCHANT002,32547.14,NETBANKING,2026-08-20 12:20:12.848634,SUCCESS,,1,15,5,False
TXN001667,CUST0239,MERCHANT004,48747.12,UPI,2026-08-22 22:41:59.848634,SUCCESS,,1,13,3,False
TXN001668,CUST0179,MERCHANT007,28159.78,NETBANKING,2026-08-23 03:27:36.848634,SUCCESS,,1,10,2,False
TXN001669,CUST1306,MERCHANT009,33174.66,UPI,2026-08-19 14:07:52.848634,SUCCESS,,1,7,1,False
TXN001670,CUST0796,MERCHANT005,22490.14,UPI,2026-08-22 08:47:45.848634,SUCCESS,,1,19,3,False
TXN001671,CUST1906,MERCHANT003,8312.79,WALLET,2026-08-23 23:05:24.848634,SUCCESS,,1,14,4,False
TXN001672,CUST0252,MERCHANT003,36099.01,NETBANKING,2026-08-18 07:58:04.848634,SUCCESS,,1,15,2,False
TXN001673,CUST1673,MERCHANT006,27709.64,CARD,2026-08-24 02:37:29.848634,SUCCESS,,1,9,0,False
TXN001674,CUST0754,MERCHANT002,12566.08,UPI,2026-08-18 10:03:35.848634,SUCCESS,,1,3,4,False
TXN001675,CUST1720,MERCHANT003,43051.88,UPI,2026-08-24 17:48:45.848634,SUCCESS,,1,6,4,False
TXN001676,CUST1853,MERCHANT009,1567.25,NETBANKING,2026-08-22 11:45:32.848634,SUCCESS,,1,6,5,False
TXN001677,CUST1192,MERCHANT010,8521.18,UPI,2026-08-21 00:40:30.848634,SUCCESS,,1,2,4,False
TXN001678,CUST1750,MERCHANT007,26785.86,WALLET,2026-08-23 19:55:55.848634,SUCCESS,,1,3,1,False
TXN001679,CUST1020,MERCHANT008,48603.91,UPI,2026-08-19 07:24:11.848634,SUCCESS,,1,10,0,False
TXN001680,CUST1679,MERCHANT004,9972.33,WALLET,2026-08-21 06:32:21.848634,SUCCESS,,1,1,4,False
TXN001681,CUST1098,MERCHANT006,30077.65,WALLET,2026-08-22 13:53:44.848634,SUCCESS,,1,10,4,False
TXN001682,CUST0798,MERCHANT010,10877.3,UPI,2026-08-23 09:47:25.848634,SUCCESS,,1,17,0,False
TXN001683,CUST0333,MERCHANT009,32333.94,CARD,2026-08-23 06:32:50.848634,SUCCESS,,1,5,4,False
TXN001684,CUST0126,MERCHANT002,14520.21,CARD,2026-08-18 12:02:52.848634,SUCCESS,,1,16,0,False
TXN001685,CUST1268,MERCHANT005,12398.44,NETBANKING,2026-08-20 13:45:39.848634,SUCCESS,,1,15,1,False
TXN001686,CUST0910,MERCHANT006,40213.12,WALLET,2026-08-19 08:08:02.848634,SUCCESS,,1,14,4,False
TXN001687,CUST1698,MERCHANT009,23315.54,WALLET,2026-08-19 04:59:57.848634,SUCCESS,,1,3,1,False
TXN001688,CUST1917,MERCHANT002,30504.87,CARD,2026-08-20 00:31:05.848634,SUCCESS,,1,10,2,False
TXN001689,CUST1672,MERCHANT005,1263.19,CARD,2026-08-22 06:23:43.848634,SUCCESS,,1,17,1,False
TXN001690,CUST1123,MERCHANT007,30184.61,WALLET,2026-08-18 19:30:37.848634,SUCCESS,,1,8,3,False
TXN001691,CUST0425,MERCHANT010,5365.57,NETBANKING,2026-08-23 03:56:20.848634,SUCCESS,,1,6,3,False
TXN001692,CUST1068,MERCHANT008,7244.47,CARD,2026-08-22 10:40:12.848634,SUCCESS,,1,19,1,False
TXN001693,CUST1498,MERCHANT004,17917.3,CARD,2026-08-24 17:22:45.848634,SUCCESS,,1,11,0,False
TXN001694,CUST1875,MERCHANT001,11189.72,NETBANKING,2026-08-23 11:42:26.848634,SUCCESS,,1,18,4,False
TXN001695,CUST1366,MERCHANT008,34015.24,NETBANKING,2026-08-19 14:09:02.848634,FAILED,Insufficient Funds,2,20,4,True
TXN001696,CUST1940,MERCHANT006,23325.8,UPI,2026-08-21 08:14:38.848634,SUCCESS,,1,2,4,False
TXN001697,CUST1936,MERCHANT003,8173.47,UPI,2026-08-23 06:37:00.848634,SUCCESS,,1,17,3,False
TXN001698,CUST0911,MERCHANT002,18568.76,NETBANKING,2026-08-20 04:44:12.848634,SUCCESS,,1,1,0,False
TXN001699,CUST0893,MERCHANT007,27892.71,UPI,2026-08-18 23:28:11.848634,SUCCESS,,1,17,2,False
TXN001700,CUST0404,MERCHANT006,37443.81,NETBANKING,2026-08-21 02:08:51.848634,SUCCESS,,1,14,5,False
TXN001701,CUST0653,MERCHANT008,11244.35,WALLET,2026-08-19 18:42:48.848634,SUCCESS,,1,6,0,False
TXN001702,CUST1000,MERCHANT001,36164.4,UPI,2026-08-19 09:14:45.848634,SUCCESS,,1,18,2,False
TXN001703,CUST0451,MERCHANT006,49664.1,UPI,2026-08-20 19:57:42.848634,SUCCESS,,1,9,1,False
TXN001704,CUST0777,MERCHANT004,36220.64,UPI,2026-08-22 09:25:51.848634,SUCCESS,,1,7,3,False
TXN001705,CUST0534,MERCHANT009,22199.52,CARD,2026-08-23 15:34:09.848634,SUCCESS,,1,9,1,False
TXN001706,CUST1734,MERCHANT009,25216.29,WALLET,2026-08-20 23:59:22.848634,SUCCESS,,1,13,2,False
TXN001707,CUST0863,MERCHANT009,9527.72,UPI,2026-08-22 05:51:04.848634,SUCCESS,,1,4,3,False
TXN001708,CUST1075,MERCHANT004,43494.4,NETBANKING,2026-08-20 05:54:01.848634,SUCCESS,,1,18,0,False
TXN001709,CUST1085,MERCHANT004,43171.59,WALLET,2026-08-19 21:40:37.848634,SUCCESS,,1,13,1,False
TXN001710,CUST1680,MERCHANT004,3282.76,NETBANKING,2026-08-20 05:17:08.848634,SUCCESS,,1,15,5,False
TXN001711,CUST1356,MERCHANT009,31553.46,NETBANKING,2026-08-22 11:13:34.848634,SUCCESS,,1,20,2,False
TXN001712,CUST0581,MERCHANT010,22019.3,NETBANKING,2026-08-22 13:51:04.848634,SUCCESS,,1,19,4,False
TXN001713,CUST1784,MERCHANT007,10449.96,CARD,2026-08-22 07:18:46.848634,SUCCESS,,1,17,3,False
TXN001714,CUST0228,MERCHANT008,2576.33,CARD,2026-08-24 06:12:58.848634,SUCCESS,,1,9,1,False
TXN001715,CUST0769,MERCHANT009,30792.96,WALLET,2026-08-19 21:32:44.848634,SUCCESS,,1,2,0,False
TXN001716,CUST0707,MERCHANT003,21430.8,UPI,2026-08-22 03:33:33.848634,SUCCESS,,1,2,5,False
TXN001717,CUST0870,MERCHANT007,42247.68,NETBANKING,2026-08-23 05:17:26.848634,SUCCESS,,1,0,5,False
TXN001718,CUST1630,MERCHANT010,634.28,UPI,2026-08-22 04:59:05.848634,SUCCESS,,1,9,4,False
TXN001719,CUST1500,MERCHANT006,39559.37,WALLET,2026-08-20 04:27:00.848634,SUCCESS,,1,17,3,False
TXN001720,CUST1665,MERCHANT001,12845.41,UPI,2026-08-18 04:38:13.848634,SUCCESS,,1,19,4,False
TXN001721,CUST0212,MERCHANT009,34571.49,CARD,2026-08-20 12:42:44.848634,SUCCESS,,1,11,3,False
TXN001722,CUST0560,MERCHANT008,20259.8,NETBANKING,2026-08-20 21:39:50.848634,SUCCESS,,1,9,1,False
TXN001723,CUST0013,MERCHANT004,8273.08,NETBANKING,2026-08-21 00:34:59.848634,SUCCESS,,1,14,0,False
TXN001724,CUST1500,MERCHANT008,322.16,WALLET,2026-08-19 08:29:44.848634,SUCCESS,,1,1,3,False
TXN001725,CUST0368,MERCHANT010,19195.09,CARD,2026-08-19 22:44:01.848634,SUCCESS,,1,2,0,False
TXN001726,CUST0254,MERCHANT007,23412.87,WALLET,2026-08-19 12:38:51.848634,SUCCESS,,1,4,1,False
TXN001727,CUST1119,MERCHANT006,12043.53,WALLET,2026-08-18 07:13:21.848634,SUCCESS,,1,20,2,False
TXN001728,CUST1992,MERCHANT005,45493.78,NETBANKING,2026-08-18 04:52:56.848634,SUCCESS,,1,13,3,False
TXN001729,CUST1037,MERCHANT007,14866.44,WALLET,2026-08-24 13:20:47.848634,SUCCESS,,1,9,0,False
TXN001730,CUST1309,MERCHANT007,15378.4,UPI,2026-08-21 14:53:41.848634,SUCCESS,,1,4,3,False
TXN001731,CUST1955,MERCHANT006,16624.83,CARD,2026-08-18 15:12:08.848634,SUCCESS,,1,15,3,False
TXN001732,CUST1234,MERCHANT001,39939.96,WALLET,2026-08-20 20:23:10.848634,SUCCESS,,1,11,2,False
TXN001733,CUST1190,MERCHANT002,34255.83,NETBANKING,2026-08-18 08:06:09.848634,SUCCESS,,1,1,3,False
TXN001734,CUST0467,MERCHANT009,35557.54,NETBANKING,2026-08-25 01:40:44.848634,SUCCESS,,1,2,1,False
TXN001735,CUST0754,MERCHANT003,43595.22,CARD,2026-08-21 07:06:55.848634,SUCCESS,,1,17,4,False
TXN001736,CUST1800,MERCHANT008,49693.86,UPI,2026-08-19 01:10:04.848634,SUCCESS,,1,5,5,False
TXN001737,CUST1283,MERCHANT003,22114.81,NETBANKING,2026-08-24 00:54:27.848634,SUCCESS,,1,13,3,False
TXN001738,CUST1020,MERCHANT008,2507.22,UPI,2026-08-18 11:35:16.848634,SUCCESS,,1,14,4,False
TXN001739,CUST1837,MERCHANT010,3708.67,WALLET,2026-08-18 17:41:14.848634,SUCCESS,,1,0,0,False
TXN001740,CUST0547,MERCHANT002,23704.32,WALLET,2026-08-21 06:09:17.848634,FAILED,Timeout,1,1,0,True
TXN001741,CUST1251,MERCHANT009,9622.63,UPI,2026-08-24 08:07:24.848634,SUCCESS,,1,17,4,False
TXN001742,CUST0342,MERCHANT008,4848.05,CARD,2026-08-24 19:22:22.848634,SUCCESS,,1,4,2,False
TXN001743,CUST1752,MERCHANT006,48588.99,CARD,2026-08-20 01:54:28.848634,SUCCESS,,1,10,5,False
TXN001744,CUST0478,MERCHANT001,48904.85,CARD,2026-08-18 19:17:27.848634,SUCCESS,,1,0,5,False
TXN001745,CUST1032,MERCHANT003,33502.59,CARD,2026-08-23 05:46:10.848634,SUCCESS,,1,2,1,False
TXN001746,CUST1218,MERCHANT008,23885.71,WALLET,2026-08-21 08:34:46.848634,SUCCESS,,1,1,3,False
TXN001747,CUST0107,MERCHANT008,22978.08,CARD,2026-08-20 01:15:41.848634,SUCCESS,,1,14,0,False
TXN001748,CUST0518,MERCHANT008,49706.5,NETBANKING,2026-08-23 22:44:12.848634,SUCCESS,,1,16,4,False
TXN001749,CUST1676,MERCHANT002,39799.56,NETBANKING,2026-08-20 21:05:13.848634,SUCCESS,,1,16,2,False
TXN001750,CUST0234,MERCHANT009,26933.7,NETBANKING,2026-08-23 23:53:53.848634,SUCCESS,,1,9,3,False
TXN001751,CUST0627,MERCHANT007,46158.79,UPI,2026-08-24 22:08:57.848634,SUCCESS,,1,4,3,False
TXN001752,CUST1974,MERCHANT003,2262.41,UPI,2026-08-19 22:22:22.848634,FAILED,Timeout,2,13,4,True
TXN001753,CUST1191,MERCHANT008,39506.08,CARD,2026-08-20 04:08:56.848634,FAILED,Timeout,2,15,2,True
TXN001754,CUST0476,MERCHANT003,44567.6,CARD,2026-08-18 05:15:36.848634,SUCCESS,,1,8,2,False
TXN001755,CUST0315,MERCHANT009,5620.96,CARD,2026-08-18 19:34:06.848634,SUCCESS,,1,9,2,False
TXN001756,CUST1663,MERCHANT007,39115.4,CARD,2026-08-23 01:58:40.848634,SUCCESS,,1,7,0,False
TXN001757,CUST0949,MERCHANT003,18665.25,WALLET,2026-08-20 16:23:50.848634,SUCCESS,,1,6,0,False
TXN001758,CUST0832,MERCHANT002,29216.83,WALLET,2026-08-21 12:18:11.848634,SUCCESS,,1,10,4,False
TXN001759,CUST0890,MERCHANT009,48189.78,CARD,2026-08-24 09:59:38.848634,SUCCESS,,1,15,5,False
TXN001760,CUST0171,MERCHANT005,7583.27,UPI,2026-08-18 21:39:43.848634,SUCCESS,,1,15,1,False
TXN001761,CUST0082,MERCHANT008,7896.12,NETBANKING,2026-08-21 12:31:30.848634,SUCCESS,,1,18,5,False
TXN001762,CUST0360,MERCHANT005,35155.15,WALLET,2026-08-21 05:47:48.848634,SUCCESS,,1,15,0,False
TXN001763,CUST1855,MERCHANT003,13922.03,UPI,2026-08-19 01:53:39.848634,SUCCESS,,1,9,2,False
TXN001764,CUST0373,MERCHANT006,26653.2,WALLET,2026-08-21 23:03:07.848634,SUCCESS,,1,10,3,False
TXN001765,CUST0162,MERCHANT001,46102.48,WALLET,2026-08-23 00:06:22.848634,SUCCESS,,1,0,5,False
TXN001766,CUST0021,MERCHANT001,21886.64,NETBANKING,2026-08-18 06:14:48.848634,SUCCESS,,1,9,4,False
TXN001767,CUST0474,MERCHANT004,16367.64,CARD,2026-08-19 06:29:44.848634,SUCCESS,,1,18,1,False
TXN001768,CUST1666,MERCHANT007,14698.4,UPI,2026-08-18 09:07:17.848634,SUCCESS,,1,16,1,False
TXN001769,CUST1062,MERCHANT003,14076.17,CARD,2026-08-20 06:54:14.848634,SUCCESS,,1,9,1,False
TXN001770,CUST0293,MERCHANT006,49667.98,CARD,2026-08-24 03:41:58.848634,SUCCESS,,1,16,1,False
TXN001771,CUST0974,MERCHANT008,29447.02,WALLET,2026-08-22 14:32:47.848634,SUCCESS,,1,7,5,False
TXN001772,CUST0370,MERCHANT002,22801.29,WALLET,2026-08-21 14:22:47.848634,SUCCESS,,1,0,4,False
TXN001773,CUST1095,MERCHANT005,42627.34,NETBANKING,2026-08-20 22:08:23.848634,SUCCESS,,1,6,0,False
TXN001774,CUST1783,MERCHANT006,28145.39,CARD,2026-08-20 15:33:39.848634,SUCCESS,,1,10,2,False
TXN001775,CUST0896,MERCHANT006,24152.1,WALLET,2026-08-19 15:20:53.848634,SUCCESS,,1,12,3,False
TXN001776,CUST0170,MERCHANT003,6002.02,NETBANKING,2026-08-24 10:18:33.848634,SUCCESS,,1,4,5,False
TXN001777,CUST1105,MERCHANT001,28040.39,NETBANKING,2026-08-21 06:48:54.848634,SUCCESS,,1,19,3,False
TXN001778,CUST0249,MERCHANT002,17171.52,WALLET,2026-08-23 13:30:26.848634,SUCCESS,,1,12,5,False
TXN001779,CUST1707,MERCHANT006,29335.1,UPI,2026-08-19 15:05:57.848634,SUCCESS,,1,17,0,False
TXN001780,CUST0950,MERCHANT005,42037.03,WALLET,2026-08-23 16:02:32.848634,SUCCESS,,1,2,4,False
TXN001781,CUST1472,MERCHANT002,20311.9,NETBANKING,2026-08-19 23:21:18.848634,SUCCESS,,1,1,1,False
TXN001782,CUST1368,MERCHANT004,41892.96,UPI,2026-08-24 05:32:47.848634,SUCCESS,,1,1,4,False
TXN001783,CUST1830,MERCHANT007,19767.38,NETBANKING,2026-08-19 11:08:21.848634,SUCCESS,,1,17,3,False
TXN001784,CUST0270,MERCHANT002,25812.56,NETBANKING,2026-08-21 21:03:46.848634,SUCCESS,,1,5,2,False
TXN001785,CUST1775,MERCHANT001,47407.04,UPI,2026-08-20 17:55:18.848634,SUCCESS,,1,0,5,False
TXN001786,CUST0969,MERCHANT002,41856.64,WALLET,2026-08-24 04:02:48.848634,SUCCESS,,1,2,4,False
TXN001787,CUST0161,MERCHANT010,21509.12,UPI,2026-08-18 12:39:07.848634,SUCCESS,,1,19,0,False
TXN001788,CUST1972,MERCHANT009,2428.6,CARD,2026-08-23 19:10:38.848634,SUCCESS,,1,1,3,False
TXN001789,CUST0600,MERCHANT006,25896.34,WALLET,2026-08-24 16:43:14.848634,SUCCESS,,1,7,4,False
TXN001790,CUST1477,MERCHANT006,23218.15,WALLET,2026-08-22 17:45:45.848634,SUCCESS,,1,17,0,False
TXN001791,CUST1869,MERCHANT001,33365.33,NETBANKING,2026-08-18 07:34:26.848634,SUCCESS,,1,4,4,False
TXN001792,CUST0070,MERCHANT001,2313.81,WALLET,2026-08-18 05:11:26.848634,SUCCESS,,1,7,1,False
TXN001793,CUST1657,MERCHANT003,30701.95,NETBANKING,2026-08-22 07:38:54.848634,SUCCESS,,1,18,2,False
TXN001794,CUST0965,MERCHANT008,15462.66,NETBANKING,2026-08-20 19:59:34.848634,SUCCESS,,1,4,3,False
TXN001795,CUST1152,MERCHANT002,25817.89,NETBANKING,2026-08-18 13:52:53.848634,SUCCESS,,1,13,2,False
TXN001796,CUST0253,MERCHANT008,31867.1,NETBANKING,2026-08-18 06:09:14.848634,SUCCESS,,1,12,1,False
TXN001797,CUST0151,MERCHANT010,9149.5,UPI,2026-08-21 11:21:37.848634,SUCCESS,,1,13,0,False
TXN001798,CUST1840,MERCHANT002,29792.68,CARD,2026-08-25 01:02:54.848634,SUCCESS,,1,20,4,False
TXN001799,CUST1001,MERCHANT005,49093.48,CARD,2026-08-22 02:21:59.848634,SUCCESS,,1,6,2,False
TXN001800,CUST0654,MERCHANT007,9545.12,NETBANKING,2026-08-22 17:09:32.848634,SUCCESS,,1,6,2,False
TXN001801,CUST1282,MERCHANT009,16737.21,UPI,2026-08-20 06:07:21.848634,SUCCESS,,1,11,1,False
TXN001802,CUST0694,MERCHANT008,24218.94,CARD,2026-08-24 10:39:19.848634,SUCCESS,,1,16,4,False
TXN001803,CUST0614,MERCHANT008,47176.57,WALLET,2026-08-22 20:07:27.848634,SUCCESS,,1,0,3,False
TXN001804,CUST0611,MERCHANT003,26251.45,WALLET,2026-08-19 23:44:30.848634,SUCCESS,,1,13,5,False
TXN001805,CUST1298,MERCHANT010,47231.82,UPI,2026-08-25 02:20:06.848634,SUCCESS,,1,20,0,False
TXN001806,CUST0308,MERCHANT009,39954.81,CARD,2026-08-24 04:55:32.848634,SUCCESS,,1,5,3,False
TXN001807,CUST0618,MERCHANT004,38529.19,WALLET,2026-08-24 13:14:25.848634,SUCCESS,,1,17,2,False
TXN001808,CUST0955,MERCHANT005,2449.38,CARD,2026-08-19 18:39:26.848634,SUCCESS,,1,15,2,False
TXN001809,CUST1301,MERCHANT007,28741.77,CARD,2026-08-23 19:28:44.848634,SUCCESS,,1,14,0,False
TXN001810,CUST1059,MERCHANT010,12586.96,UPI,2026-08-23 05:08:10.848634,SUCCESS,,1,20,4,False
TXN001811,CUST0911,MERCHANT006,7370.93,WALLET,2026-08-22 13:18:08.848634,SUCCESS,,1,1,0,False
TXN001812,CUST1516,MERCHANT004,15987.86,NETBANKING,2026-08-23 20:33:45.848634,SUCCESS,,1,4,0,False
TXN001813,CUST0354,MERCHANT005,22437.38,WALLET,2026-08-24 21:19:54.848634,SUCCESS,,1,5,0,False
TXN001814,CUST0970,MERCHANT006,30540.84,CARD,2026-08-19 22:02:43.848634,SUCCESS,,1,9,2,False
TXN001815,CUST0070,MERCHANT010,32384.17,CARD,2026-08-19 18:52:50.848634,SUCCESS,,1,8,5,False
TXN001816,CUST1773,MERCHANT008,46909.07,NETBANKING,2026-08-18 18:13:42.848634,SUCCESS,,1,3,0,False
TXN001817,CUST1056,MERCHANT005,46384.67,WALLET,2026-08-22 03:01:16.848634,FAILED,Technical Error,1,0,4,True
TXN001818,CUST1461,MERCHANT005,8375.59,NETBANKING,2026-08-18 11:43:54.848634,SUCCESS,,1,16,0,False
TXN001819,CUST0232,MERCHANT001,810.46,CARD,2026-08-24 14:26:57.848634,SUCCESS,,1,4,0,False
TXN001820,CUST1017,MERCHANT004,43051.27,UPI,2026-08-23 11:42:11.848634,SUCCESS,,1,4,4,False
TXN001821,CUST0449,MERCHANT007,16273.08,NETBANKING,2026-08-22 07:10:13.848634,SUCCESS,,1,4,5,False
TXN001822,CUST1931,MERCHANT002,21686.27,UPI,2026-08-18 15:59:37.848634,SUCCESS,,1,15,3,False
TXN001823,CUST0871,MERCHANT009,45458.62,UPI,2026-08-22 05:05:05.848634,SUCCESS,,1,16,3,False
TXN001824,CUST0764,MERCHANT004,20117.62,CARD,2026-08-19 14:37:47.848634,SUCCESS,,1,11,5,False
TXN001825,CUST1556,MERCHANT007,19476.73,CARD,2026-08-24 01:31:52.848634,SUCCESS,,1,2,5,False
TXN001826,CUST1248,MERCHANT005,24056.44,CARD,2026-08-22 21:38:33.848634,SUCCESS,,1,2,0,False
TXN001827,CUST0087,MERCHANT001,39074.91,WALLET,2026-08-23 17:48:35.848634,SUCCESS,,1,3,4,False
TXN001828,CUST0565,MERCHANT007,12477.13,NETBANKING,2026-08-21 23:21:02.848634,SUCCESS,,1,12,4,False
TXN001829,CUST1298,MERCHANT004,41990.84,CARD,2026-08-20 21:38:25.848634,SUCCESS,,1,6,4,False
TXN001830,CUST0614,MERCHANT004,35727.48,WALLET,2026-08-20 05:17:30.848634,SUCCESS,,1,7,5,False
TXN001831,CUST0532,MERCHANT001,4309.0,UPI,2026-08-18 10:40:31.848634,SUCCESS,,1,7,3,False
TXN001832,CUST0257,MERCHANT002,45376.72,CARD,2026-08-20 23:27:39.848634,SUCCESS,,1,19,0,False
TXN001833,CUST1706,MERCHANT002,9070.3,NETBANKING,2026-08-22 01:53:17.848634,SUCCESS,,1,19,4,False
TXN001834,CUST1161,MERCHANT007,11629.72,CARD,2026-08-21 18:11:32.848634,SUCCESS,,1,11,3,False
TXN001835,CUST0819,MERCHANT007,43361.27,CARD,2026-08-19 23:38:23.848634,SUCCESS,,1,7,5,False
TXN001836,CUST0035,MERCHANT007,48011.68,WALLET,2026-08-22 06:46:43.848634,SUCCESS,,1,8,3,False
TXN001837,CUST1728,MERCHANT008,29405.63,CARD,2026-08-24 08:42:06.848634,SUCCESS,,1,5,5,False
TXN001838,CUST0359,MERCHANT008,17700.75,CARD,2026-08-22 02:58:26.848634,SUCCESS,,1,15,1,False
TXN001839,CUST1435,MERCHANT003,7221.68,UPI,2026-08-20 05:24:31.848634,SUCCESS,,1,11,5,False
TXN001840,CUST1406,MERCHANT003,47695.64,WALLET,2026-08-23 22:49:24.848634,SUCCESS,,1,14,2,False
TXN001841,CUST0505,MERCHANT002,40454.74,UPI,2026-08-20 06:16:41.848634,SUCCESS,,1,10,4,False
TXN001842,CUST0391,MERCHANT003,42032.79,NETBANKING,2026-08-21 18:36:15.848634,SUCCESS,,1,9,2,False
TXN001843,CUST0410,MERCHANT010,36545.02,WALLET,2026-08-21 08:12:36.848634,SUCCESS,,1,17,1,False
TXN001844,CUST1444,MERCHANT002,36360.99,NETBANKING,2026-08-19 19:23:10.848634,SUCCESS,,1,2,3,False
TXN001845,CUST0263,MERCHANT003,13522.18,WALLET,2026-08-19 01:23:29.848634,FAILED,Insufficient Funds,3,15,4,False
TXN001846,CUST1195,MERCHANT006,21489.06,WALLET,2026-08-18 02:52:52.848634,SUCCESS,,1,13,3,False
TXN001847,CUST0907,MERCHANT003,33256.98,WALLET,2026-08-25 00:20:09.848634,SUCCESS,,1,0,0,False
TXN001848,CUST1802,MERCHANT004,5743.16,UPI,2026-08-18 06:13:30.848634,SUCCESS,,1,14,5,False
TXN001849,CUST0352,MERCHANT007,17004.81,UPI,2026-08-19 14:57:55.848634,SUCCESS,,1,10,1,False
TXN001850,CUST0707,MERCHANT002,18446.6,WALLET,2026-08-18 20:34:32.848634,SUCCESS,,1,17,4,False
TXN001851,CUST0281,MERCHANT005,1920.15,UPI,2026-08-23 02:10:51.848634,FAILED,Network Error,2,5,4,True
TXN001852,CUST0880,MERCHANT008,6291.44,UPI,2026-08-24 00:24:40.848634,SUCCESS,,1,2,2,False
TXN001853,CUST1720,MERCHANT004,38512.79,NETBANKING,2026-08-18 17:23:46.848634,SUCCESS,,1,12,2,False
TXN001854,CUST1912,MERCHANT010,14956.6,CARD,2026-08-22 10:58:40.848634,SUCCESS,,1,4,3,False
TXN001855,CUST1709,MERCHANT009,35748.34,NETBANKING,2026-08-21 17:28:58.848634,SUCCESS,,1,5,2,False
TXN001856,CUST1712,MERCHANT002,5126.73,CARD,2026-08-19 17:26:52.848634,SUCCESS,,1,13,2,False
TXN001857,CUST1537,MERCHANT004,3643.24,WALLET,2026-08-21 00:42:37.848634,SUCCESS,,1,11,5,False
TXN001858,CUST1710,MERCHANT009,22543.35,WALLET,2026-08-18 10:03:19.848634,SUCCESS,,1,17,0,False
TXN001859,CUST1489,MERCHANT001,3051.27,CARD,2026-08-18 23:39:02.848634,SUCCESS,,1,14,3,False
TXN001860,CUST0498,MERCHANT009,23114.11,WALLET,2026-08-20 10:10:26.848634,SUCCESS,,1,18,0,False
TXN001861,CUST1640,MERCHANT007,3815.66,CARD,2026-08-18 14:56:35.848634,SUCCESS,,1,20,2,False
TXN001862,CUST0255,MERCHANT001,48888.44,WALLET,2026-08-21 15:49:06.848634,SUCCESS,,1,14,1,False
TXN001863,CUST1503,MERCHANT001,46058.36,UPI,2026-08-23 07:11:49.848634,SUCCESS,,1,14,5,False
TXN001864,CUST1734,MERCHANT009,20333.14,UPI,2026-08-20 07:59:04.848634,SUCCESS,,1,19,5,False
TXN001865,CUST0007,MERCHANT010,39734.5,NETBANKING,2026-08-20 12:41:12.848634,SUCCESS,,1,1,4,False
TXN001866,CUST0587,MERCHANT009,19219.68,CARD,2026-08-20 12:51:51.848634,SUCCESS,,1,8,3,False
TXN001867,CUST1695,MERCHANT007,30342.67,UPI,2026-08-24 08:24:26.848634,SUCCESS,,1,12,5,False
TXN001868,CUST0301,MERCHANT001,11805.01,WALLET,2026-08-24 10:56:06.848634,SUCCESS,,1,17,3,False
TXN001869,CUST1749,MERCHANT005,46136.43,UPI,2026-08-21 12:08:14.848634,SUCCESS,,1,13,3,False
TXN001870,CUST0041,MERCHANT009,31916.97,UPI,2026-08-22 23:34:36.848634,SUCCESS,,1,0,5,False
TXN001871,CUST1777,MERCHANT008,13723.87,WALLET,2026-08-22 03:40:56.848634,SUCCESS,,1,14,4,False
TXN001872,CUST1876,MERCHANT003,36105.06,NETBANKING,2026-08-22 06:24:53.848634,SUCCESS,,1,19,2,False
TXN001873,CUST0749,MERCHANT004,19740.76,WALLET,2026-08-19 06:37:21.848634,SUCCESS,,1,5,0,False
TXN001874,CUST0914,MERCHANT001,9807.88,WALLET,2026-08-23 08:57:02.848634,SUCCESS,,1,20,2,False
TXN001875,CUST0328,MERCHANT006,49308.55,CARD,2026-08-23 12:29:36.848634,SUCCESS,,1,15,1,False
TXN001876,CUST1205,MERCHANT007,46632.56,NETBANKING,2026-08-18 10:45:12.848634,SUCCESS,,1,4,0,False
TXN001877,CUST0736,MERCHANT006,7048.56,WALLET,2026-08-22 15:01:59.848634,SUCCESS,,1,9,5,False
TXN001878,CUST0323,MERCHANT006,6667.79,UPI,2026-08-21 00:18:49.848634,SUCCESS,,1,6,4,False
TXN001879,CUST1856,MERCHANT006,32508.77,CARD,2026-08-23 19:01:36.848634,SUCCESS,,1,15,1,False
TXN001880,CUST0852,MERCHANT001,38553.56,CARD,2026-08-19 18:44:10.848634,SUCCESS,,1,13,3,False
TXN001881,CUST1531,MERCHANT005,16589.92,NETBANKING,2026-08-22 03:58:21.848634,SUCCESS,,1,8,4,False
TXN001882,CUST1571,MERCHANT003,8362.33,UPI,2026-08-23 20:05:36.848634,SUCCESS,,1,19,5,False
TXN001883,CUST1474,MERCHANT010,24198.57,WALLET,2026-08-23 15:22:29.848634,SUCCESS,,1,0,2,False
TXN001884,CUST1586,MERCHANT002,344.65,WALLET,2026-08-18 20:50:13.848634,SUCCESS,,1,4,1,False
TXN001885,CUST0634,MERCHANT009,28382.68,UPI,2026-08-22 14:11:38.848634,SUCCESS,,1,2,3,False
TXN001886,CUST1046,MERCHANT001,20025.14,CARD,2026-08-22 09:18:24.848634,SUCCESS,,1,12,0,False
TXN001887,CUST1512,MERCHANT005,34665.41,CARD,2026-08-22 20:45:37.848634,FAILED,Timeout,3,15,1,False
TXN001888,CUST0441,MERCHANT008,8378.37,UPI,2026-08-20 23:24:53.848634,SUCCESS,,1,17,0,False
TXN001889,CUST1260,MERCHANT008,15865.56,WALLET,2026-08-20 03:57:11.848634,SUCCESS,,1,11,4,False
TXN001890,CUST1521,MERCHANT009,6255.01,NETBANKING,2026-08-18 22:17:35.848634,SUCCESS,,1,19,2,False
TXN001891,CUST0948,MERCHANT002,46487.45,NETBANKING,2026-08-20 11:16:41.848634,SUCCESS,,1,6,4,False
TXN001892,CUST0238,MERCHANT008,21952.68,NETBANKING,2026-08-21 16:22:15.848634,SUCCESS,,1,18,0,False
TXN001893,CUST0875,MERCHANT008,24407.45,UPI,2026-08-23 07:12:48.848634,SUCCESS,,1,1,1,False
TXN001894,CUST0688,MERCHANT009,43235.13,NETBANKING,2026-08-19 04:35:26.848634,SUCCESS,,1,6,3,False
TXN001895,CUST0520,MERCHANT006,23705.22,WALLET,2026-08-20 08:14:20.848634,SUCCESS,,1,13,4,False
TXN001896,CUST0327,MERCHANT005,24235.05,UPI,2026-08-18 12:56:57.848634,FAILED,Insufficient Funds,1,1,0,True
TXN001897,CUST1455,MERCHANT005,30040.07,CARD,2026-08-23 02:22:39.848634,SUCCESS,,1,5,4,False
TXN001898,CUST0097,MERCHANT006,15789.71,UPI,2026-08-21 20:19:00.848634,SUCCESS,,1,4,5,False
TXN001899,CUST1394,MERCHANT002,12900.75,UPI,2026-08-20 16:18:30.848634,SUCCESS,,1,6,1,False
TXN001900,CUST0458,MERCHANT008,37580.61,NETBANKING,2026-08-23 21:12:17.848634,SUCCESS,,1,12,1,False
TXN001901,CUST1972,MERCHANT001,28040.26,UPI,2026-08-24 18:37:55.848634,SUCCESS,,1,17,0,False
TXN001902,CUST1978,MERCHANT006,27330.33,CARD,2026-08-22 14:07:59.848634,SUCCESS,,1,10,3,False
TXN001903,CUST1202,MERCHANT005,47860.35,NETBANKING,2026-08-21 07:56:42.848634,SUCCESS,,1,12,3,False
TXN001904,CUST0872,MERCHANT008,3002.32,WALLET,2026-08-20 01:44:58.848634,SUCCESS,,1,8,5,False
TXN001905,CUST0125,MERCHANT010,27639.08,CARD,2026-08-22 01:32:43.848634,SUCCESS,,1,16,3,False
TXN001906,CUST0837,MERCHANT009,40617.38,UPI,2026-08-19 22:44:36.848634,SUCCESS,,1,8,5,False
TXN001907,CUST0625,MERCHANT010,33927.74,NETBANKING,2026-08-24 14:11:09.848634,SUCCESS,,1,1,5,False
TXN001908,CUST0891,MERCHANT006,26978.36,WALLET,2026-08-23 19:38:52.848634,SUCCESS,,1,3,1,False
TXN001909,CUST0220,MERCHANT010,13120.36,NETBANKING,2026-08-19 16:59:28.848634,SUCCESS,,1,11,2,False
TXN001910,CUST0128,MERCHANT003,17365.74,WALLET,2026-08-23 13:42:21.848634,SUCCESS,,1,9,0,False
TXN001911,CUST0470,MERCHANT010,7429.39,WALLET,2026-08-24 20:31:02.848634,SUCCESS,,1,20,0,False
TXN001912,CUST1153,MERCHANT007,3652.03,CARD,2026-08-18 17:20:08.848634,SUCCESS,,1,1,2,False
TXN001913,CUST1741,MERCHANT006,14652.72,UPI,2026-08-18 22:36:36.848634,SUCCESS,,1,3,3,False
TXN001914,CUST0905,MERCHANT002,35822.28,UPI,2026-08-22 06:08:02.848634,SUCCESS,,1,9,5,False
TXN001915,CUST0224,MERCHANT008,906.98,NETBANKING,2026-08-24 21:48:56.848634,SUCCESS,,1,14,2,False
TXN001916,CUST0277,MERCHANT004,23330.18,WALLET,2026-08-22 14:47:56.848634,SUCCESS,,1,15,1,False
TXN001917,CUST1515,MERCHANT010,29760.34,NETBANKING,2026-08-24 12:43:58.848634,SUCCESS,,1,6,5,False
TXN001918,CUST0637,MERCHANT003,22108.85,CARD,2026-08-20 02:44:16.848634,SUCCESS,,1,3,2,False
TXN001919,CUST1823,MERCHANT006,15399.62,CARD,2026-08-18 04:06:56.848634,SUCCESS,,1,18,5,False
TXN001920,CUST0968,MERCHANT002,30006.45,UPI,2026-08-20 02:49:39.848634,SUCCESS,,1,20,1,False
TXN001921,CUST0516,MERCHANT006,29672.38,CARD,2026-08-20 05:44:09.848634,SUCCESS,,1,15,5,False
TXN001922,CUST0019,MERCHANT010,9966.05,WALLET,2026-08-23 22:40:55.848634,SUCCESS,,1,7,1,False
TXN001923,CUST0440,MERCHANT010,37231.78,CARD,2026-08-20 03:26:22.848634,SUCCESS,,1,6,5,False
TXN001924,CUST0615,MERCHANT004,40942.14,CARD,2026-08-22 15:33:08.848634,SUCCESS,,1,15,3,False
TXN001925,CUST0599,MERCHANT008,29924.05,UPI,2026-08-18 21:55:31.848634,SUCCESS,,1,19,4,False
TXN001926,CUST1636,MERCHANT006,4109.69,NETBANKING,2026-08-24 17:56:49.848634,SUCCESS,,1,17,5,False
TXN001927,CUST1003,MERCHANT002,23433.13,CARD,2026-08-18 12:29:27.848634,SUCCESS,,1,18,0,False
TXN001928,CUST0174,MERCHANT003,2491.65,UPI,2026-08-22 16:50:51.848634,FAILED,Bank Declined,3,2,0,False
TXN001929,CUST1028,MERCHANT003,21408.35,CARD,2026-08-23 14:22:41.848634,SUCCESS,,1,14,3,False
TXN001930,CUST0653,MERCHANT007,17717.44,NETBANKING,2026-08-23 17:11:14.848634,SUCCESS,,1,4,4,False
TXN001931,CUST0978,MERCHANT008,2020.27,CARD,2026-08-21 17:18:58.848634,SUCCESS,,1,1,2,False
TXN001932,CUST0113,MERCHANT008,24801.16,NETBANKING,2026-08-23 18:49:35.848634,SUCCESS,,1,12,2,False
TXN001933,CUST0401,MERCHANT009,28347.27,CARD,2026-08-24 12:28:01.848634,SUCCESS,,1,1,2,False
TXN001934,CUST0678,MERCHANT005,32646.03,WALLET,2026-08-23 03:21:54.848634,SUCCESS,,1,15,5,False
TXN001935,CUST0099,MERCHANT001,16241.56,NETBANKING,2026-08-18 13:10:46.848634,SUCCESS,,1,5,1,False
TXN001936,CUST0374,MERCHANT007,44332.93,UPI,2026-08-19 20:57:15.848634,SUCCESS,,1,6,5,False
TXN001937,CUST0456,MERCHANT005,49806.54,NETBANKING,2026-08-21 06:51:24.848634,SUCCESS,,1,13,4,False
TXN001938,CUST1302,MERCHANT005,24436.25,NETBANKING,2026-08-18 16:09:55.848634,SUCCESS,,1,11,0,False
TXN001939,CUST1552,MERCHANT010,16938.94,CARD,2026-08-22 14:34:33.848634,FAILED,Bank Declined,2,10,3,True
TXN001940,CUST1765,MERCHANT009,29462.25,WALLET,2026-08-21 04:30:39.848634,SUCCESS,,1,7,5,False
TXN001941,CUST1697,MERCHANT002,10834.74,NETBANKING,2026-08-19 04:16:40.848634,SUCCESS,,1,6,5,False
TXN001942,CUST0231,MERCHANT010,39759.93,CARD,2026-08-21 15:01:38.848634,FAILED,Network Error,2,13,5,True
TXN001943,CUST1746,MERCHANT003,2292.16,WALLET,2026-08-23 12:45:10.848634,FAILED,Bank Declined,2,0,5,True
TXN001944,CUST0933,MERCHANT008,36609.49,WALLET,2026-08-24 00:26:56.848634,SUCCESS,,1,14,4,False
TXN001945,CUST0270,MERCHANT003,37423.44,CARD,2026-08-22 05:46:11.848634,SUCCESS,,1,8,4,False
TXN001946,CUST0831,MERCHANT009,37551.99,WALLET,2026-08-25 01:56:27.848634,SUCCESS,,1,18,0,False
TXN001947,CUST0138,MERCHANT008,12601.52,WALLET,2026-08-23 15:41:45.848634,SUCCESS,,1,2,2,False
TXN001948,CUST0618,MERCHANT007,452.36,NETBANKING,2026-08-21 12:31:15.848634,SUCCESS,,1,7,3,False
TXN001949,CUST0282,MERCHANT004,31135.79,UPI,2026-08-19 03:47:16.848634,SUCCESS,,1,12,5,False
TXN001950,CUST1331,MERCHANT004,10019.47,CARD,2026-08-20 09:37:55.848634,SUCCESS,,1,5,3,False
TXN001951,CUST0144,MERCHANT003,7513.11,UPI,2026-08-21 11:19:11.848634,SUCCESS,,1,14,5,False
TXN001952,CUST1257,MERCHANT006,31163.22,NETBANKING,2026-08-20 11:37:31.848634,SUCCESS,,1,17,1,False
TXN001953,CUST0250,MERCHANT004,3620.72,WALLET,2026-08-19 20:02:34.848634,FAILED,Network Error,3,4,5,False
TXN001954,CUST1858,MERCHANT005,47646.35,UPI,2026-08-21 08:16:19.848634,SUCCESS,,1,15,2,False
TXN001955,CUST0224,MERCHANT010,313.62,NETBANKING,2026-08-19 11:34:41.848634,SUCCESS,,1,10,3,False
TXN001956,CUST0515,MERCHANT004,27038.49,CARD,2026-08-23 15:32:14.848634,SUCCESS,,1,19,5,False
TXN001957,CUST0604,MERCHANT003,35781.66,UPI,2026-08-24 20:06:38.848634,SUCCESS,,1,17,0,False
TXN001958,CUST1319,MERCHANT009,8341.07,UPI,2026-08-24 07:11:07.848634,SUCCESS,,1,19,2,False
TXN001959,CUST1836,MERCHANT007,42412.51,NETBANKING,2026-08-21 23:18:38.848634,SUCCESS,,1,20,3,False
TXN001960,CUST1247,MERCHANT008,2190.85,CARD,2026-08-20 13:59:12.848634,SUCCESS,,1,7,3,False
TXN001961,CUST0805,MERCHANT003,37254.71,NETBANKING,2026-08-24 20:46:53.848634,SUCCESS,,1,6,0,False
TXN001962,CUST1652,MERCHANT006,35635.6,UPI,2026-08-23 19:36:42.848634,SUCCESS,,1,16,1,False
TXN001963,CUST1071,MERCHANT010,7175.76,UPI,2026-08-18 22:30:40.848634,SUCCESS,,1,3,0,False
TXN001964,CUST0634,MERCHANT008,31759.84,NETBANKING,2026-08-21 23:08:04.848634,SUCCESS,,1,4,5,False
TXN001965,CUST1284,MERCHANT008,24836.79,NETBANKING,2026-08-25 02:16:10.848634,SUCCESS,,1,16,0,False
TXN001966,CUST1113,MERCHANT010,49055.85,CARD,2026-08-20 15:11:25.848634,SUCCESS,,1,0,4,False
TXN001967,CUST1227,MERCHANT008,8261.86,WALLET,2026-08-21 00:42:01.848634,SUCCESS,,1,14,4,False
TXN001968,CUST1036,MERCHANT002,24411.56,NETBANKING,2026-08-21 15:27:20.848634,SUCCESS,,1,8,3,False
TXN001969,CUST1023,MERCHANT007,28590.71,WALLET,2026-08-22 21:30:50.848634,SUCCESS,,1,19,3,False
TXN001970,CUST1217,MERCHANT001,15217.42,UPI,2026-08-24 03:39:34.848634,SUCCESS,,1,13,0,False
TXN001971,CUST0694,MERCHANT005,25120.35,UPI,2026-08-23 08:28:39.848634,SUCCESS,,1,2,1,False
TXN001972,CUST1560,MERCHANT009,4396.82,UPI,2026-08-19 15:54:19.848634,FAILED,Timeout,1,11,1,True
TXN001973,CUST0908,MERCHANT001,47661.72,WALLET,2026-08-23 00:40:05.848634,SUCCESS,,1,5,0,False
TXN001974,CUST0996,MERCHANT009,22328.05,CARD,2026-08-18 16:40:57.848634,SUCCESS,,1,20,1,False
TXN001975,CUST1536,MERCHANT007,25037.06,WALLET,2026-08-22 11:27:01.848634,SUCCESS,,1,18,4,False
TXN001976,CUST0462,MERCHANT009,1790.98,CARD,2026-08-21 02:51:09.848634,SUCCESS,,1,1,4,False
TXN001977,CUST1729,MERCHANT005,1976.61,UPI,2026-08-22 07:33:59.848634,SUCCESS,,1,6,4,False
TXN001978,CUST1656,MERCHANT007,2794.59,WALLET,2026-08-23 04:28:48.848634,SUCCESS,,1,2,3,False
TXN001979,CUST1806,MERCHANT008,26110.69,UPI,2026-08-20 13:32:58.848634,SUCCESS,,1,5,3,False
TXN001980,CUST0988,MERCHANT010,10402.77,CARD,2026-08-22 10:36:59.848634,SUCCESS,,1,1,3,False
TXN001981,CUST0099,MERCHANT008,29602.4,NETBANKING,2026-08-23 09:13:32.848634,FAILED,Technical Error,2,13,0,True
TXN001982,CUST1362,MERCHANT007,40709.74,NETBANKING,2026-08-19 08:11:26.848634,SUCCESS,,1,7,4,False
TXN001983,CUST0015,MERCHANT004,28534.84,WALLET,2026-08-20 05:30:00.848634,SUCCESS,,1,0,1,False
TXN001984,CUST1430,MERCHANT004,20823.61,CARD,2026-08-22 13:33:44.848634,SUCCESS,,1,0,4,False
TXN001985,CUST1346,MERCHANT002,24133.29,NETBANKING,2026-08-23 06:03:09.848634,SUCCESS,,1,10,2,False
TXN001986,CUST1857,MERCHANT008,47094.02,UPI,2026-08-22 23:42:59.848634,SUCCESS,,1,9,5,False
TXN001987,CUST0175,MERCHANT002,21541.98,UPI,2026-08-23 03:52:17.848634,SUCCESS,,1,8,0,False
TXN001988,CUST1058,MERCHANT003,34287.17,WALLET,2026-08-20 17:21:30.848634,SUCCESS,,1,14,1,False
TXN001989,CUST1413,MERCHANT008,5239.91,NETBANKING,2026-08-19 01:36:48.848634,FAILED,Timeout,1,9,3,True
TXN001990,CUST0515,MERCHANT009,1029.92,NETBANKING,2026-08-19 21:54:35.848634,SUCCESS,,1,12,1,False
TXN001991,CUST1903,MERCHANT002,7800.81,NETBANKING,2026-08-23 00:47:43.848634,SUCCESS,,1,12,3,False
TXN001992,CUST1689,MERCHANT001,37650.75,CARD,2026-08-19 23:58:49.848634,SUCCESS,,1,16,5,False
TXN001993,CUST0392,MERCHANT005,16476.95,UPI,2026-08-24 07:48:59.848634,SUCCESS,,1,12,3,False
TXN001994,CUST0668,MERCHANT001,42098.83,CARD,2026-08-24 07:09:00.848634,SUCCESS,,1,7,3,False
TXN001995,CUST1715,MERCHANT001,10113.86,UPI,2026-08-21 11:48:08.848634,SUCCESS,,1,10,2,False
TXN001996,CUST0493,MERCHANT006,18148.73,WALLET,2026-08-23 08:48:20.848634,SUCCESS,,1,2,0,False
TXN001997,CUST0007,MERCHANT004,43288.21,NETBANKING,2026-08-18 10:32:45.848634,SUCCESS,,1,2,4,False
TXN001998,CUST0522,MERCHANT008,28106.6,NETBANKING,2026-08-24 23:07:23.848634,SUCCESS,,1,12,1,False
TXN001999,CUST1866,MERCHANT008,43778.33,CARD,2026-08-22 06:45:51.848634,SUCCESS,,1,20,3,False
TXN002000,CUST0510,MERCHANT005,44666.95,CARD,2026-08-22 15:30:56.848634,SUCCESS,,1,10,1,False
TXN002001,CUST1610,MERCHANT007,28606.04,CARD,2026-08-24 23:53:30.848634,SUCCESS,,1,5,1,False
TXN002002,CUST1128,MERCHANT010,39229.63,UPI,2026-08-18 16:02:13.848634,SUCCESS,,1,16,4,False
TXN002003,CUST1561,MERCHANT009,2074.78,CARD,2026-08-18 07:33:17.848634,SUCCESS,,1,2,3,False
TXN002004,CUST0242,MERCHANT005,12019.08,WALLET,2026-08-19 07:14:55.848634,SUCCESS,,1,3,0,False
TXN002005,CUST1121,MERCHANT008,5710.08,CARD,2026-08-18 13:21:23.848634,SUCCESS,,1,8,4,False
TXN002006,CUST0633,MERCHANT002,43057.4,NETBANKING,2026-08-18 05:34:26.848634,SUCCESS,,1,12,4,False
TXN002007,CUST0709,MERCHANT002,31107.19,UPI,2026-08-22 12:43:32.848634,SUCCESS,,1,16,2,False
TXN002008,CUST0643,MERCHANT010,44747.12,CARD,2026-08-19 10:00:26.848634,SUCCESS,,1,5,3,False
TXN002009,CUST0430,MERCHANT001,12435.67,NETBANKING,2026-08-22 05:15:41.848634,SUCCESS,,1,18,2,False
TXN002010,CUST0131,MERCHANT007,11000.07,WALLET,2026-08-23 10:06:39.848634,SUCCESS,,1,0,1,False
TXN002011,CUST0784,MERCHANT006,14227.26,UPI,2026-08-20 00:46:35.848634,SUCCESS,,1,17,4,False
TXN002012,CUST0379,MERCHANT001,2468.92,WALLET,2026-08-18 10:10:10.848634,SUCCESS,,1,19,2,False
TXN002013,CUST0305,MERCHANT010,17883.68,UPI,2026-08-19 09:55:18.848634,SUCCESS,,1,9,0,False
TXN002014,CUST1203,MERCHANT009,35253.62,NETBANKING,2026-08-23 01:25:33.848634,SUCCESS,,1,9,5,False
TXN002015,CUST1517,MERCHANT007,29383.29,NETBANKING,2026-08-19 05:45:47.848634,SUCCESS,,1,3,1,False
TXN002016,CUST1363,MERCHANT009,33792.5,NETBANKING,2026-08-20 19:03:31.848634,SUCCESS,,1,7,0,False
TXN002017,CUST1601,MERCHANT001,26563.43,NETBANKING,2026-08-23 01:15:34.848634,SUCCESS,,1,11,1,False
TXN002018,CUST0023,MERCHANT010,32085.28,NETBANKING,2026-08-19 19:43:12.848634,SUCCESS,,1,6,1,False
TXN002019,CUST1221,MERCHANT007,47509.6,UPI,2026-08-21 13:52:28.848634,SUCCESS,,1,6,1,False
TXN002020,CUST0369,MERCHANT010,2098.78,UPI,2026-08-20 04:20:21.848634,SUCCESS,,1,2,4,False
TXN002021,CUST1403,MERCHANT007,41489.14,UPI,2026-08-20 02:43:36.848634,SUCCESS,,1,4,2,False
TXN002022,CUST0266,MERCHANT001,36100.52,WALLET,2026-08-20 15:52:32.848634,SUCCESS,,1,0,1,False
TXN002023,CUST0837,MERCHANT004,20437.85,WALLET,2026-08-20 18:52:20.848634,SUCCESS,,1,18,0,False
TXN002024,CUST1192,MERCHANT005,46522.43,CARD,2026-08-19 00:16:26.848634,SUCCESS,,1,7,4,False
TXN002025,CUST1888,MERCHANT005,18248.38,NETBANKING,2026-08-21 16:13:55.848634,SUCCESS,,1,20,2,False
TXN002026,CUST0013,MERCHANT006,31304.31,WALLET,2026-08-19 15:17:44.848634,FAILED,Bank Declined,3,17,1,False
TXN002027,CUST0561,MERCHANT001,2818.56,WALLET,2026-08-20 03:06:05.848634,SUCCESS,,1,9,3,False
TXN002028,CUST0315,MERCHANT002,7100.62,NETBANKING,2026-08-24 23:05:32.848634,SUCCESS,,1,9,2,False
TXN002029,CUST0479,MERCHANT005,28052.68,WALLET,2026-08-19 04:34:45.848634,SUCCESS,,1,12,5,False
TXN002030,CUST1502,MERCHANT006,11993.28,WALLET,2026-08-21 08:01:03.848634,SUCCESS,,1,6,4,False
TXN002031,CUST1383,MERCHANT010,16792.08,NETBANKING,2026-08-18 16:33:42.848634,SUCCESS,,1,0,2,False
TXN002032,CUST1350,MERCHANT006,9159.07,CARD,2026-08-20 22:14:43.848634,SUCCESS,,1,6,0,False
TXN002033,CUST1569,MERCHANT003,1129.39,WALLET,2026-08-18 04:01:46.848634,SUCCESS,,1,17,4,False
TXN002034,CUST0537,MERCHANT001,42233.42,UPI,2026-08-22 01:14:45.848634,SUCCESS,,1,2,5,False
TXN002035,CUST1594,MERCHANT001,30046.36,CARD,2026-08-24 11:11:13.848634,FAILED,Bank Declined,2,10,1,True
TXN002036,CUST0594,MERCHANT007,34149.91,CARD,2026-08-21 09:31:51.848634,SUCCESS,,1,7,5,False
TXN002037,CUST0474,MERCHANT003,32730.19,UPI,2026-08-18 19:30:06.848634,SUCCESS,,1,17,2,False
TXN002038,CUST0141,MERCHANT002,45085.26,UPI,2026-08-24 14:59:19.848634,SUCCESS,,1,14,5,False
TXN002039,CUST0745,MERCHANT009,44093.2,NETBANKING,2026-08-21 07:05:33.848634,SUCCESS,,1,9,4,False
TXN002040,CUST1075,MERCHANT006,26173.39,CARD,2026-08-22 10:46:24.848634,SUCCESS,,1,8,4,False
TXN002041,CUST1839,MERCHANT008,39525.93,CARD,2026-08-18 06:05:15.848634,SUCCESS,,1,9,0,False
TXN002042,CUST1433,MERCHANT010,10793.77,NETBANKING,2026-08-22 15:58:12.848634,SUCCESS,,1,7,3,False
TXN002043,CUST0486,MERCHANT006,45184.68,CARD,2026-08-22 15:53:50.848634,SUCCESS,,1,14,1,False
TXN002044,CUST0880,MERCHANT002,15085.94,UPI,2026-08-23 13:45:38.848634,SUCCESS,,1,14,4,False
TXN002045,CUST1531,MERCHANT005,39238.56,UPI,2026-08-18 16:25:17.848634,SUCCESS,,1,5,3,False
TXN002046,CUST0612,MERCHANT008,30900.86,UPI,2026-08-23 16:48:41.848634,FAILED,Bank Declined,3,10,1,False
TXN002047,CUST1424,MERCHANT004,10470.39,UPI,2026-08-22 16:02:03.848634,SUCCESS,,1,17,3,False
TXN002048,CUST1331,MERCHANT002,25500.51,CARD,2026-08-22 13:19:04.848634,SUCCESS,,1,8,5,False
TXN002049,CUST1850,MERCHANT009,1867.99,UPI,2026-08-25 00:13:21.848634,SUCCESS,,1,15,1,False
TXN002050,CUST1361,MERCHANT004,48647.19,UPI,2026-08-22 00:06:01.848634,SUCCESS,,1,6,3,False
TXN002051,CUST1504,MERCHANT005,12508.97,NETBANKING,2026-08-20 11:05:22.848634,SUCCESS,,1,9,5,False
TXN002052,CUST1560,MERCHANT006,10960.86,CARD,2026-08-19 12:55:07.848634,SUCCESS,,1,12,5,False
TXN002053,CUST1581,MERCHANT001,41397.7,CARD,2026-08-19 22:40:08.848634,SUCCESS,,1,12,0,False
TXN002054,CUST1010,MERCHANT010,3177.75,NETBANKING,2026-08-22 14:31:47.848634,SUCCESS,,1,3,3,False
TXN002055,CUST0578,MERCHANT008,22327.86,CARD,2026-08-20 14:00:57.848634,SUCCESS,,1,17,2,False
TXN002056,CUST0689,MERCHANT001,32726.58,UPI,2026-08-19 18:48:16.848634,SUCCESS,,1,6,5,False
TXN002057,CUST1066,MERCHANT006,34219.2,NETBANKING,2026-08-18 06:53:22.848634,SUCCESS,,1,13,0,False
TXN002058,CUST1221,MERCHANT005,32393.39,WALLET,2026-08-19 16:03:27.848634,SUCCESS,,1,17,3,False
TXN002059,CUST0879,MERCHANT008,47982.15,WALLET,2026-08-24 20:46:12.848634,SUCCESS,,1,12,1,False
TXN002060,CUST0909,MERCHANT009,23782.74,NETBANKING,2026-08-22 21:55:15.848634,SUCCESS,,1,13,4,False
TXN002061,CUST1351,MERCHANT002,26071.0,UPI,2026-08-23 05:45:56.848634,SUCCESS,,1,8,0,False
TXN002062,CUST0921,MERCHANT010,7576.83,WALLET,2026-08-20 21:02:58.848634,SUCCESS,,1,20,5,False
TXN002063,CUST1317,MERCHANT003,38180.98,UPI,2026-08-23 04:11:32.848634,SUCCESS,,1,3,4,False
TXN002064,CUST0770,MERCHANT002,44630.73,WALLET,2026-08-21 07:01:06.848634,SUCCESS,,1,18,5,False
TXN002065,CUST0452,MERCHANT005,17226.04,UPI,2026-08-20 19:03:55.848634,SUCCESS,,1,18,0,False
TXN002066,CUST0116,MERCHANT010,35346.93,WALLET,2026-08-21 14:40:00.848634,SUCCESS,,1,1,3,False
TXN002067,CUST1254,MERCHANT005,4324.68,NETBANKING,2026-08-22 00:16:21.848634,SUCCESS,,1,13,2,False
TXN002068,CUST0392,MERCHANT007,17381.61,CARD,2026-08-21 02:02:40.848634,SUCCESS,,1,5,2,False
TXN002069,CUST1813,MERCHANT003,17665.73,CARD,2026-08-23 04:01:45.848634,SUCCESS,,1,18,2,False
TXN002070,CUST1404,MERCHANT001,24232.32,CARD,2026-08-21 23:14:26.848634,SUCCESS,,1,9,5,False
TXN002071,CUST0864,MERCHANT006,19886.34,NETBANKING,2026-08-22 06:41:47.848634,SUCCESS,,1,20,1,False
TXN002072,CUST1072,MERCHANT005,4824.77,UPI,2026-08-20 17:11:16.848634,FAILED,Network Error,3,1,4,False
TXN002073,CUST0208,MERCHANT001,37695.88,UPI,2026-08-23 17:27:00.848634,SUCCESS,,1,18,5,False
TXN002074,CUST1939,MERCHANT009,16803.77,NETBANKING,2026-08-20 01:47:17.848634,SUCCESS,,1,13,3,False
TXN002075,CUST0298,MERCHANT005,25108.39,WALLET,2026-08-18 17:20:28.848634,SUCCESS,,1,10,4,False
TXN002076,CUST1420,MERCHANT005,237.43,NETBANKING,2026-08-18 17:06:11.848634,SUCCESS,,1,8,2,False
TXN002077,CUST0095,MERCHANT006,3822.05,WALLET,2026-08-18 12:06:13.848634,SUCCESS,,1,14,3,False
TXN002078,CUST1270,MERCHANT007,37568.02,WALLET,2026-08-22 23:42:07.848634,SUCCESS,,1,0,3,False
TXN002079,CUST1848,MERCHANT001,25727.49,UPI,2026-08-22 06:41:32.848634,SUCCESS,,1,19,3,False
TXN002080,CUST1251,MERCHANT001,42319.44,CARD,2026-08-19 15:14:51.848634,SUCCESS,,1,6,4,False
TXN002081,CUST1325,MERCHANT008,24903.4,WALLET,2026-08-19 08:08:36.848634,SUCCESS,,1,16,5,False
TXN002082,CUST1176,MERCHANT008,36912.68,CARD,2026-08-18 21:19:43.848634,SUCCESS,,1,8,3,False
TXN002083,CUST0827,MERCHANT001,29944.49,CARD,2026-08-19 07:08:51.848634,SUCCESS,,1,9,2,False
TXN002084,CUST0862,MERCHANT010,48202.39,WALLET,2026-08-18 23:01:07.848634,SUCCESS,,1,4,4,False
TXN002085,CUST1370,MERCHANT008,20334.2,UPI,2026-08-23 14:26:52.848634,SUCCESS,,1,7,5,False
TXN002086,CUST1942,MERCHANT001,30135.89,WALLET,2026-08-21 22:56:17.848634,SUCCESS,,1,13,2,False
TXN002087,CUST0855,MERCHANT001,2380.12,WALLET,2026-08-22 07:50:51.848634,SUCCESS,,1,19,1,False
TXN002088,CUST0014,MERCHANT005,32795.64,WALLET,2026-08-24 11:12:06.848634,SUCCESS,,1,7,2,False
TXN002089,CUST0664,MERCHANT009,46156.58,WALLET,2026-08-20 21:23:35.848634,SUCCESS,,1,19,0,False
TXN002090,CUST0304,MERCHANT007,32379.57,NETBANKING,2026-08-22 15:32:56.848634,SUCCESS,,1,14,0,False
TXN002091,CUST1152,MERCHANT004,4313.38,NETBANKING,2026-08-23 06:26:11.848634,SUCCESS,,1,15,0,False
TXN002092,CUST1366,MERCHANT007,9752.73,NETBANKING,2026-08-19 17:18:27.848634,SUCCESS,,1,16,4,False
TXN002093,CUST1654,MERCHANT007,18255.79,NETBANKING,2026-08-23 03:16:14.848634,SUCCESS,,1,11,5,False
TXN002094,CUST0019,MERCHANT007,23353.69,CARD,2026-08-21 22:51:52.848634,SUCCESS,,1,14,1,False
TXN002095,CUST0549,MERCHANT001,47031.64,NETBANKING,2026-08-22 10:39:12.848634,SUCCESS,,1,7,2,False
TXN002096,CUST0880,MERCHANT007,49606.75,NETBANKING,2026-08-22 16:03:36.848634,SUCCESS,,1,9,4,False
TXN002097,CUST1483,MERCHANT003,22890.94,CARD,2026-08-19 14:41:30.848634,FAILED,Bank Declined,2,17,4,True
TXN002098,CUST0704,MERCHANT004,31776.65,NETBANKING,2026-08-20 05:57:36.848634,SUCCESS,,1,11,0,False
TXN002099,CUST1884,MERCHANT009,49845.91,UPI,2026-08-18 08:05:36.848634,SUCCESS,,1,1,3,False
TXN002100,CUST1888,MERCHANT009,44042.33,CARD,2026-08-24 21:11:13.848634,SUCCESS,,1,10,3,False
TXN002101,CUST1781,MERCHANT001,49474.77,WALLET,2026-08-23 02:19:12.848634,SUCCESS,,1,4,4,False
TXN002102,CUST1850,MERCHANT008,31238.75,WALLET,2026-08-18 13:56:53.848634,SUCCESS,,1,20,5,False
TXN002103,CUST1607,MERCHANT004,4494.89,NETBANKING,2026-08-21 19:51:48.848634,SUCCESS,,1,18,1,False
TXN002104,CUST0091,MERCHANT005,20035.48,NETBANKING,2026-08-21 09:07:44.848634,SUCCESS,,1,20,1,False
TXN002105,CUST1593,MERCHANT001,1207.01,UPI,2026-08-24 21:44:39.848634,SUCCESS,,1,9,1,False
TXN002106,CUST0085,MERCHANT003,20314.39,WALLET,2026-08-21 13:10:47.848634,SUCCESS,,1,5,2,False
TXN002107,CUST1866,MERCHANT004,1551.37,WALLET,2026-08-23 23:24:37.848634,FAILED,Network Error,2,14,4,True
TXN002108,CUST1360,MERCHANT003,245.53,UPI,2026-08-22 01:31:28.848634,SUCCESS,,1,5,4,False
TXN002109,CUST0376,MERCHANT010,1185.79,NETBANKING,2026-08-21 15:17:24.848634,SUCCESS,,1,9,1,False
TXN002110,CUST1282,MERCHANT002,46185.51,WALLET,2026-08-24 16:26:38.848634,SUCCESS,,1,12,4,False
TXN002111,CUST1194,MERCHANT003,3748.88,UPI,2026-08-24 22:56:29.848634,SUCCESS,,1,14,2,False
TXN002112,CUST0736,MERCHANT009,37104.77,CARD,2026-08-22 22:44:32.848634,SUCCESS,,1,19,0,False
TXN002113,CUST0809,MERCHANT010,25597.11,UPI,2026-08-20 02:22:18.848634,SUCCESS,,1,7,0,False
TXN002114,CUST1131,MERCHANT001,49856.74,UPI,2026-08-25 02:09:30.848634,SUCCESS,,1,10,4,False
TXN002115,CUST0665,MERCHANT009,42925.6,WALLET,2026-08-18 14:42:35.848634,SUCCESS,,1,14,5,False
TXN002116,CUST1158,MERCHANT001,28209.39,WALLET,2026-08-23 22:50:48.848634,SUCCESS,,1,15,0,False
TXN002117,CUST0237,MERCHANT008,15139.88,NETBANKING,2026-08-19 21:45:38.848634,SUCCESS,,1,12,1,False
TXN002118,CUST1492,MERCHANT010,26423.01,WALLET,2026-08-23 16:20:22.848634,SUCCESS,,1,7,4,False
TXN002119,CUST0314,MERCHANT008,28851.54,WALLET,2026-08-20 22:51:03.848634,SUCCESS,,1,16,2,False
TXN002120,CUST1506,MERCHANT001,25206.04,UPI,2026-08-24 14:35:45.848634,SUCCESS,,1,2,2,False
TXN002121,CUST0938,MERCHANT009,44935.78,CARD,2026-08-21 09:35:55.848634,SUCCESS,,1,7,3,False
TXN002122,CUST1783,MERCHANT009,34030.89,CARD,2026-08-22 19:55:53.848634,SUCCESS,,1,9,4,False
TXN002123,CUST1121,MERCHANT008,2516.44,UPI,2026-08-18 15:48:17.848634,SUCCESS,,1,9,0,False
TXN002124,CUST0674,MERCHANT007,42600.78,NETBANKING,2026-08-21 11:50:33.848634,SUCCESS,,1,15,5,False
TXN002125,CUST1044,MERCHANT009,11904.12,WALLET,2026-08-19 15:38:30.848634,SUCCESS,,1,3,3,False
TXN002126,CUST1864,MERCHANT003,26278.93,NETBANKING,2026-08-21 01:57:04.848634,SUCCESS,,1,5,3,False
TXN002127,CUST0312,MERCHANT008,12234.11,WALLET,2026-08-20 13:32:11.848634,SUCCESS,,1,8,0,False
TXN002128,CUST1248,MERCHANT005,33979.63,NETBANKING,2026-08-21 13:32:09.848634,SUCCESS,,1,10,1,False
TXN002129,CUST1919,MERCHANT010,24255.22,CARD,2026-08-24 20:06:07.848634,SUCCESS,,1,9,1,False
TXN002130,CUST0466,MERCHANT007,10916.28,WALLET,2026-08-18 20:02:28.848634,SUCCESS,,1,7,1,False
TXN002131,CUST1266,MERCHANT001,18739.37,WALLET,2026-08-23 05:04:01.848634,SUCCESS,,1,10,4,False
TXN002132,CUST1868,MERCHANT010,23347.15,UPI,2026-08-19 16:09:41.848634,SUCCESS,,1,7,1,False
TXN002133,CUST0370,MERCHANT002,28007.26,CARD,2026-08-20 01:59:18.848634,SUCCESS,,1,14,0,False
TXN002134,CUST0255,MERCHANT002,16505.65,UPI,2026-08-24 22:17:43.848634,SUCCESS,,1,11,0,False
TXN002135,CUST1828,MERCHANT001,1320.86,CARD,2026-08-18 16:57:39.848634,SUCCESS,,1,1,4,False
TXN002136,CUST0788,MERCHANT008,21589.96,NETBANKING,2026-08-22 02:06:43.848634,SUCCESS,,1,19,0,False
TXN002137,CUST1698,MERCHANT004,5006.82,CARD,2026-08-23 19:11:07.848634,SUCCESS,,1,8,1,False
TXN002138,CUST0225,MERCHANT010,8613.6,CARD,2026-08-23 06:44:57.848634,SUCCESS,,1,20,3,False
TXN002139,CUST0685,MERCHANT001,38044.97,WALLET,2026-08-19 22:50:37.848634,SUCCESS,,1,7,3,False
TXN002140,CUST1639,MERCHANT008,34933.79,UPI,2026-08-19 12:26:30.848634,SUCCESS,,1,16,5,False
TXN002141,CUST1205,MERCHANT002,41135.81,UPI,2026-08-18 13:31:34.848634,SUCCESS,,1,18,0,False
TXN002142,CUST0866,MERCHANT009,35487.69,WALLET,2026-08-24 03:09:48.848634,SUCCESS,,1,16,5,False
TXN002143,CUST0267,MERCHANT004,17861.2,NETBANKING,2026-08-23 00:52:38.848634,SUCCESS,,1,15,2,False
TXN002144,CUST1752,MERCHANT002,21101.56,UPI,2026-08-20 14:44:09.848634,SUCCESS,,1,9,1,False
TXN002145,CUST0671,MERCHANT007,22309.53,CARD,2026-08-23 02:22:13.848634,SUCCESS,,1,9,3,False
TXN002146,CUST1829,MERCHANT010,24678.78,CARD,2026-08-24 02:51:52.848634,SUCCESS,,1,6,2,False
TXN002147,CUST1438,MERCHANT010,13052.03,WALLET,2026-08-22 13:29:11.848634,SUCCESS,,1,18,0,False
TXN002148,CUST0547,MERCHANT010,40602.19,NETBANKING,2026-08-24 12:18:20.848634,SUCCESS,,1,6,4,False
TXN002149,CUST0250,MERCHANT005,18748.73,WALLET,2026-08-22 18:32:13.848634,SUCCESS,,1,10,0,False
TXN002150,CUST1526,MERCHANT009,33060.91,NETBANKING,2026-08-22 14:14:21.848634,SUCCESS,,1,9,0,False
TXN002151,CUST1146,MERCHANT004,1897.84,UPI,2026-08-24 20:00:35.848634,SUCCESS,,1,14,1,False
TXN002152,CUST1836,MERCHANT010,22856.45,WALLET,2026-08-24 10:11:22.848634,SUCCESS,,1,19,3,False
TXN002153,CUST1779,MERCHANT001,22375.07,CARD,2026-08-22 16:00:52.848634,SUCCESS,,1,0,2,False
TXN002154,CUST0637,MERCHANT010,42599.45,UPI,2026-08-22 03:47:28.848634,SUCCESS,,1,2,3,False
TXN002155,CUST1395,MERCHANT009,33672.92,CARD,2026-08-21 02:49:24.848634,SUCCESS,,1,8,0,False
TXN002156,CUST0943,MERCHANT005,41855.17,WALLET,2026-08-20 08:21:32.848634,SUCCESS,,1,8,5,False
TXN002157,CUST0788,MERCHANT007,8278.18,CARD,2026-08-19 11:25:06.848634,SUCCESS,,1,3,2,False
TXN002158,CUST0271,MERCHANT002,35087.78,UPI,2026-08-24 05:46:36.848634,SUCCESS,,1,20,0,False
TXN002159,CUST0715,MERCHANT010,29785.36,UPI,2026-08-24 16:41:28.848634,SUCCESS,,1,13,0,False
TXN002160,CUST0747,MERCHANT004,25502.98,WALLET,2026-08-22 02:23:21.848634,SUCCESS,,1,16,4,False
TXN002161,CUST0848,MERCHANT007,46912.78,UPI,2026-08-23 21:47:58.848634,SUCCESS,,1,13,1,False
TXN002162,CUST0384,MERCHANT009,12949.92,UPI,2026-08-23 05:52:40.848634,SUCCESS,,1,7,3,False
TXN002163,CUST1536,MERCHANT005,10392.74,UPI,2026-08-19 00:58:01.848634,SUCCESS,,1,0,5,False
TXN002164,CUST1440,MERCHANT006,26299.99,NETBANKING,2026-08-24 07:45:40.848634,SUCCESS,,1,4,3,False
TXN002165,CUST1176,MERCHANT004,3468.18,WALLET,2026-08-22 05:47:45.848634,SUCCESS,,1,3,5,False
TXN002166,CUST1810,MERCHANT003,40244.09,WALLET,2026-08-18 17:52:14.848634,SUCCESS,,1,18,2,False
TXN002167,CUST0959,MERCHANT009,23076.36,WALLET,2026-08-18 20:37:53.848634,SUCCESS,,1,12,4,False
TXN002168,CUST1621,MERCHANT001,41644.69,UPI,2026-08-24 01:59:35.848634,SUCCESS,,1,15,1,False
TXN002169,CUST0989,MERCHANT008,15196.14,WALLET,2026-08-24 04:23:49.848634,SUCCESS,,1,16,2,False
TXN002170,CUST0885,MERCHANT006,26489.26,CARD,2026-08-23 09:09:51.848634,SUCCESS,,1,7,4,False
TXN002171,CUST1791,MERCHANT010,19597.65,WALLET,2026-08-23 03:45:06.848634,SUCCESS,,1,17,4,False
TXN002172,CUST1584,MERCHANT008,12581.03,NETBANKING,2026-08-19 23:49:36.848634,SUCCESS,,1,19,2,False
TXN002173,CUST0597,MERCHANT002,22855.38,NETBANKING,2026-08-22 15:10:18.848634,SUCCESS,,1,10,2,False
TXN002174,CUST1737,MERCHANT010,36995.99,UPI,2026-08-19 19:34:33.848634,SUCCESS,,1,4,4,False
TXN002175,CUST0998,MERCHANT003,18223.14,CARD,2026-08-19 03:03:01.848634,SUCCESS,,1,15,0,False
TXN002176,CUST0804,MERCHANT006,39845.63,UPI,2026-08-20 19:42:53.848634,SUCCESS,,1,12,3,False
TXN002177,CUST0113,MERCHANT001,48738.17,UPI,2026-08-18 09:18:45.848634,SUCCESS,,1,17,0,False
TXN002178,CUST1652,MERCHANT008,44705.22,WALLET,2026-08-23 23:13:05.848634,SUCCESS,,1,18,4,False
TXN002179,CUST0778,MERCHANT010,24378.25,CARD,2026-08-21 08:11:05.848634,SUCCESS,,1,19,0,False
TXN002180,CUST1585,MERCHANT003,22533.02,NETBANKING,2026-08-21 20:41:58.848634,SUCCESS,,1,1,0,False
TXN002181,CUST1048,MERCHANT001,46881.59,WALLET,2026-08-22 17:54:17.848634,SUCCESS,,1,7,3,False
TXN002182,CUST0098,MERCHANT006,11797.82,NETBANKING,2026-08-19 02:28:59.848634,SUCCESS,,1,14,5,False
TXN002183,CUST0681,MERCHANT007,37103.05,CARD,2026-08-23 21:29:15.848634,SUCCESS,,1,5,0,False
TXN002184,CUST1454,MERCHANT001,10406.5,CARD,2026-08-22 13:16:06.848634,SUCCESS,,1,4,4,False
TXN002185,CUST1765,MERCHANT003,13110.42,NETBANKING,2026-08-18 11:59:24.848634,SUCCESS,,1,6,3,False
TXN002186,CUST0320,MERCHANT010,38470.86,CARD,2026-08-23 23:04:06.848634,SUCCESS,,1,13,2,False
TXN002187,CUST0337,MERCHANT007,41397.15,WALLET,2026-08-20 00:39:54.848634,SUCCESS,,1,2,1,False
TXN002188,CUST1017,MERCHANT008,48100.25,NETBANKING,2026-08-22 22:25:14.848634,SUCCESS,,1,0,4,False
TXN002189,CUST1649,MERCHANT008,49010.56,UPI,2026-08-19 02:42:18.848634,SUCCESS,,1,15,3,False
TXN002190,CUST0723,MERCHANT005,25841.98,CARD,2026-08-19 08:42:14.848634,SUCCESS,,1,2,3,False
TXN002191,CUST0338,MERCHANT003,35488.32,WALLET,2026-08-19 00:57:08.848634,SUCCESS,,1,4,5,False
TXN002192,CUST0642,MERCHANT009,16429.03,NETBANKING,2026-08-20 10:17:58.848634,SUCCESS,,1,16,2,False
TXN002193,CUST1835,MERCHANT001,19491.46,UPI,2026-08-18 15:49:11.848634,SUCCESS,,1,13,3,False
TXN002194,CUST0643,MERCHANT005,24189.73,CARD,2026-08-18 18:33:45.848634,SUCCESS,,1,11,5,False
TXN002195,CUST0517,MERCHANT009,29764.0,CARD,2026-08-21 07:42:54.848634,SUCCESS,,1,10,0,False
TXN002196,CUST0324,MERCHANT003,29596.19,NETBANKING,2026-08-19 09:13:47.848634,SUCCESS,,1,14,0,False
TXN002197,CUST1205,MERCHANT005,47930.14,NETBANKING,2026-08-23 05:09:42.848634,SUCCESS,,1,8,2,False
TXN002198,CUST0957,MERCHANT009,7575.23,CARD,2026-08-23 20:19:27.848634,SUCCESS,,1,19,0,False
TXN002199,CUST0900,MERCHANT008,27265.81,UPI,2026-08-23 18:36:19.848634,SUCCESS,,1,18,3,False
TXN002200,CUST1123,MERCHANT001,6838.16,NETBANKING,2026-08-20 01:35:52.848634,SUCCESS,,1,15,1,False
TXN002201,CUST0097,MERCHANT005,27973.73,WALLET,2026-08-22 04:11:14.848634,SUCCESS,,1,11,1,False
TXN002202,CUST1152,MERCHANT004,25179.9,CARD,2026-08-24 06:04:14.848634,SUCCESS,,1,16,4,False
TXN002203,CUST0373,MERCHANT003,37354.49,CARD,2026-08-19 06:15:26.848634,SUCCESS,,1,10,0,False
TXN002204,CUST0582,MERCHANT004,12761.83,WALLET,2026-08-18 15:21:30.848634,SUCCESS,,1,5,5,False
TXN002205,CUST1726,MERCHANT005,1617.79,CARD,2026-08-23 23:00:10.848634,SUCCESS,,1,18,1,False
TXN002206,CUST0702,MERCHANT001,48884.81,UPI,2026-08-19 20:41:06.848634,SUCCESS,,1,19,5,False
TXN002207,CUST1651,MERCHANT007,28684.47,NETBANKING,2026-08-22 11:51:58.848634,SUCCESS,,1,8,3,False
TXN002208,CUST1951,MERCHANT006,4204.25,UPI,2026-08-23 00:53:58.848634,SUCCESS,,1,0,5,False
TXN002209,CUST1113,MERCHANT006,42359.56,NETBANKING,2026-08-18 19:58:56.848634,SUCCESS,,1,11,2,False
TXN002210,CUST0518,MERCHANT003,22846.89,NETBANKING,2026-08-21 18:35:27.848634,SUCCESS,,1,15,2,False
TXN002211,CUST1254,MERCHANT001,35516.78,WALLET,2026-08-24 09:12:03.848634,SUCCESS,,1,20,3,False
TXN002212,CUST0413,MERCHANT007,18577.22,UPI,2026-08-19 06:13:07.848634,SUCCESS,,1,19,0,False
TXN002213,CUST0954,MERCHANT002,31916.75,NETBANKING,2026-08-18 10:23:01.848634,SUCCESS,,1,15,3,False
TXN002214,CUST0089,MERCHANT005,36144.67,CARD,2026-08-21 17:36:40.848634,SUCCESS,,1,19,3,False
TXN002215,CUST0913,MERCHANT001,38736.62,UPI,2026-08-20 16:32:26.848634,FAILED,Network Error,1,15,1,True
TXN002216,CUST1947,MERCHANT002,44744.25,UPI,2026-08-22 18:30:24.848634,SUCCESS,,1,15,1,False
TXN002217,CUST0465,MERCHANT008,38489.58,NETBANKING,2026-08-24 22:12:19.848634,SUCCESS,,1,15,3,False
TXN002218,CUST0574,MERCHANT008,19158.26,UPI,2026-08-21 15:44:18.848634,SUCCESS,,1,8,0,False
TXN002219,CUST0370,MERCHANT006,48509.69,WALLET,2026-08-24 20:32:16.848634,SUCCESS,,1,20,2,False
TXN002220,CUST1736,MERCHANT010,35756.25,WALLET,2026-08-19 09:53:38.848634,SUCCESS,,1,9,2,False
TXN002221,CUST1704,MERCHANT006,19194.29,CARD,2026-08-21 01:58:51.848634,SUCCESS,,1,7,1,False
TXN002222,CUST1344,MERCHANT008,2175.93,UPI,2026-08-21 13:41:17.848634,SUCCESS,,1,15,5,False
TXN002223,CUST0790,MERCHANT005,26150.72,NETBANKING,2026-08-18 19:31:39.848634,SUCCESS,,1,1,3,False
TXN002224,CUST1907,MERCHANT006,28957.69,CARD,2026-08-19 10:13:47.848634,SUCCESS,,1,6,4,False
TXN002225,CUST1003,MERCHANT002,29123.25,WALLET,2026-08-22 14:27:40.848634,SUCCESS,,1,17,4,False
TXN002226,CUST1162,MERCHANT008,23258.0,WALLET,2026-08-22 13:15:37.848634,SUCCESS,,1,10,3,False
TXN002227,CUST1380,MERCHANT007,11654.34,NETBANKING,2026-08-21 12:56:10.848634,SUCCESS,,1,14,0,False
TXN002228,CUST1156,MERCHANT010,15232.32,CARD,2026-08-21 22:31:24.848634,SUCCESS,,1,11,1,False
TXN002229,CUST0971,MERCHANT008,44055.29,WALLET,2026-08-24 04:56:38.848634,SUCCESS,,1,13,5,False
TXN002230,CUST1184,MERCHANT005,40104.04,WALLET,2026-08-24 00:12:18.848634,SUCCESS,,1,16,5,False
TXN002231,CUST0882,MERCHANT009,25920.94,NETBANKING,2026-08-22 17:23:50.848634,SUCCESS,,1,15,3,False
TXN002232,CUST0607,MERCHANT005,33437.91,CARD,2026-08-18 15:59:37.848634,SUCCESS,,1,2,4,False
TXN002233,CUST1410,MERCHANT010,9669.93,CARD,2026-08-18 22:12:43.848634,SUCCESS,,1,10,3,False
TXN002234,CUST0591,MERCHANT005,15940.74,WALLET,2026-08-21 06:58:57.848634,SUCCESS,,1,7,2,False
TXN002235,CUST0454,MERCHANT004,41686.51,WALLET,2026-08-19 14:00:35.848634,SUCCESS,,1,4,2,False
TXN002236,CUST1135,MERCHANT002,27678.95,UPI,2026-08-23 12:02:43.848634,SUCCESS,,1,7,5,False
TXN002237,CUST1637,MERCHANT003,3379.69,CARD,2026-08-18 10:33:39.848634,SUCCESS,,1,20,0,False
TXN002238,CUST0833,MERCHANT003,43785.12,WALLET,2026-08-21 07:22:55.848634,SUCCESS,,1,13,3,False
TXN002239,CUST1133,MERCHANT006,24957.16,WALLET,2026-08-24 05:45:06.848634,SUCCESS,,1,16,5,False
TXN002240,CUST1955,MERCHANT004,7654.62,WALLET,2026-08-21 10:38:45.848634,SUCCESS,,1,15,3,False
TXN002241,CUST1964,MERCHANT005,7288.64,NETBANKING,2026-08-20 00:27:20.848634,SUCCESS,,1,12,4,False
TXN002242,CUST0307,MERCHANT002,26168.62,NETBANKING,2026-08-22 21:22:05.848634,SUCCESS,,1,2,5,False
TXN002243,CUST1922,MERCHANT005,16044.89,CARD,2026-08-22 15:19:08.848634,SUCCESS,,1,12,0,False
TXN002244,CUST1215,MERCHANT009,27772.7,UPI,2026-08-20 17:35:09.848634,SUCCESS,,1,2,4,False
TXN002245,CUST0180,MERCHANT008,49318.6,NETBANKING,2026-08-20 11:47:58.848634,FAILED,Timeout,2,4,1,True
TXN002246,CUST1777,MERCHANT002,37695.77,NETBANKING,2026-08-21 09:38:36.848634,SUCCESS,,1,1,3,False
TXN002247,CUST0054,MERCHANT005,9488.64,WALLET,2026-08-24 01:41:53.848634,SUCCESS,,1,8,4,False
TXN002248,CUST0261,MERCHANT004,49376.44,CARD,2026-08-24 05:39:53.848634,SUCCESS,,1,10,4,False
TXN002249,CUST1940,MERCHANT007,18648.97,CARD,2026-08-23 10:33:26.848634,SUCCESS,,1,17,3,False
TXN002250,CUST1031,MERCHANT008,49008.06,NETBANKING,2026-08-24 11:37:00.848634,SUCCESS,,1,14,4,False
TXN002251,CUST0592,MERCHANT004,34630.94,NETBANKING,2026-08-24 17:20:15.848634,SUCCESS,,1,10,4,False
TXN002252,CUST0642,MERCHANT006,47851.12,CARD,2026-08-25 00:49:48.848634,SUCCESS,,1,9,4,False
TXN002253,CUST1192,MERCHANT010,35098.48,UPI,2026-08-20 04:26:32.848634,SUCCESS,,1,18,1,False
TXN002254,CUST0358,MERCHANT006,47992.93,UPI,2026-08-18 04:21:03.848634,SUCCESS,,1,10,1,False
TXN002255,CUST1827,MERCHANT008,11680.71,UPI,2026-08-22 09:27:33.848634,SUCCESS,,1,20,1,False
TXN002256,CUST1940,MERCHANT003,37186.74,WALLET,2026-08-24 18:18:38.848634,SUCCESS,,1,2,2,False
TXN002257,CUST1303,MERCHANT006,32935.05,UPI,2026-08-18 06:25:28.848634,SUCCESS,,1,6,2,False
TXN002258,CUST1247,MERCHANT007,32131.33,WALLET,2026-08-18 09:56:32.848634,SUCCESS,,1,17,5,False
TXN002259,CUST0016,MERCHANT005,45428.71,CARD,2026-08-18 13:30:21.848634,SUCCESS,,1,3,4,False
TXN002260,CUST0944,MERCHANT002,13815.41,WALLET,2026-08-23 11:05:12.848634,FAILED,Network Error,1,5,4,True
TXN002261,CUST1351,MERCHANT009,34508.78,NETBANKING,2026-08-23 15:41:50.848634,SUCCESS,,1,8,1,False
TXN002262,CUST1759,MERCHANT010,31438.06,UPI,2026-08-23 01:11:53.848634,SUCCESS,,1,19,2,False
TXN002263,CUST1539,MERCHANT004,21999.1,WALLET,2026-08-19 14:17:41.848634,SUCCESS,,1,3,0,False
TXN002264,CUST0659,MERCHANT003,7047.73,WALLET,2026-08-18 13:20:53.848634,SUCCESS,,1,2,2,False
TXN002265,CUST1629,MERCHANT007,13131.76,WALLET,2026-08-25 00:23:44.848634,SUCCESS,,1,20,3,False
TXN002266,CUST1808,MERCHANT006,17611.35,CARD,2026-08-20 19:48:55.848634,SUCCESS,,1,17,3,False
TXN002267,CUST1306,MERCHANT008,35374.09,NETBANKING,2026-08-19 09:00:17.848634,SUCCESS,,1,9,1,False
TXN002268,CUST0263,MERCHANT009,2084.66,NETBANKING,2026-08-22 01:49:52.848634,SUCCESS,,1,16,5,False
TXN002269,CUST1696,MERCHANT008,4025.11,NETBANKING,2026-08-20 14:23:43.848634,SUCCESS,,1,9,2,False
TXN002270,CUST1615,MERCHANT008,39627.94,CARD,2026-08-23 19:33:30.848634,FAILED,Bank Declined,2,8,3,True
TXN002271,CUST1476,MERCHANT005,45711.32,NETBANKING,2026-08-18 21:39:15.848634,SUCCESS,,1,15,0,False
TXN002272,CUST1836,MERCHANT002,43068.17,NETBANKING,2026-08-21 04:11:14.848634,SUCCESS,,1,1,3,False
TXN002273,CUST1695,MERCHANT005,13545.92,CARD,2026-08-24 23:21:09.848634,SUCCESS,,1,12,2,False
TXN002274,CUST0067,MERCHANT007,26160.99,WALLET,2026-08-19 03:43:36.848634,SUCCESS,,1,9,4,False
TXN002275,CUST0768,MERCHANT009,12297.16,CARD,2026-08-24 05:24:32.848634,SUCCESS,,1,18,2,False
TXN002276,CUST0437,MERCHANT007,4866.5,NETBANKING,2026-08-22 10:50:50.848634,SUCCESS,,1,6,4,False
TXN002277,CUST1377,MERCHANT008,8835.35,UPI,2026-08-21 10:59:43.848634,SUCCESS,,1,4,5,False
TXN002278,CUST0177,MERCHANT001,49740.18,UPI,2026-08-19 06:56:35.848634,SUCCESS,,1,19,0,False
TXN002279,CUST0303,MERCHANT003,24696.05,UPI,2026-08-19 17:00:02.848634,SUCCESS,,1,5,0,False
TXN002280,CUST1441,MERCHANT001,4979.5,CARD,2026-08-21 08:05:58.848634,SUCCESS,,1,0,1,False
TXN002281,CUST0941,MERCHANT010,47563.68,WALLET,2026-08-20 13:02:23.848634,SUCCESS,,1,2,3,False
TXN002282,CUST1402,MERCHANT001,2304.2,CARD,2026-08-18 04:34:33.848634,SUCCESS,,1,5,4,False
TXN002283,CUST1521,MERCHANT001,5067.52,WALLET,2026-08-20 18:55:14.848634,SUCCESS,,1,5,5,False
TXN002284,CUST0382,MERCHANT006,14933.38,NETBANKING,2026-08-19 04:37:44.848634,SUCCESS,,1,6,2,False
TXN002285,CUST0063,MERCHANT005,44396.62,UPI,2026-08-22 07:32:53.848634,SUCCESS,,1,3,5,False
TXN002286,CUST1055,MERCHANT007,33185.16,UPI,2026-08-20 13:44:58.848634,SUCCESS,,1,18,5,False
TXN002287,CUST0729,MERCHANT004,13079.14,UPI,2026-08-18 21:11:04.848634,SUCCESS,,1,4,4,False
TXN002288,CUST0348,MERCHANT007,16161.66,WALLET,2026-08-18 23:59:21.848634,SUCCESS,,1,9,5,False
TXN002289,CUST1251,MERCHANT007,37851.45,CARD,2026-08-24 01:55:16.848634,SUCCESS,,1,8,4,False
TXN002290,CUST0574,MERCHANT001,48379.16,CARD,2026-08-22 18:01:02.848634,SUCCESS,,1,3,2,False
TXN002291,CUST0039,MERCHANT006,6994.56,WALLET,2026-08-24 20:43:44.848634,SUCCESS,,1,10,2,False
TXN002292,CUST1796,MERCHANT007,25547.57,UPI,2026-08-19 22:35:42.848634,SUCCESS,,1,19,0,False
TXN002293,CUST1702,MERCHANT008,11108.96,UPI,2026-08-20 00:17:00.848634,SUCCESS,,1,11,4,False
TXN002294,CUST1681,MERCHANT010,26140.99,NETBANKING,2026-08-24 02:00:19.848634,SUCCESS,,1,13,2,False
TXN002295,CUST0172,MERCHANT008,40790.88,UPI,2026-08-22 20:19:13.848634,SUCCESS,,1,2,3,False
TXN002296,CUST0260,MERCHANT009,7951.35,CARD,2026-08-24 23:55:09.848634,SUCCESS,,1,19,3,False
TXN002297,CUST0085,MERCHANT003,40682.7,WALLET,2026-08-20 14:15:21.848634,SUCCESS,,1,9,4,False
TXN002298,CUST0480,MERCHANT010,16873.83,WALLET,2026-08-23 06:14:08.848634,SUCCESS,,1,1,4,False
TXN002299,CUST0536,MERCHANT010,16977.32,NETBANKING,2026-08-19 07:04:56.848634,SUCCESS,,1,11,5,False
TXN002300,CUST0141,MERCHANT010,39837.51,CARD,2026-08-24 16:04:19.848634,SUCCESS,,1,1,2,False
TXN002301,CUST0772,MERCHANT001,1134.72,NETBANKING,2026-08-24 08:58:20.848634,SUCCESS,,1,4,3,False
TXN002302,CUST1665,MERCHANT001,30602.81,CARD,2026-08-19 18:42:36.848634,SUCCESS,,1,7,4,False
TXN002303,CUST1726,MERCHANT010,4359.27,CARD,2026-08-22 17:32:31.848634,SUCCESS,,1,2,3,False
TXN002304,CUST1972,MERCHANT006,14281.1,NETBANKING,2026-08-19 00:15:57.848634,SUCCESS,,1,16,2,False
TXN002305,CUST1920,MERCHANT009,2142.63,CARD,2026-08-19 09:29:14.848634,SUCCESS,,1,17,2,False
TXN002306,CUST0419,MERCHANT008,10415.45,UPI,2026-08-20 15:19:46.848634,SUCCESS,,1,16,4,False
TXN002307,CUST0195,MERCHANT004,16723.01,CARD,2026-08-19 20:45:27.848634,SUCCESS,,1,11,2,False
TXN002308,CUST1877,MERCHANT001,1412.53,NETBANKING,2026-08-20 22:02:31.848634,SUCCESS,,1,5,4,False
TXN002309,CUST0192,MERCHANT007,35264.88,UPI,2026-08-24 09:26:14.848634,SUCCESS,,1,6,0,False
TXN002310,CUST0052,MERCHANT002,30140.13,NETBANKING,2026-08-18 22:19:44.848634,SUCCESS,,1,0,3,False
TXN002311,CUST1618,MERCHANT008,19897.96,CARD,2026-08-18 17:42:43.848634,SUCCESS,,1,4,4,False
TXN002312,CUST0364,MERCHANT004,45102.09,NETBANKING,2026-08-22 05:30:42.848634,SUCCESS,,1,18,0,False
TXN002313,CUST0443,MERCHANT005,10510.37,WALLET,2026-08-19 07:17:03.848634,SUCCESS,,1,12,5,False
TXN002314,CUST1112,MERCHANT003,23648.55,WALLET,2026-08-24 21:22:45.848634,SUCCESS,,1,7,3,False
TXN002315,CUST0620,MERCHANT010,28350.8,CARD,2026-08-22 02:59:31.848634,SUCCESS,,1,13,3,False
TXN002316,CUST0689,MERCHANT003,18742.88,CARD,2026-08-23 00:08:52.848634,SUCCESS,,1,15,4,False
TXN002317,CUST0436,MERCHANT001,24104.66,NETBANKING,2026-08-19 04:33:59.848634,SUCCESS,,1,0,5,False
TXN002318,CUST1841,MERCHANT003,24533.24,WALLET,2026-08-23 03:16:23.848634,SUCCESS,,1,6,2,False
TXN002319,CUST0643,MERCHANT009,8990.89,UPI,2026-08-20 16:44:11.848634,SUCCESS,,1,11,4,False
TXN002320,CUST1808,MERCHANT006,18612.85,CARD,2026-08-19 13:17:14.848634,SUCCESS,,1,16,0,False
TXN002321,CUST0403,MERCHANT010,25491.91,WALLET,2026-08-19 16:12:26.848634,SUCCESS,,1,2,3,False
TXN002322,CUST0204,MERCHANT008,40889.49,UPI,2026-08-23 09:20:30.848634,SUCCESS,,1,2,1,False
TXN002323,CUST0805,MERCHANT010,10372.86,CARD,2026-08-24 12:32:06.848634,SUCCESS,,1,18,1,False
TXN002324,CUST1703,MERCHANT008,22920.23,UPI,2026-08-23 11:03:17.848634,SUCCESS,,1,9,5,False
TXN002325,CUST0591,MERCHANT001,15236.9,NETBANKING,2026-08-19 02:01:28.848634,SUCCESS,,1,16,4,False
TXN002326,CUST0940,MERCHANT008,10067.9,WALLET,2026-08-18 10:52:33.848634,SUCCESS,,1,17,4,False
TXN002327,CUST1647,MERCHANT009,11154.86,CARD,2026-08-19 20:16:47.848634,SUCCESS,,1,4,3,False
TXN002328,CUST0457,MERCHANT009,26116.32,WALLET,2026-08-24 19:08:43.848634,SUCCESS,,1,12,0,False
TXN002329,CUST0711,MERCHANT001,23405.66,UPI,2026-08-20 20:43:49.848634,SUCCESS,,1,14,5,False
TXN002330,CUST0903,MERCHANT005,16331.42,NETBANKING,2026-08-24 23:39:38.848634,SUCCESS,,1,15,1,False
TXN002331,CUST1178,MERCHANT004,659.01,UPI,2026-08-23 08:47:17.848634,SUCCESS,,1,19,4,False
TXN002332,CUST0408,MERCHANT006,7215.04,NETBANKING,2026-08-21 13:31:07.848634,SUCCESS,,1,12,3,False
TXN002333,CUST1219,MERCHANT008,17724.12,NETBANKING,2026-08-22 19:04:45.848634,SUCCESS,,1,12,3,False
TXN002334,CUST0518,MERCHANT009,33958.76,UPI,2026-08-18 14:16:25.848634,SUCCESS,,1,8,3,False
TXN002335,CUST1791,MERCHANT005,6540.01,CARD,2026-08-19 07:50:56.848634,SUCCESS,,1,20,2,False
TXN002336,CUST0341,MERCHANT006,41277.35,NETBANKING,2026-08-21 15:32:41.848634,SUCCESS,,1,4,0,False
TXN002337,CUST0209,MERCHANT008,2238.75,UPI,2026-08-21 06:56:48.848634,SUCCESS,,1,16,2,False
TXN002338,CUST0974,MERCHANT002,4858.3,UPI,2026-08-23 08:15:39.848634,SUCCESS,,1,15,3,False
TXN002339,CUST0055,MERCHANT003,44724.52,UPI,2026-08-21 19:31:00.848634,SUCCESS,,1,12,5,False
TXN002340,CUST0432,MERCHANT009,30037.65,NETBANKING,2026-08-24 09:56:23.848634,SUCCESS,,1,6,5,False
TXN002341,CUST0963,MERCHANT002,23631.42,WALLET,2026-08-19 17:48:12.848634,SUCCESS,,1,4,1,False
TXN002342,CUST0912,MERCHANT006,23917.21,NETBANKING,2026-08-24 17:01:56.848634,SUCCESS,,1,11,1,False
TXN002343,CUST1420,MERCHANT010,27219.65,CARD,2026-08-20 06:07:46.848634,SUCCESS,,1,17,2,False
TXN002344,CUST0684,MERCHANT008,5233.33,WALLET,2026-08-20 04:00:32.848634,SUCCESS,,1,14,3,False
TXN002345,CUST1872,MERCHANT006,16709.38,NETBANKING,2026-08-19 22:44:07.848634,SUCCESS,,1,5,1,False
TXN002346,CUST1272,MERCHANT004,11997.5,UPI,2026-08-19 00:59:56.848634,SUCCESS,,1,4,2,False
TXN002347,CUST0296,MERCHANT004,21719.12,CARD,2026-08-21 10:22:32.848634,SUCCESS,,1,12,3,False
TXN002348,CUST1256,MERCHANT010,23344.1,CARD,2026-08-21 04:24:58.848634,SUCCESS,,1,4,1,False
TXN002349,CUST0568,MERCHANT004,12088.39,UPI,2026-08-19 15:05:29.848634,SUCCESS,,1,7,3,False
TXN002350,CUST1053,MERCHANT006,46171.64,WALLET,2026-08-21 03:41:36.848634,SUCCESS,,1,2,0,False
TXN002351,CUST0060,MERCHANT005,32279.96,UPI,2026-08-22 02:40:35.848634,SUCCESS,,1,16,3,False
TXN002352,CUST0804,MERCHANT009,2244.9,NETBANKING,2026-08-20 07:32:33.848634,SUCCESS,,1,3,3,False
TXN002353,CUST1398,MERCHANT006,23005.47,NETBANKING,2026-08-24 15:14:53.848634,SUCCESS,,1,20,4,False
TXN002354,CUST0302,MERCHANT010,27622.9,CARD,2026-08-25 01:19:40.848634,SUCCESS,,1,20,0,False
TXN002355,CUST0339,MERCHANT009,10619.94,UPI,2026-08-18 17:45:26.848634,SUCCESS,,1,2,1,False
TXN002356,CUST1768,MERCHANT009,12571.67,CARD,2026-08-24 06:40:43.848634,SUCCESS,,1,20,1,False
TXN002357,CUST0630,MERCHANT010,14304.6,WALLET,2026-08-21 06:32:05.848634,SUCCESS,,1,12,5,False
TXN002358,CUST0579,MERCHANT007,45720.39,WALLET,2026-08-18 06:44:24.848634,SUCCESS,,1,2,5,False
TXN002359,CUST0180,MERCHANT005,30945.51,NETBANKING,2026-08-22 16:06:30.848634,SUCCESS,,1,4,2,False
TXN002360,CUST1181,MERCHANT007,19143.78,UPI,2026-08-23 23:32:19.848634,SUCCESS,,1,11,4,False
TXN002361,CUST1371,MERCHANT007,39845.2,WALLET,2026-08-24 04:57:07.848634,SUCCESS,,1,8,2,False
TXN002362,CUST1566,MERCHANT001,36836.31,WALLET,2026-08-20 08:03:38.848634,SUCCESS,,1,17,4,False
TXN002363,CUST1095,MERCHANT006,28631.9,CARD,2026-08-23 03:17:14.848634,SUCCESS,,1,5,5,False
TXN002364,CUST1828,MERCHANT007,503.97,WALLET,2026-08-20 16:59:17.848634,SUCCESS,,1,15,2,False
TXN002365,CUST1898,MERCHANT009,44360.68,WALLET,2026-08-24 06:28:36.848634,SUCCESS,,1,20,2,False
TXN002366,CUST1082,MERCHANT001,34571.97,UPI,2026-08-23 04:32:59.848634,SUCCESS,,1,1,1,False
TXN002367,CUST1422,MERCHANT010,21503.89,WALLET,2026-08-21 13:32:14.848634,SUCCESS,,1,12,2,False
TXN002368,CUST1979,MERCHANT010,27112.41,WALLET,2026-08-18 07:12:25.848634,SUCCESS,,1,2,0,False
TXN002369,CUST1338,MERCHANT009,610.88,UPI,2026-08-19 10:03:42.848634,SUCCESS,,1,6,0,False
TXN002370,CUST0865,MERCHANT006,28473.69,CARD,2026-08-23 07:46:45.848634,SUCCESS,,1,0,1,False
TXN002371,CUST0063,MERCHANT006,21533.15,WALLET,2026-08-21 03:03:18.848634,SUCCESS,,1,7,4,False
TXN002372,CUST0417,MERCHANT004,10886.26,NETBANKING,2026-08-20 23:23:05.848634,SUCCESS,,1,7,0,False
TXN002373,CUST0020,MERCHANT010,28013.48,WALLET,2026-08-24 11:04:37.848634,FAILED,Technical Error,2,1,5,True
TXN002374,CUST0219,MERCHANT004,34954.7,NETBANKING,2026-08-24 11:16:04.848634,SUCCESS,,1,17,1,False
TXN002375,CUST0748,MERCHANT004,28500.14,WALLET,2026-08-22 12:51:04.848634,SUCCESS,,1,20,0,False
TXN002376,CUST0242,MERCHANT006,4298.22,WALLET,2026-08-19 13:43:36.848634,SUCCESS,,1,17,4,False
TXN002377,CUST1697,MERCHANT006,11838.47,WALLET,2026-08-21 20:34:07.848634,SUCCESS,,1,20,3,False
TXN002378,CUST0324,MERCHANT008,27243.0,CARD,2026-08-23 20:05:08.848634,SUCCESS,,1,12,2,False
TXN002379,CUST0350,MERCHANT004,28584.75,CARD,2026-08-21 03:54:57.848634,SUCCESS,,1,4,2,False
TXN002380,CUST0919,MERCHANT004,15982.89,CARD,2026-08-21 19:33:43.848634,SUCCESS,,1,4,1,False
TXN002381,CUST1403,MERCHANT004,19776.22,NETBANKING,2026-08-23 06:54:38.848634,SUCCESS,,1,1,0,False
TXN002382,CUST0396,MERCHANT009,29328.34,CARD,2026-08-24 05:14:02.848634,SUCCESS,,1,20,3,False
TXN002383,CUST0607,MERCHANT003,9371.63,WALLET,2026-08-23 23:20:51.848634,SUCCESS,,1,13,2,False
TXN002384,CUST0223,MERCHANT008,49526.22,UPI,2026-08-21 12:06:18.848634,SUCCESS,,1,7,1,False
TXN002385,CUST0624,MERCHANT007,17496.35,UPI,2026-08-20 00:13:49.848634,SUCCESS,,1,6,3,False
TXN002386,CUST1550,MERCHANT009,3295.2,NETBANKING,2026-08-20 07:24:48.848634,SUCCESS,,1,1,5,False
TXN002387,CUST1017,MERCHANT001,23246.07,NETBANKING,2026-08-24 21:28:12.848634,SUCCESS,,1,14,5,False
TXN002388,CUST1981,MERCHANT006,11715.98,WALLET,2026-08-23 19:07:46.848634,SUCCESS,,1,10,3,False
TXN002389,CUST0769,MERCHANT005,27589.91,UPI,2026-08-19 09:29:10.848634,SUCCESS,,1,16,4,False
TXN002390,CUST1647,MERCHANT005,27325.62,NETBANKING,2026-08-23 23:45:03.848634,SUCCESS,,1,11,4,False
TXN002391,CUST0833,MERCHANT002,38946.42,NETBANKING,2026-08-22 09:29:57.848634,FAILED,Bank Declined,1,12,0,True
TXN002392,CUST1489,MERCHANT007,39475.15,UPI,2026-08-20 03:42:01.848634,SUCCESS,,1,2,1,False
TXN002393,CUST1001,MERCHANT008,43207.42,UPI,2026-08-20 15:08:43.848634,SUCCESS,,1,17,4,False
TXN002394,CUST0316,MERCHANT001,33645.51,CARD,2026-08-23 17:45:53.848634,FAILED,Network Error,3,13,2,False
TXN002395,CUST1932,MERCHANT010,11585.02,CARD,2026-08-19 18:46:01.848634,SUCCESS,,1,16,4,False
TXN002396,CUST0193,MERCHANT007,16702.77,CARD,2026-08-20 20:33:16.848634,SUCCESS,,1,20,4,False
TXN002397,CUST1742,MERCHANT003,19425.07,UPI,2026-08-21 04:00:44.848634,SUCCESS,,1,3,4,False
TXN002398,CUST0168,MERCHANT007,9644.92,CARD,2026-08-24 23:19:40.848634,SUCCESS,,1,0,5,False
TXN002399,CUST0682,MERCHANT007,25386.61,NETBANKING,2026-08-19 00:29:40.848634,SUCCESS,,1,14,0,False
TXN002400,CUST1040,MERCHANT008,10414.19,NETBANKING,2026-08-19 04:09:37.848634,SUCCESS,,1,1,5,False
TXN002401,CUST1736,MERCHANT010,37250.62,CARD,2026-08-22 07:04:30.848634,SUCCESS,,1,6,5,False
TXN002402,CUST0839,MERCHANT005,28369.3,NETBANKING,2026-08-24 05:34:48.848634,SUCCESS,,1,13,3,False
TXN002403,CUST1158,MERCHANT008,18714.37,UPI,2026-08-22 17:02:48.848634,SUCCESS,,1,18,3,False
TXN002404,CUST1742,MERCHANT008,26831.77,WALLET,2026-08-23 18:56:59.848634,SUCCESS,,1,5,0,False
TXN002405,CUST1160,MERCHANT006,4636.09,CARD,2026-08-20 01:33:41.848634,SUCCESS,,1,17,0,False
TXN002406,CUST0808,MERCHANT003,23439.42,NETBANKING,2026-08-19 20:28:33.848634,SUCCESS,,1,19,4,False
TXN002407,CUST0735,MERCHANT007,16274.06,WALLET,2026-08-18 12:28:38.848634,SUCCESS,,1,7,5,False
TXN002408,CUST1286,MERCHANT009,17216.86,NETBANKING,2026-08-19 03:35:07.848634,FAILED,Bank Declined,1,12,4,True
TXN002409,CUST0852,MERCHANT005,32727.07,CARD,2026-08-23 23:56:05.848634,SUCCESS,,1,16,3,False
TXN002410,CUST0208,MERCHANT010,35232.41,UPI,2026-08-21 06:51:10.848634,SUCCESS,,1,9,1,False
TXN002411,CUST1964,MERCHANT008,44406.97,NETBANKING,2026-08-23 16:18:51.848634,SUCCESS,,1,11,0,False
TXN002412,CUST1364,MERCHANT005,21670.37,NETBANKING,2026-08-20 17:44:58.848634,SUCCESS,,1,6,3,False
TXN002413,CUST0180,MERCHANT004,15664.93,WALLET,2026-08-18 15:29:41.848634,SUCCESS,,1,4,2,False
TXN002414,CUST0612,MERCHANT002,15882.57,WALLET,2026-08-19 02:27:09.848634,SUCCESS,,1,4,1,False
TXN002415,CUST0064,MERCHANT008,580.87,NETBANKING,2026-08-22 03:43:32.848634,SUCCESS,,1,6,0,False
TXN002416,CUST1171,MERCHANT010,2066.72,NETBANKING,2026-08-21 01:47:39.848634,SUCCESS,,1,5,4,False
TXN002417,CUST0771,MERCHANT003,22880.37,UPI,2026-08-21 11:01:21.848634,SUCCESS,,1,15,1,False
TXN002418,CUST0357,MERCHANT009,37950.9,UPI,2026-08-21 18:20:25.848634,SUCCESS,,1,1,4,False
TXN002419,CUST1109,MERCHANT005,39625.4,NETBANKING,2026-08-22 11:50:01.848634,SUCCESS,,1,11,0,False
TXN002420,CUST0391,MERCHANT004,7273.19,WALLET,2026-08-19 00:32:29.848634,SUCCESS,,1,15,0,False
TXN002421,CUST1142,MERCHANT008,11688.4,CARD,2026-08-18 11:36:39.848634,SUCCESS,,1,19,0,False
TXN002422,CUST1927,MERCHANT001,47818.93,NETBANKING,2026-08-20 11:59:17.848634,SUCCESS,,1,3,0,False
TXN002423,CUST0440,MERCHANT001,15194.14,WALLET,2026-08-23 02:58:19.848634,SUCCESS,,1,1,0,False
TXN002424,CUST0534,MERCHANT007,147.87,CARD,2026-08-22 20:07:49.848634,SUCCESS,,1,9,4,False
TXN002425,CUST1924,MERCHANT001,39455.04,WALLET,2026-08-21 21:16:14.848634,SUCCESS,,1,0,5,False
TXN002426,CUST0080,MERCHANT010,6174.94,CARD,2026-08-24 06:34:30.848634,SUCCESS,,1,14,2,False
TXN002427,CUST1656,MERCHANT003,40757.6,WALLET,2026-08-19 02:03:32.848634,SUCCESS,,1,13,0,False
TXN002428,CUST0685,MERCHANT002,37655.03,UPI,2026-08-19 18:57:28.848634,SUCCESS,,1,6,5,False
TXN002429,CUST1112,MERCHANT003,12936.47,UPI,2026-08-20 19:29:22.848634,SUCCESS,,1,5,3,False
TXN002430,CUST1410,MERCHANT001,42921.57,UPI,2026-08-18 03:26:59.848634,SUCCESS,,1,7,4,False
TXN002431,CUST1037,MERCHANT003,44325.73,UPI,2026-08-23 07:48:03.848634,SUCCESS,,1,18,5,False
TXN002432,CUST1804,MERCHANT003,44921.61,CARD,2026-08-24 05:05:12.848634,SUCCESS,,1,4,1,False
TXN002433,CUST0663,MERCHANT006,41287.2,CARD,2026-08-24 18:21:01.848634,SUCCESS,,1,7,4,False
TXN002434,CUST0211,MERCHANT002,36918.52,NETBANKING,2026-08-21 14:15:37.848634,SUCCESS,,1,13,5,False
TXN002435,CUST1486,MERCHANT007,18040.68,NETBANKING,2026-08-20 13:49:37.848634,SUCCESS,,1,19,0,False
TXN002436,CUST1943,MERCHANT009,29995.53,CARD,2026-08-21 05:45:51.848634,SUCCESS,,1,14,4,False
TXN002437,CUST0452,MERCHANT005,1212.66,NETBANKING,2026-08-25 01:21:35.848634,SUCCESS,,1,2,3,False
TXN002438,CUST1856,MERCHANT009,11025.47,UPI,2026-08-24 15:18:01.848634,SUCCESS,,1,15,0,False
TXN002439,CUST0896,MERCHANT007,2576.96,NETBANKING,2026-08-21 12:57:48.848634,SUCCESS,,1,19,3,False
TXN002440,CUST1790,MERCHANT004,16840.93,UPI,2026-08-22 15:42:26.848634,SUCCESS,,1,17,1,False
TXN002441,CUST1344,MERCHANT009,5015.85,CARD,2026-08-18 21:36:56.848634,SUCCESS,,1,13,5,False
TXN002442,CUST1091,MERCHANT002,9814.83,NETBANKING,2026-08-24 11:33:57.848634,SUCCESS,,1,13,0,False
TXN002443,CUST0158,MERCHANT005,17478.16,CARD,2026-08-18 05:04:42.848634,SUCCESS,,1,15,1,False
TXN002444,CUST1786,MERCHANT002,37381.89,UPI,2026-08-25 00:17:47.848634,SUCCESS,,1,2,4,False
TXN002445,CUST0639,MERCHANT004,44283.3,CARD,2026-08-23 13:39:03.848634,SUCCESS,,1,3,4,False
TXN002446,CUST0430,MERCHANT007,39006.28,UPI,2026-08-18 02:37:02.848634,FAILED,Insufficient Funds,2,8,1,True
TXN002447,CUST1101,MERCHANT006,28594.56,NETBANKING,2026-08-18 15:02:31.848634,SUCCESS,,1,3,1,False
TXN002448,CUST1908,MERCHANT006,11480.1,UPI,2026-08-23 03:25:50.848634,SUCCESS,,1,20,0,False
TXN002449,CUST1309,MERCHANT010,35426.81,WALLET,2026-08-18 17:34:39.848634,SUCCESS,,1,20,2,False
TXN002450,CUST0637,MERCHANT004,23476.54,WALLET,2026-08-22 01:04:15.848634,SUCCESS,,1,1,4,False
TXN002451,CUST1123,MERCHANT005,37633.63,WALLET,2026-08-23 16:11:55.848634,SUCCESS,,1,14,2,False
TXN002452,CUST0297,MERCHANT005,3583.0,NETBANKING,2026-08-21 01:52:15.848634,SUCCESS,,1,9,0,False
TXN002453,CUST0419,MERCHANT003,19288.03,WALLET,2026-08-18 12:38:00.848634,SUCCESS,,1,11,5,False
TXN002454,CUST1432,MERCHANT001,9666.83,CARD,2026-08-21 22:36:35.848634,SUCCESS,,1,7,3,False
TXN002455,CUST1762,MERCHANT007,10724.12,CARD,2026-08-19 16:23:24.848634,SUCCESS,,1,1,2,False
TXN002456,CUST0394,MERCHANT004,26318.57,UPI,2026-08-19 03:47:45.848634,SUCCESS,,1,2,1,False
TXN002457,CUST1502,MERCHANT006,22053.19,WALLET,2026-08-24 23:45:06.848634,SUCCESS,,1,7,2,False
TXN002458,CUST0724,MERCHANT003,2349.48,NETBANKING,2026-08-22 15:25:32.848634,SUCCESS,,1,5,3,False
TXN002459,CUST1849,MERCHANT005,25425.02,CARD,2026-08-22 18:01:25.848634,SUCCESS,,1,4,4,False
TXN002460,CUST0735,MERCHANT003,11986.32,NETBANKING,2026-08-24 15:48:31.848634,SUCCESS,,1,14,3,False
TXN002461,CUST1934,MERCHANT009,5575.08,CARD,2026-08-19 17:32:49.848634,SUCCESS,,1,11,4,False
TXN002462,CUST0129,MERCHANT002,12425.42,WALLET,2026-08-18 22:01:02.848634,SUCCESS,,1,20,3,False
TXN002463,CUST1575,MERCHANT009,25640.02,UPI,2026-08-24 01:32:06.848634,SUCCESS,,1,14,1,False
TXN002464,CUST0998,MERCHANT006,46801.18,CARD,2026-08-24 18:10:16.848634,SUCCESS,,1,11,2,False
TXN002465,CUST0224,MERCHANT001,34081.66,UPI,2026-08-20 00:31:54.848634,SUCCESS,,1,4,2,False
TXN002466,CUST1229,MERCHANT009,47820.58,CARD,2026-08-23 19:39:24.848634,SUCCESS,,1,5,1,False
TXN002467,CUST1956,MERCHANT009,36078.52,NETBANKING,2026-08-20 06:41:45.848634,SUCCESS,,1,1,1,False
TXN002468,CUST0299,MERCHANT010,27145.43,UPI,2026-08-21 20:01:54.848634,SUCCESS,,1,2,0,False
TXN002469,CUST1086,MERCHANT010,6279.51,UPI,2026-08-25 00:23:28.848634,SUCCESS,,1,8,4,False
TXN002470,CUST0584,MERCHANT006,48202.74,WALLET,2026-08-23 23:05:34.848634,SUCCESS,,1,6,2,False
TXN002471,CUST1176,MERCHANT002,8562.3,CARD,2026-08-19 01:18:37.848634,SUCCESS,,1,12,5,False
TXN002472,CUST0599,MERCHANT004,4348.02,CARD,2026-08-23 11:17:19.848634,SUCCESS,,1,8,1,False
TXN002473,CUST0427,MERCHANT003,7062.06,CARD,2026-08-23 15:23:58.848634,SUCCESS,,1,15,3,False
TXN002474,CUST0365,MERCHANT007,9145.44,CARD,2026-08-21 04:56:23.848634,SUCCESS,,1,4,3,False
TXN002475,CUST0347,MERCHANT006,49684.09,WALLET,2026-08-22 23:24:39.848634,SUCCESS,,1,3,1,False
TXN002476,CUST0135,MERCHANT009,21956.57,WALLET,2026-08-19 18:45:58.848634,SUCCESS,,1,7,0,False
TXN002477,CUST1745,MERCHANT009,1784.44,CARD,2026-08-24 14:25:07.848634,SUCCESS,,1,11,5,False
TXN002478,CUST1882,MERCHANT010,40176.48,WALLET,2026-08-21 18:36:03.848634,SUCCESS,,1,8,1,False
TXN002479,CUST0148,MERCHANT005,23205.59,UPI,2026-08-20 16:21:47.848634,SUCCESS,,1,8,2,False
TXN002480,CUST1274,MERCHANT005,3451.05,UPI,2026-08-21 06:14:33.848634,SUCCESS,,1,16,0,False
TXN002481,CUST0023,MERCHANT007,29526.89,UPI,2026-08-18 12:29:00.848634,SUCCESS,,1,19,1,False
TXN002482,CUST0960,MERCHANT003,14030.98,CARD,2026-08-19 00:35:06.848634,SUCCESS,,1,1,2,False
TXN002483,CUST1119,MERCHANT006,36009.38,WALLET,2026-08-24 21:53:28.848634,SUCCESS,,1,20,3,False
TXN002484,CUST0634,MERCHANT008,41212.3,WALLET,2026-08-18 03:33:43.848634,FAILED,Network Error,2,13,3,True
TXN002485,CUST0660,MERCHANT007,936.92,CARD,2026-08-20 16:20:40.848634,SUCCESS,,1,6,5,False
TXN002486,CUST0325,MERCHANT001,28652.93,UPI,2026-08-19 06:27:12.848634,SUCCESS,,1,7,2,False
TXN002487,CUST1318,MERCHANT006,7820.2,UPI,2026-08-20 22:55:20.848634,SUCCESS,,1,5,0,False
TXN002488,CUST1772,MERCHANT005,41001.82,WALLET,2026-08-22 07:09:10.848634,SUCCESS,,1,10,2,False
TXN002489,CUST1482,MERCHANT008,12891.12,WALLET,2026-08-21 03:03:03.848634,SUCCESS,,1,5,3,False
TXN002490,CUST1444,MERCHANT006,25292.29,WALLET,2026-08-18 22:54:26.848634,SUCCESS,,1,19,0,False
TXN002491,CUST1192,MERCHANT007,9604.71,UPI,2026-08-19 02:47:50.848634,SUCCESS,,1,18,0,False
TXN002492,CUST1760,MERCHANT005,14056.47,NETBANKING,2026-08-18 18:15:33.848634,SUCCESS,,1,14,1,False
TXN002493,CUST1129,MERCHANT008,9819.7,NETBANKING,2026-08-21 02:00:59.848634,FAILED,Bank Declined,1,6,0,True
TXN002494,CUST1286,MERCHANT001,41784.25,CARD,2026-08-23 15:14:45.848634,SUCCESS,,1,2,1,False
TXN002495,CUST0903,MERCHANT004,37189.76,NETBANKING,2026-08-22 14:04:45.848634,FAILED,Bank Declined,2,18,2,True
TXN002496,CUST0003,MERCHANT002,49164.78,CARD,2026-08-23 02:44:06.848634,SUCCESS,,1,6,4,False
TXN002497,CUST1929,MERCHANT003,37788.27,WALLET,2026-08-19 16:48:34.848634,SUCCESS,,1,15,3,False
TXN002498,CUST1896,MERCHANT005,4872.36,UPI,2026-08-23 15:30:07.848634,SUCCESS,,1,20,0,False
TXN002499,CUST1388,MERCHANT006,17021.45,NETBANKING,2026-08-22 22:02:58.848634,SUCCESS,,1,11,4,False
TXN002500,CUST0140,MERCHANT002,11131.98,NETBANKING,2026-08-21 15:15:38.848634,SUCCESS,,1,6,3,False
TXN002501,CUST1907,MERCHANT009,11711.67,WALLET,2026-08-19 12:47:49.848634,SUCCESS,,1,2,4,False
TXN002502,CUST0394,MERCHANT010,40245.66,NETBANKING,2026-08-21 13:01:59.848634,SUCCESS,,1,1,0,False
TXN002503,CUST0404,MERCHANT007,42822.0,CARD,2026-08-25 01:11:33.848634,SUCCESS,,1,11,0,False
TXN002504,CUST1458,MERCHANT009,36283.13,WALLET,2026-08-20 16:29:49.848634,SUCCESS,,1,2,1,False
TXN002505,CUST1591,MERCHANT007,17062.87,CARD,2026-08-24 13:44:30.848634,SUCCESS,,1,10,2,False
TXN002506,CUST0023,MERCHANT008,36100.28,NETBANKING,2026-08-21 06:55:11.848634,SUCCESS,,1,18,5,False
TXN002507,CUST0716,MERCHANT002,11870.66,NETBANKING,2026-08-20 16:32:14.848634,SUCCESS,,1,0,2,False
TXN002508,CUST0020,MERCHANT003,35126.7,NETBANKING,2026-08-23 08:06:45.848634,SUCCESS,,1,12,0,False
TXN002509,CUST1290,MERCHANT004,36377.75,UPI,2026-08-19 01:35:44.848634,SUCCESS,,1,8,5,False
TXN002510,CUST1450,MERCHANT010,35763.52,NETBANKING,2026-08-21 18:38:51.848634,SUCCESS,,1,3,2,False
TXN002511,CUST1413,MERCHANT004,15781.26,WALLET,2026-08-18 18:28:20.848634,SUCCESS,,1,20,4,False
TXN002512,CUST1929,MERCHANT006,33663.66,UPI,2026-08-20 00:24:44.848634,SUCCESS,,1,16,1,False
TXN002513,CUST0786,MERCHANT008,47930.32,UPI,2026-08-24 17:13:06.848634,SUCCESS,,1,13,5,False
TXN002514,CUST0522,MERCHANT007,496.91,NETBANKING,2026-08-22 19:47:20.848634,SUCCESS,,1,11,0,False
TXN002515,CUST1779,MERCHANT010,14740.57,NETBANKING,2026-08-20 22:12:36.848634,SUCCESS,,1,5,0,False
TXN002516,CUST0420,MERCHANT002,12880.42,NETBANKING,2026-08-22 21:35:24.848634,SUCCESS,,1,8,3,False
TXN002517,CUST1316,MERCHANT003,49662.51,WALLET,2026-08-22 14:20:30.848634,SUCCESS,,1,2,0,False
TXN002518,CUST1524,MERCHANT001,44363.65,UPI,2026-08-20 02:45:27.848634,SUCCESS,,1,16,5,False
TXN002519,CUST0081,MERCHANT008,33980.59,NETBANKING,2026-08-19 15:01:20.848634,SUCCESS,,1,13,4,False
TXN002520,CUST1057,MERCHANT008,40507.48,WALLET,2026-08-21 21:54:29.848634,SUCCESS,,1,11,2,False
TXN002521,CUST0417,MERCHANT001,36201.53,NETBANKING,2026-08-23 02:05:55.848634,SUCCESS,,1,13,3,False
TXN002522,CUST0148,MERCHANT004,26672.33,UPI,2026-08-21 12:48:42.848634,SUCCESS,,1,15,0,False
TXN002523,CUST1200,MERCHANT003,2230.35,CARD,2026-08-23 04:35:31.848634,SUCCESS,,1,13,3,False
TXN002524,CUST0323,MERCHANT003,9102.74,WALLET,2026-08-21 23:58:48.848634,SUCCESS,,1,14,0,False
TXN002525,CUST1667,MERCHANT003,17203.24,CARD,2026-08-20 18:10:12.848634,SUCCESS,,1,19,2,False
TXN002526,CUST1896,MERCHANT001,18576.59,CARD,2026-08-21 07:33:12.848634,SUCCESS,,1,16,4,False
TXN002527,CUST0295,MERCHANT009,2326.67,WALLET,2026-08-23 02:18:02.848634,SUCCESS,,1,13,5,False
TXN002528,CUST1757,MERCHANT007,37901.85,WALLET,2026-08-25 01:15:27.848634,SUCCESS,,1,7,3,False
TXN002529,CUST0561,MERCHANT010,43831.29,WALLET,2026-08-18 08:41:47.848634,SUCCESS,,1,4,2,False
TXN002530,CUST0987,MERCHANT004,46154.73,CARD,2026-08-21 14:48:45.848634,SUCCESS,,1,5,2,False
TXN002531,CUST1663,MERCHANT003,41538.14,CARD,2026-08-18 21:32:07.848634,SUCCESS,,1,3,1,False
TXN002532,CUST1836,MERCHANT006,14040.37,CARD,2026-08-24 05:04:59.848634,SUCCESS,,1,12,0,False
TXN002533,CUST1010,MERCHANT006,14872.97,UPI,2026-08-22 06:08:38.848634,SUCCESS,,1,19,5,False
TXN002534,CUST1649,MERCHANT006,42152.41,WALLET,2026-08-18 21:11:47.848634,SUCCESS,,1,0,5,False
TXN002535,CUST1137,MERCHANT001,34447.44,CARD,2026-08-19 13:21:23.848634,SUCCESS,,1,8,2,False
TXN002536,CUST1974,MERCHANT002,2693.14,UPI,2026-08-22 03:38:31.848634,SUCCESS,,1,15,0,False
TXN002537,CUST1222,MERCHANT004,35871.52,WALLET,2026-08-23 13:10:26.848634,SUCCESS,,1,2,2,False
TXN002538,CUST1462,MERCHANT007,15170.35,NETBANKING,2026-08-21 01:10:53.848634,SUCCESS,,1,5,0,False
TXN002539,CUST1569,MERCHANT010,33694.0,UPI,2026-08-24 18:37:52.848634,SUCCESS,,1,8,5,False
TXN002540,CUST0882,MERCHANT003,16837.18,CARD,2026-08-23 17:14:15.848634,SUCCESS,,1,1,5,False
TXN002541,CUST1931,MERCHANT010,13405.97,UPI,2026-08-23 08:33:51.848634,SUCCESS,,1,9,2,False
TXN002542,CUST1443,MERCHANT006,4576.34,NETBANKING,2026-08-22 03:18:01.848634,SUCCESS,,1,3,2,False
TXN002543,CUST0244,MERCHANT007,30438.6,WALLET,2026-08-19 17:43:45.848634,SUCCESS,,1,8,5,False
TXN002544,CUST1400,MERCHANT009,38066.53,NETBANKING,2026-08-20 09:43:27.848634,SUCCESS,,1,15,1,False
TXN002545,CUST0465,MERCHANT006,3200.09,CARD,2026-08-21 11:29:05.848634,SUCCESS,,1,4,4,False
TXN002546,CUST0109,MERCHANT004,26668.88,WALLET,2026-08-21 07:44:15.848634,SUCCESS,,1,18,1,False
TXN002547,CUST1433,MERCHANT006,49750.75,CARD,2026-08-19 20:12:56.848634,SUCCESS,,1,20,3,False
TXN002548,CUST1127,MERCHANT007,49873.98,WALLET,2026-08-24 22:33:57.848634,SUCCESS,,1,3,0,False
TXN002549,CUST1030,MERCHANT008,18140.58,WALLET,2026-08-19 06:36:30.848634,SUCCESS,,1,2,1,False
TXN002550,CUST1255,MERCHANT007,4247.3,CARD,2026-08-18 15:08:59.848634,SUCCESS,,1,19,2,False
TXN002551,CUST1412,MERCHANT002,12595.54,UPI,2026-08-23 17:15:53.848634,SUCCESS,,1,6,2,False
TXN002552,CUST0923,MERCHANT005,27766.75,NETBANKING,2026-08-23 21:59:02.848634,SUCCESS,,1,16,5,False
TXN002553,CUST1920,MERCHANT005,15689.9,UPI,2026-08-22 07:15:12.848634,SUCCESS,,1,10,3,False
TXN002554,CUST0629,MERCHANT004,40933.59,CARD,2026-08-20 15:07:12.848634,SUCCESS,,1,0,3,False
TXN002555,CUST0704,MERCHANT004,22229.23,NETBANKING,2026-08-22 05:02:16.848634,SUCCESS,,1,2,1,False
TXN002556,CUST0952,MERCHANT005,21715.9,NETBANKING,2026-08-20 09:00:49.848634,SUCCESS,,1,13,1,False
TXN002557,CUST1620,MERCHANT002,25090.03,UPI,2026-08-20 06:47:24.848634,SUCCESS,,1,15,2,False
TXN002558,CUST0545,MERCHANT010,14854.0,CARD,2026-08-22 14:02:57.848634,SUCCESS,,1,20,4,False
TXN002559,CUST0301,MERCHANT002,4475.08,UPI,2026-08-20 08:07:20.848634,SUCCESS,,1,17,2,False
TXN002560,CUST0504,MERCHANT006,17378.44,WALLET,2026-08-23 09:05:25.848634,SUCCESS,,1,1,4,False
TXN002561,CUST1934,MERCHANT009,19677.81,UPI,2026-08-18 18:43:40.848634,SUCCESS,,1,19,0,False
TXN002562,CUST1615,MERCHANT006,14387.18,NETBANKING,2026-08-21 12:33:44.848634,SUCCESS,,1,15,4,False
TXN002563,CUST1538,MERCHANT009,33266.68,CARD,2026-08-24 18:27:31.848634,SUCCESS,,1,3,3,False
TXN002564,CUST1027,MERCHANT004,24577.01,UPI,2026-08-24 04:23:15.848634,SUCCESS,,1,1,1,False
TXN002565,CUST0566,MERCHANT008,28071.5,UPI,2026-08-21 14:31:39.848634,SUCCESS,,1,18,2,False
TXN002566,CUST0167,MERCHANT005,36832.94,CARD,2026-08-22 12:01:56.848634,SUCCESS,,1,8,3,False
TXN002567,CUST1814,MERCHANT001,21083.1,UPI,2026-08-21 03:18:37.848634,SUCCESS,,1,6,5,False
TXN002568,CUST0703,MERCHANT003,42156.71,NETBANKING,2026-08-21 08:44:57.848634,FAILED,Insufficient Funds,3,7,2,False
TXN002569,CUST1515,MERCHANT008,4260.32,NETBANKING,2026-08-20 05:18:15.848634,SUCCESS,,1,20,3,False
TXN002570,CUST1372,MERCHANT003,15660.94,CARD,2026-08-20 13:27:47.848634,SUCCESS,,1,4,1,False
TXN002571,CUST1008,MERCHANT002,19009.69,NETBANKING,2026-08-22 23:40:06.848634,SUCCESS,,1,17,0,False
TXN002572,CUST1651,MERCHANT007,20836.23,UPI,2026-08-23 03:20:41.848634,SUCCESS,,1,8,5,False
TXN002573,CUST1531,MERCHANT009,3121.36,WALLET,2026-08-23 01:28:15.848634,SUCCESS,,1,14,0,False
TXN002574,CUST0345,MERCHANT004,32320.85,UPI,2026-08-24 19:14:54.848634,SUCCESS,,1,16,0,False
TXN002575,CUST0728,MERCHANT004,35255.79,UPI,2026-08-19 03:57:22.848634,SUCCESS,,1,1,4,False
TXN002576,CUST0801,MERCHANT003,2499.02,CARD,2026-08-24 01:43:42.848634,SUCCESS,,1,2,3,False
TXN002577,CUST0505,MERCHANT002,42976.58,UPI,2026-08-21 12:26:11.848634,SUCCESS,,1,19,0,False
TXN002578,CUST0125,MERCHANT006,11480.89,CARD,2026-08-21 01:02:22.848634,SUCCESS,,1,19,5,False
TXN002579,CUST0134,MERCHANT001,36507.15,CARD,2026-08-21 11:27:05.848634,SUCCESS,,1,7,5,False
TXN002580,CUST1616,MERCHANT005,19404.89,WALLET,2026-08-25 00:10:18.848634,SUCCESS,,1,18,1,False
TXN002581,CUST1949,MERCHANT002,5411.23,CARD,2026-08-18 23:41:10.848634,SUCCESS,,1,11,4,False
TXN002582,CUST1037,MERCHANT009,40184.63,UPI,2026-08-24 11:09:59.848634,SUCCESS,,1,12,4,False
TXN002583,CUST0004,MERCHANT001,6585.29,CARD,2026-08-24 08:05:42.848634,SUCCESS,,1,2,0,False
TXN002584,CUST0157,MERCHANT005,38050.94,NETBANKING,2026-08-21 05:37:05.848634,SUCCESS,,1,17,2,False
TXN002585,CUST0182,MERCHANT002,34758.41,UPI,2026-08-22 14:36:50.848634,SUCCESS,,1,1,1,False
TXN002586,CUST1606,MERCHANT002,4944.8,WALLET,2026-08-21 19:13:55.848634,SUCCESS,,1,13,4,False
TXN002587,CUST1439,MERCHANT009,45008.83,UPI,2026-08-19 11:05:39.848634,SUCCESS,,1,4,1,False
TXN002588,CUST0692,MERCHANT009,9917.11,UPI,2026-08-19 10:34:45.848634,SUCCESS,,1,10,4,False
TXN002589,CUST1528,MERCHANT006,13080.14,UPI,2026-08-20 17:36:43.848634,SUCCESS,,1,12,1,False
TXN002590,CUST1660,MERCHANT010,33233.37,WALLET,2026-08-20 04:36:27.848634,SUCCESS,,1,8,2,False
TXN002591,CUST1824,MERCHANT005,33428.91,UPI,2026-08-22 22:05:21.848634,SUCCESS,,1,3,5,False
TXN002592,CUST0935,MERCHANT005,15411.33,WALLET,2026-08-23 18:37:08.848634,FAILED,Network Error,3,2,2,False
TXN002593,CUST0023,MERCHANT004,9217.81,CARD,2026-08-19 23:39:43.848634,SUCCESS,,1,13,5,False
TXN002594,CUST0838,MERCHANT010,4525.67,NETBANKING,2026-08-21 23:07:12.848634,SUCCESS,,1,6,5,False
TXN002595,CUST1222,MERCHANT006,32991.8,NETBANKING,2026-08-21 10:14:55.848634,SUCCESS,,1,5,3,False
TXN002596,CUST0884,MERCHANT003,28497.34,WALLET,2026-08-19 06:11:34.848634,SUCCESS,,1,13,2,False
TXN002597,CUST0709,MERCHANT004,18019.4,NETBANKING,2026-08-19 15:36:50.848634,SUCCESS,,1,20,4,False
TXN002598,CUST1896,MERCHANT007,28653.84,NETBANKING,2026-08-19 00:38:21.848634,SUCCESS,,1,17,3,False
TXN002599,CUST0343,MERCHANT001,44998.04,UPI,2026-08-23 06:16:04.848634,SUCCESS,,1,8,4,False
TXN002600,CUST1409,MERCHANT010,34598.24,WALLET,2026-08-24 19:05:18.848634,SUCCESS,,1,1,3,False
TXN002601,CUST0150,MERCHANT002,43551.78,CARD,2026-08-21 23:59:03.848634,SUCCESS,,1,12,5,False
TXN002602,CUST1280,MERCHANT008,9808.65,WALLET,2026-08-22 23:07:35.848634,SUCCESS,,1,6,0,False
TXN002603,CUST0557,MERCHANT008,24360.08,CARD,2026-08-20 19:36:31.848634,SUCCESS,,1,20,3,False
TXN002604,CUST0891,MERCHANT005,39667.75,NETBANKING,2026-08-22 23:06:26.848634,SUCCESS,,1,18,4,False
TXN002605,CUST0214,MERCHANT006,10862.51,CARD,2026-08-19 19:19:10.848634,SUCCESS,,1,2,4,False
TXN002606,CUST0258,MERCHANT009,42721.13,UPI,2026-08-21 07:51:23.848634,SUCCESS,,1,12,4,False
TXN002607,CUST0205,MERCHANT006,29277.99,CARD,2026-08-20 22:49:39.848634,SUCCESS,,1,6,5,False
TXN002608,CUST1801,MERCHANT006,41541.69,UPI,2026-08-18 04:48:43.848634,SUCCESS,,1,6,1,False
TXN002609,CUST1629,MERCHANT007,34484.95,UPI,2026-08-22 13:59:00.848634,SUCCESS,,1,6,5,False
TXN002610,CUST0938,MERCHANT002,8830.47,NETBANKING,2026-08-22 21:09:50.848634,SUCCESS,,1,3,2,False
TXN002611,CUST0166,MERCHANT001,29524.49,NETBANKING,2026-08-21 09:31:04.848634,SUCCESS,,1,10,0,False
TXN002612,CUST1632,MERCHANT005,26585.98,WALLET,2026-08-23 08:48:30.848634,SUCCESS,,1,5,4,False
TXN002613,CUST1076,MERCHANT007,35536.99,UPI,2026-08-22 15:20:26.848634,SUCCESS,,1,10,2,False
TXN002614,CUST0546,MERCHANT004,19849.72,NETBANKING,2026-08-20 01:35:48.848634,SUCCESS,,1,4,5,False
TXN002615,CUST0622,MERCHANT003,48462.89,WALLET,2026-08-22 08:12:34.848634,SUCCESS,,1,12,1,False
TXN002616,CUST0925,MERCHANT001,32762.68,UPI,2026-08-18 09:38:04.848634,SUCCESS,,1,6,0,False
TXN002617,CUST1155,MERCHANT003,16725.2,CARD,2026-08-22 06:57:25.848634,SUCCESS,,1,16,3,False
TXN002618,CUST0360,MERCHANT005,47035.37,UPI,2026-08-20 22:57:00.848634,SUCCESS,,1,16,0,False
TXN002619,CUST0488,MERCHANT001,17001.7,UPI,2026-08-19 02:13:27.848634,SUCCESS,,1,19,5,False
TXN002620,CUST1657,MERCHANT004,48494.25,WALLET,2026-08-22 02:39:24.848634,SUCCESS,,1,11,1,False
TXN002621,CUST1936,MERCHANT006,23474.6,WALLET,2026-08-21 11:50:26.848634,SUCCESS,,1,13,2,False
TXN002622,CUST1973,MERCHANT005,40563.2,CARD,2026-08-23 19:57:55.848634,SUCCESS,,1,9,0,False
TXN002623,CUST0345,MERCHANT004,15675.4,UPI,2026-08-22 19:47:40.848634,SUCCESS,,1,2,5,False
TXN002624,CUST0144,MERCHANT007,48842.11,NETBANKING,2026-08-22 02:03:03.848634,SUCCESS,,1,17,5,False
TXN002625,CUST0315,MERCHANT003,26059.14,CARD,2026-08-24 01:20:43.848634,SUCCESS,,1,9,0,False
TXN002626,CUST1382,MERCHANT010,49123.61,CARD,2026-08-24 17:10:01.848634,SUCCESS,,1,3,3,False
TXN002627,CUST1559,MERCHANT003,3248.89,UPI,2026-08-22 21:44:23.848634,SUCCESS,,1,19,2,False
TXN002628,CUST1283,MERCHANT010,2097.89,WALLET,2026-08-22 06:14:35.848634,SUCCESS,,1,18,2,False
TXN002629,CUST0459,MERCHANT008,3273.04,CARD,2026-08-24 23:54:46.848634,SUCCESS,,1,15,4,False
TXN002630,CUST0434,MERCHANT003,31506.01,UPI,2026-08-18 22:41:54.848634,FAILED,Bank Declined,3,17,0,False
TXN002631,CUST1850,MERCHANT009,49819.89,CARD,2026-08-19 18:16:53.848634,SUCCESS,,1,3,2,False
TXN002632,CUST1878,MERCHANT008,22735.6,WALLET,2026-08-19 15:34:05.848634,SUCCESS,,1,13,2,False
TXN002633,CUST0032,MERCHANT006,6138.95,UPI,2026-08-24 21:00:29.848634,SUCCESS,,1,9,5,False
TXN002634,CUST0537,MERCHANT009,47946.0,UPI,2026-08-21 11:41:52.848634,SUCCESS,,1,14,4,False
TXN002635,CUST0701,MERCHANT006,17767.18,UPI,2026-08-21 07:47:28.848634,FAILED,Timeout,2,5,4,True
TXN002636,CUST1687,MERCHANT009,15975.02,NETBANKING,2026-08-24 04:57:53.848634,SUCCESS,,1,10,2,False
TXN002637,CUST1766,MERCHANT006,44174.06,NETBANKING,2026-08-21 21:00:17.848634,FAILED,Technical Error,2,19,5,True
TXN002638,CUST1644,MERCHANT007,29209.48,WALLET,2026-08-21 19:26:34.848634,SUCCESS,,1,15,0,False
TXN002639,CUST0301,MERCHANT005,15166.91,UPI,2026-08-23 22:49:08.848634,SUCCESS,,1,14,2,False
TXN002640,CUST0125,MERCHANT005,41116.28,WALLET,2026-08-18 09:27:29.848634,SUCCESS,,1,7,0,False
TXN002641,CUST1635,MERCHANT008,18568.9,CARD,2026-08-18 05:44:17.848634,SUCCESS,,1,20,0,False
TXN002642,CUST0223,MERCHANT005,26184.65,WALLET,2026-08-19 03:45:05.848634,SUCCESS,,1,16,2,False
TXN002643,CUST0715,MERCHANT003,48072.3,CARD,2026-08-22 15:06:06.848634,SUCCESS,,1,7,3,False
TXN002644,CUST1174,MERCHANT009,18788.05,UPI,2026-08-23 05:01:35.848634,SUCCESS,,1,15,3,False
TXN002645,CUST0612,MERCHANT009,36997.23,NETBANKING,2026-08-22 07:58:26.848634,SUCCESS,,1,20,2,False
TXN002646,CUST1641,MERCHANT004,35895.3,NETBANKING,2026-08-22 01:36:32.848634,SUCCESS,,1,16,0,False
TXN002647,CUST1302,MERCHANT001,7600.71,NETBANKING,2026-08-22 13:00:13.848634,SUCCESS,,1,14,2,False
TXN002648,CUST0214,MERCHANT001,2244.94,NETBANKING,2026-08-18 10:29:00.848634,SUCCESS,,1,6,5,False
TXN002649,CUST1610,MERCHANT009,43368.58,WALLET,2026-08-20 11:01:57.848634,SUCCESS,,1,6,1,False
TXN002650,CUST1132,MERCHANT009,17152.78,CARD,2026-08-18 12:41:54.848634,SUCCESS,,1,11,1,False
TXN002651,CUST1351,MERCHANT006,5975.43,CARD,2026-08-24 17:49:21.848634,SUCCESS,,1,7,0,False
TXN002652,CUST1848,MERCHANT008,5383.01,WALLET,2026-08-18 04:16:32.848634,SUCCESS,,1,16,1,False
TXN002653,CUST1709,MERCHANT006,47113.14,WALLET,2026-08-20 06:13:18.848634,SUCCESS,,1,7,1,False
TXN002654,CUST1314,MERCHANT009,45029.25,CARD,2026-08-20 02:05:01.848634,SUCCESS,,1,7,3,False
TXN002655,CUST0982,MERCHANT005,5480.25,CARD,2026-08-23 02:41:08.848634,SUCCESS,,1,19,4,False
TXN002656,CUST1588,MERCHANT008,45484.5,NETBANKING,2026-08-22 20:59:03.848634,SUCCESS,,1,0,0,False
TXN002657,CUST0530,MERCHANT004,212.22,UPI,2026-08-25 00:42:53.848634,SUCCESS,,1,19,1,False
TXN002658,CUST0958,MERCHANT005,48371.82,CARD,2026-08-21 14:11:59.848634,SUCCESS,,1,19,5,False
TXN002659,CUST0540,MERCHANT004,15427.98,CARD,2026-08-21 13:04:11.848634,SUCCESS,,1,14,0,False
TXN002660,CUST0052,MERCHANT010,4332.13,WALLET,2026-08-20 08:09:34.848634,SUCCESS,,1,12,3,False
TXN002661,CUST0230,MERCHANT002,34503.15,CARD,2026-08-19 15:44:43.848634,SUCCESS,,1,16,0,False
TXN002662,CUST1061,MERCHANT008,29198.51,WALLET,2026-08-22 05:44:04.848634,SUCCESS,,1,8,0,False
TXN002663,CUST1444,MERCHANT001,48082.92,WALLET,2026-08-23 15:33:44.848634,SUCCESS,,1,9,2,False
TXN002664,CUST0886,MERCHANT004,39730.18,CARD,2026-08-19 21:37:15.848634,SUCCESS,,1,16,0,False
TXN002665,CUST1952,MERCHANT008,35689.87,CARD,2026-08-19 02:20:56.848634,SUCCESS,,1,13,2,False
TXN002666,CUST0696,MERCHANT005,19456.88,CARD,2026-08-23 04:14:34.848634,SUCCESS,,1,12,5,False
TXN002667,CUST1595,MERCHANT002,13147.85,NETBANKING,2026-08-20 20:59:07.848634,SUCCESS,,1,16,3,False
TXN002668,CUST0028,MERCHANT006,42181.07,CARD,2026-08-18 09:17:11.848634,SUCCESS,,1,14,2,False
TXN002669,CUST0601,MERCHANT001,12878.29,WALLET,2026-08-22 17:38:21.848634,SUCCESS,,1,15,3,False
TXN002670,CUST1516,MERCHANT004,48207.41,WALLET,2026-08-20 02:03:14.848634,SUCCESS,,1,15,3,False
TXN002671,CUST1267,MERCHANT007,4095.81,NETBANKING,2026-08-22 21:29:22.848634,SUCCESS,,1,3,4,False
TXN002672,CUST1537,MERCHANT010,22514.7,CARD,2026-08-20 22:08:51.848634,SUCCESS,,1,7,4,False
TXN002673,CUST0044,MERCHANT004,31469.02,WALLET,2026-08-20 03:20:23.848634,SUCCESS,,1,4,4,False
TXN002674,CUST1942,MERCHANT002,11759.72,UPI,2026-08-23 19:39:37.848634,SUCCESS,,1,5,3,False
TXN002675,CUST0136,MERCHANT004,10637.51,WALLET,2026-08-22 19:49:17.848634,SUCCESS,,1,0,5,False
TXN002676,CUST0196,MERCHANT004,17968.53,WALLET,2026-08-24 18:59:59.848634,SUCCESS,,1,6,4,False
TXN002677,CUST0140,MERCHANT001,38052.77,NETBANKING,2026-08-21 17:16:02.848634,SUCCESS,,1,19,0,False
TXN002678,CUST1875,MERCHANT010,37318.81,NETBANKING,2026-08-23 06:27:51.848634,SUCCESS,,1,14,0,False
TXN002679,CUST1155,MERCHANT010,31332.94,NETBANKING,2026-08-19 12:38:09.848634,SUCCESS,,1,12,2,False
TXN002680,CUST0821,MERCHANT002,24371.08,CARD,2026-08-22 11:22:10.848634,SUCCESS,,1,9,0,False
TXN002681,CUST0947,MERCHANT001,17324.84,NETBANKING,2026-08-21 22:03:09.848634,SUCCESS,,1,8,3,False
TXN002682,CUST0971,MERCHANT002,1287.02,NETBANKING,2026-08-20 08:09:55.848634,SUCCESS,,1,17,0,False
TXN002683,CUST1357,MERCHANT007,26190.63,CARD,2026-08-21 19:08:06.848634,FAILED,Network Error,3,16,4,False
TXN002684,CUST0438,MERCHANT008,30477.07,WALLET,2026-08-18 19:54:56.848634,SUCCESS,,1,14,2,False
TXN002685,CUST1278,MERCHANT001,33708.78,CARD,2026-08-23 11:49:33.848634,SUCCESS,,1,15,2,False
TXN002686,CUST0779,MERCHANT009,46766.0,UPI,2026-08-22 03:33:44.848634,SUCCESS,,1,0,1,False
TXN002687,CUST1751,MERCHANT001,10164.42,NETBANKING,2026-08-20 10:06:30.848634,SUCCESS,,1,16,2,False
TXN002688,CUST1283,MERCHANT006,9741.69,CARD,2026-08-18 06:21:54.848634,SUCCESS,,1,12,3,False
TXN002689,CUST0549,MERCHANT002,31790.8,WALLET,2026-08-21 11:44:15.848634,SUCCESS,,1,19,1,False
TXN002690,CUST0826,MERCHANT002,25164.59,UPI,2026-08-24 10:45:07.848634,SUCCESS,,1,20,4,False
TXN002691,CUST1446,MERCHANT006,48099.73,WALLET,2026-08-23 08:43:23.848634,FAILED,Technical Error,2,17,1,True
TXN002692,CUST0798,MERCHANT009,16859.89,WALLET,2026-08-22 01:22:42.848634,SUCCESS,,1,8,2,False
TXN002693,CUST1826,MERCHANT003,8919.74,UPI,2026-08-20 02:28:55.848634,SUCCESS,,1,19,5,False
TXN002694,CUST0315,MERCHANT008,49360.77,WALLET,2026-08-20 01:15:59.848634,SUCCESS,,1,5,0,False
TXN002695,CUST0038,MERCHANT010,954.79,WALLET,2026-08-24 00:48:31.848634,SUCCESS,,1,8,4,False
TXN002696,CUST0880,MERCHANT001,43655.0,WALLET,2026-08-23 14:42:08.848634,SUCCESS,,1,4,1,False
TXN002697,CUST1678,MERCHANT006,37319.55,WALLET,2026-08-22 03:05:40.848634,SUCCESS,,1,4,3,False
TXN002698,CUST1482,MERCHANT003,11253.62,WALLET,2026-08-24 09:02:27.848634,SUCCESS,,1,19,1,False
TXN002699,CUST1494,MERCHANT001,11329.12,WALLET,2026-08-23 21:52:02.848634,SUCCESS,,1,16,5,False
TXN002700,CUST1179,MERCHANT004,28336.93,WALLET,2026-08-20 11:40:21.848634,SUCCESS,,1,11,5,False
TXN002701,CUST0105,MERCHANT004,22851.62,NETBANKING,2026-08-20 18:52:58.848634,SUCCESS,,1,18,4,False
TXN002702,CUST1832,MERCHANT002,40707.84,CARD,2026-08-22 01:33:27.848634,SUCCESS,,1,13,3,False
TXN002703,CUST1543,MERCHANT002,28613.14,NETBANKING,2026-08-21 02:51:23.848634,SUCCESS,,1,9,1,False
TXN002704,CUST1760,MERCHANT008,25663.24,WALLET,2026-08-21 12:25:39.848634,SUCCESS,,1,1,4,False
TXN002705,CUST1025,MERCHANT010,31952.07,WALLET,2026-08-24 18:04:23.848634,SUCCESS,,1,3,4,False
TXN002706,CUST0588,MERCHANT002,36514.2,CARD,2026-08-23 12:52:58.848634,SUCCESS,,1,9,0,False
TXN002707,CUST0006,MERCHANT003,27531.48,WALLET,2026-08-21 00:11:30.848634,FAILED,Insufficient Funds,3,14,2,False
TXN002708,CUST0943,MERCHANT010,38388.65,NETBANKING,2026-08-24 16:30:42.848634,SUCCESS,,1,18,1,False
TXN002709,CUST0491,MERCHANT001,38610.49,CARD,2026-08-19 17:59:48.848634,SUCCESS,,1,12,2,False
TXN002710,CUST1265,MERCHANT003,37219.4,CARD,2026-08-20 15:05:48.848634,SUCCESS,,1,15,0,False
TXN002711,CUST1572,MERCHANT008,31828.45,WALLET,2026-08-18 03:26:43.848634,SUCCESS,,1,8,5,False
TXN002712,CUST0562,MERCHANT006,11937.32,NETBANKING,2026-08-21 22:07:34.848634,SUCCESS,,1,3,1,False
TXN002713,CUST1541,MERCHANT008,6621.05,UPI,2026-08-22 17:15:27.848634,SUCCESS,,1,0,2,False
TXN002714,CUST1817,MERCHANT008,25223.93,NETBANKING,2026-08-25 01:58:54.848634,SUCCESS,,1,14,0,False
TXN002715,CUST1324,MERCHANT002,26570.76,WALLET,2026-08-23 07:49:24.848634,SUCCESS,,1,17,0,False
TXN002716,CUST0023,MERCHANT007,7052.76,UPI,2026-08-24 13:19:39.848634,SUCCESS,,1,4,4,False
TXN002717,CUST0027,MERCHANT008,42267.65,UPI,2026-08-22 16:20:04.848634,SUCCESS,,1,17,4,False
TXN002718,CUST0526,MERCHANT005,6608.68,UPI,2026-08-24 01:03:34.848634,SUCCESS,,1,18,4,False
TXN002719,CUST0715,MERCHANT002,25282.74,UPI,2026-08-18 06:15:01.848634,SUCCESS,,1,13,0,False
TXN002720,CUST1937,MERCHANT002,4980.69,NETBANKING,2026-08-21 14:31:23.848634,SUCCESS,,1,19,3,False
TXN002721,CUST1695,MERCHANT001,47081.57,WALLET,2026-08-20 10:10:56.848634,SUCCESS,,1,15,2,False
TXN002722,CUST0508,MERCHANT002,15503.53,NETBANKING,2026-08-21 01:14:45.848634,SUCCESS,,1,14,2,False
TXN002723,CUST1421,MERCHANT004,8392.74,CARD,2026-08-24 01:12:45.848634,SUCCESS,,1,20,3,False
TXN002724,CUST0655,MERCHANT002,45645.76,CARD,2026-08-19 03:43:39.848634,SUCCESS,,1,4,0,False
TXN002725,CUST1343,MERCHANT006,2806.16,CARD,2026-08-23 11:34:52.848634,SUCCESS,,1,11,2,False
TXN002726,CUST0648,MERCHANT009,38955.25,CARD,2026-08-24 17:55:52.848634,SUCCESS,,1,16,4,False
TXN002727,CUST0157,MERCHANT008,34268.42,CARD,2026-08-22 02:51:41.848634,SUCCESS,,1,1,2,False
TXN002728,CUST1074,MERCHANT003,21201.83,UPI,2026-08-23 23:33:06.848634,SUCCESS,,1,7,3,False
TXN002729,CUST0368,MERCHANT002,27223.26,NETBANKING,2026-08-20 01:54:28.848634,SUCCESS,,1,10,3,False
TXN002730,CUST0455,MERCHANT005,24944.93,WALLET,2026-08-23 04:06:04.848634,SUCCESS,,1,12,3,False
TXN002731,CUST1418,MERCHANT007,31103.45,CARD,2026-08-21 07:27:53.848634,SUCCESS,,1,9,1,False
TXN002732,CUST0722,MERCHANT005,41229.52,WALLET,2026-08-20 11:30:01.848634,SUCCESS,,1,7,5,False
TXN002733,CUST0569,MERCHANT006,11978.75,NETBANKING,2026-08-23 04:28:05.848634,SUCCESS,,1,1,4,False
TXN002734,CUST1117,MERCHANT002,44896.13,NETBANKING,2026-08-21 12:40:44.848634,FAILED,Insufficient Funds,3,19,5,False
TXN002735,CUST1867,MERCHANT008,24380.72,UPI,2026-08-22 03:35:17.848634,SUCCESS,,1,6,0,False
TXN002736,CUST0103,MERCHANT009,23659.82,UPI,2026-08-22 02:32:25.848634,SUCCESS,,1,2,1,False
TXN002737,CUST0216,MERCHANT006,48519.9,UPI,2026-08-22 12:16:52.848634,SUCCESS,,1,8,5,False
TXN002738,CUST0488,MERCHANT010,30116.84,CARD,2026-08-24 08:47:47.848634,SUCCESS,,1,5,4,False
TXN002739,CUST0589,MERCHANT007,6658.19,NETBANKING,2026-08-21 20:29:18.848634,SUCCESS,,1,0,5,False
TXN002740,CUST1772,MERCHANT006,32738.44,NETBANKING,2026-08-23 19:49:26.848634,SUCCESS,,1,7,0,False
TXN002741,CUST1617,MERCHANT004,24158.4,CARD,2026-08-19 03:36:52.848634,SUCCESS,,1,6,1,False
TXN002742,CUST1601,MERCHANT002,1851.1,UPI,2026-08-22 11:58:37.848634,SUCCESS,,1,17,5,False
TXN002743,CUST0669,MERCHANT010,8711.77,UPI,2026-08-21 08:33:16.848634,FAILED,Insufficient Funds,2,6,1,True
TXN002744,CUST1591,MERCHANT001,9123.14,CARD,2026-08-22 04:40:05.848634,SUCCESS,,1,19,2,False
TXN002745,CUST1012,MERCHANT002,40196.27,NETBANKING,2026-08-23 13:51:58.848634,SUCCESS,,1,15,3,False
TXN002746,CUST1968,MERCHANT010,555.73,WALLET,2026-08-20 23:51:01.848634,SUCCESS,,1,12,0,False
TXN002747,CUST1334,MERCHANT009,12917.96,UPI,2026-08-24 04:23:03.848634,SUCCESS,,1,10,2,False
TXN002748,CUST0128,MERCHANT007,44952.82,CARD,2026-08-18 19:24:22.848634,SUCCESS,,1,11,0,False
TXN002749,CUST0040,MERCHANT006,8171.0,NETBANKING,2026-08-22 18:31:42.848634,SUCCESS,,1,7,1,False
TXN002750,CUST0036,MERCHANT006,34218.45,CARD,2026-08-20 05:57:32.848634,SUCCESS,,1,10,4,False
TXN002751,CUST0268,MERCHANT001,14441.79,CARD,2026-08-18 05:43:25.848634,SUCCESS,,1,7,2,False
TXN002752,CUST0333,MERCHANT004,7686.18,CARD,2026-08-21 12:22:36.848634,SUCCESS,,1,10,5,False
TXN002753,CUST0592,MERCHANT006,36853.0,UPI,2026-08-22 02:23:50.848634,SUCCESS,,1,0,3,False
TXN002754,CUST1800,MERCHANT008,16975.33,CARD,2026-08-24 19:29:36.848634,SUCCESS,,1,18,2,False
TXN002755,CUST1171,MERCHANT010,8159.76,CARD,2026-08-23 22:45:38.848634,FAILED,Technical Error,2,15,0,True
TXN002756,CUST0704,MERCHANT009,41200.21,NETBANKING,2026-08-21 17:26:33.848634,SUCCESS,,1,9,1,False
TXN002757,CUST1964,MERCHANT003,47503.58,WALLET,2026-08-18 07:25:08.848634,SUCCESS,,1,19,2,False
TXN002758,CUST1163,MERCHANT002,30035.96,NETBANKING,2026-08-24 20:06:28.848634,SUCCESS,,1,16,0,False
TXN002759,CUST1640,MERCHANT006,20060.89,WALLET,2026-08-19 12:17:00.848634,SUCCESS,,1,2,2,False
TXN002760,CUST0033,MERCHANT007,1142.3,WALLET,2026-08-22 14:39:00.848634,SUCCESS,,1,15,1,False
TXN002761,CUST0022,MERCHANT006,24545.4,WALLET,2026-08-18 12:29:11.848634,SUCCESS,,1,0,1,False
TXN002762,CUST1032,MERCHANT010,28788.35,UPI,2026-08-23 19:15:36.848634,SUCCESS,,1,16,1,False
TXN002763,CUST0809,MERCHANT003,14560.51,UPI,2026-08-24 10:58:12.848634,SUCCESS,,1,12,2,False
TXN002764,CUST1417,MERCHANT009,43124.62,UPI,2026-08-19 22:13:06.848634,SUCCESS,,1,19,0,False
TXN002765,CUST1410,MERCHANT007,32107.78,WALLET,2026-08-20 22:43:52.848634,SUCCESS,,1,11,5,False
TXN002766,CUST0201,MERCHANT004,45053.06,CARD,2026-08-22 15:49:17.848634,SUCCESS,,1,16,5,False
TXN002767,CUST0525,MERCHANT007,3074.2,CARD,2026-08-19 07:22:52.848634,SUCCESS,,1,14,5,False
TXN002768,CUST1971,MERCHANT002,15946.6,WALLET,2026-08-24 15:30:35.848634,SUCCESS,,1,6,4,False
TXN002769,CUST0329,MERCHANT009,40661.76,WALLET,2026-08-22 22:06:55.848634,SUCCESS,,1,19,4,False
TXN002770,CUST1127,MERCHANT008,599.35,WALLET,2026-08-19 04:05:33.848634,SUCCESS,,1,20,1,False
TXN002771,CUST0122,MERCHANT008,26770.39,NETBANKING,2026-08-21 16:10:09.848634,SUCCESS,,1,5,5,False
TXN002772,CUST0747,MERCHANT010,26759.89,WALLET,2026-08-24 01:44:34.848634,SUCCESS,,1,0,2,False
TXN002773,CUST1366,MERCHANT001,26531.78,WALLET,2026-08-19 19:34:33.848634,SUCCESS,,1,0,0,False
TXN002774,CUST0066,MERCHANT001,48479.24,NETBANKING,2026-08-18 09:31:00.848634,SUCCESS,,1,15,5,False
TXN002775,CUST0920,MERCHANT009,36316.42,UPI,2026-08-22 00:13:45.848634,SUCCESS,,1,1,4,False
TXN002776,CUST1596,MERCHANT004,10895.42,CARD,2026-08-23 20:14:19.848634,SUCCESS,,1,0,4,False
TXN002777,CUST1380,MERCHANT003,33198.69,WALLET,2026-08-20 23:15:30.848634,SUCCESS,,1,14,4,False
TXN002778,CUST1066,MERCHANT009,27342.83,WALLET,2026-08-19 02:55:32.848634,SUCCESS,,1,14,3,False
TXN002779,CUST1797,MERCHANT002,36396.57,CARD,2026-08-23 07:01:07.848634,SUCCESS,,1,20,0,False
TXN002780,CUST0521,MERCHANT010,48123.45,WALLET,2026-08-20 05:40:00.848634,SUCCESS,,1,4,5,False
TXN002781,CUST1636,MERCHANT003,35363.98,CARD,2026-08-24 21:21:58.848634,SUCCESS,,1,4,5,False
TXN002782,CUST1512,MERCHANT004,44122.83,WALLET,2026-08-19 00:20:40.848634,SUCCESS,,1,16,4,False
TXN002783,CUST1095,MERCHANT009,33716.03,WALLET,2026-08-21 19:13:36.848634,SUCCESS,,1,7,2,False
TXN002784,CUST1567,MERCHANT001,26358.17,UPI,2026-08-23 23:45:02.848634,SUCCESS,,1,5,4,False
TXN002785,CUST0085,MERCHANT009,22500.62,UPI,2026-08-18 05:35:40.848634,SUCCESS,,1,8,2,False
TXN002786,CUST1330,MERCHANT009,16687.08,NETBANKING,2026-08-24 06:41:14.848634,SUCCESS,,1,10,0,False
TXN002787,CUST1679,MERCHANT004,49870.32,UPI,2026-08-21 02:48:39.848634,SUCCESS,,1,8,3,False
TXN002788,CUST0829,MERCHANT006,27828.78,WALLET,2026-08-23 05:07:23.848634,SUCCESS,,1,3,5,False
TXN002789,CUST0415,MERCHANT009,12106.78,UPI,2026-08-21 18:58:31.848634,SUCCESS,,1,12,5,False
TXN002790,CUST1756,MERCHANT006,6985.41,CARD,2026-08-24 03:07:03.848634,SUCCESS,,1,12,0,False
TXN002791,CUST1384,MERCHANT006,28817.3,NETBANKING,2026-08-20 12:35:50.848634,SUCCESS,,1,17,1,False
TXN002792,CUST1500,MERCHANT002,34347.52,NETBANKING,2026-08-24 11:01:59.848634,SUCCESS,,1,19,5,False
TXN002793,CUST0293,MERCHANT001,6340.72,UPI,2026-08-23 04:00:25.848634,SUCCESS,,1,15,1,False
TXN002794,CUST1876,MERCHANT006,38292.75,NETBANKING,2026-08-19 17:40:04.848634,SUCCESS,,1,16,4,False
TXN002795,CUST1421,MERCHANT003,27336.37,UPI,2026-08-24 03:27:11.848634,SUCCESS,,1,11,4,False
TXN002796,CUST1132,MERCHANT002,34470.04,UPI,2026-08-20 04:50:54.848634,SUCCESS,,1,5,3,False
TXN002797,CUST1902,MERCHANT008,41143.53,WALLET,2026-08-18 11:11:48.848634,SUCCESS,,1,5,1,False
TXN002798,CUST1051,MERCHANT004,33373.63,NETBANKING,2026-08-24 14:45:11.848634,SUCCESS,,1,2,1,False
TXN002799,CUST1270,MERCHANT008,496.63,WALLET,2026-08-23 16:33:47.848634,SUCCESS,,1,5,5,False
TXN002800,CUST1866,MERCHANT005,1894.85,NETBANKING,2026-08-24 21:29:29.848634,SUCCESS,,1,6,1,False
TXN002801,CUST0640,MERCHANT008,21748.84,NETBANKING,2026-08-22 07:57:41.848634,SUCCESS,,1,9,5,False
TXN002802,CUST1716,MERCHANT007,35662.84,UPI,2026-08-22 15:32:33.848634,SUCCESS,,1,19,2,False
TXN002803,CUST1541,MERCHANT005,33559.08,WALLET,2026-08-21 08:00:17.848634,SUCCESS,,1,13,5,False
TXN002804,CUST1036,MERCHANT002,28317.55,WALLET,2026-08-20 09:24:48.848634,SUCCESS,,1,4,3,False
TXN002805,CUST0888,MERCHANT001,20948.93,WALLET,2026-08-22 02:11:02.848634,SUCCESS,,1,5,4,False
TXN002806,CUST1823,MERCHANT007,25758.19,UPI,2026-08-24 22:09:52.848634,SUCCESS,,1,2,1,False
TXN002807,CUST1048,MERCHANT001,24811.86,NETBANKING,2026-08-20 18:24:01.848634,SUCCESS,,1,9,3,False
TXN002808,CUST0993,MERCHANT005,12024.68,WALLET,2026-08-20 11:22:44.848634,SUCCESS,,1,5,4,False
TXN002809,CUST0013,MERCHANT009,16740.83,WALLET,2026-08-20 14:47:17.848634,SUCCESS,,1,17,0,False
TXN002810,CUST1567,MERCHANT008,33666.25,NETBANKING,2026-08-22 06:33:54.848634,SUCCESS,,1,5,4,False
TXN002811,CUST1048,MERCHANT005,21128.62,NETBANKING,2026-08-22 07:29:54.848634,SUCCESS,,1,12,5,False
TXN002812,CUST1210,MERCHANT007,489.68,NETBANKING,2026-08-24 18:59:59.848634,SUCCESS,,1,7,3,False
TXN002813,CUST1269,MERCHANT005,4458.04,NETBANKING,2026-08-20 16:46:43.848634,SUCCESS,,1,12,5,False
TXN002814,CUST0335,MERCHANT010,15615.15,CARD,2026-08-24 21:34:41.848634,SUCCESS,,1,20,3,False
TXN002815,CUST1761,MERCHANT005,21641.33,UPI,2026-08-19 02:41:35.848634,SUCCESS,,1,4,4,False
TXN002816,CUST1910,MERCHANT006,11396.59,UPI,2026-08-24 19:06:48.848634,SUCCESS,,1,9,3,False
TXN002817,CUST1576,MERCHANT002,34335.75,CARD,2026-08-24 08:45:01.848634,SUCCESS,,1,6,1,False
TXN002818,CUST0743,MERCHANT009,20140.07,UPI,2026-08-19 10:23:36.848634,SUCCESS,,1,15,0,False
TXN002819,CUST0172,MERCHANT004,23612.26,UPI,2026-08-18 21:22:05.848634,SUCCESS,,1,19,0,False
TXN002820,CUST0719,MERCHANT008,2089.78,UPI,2026-08-22 01:44:27.848634,SUCCESS,,1,3,2,False
TXN002821,CUST1140,MERCHANT004,43699.15,UPI,2026-08-19 05:15:53.848634,SUCCESS,,1,10,3,False
TXN002822,CUST0774,MERCHANT007,17533.63,CARD,2026-08-20 02:53:55.848634,SUCCESS,,1,15,4,False
TXN002823,CUST1857,MERCHANT003,8464.58,UPI,2026-08-20 20:58:00.848634,SUCCESS,,1,13,1,False
TXN002824,CUST0148,MERCHANT007,5162.27,UPI,2026-08-23 02:44:54.848634,SUCCESS,,1,9,2,False
TXN002825,CUST0395,MERCHANT007,31632.42,CARD,2026-08-23 11:53:37.848634,SUCCESS,,1,9,0,False
TXN002826,CUST1482,MERCHANT003,7188.85,UPI,2026-08-19 14:24:42.848634,SUCCESS,,1,17,3,False
TXN002827,CUST1225,MERCHANT003,32868.33,WALLET,2026-08-24 06:58:06.848634,SUCCESS,,1,6,5,False
TXN002828,CUST0735,MERCHANT010,46581.5,WALLET,2026-08-22 14:26:29.848634,SUCCESS,,1,6,2,False
TXN002829,CUST1115,MERCHANT006,33949.51,UPI,2026-08-18 17:49:45.848634,SUCCESS,,1,1,4,False
TXN002830,CUST1424,MERCHANT009,36515.37,CARD,2026-08-23 06:40:59.848634,SUCCESS,,1,16,3,False
TXN002831,CUST0437,MERCHANT004,19489.54,UPI,2026-08-18 02:57:07.848634,SUCCESS,,1,18,0,False
TXN002832,CUST0400,MERCHANT007,12204.77,UPI,2026-08-18 21:58:49.848634,SUCCESS,,1,3,4,False
TXN002833,CUST0894,MERCHANT002,46220.49,NETBANKING,2026-08-22 07:07:54.848634,SUCCESS,,1,20,3,False
TXN002834,CUST0637,MERCHANT004,19324.63,UPI,2026-08-18 17:08:26.848634,SUCCESS,,1,14,2,False
TXN002835,CUST0308,MERCHANT009,15571.59,WALLET,2026-08-20 19:01:17.848634,SUCCESS,,1,12,1,False
TXN002836,CUST1936,MERCHANT006,40633.91,NETBANKING,2026-08-21 10:29:06.848634,SUCCESS,,1,10,5,False
TXN002837,CUST1226,MERCHANT003,37698.49,CARD,2026-08-19 07:29:43.848634,SUCCESS,,1,4,3,False
TXN002838,CUST0592,MERCHANT007,18865.33,NETBANKING,2026-08-19 05:38:27.848634,SUCCESS,,1,10,0,False
TXN002839,CUST1051,MERCHANT007,49943.73,CARD,2026-08-23 09:09:50.848634,SUCCESS,,1,13,4,False
TXN002840,CUST1886,MERCHANT010,24283.96,UPI,2026-08-22 12:39:04.848634,SUCCESS,,1,5,2,False
TXN002841,CUST0460,MERCHANT006,29611.33,UPI,2026-08-23 15:06:35.848634,SUCCESS,,1,6,1,False
TXN002842,CUST0287,MERCHANT001,38548.06,WALLET,2026-08-24 17:13:09.848634,SUCCESS,,1,12,5,False
TXN002843,CUST0795,MERCHANT008,13393.71,NETBANKING,2026-08-20 17:05:29.848634,SUCCESS,,1,19,4,False
TXN002844,CUST0202,MERCHANT004,28042.97,CARD,2026-08-22 14:35:49.848634,SUCCESS,,1,16,1,False
TXN002845,CUST1543,MERCHANT010,13573.93,CARD,2026-08-20 16:02:41.848634,SUCCESS,,1,11,0,False
TXN002846,CUST1591,MERCHANT005,18874.58,UPI,2026-08-20 00:28:25.848634,SUCCESS,,1,1,3,False
TXN002847,CUST1980,MERCHANT010,35701.45,CARD,2026-08-24 00:34:58.848634,SUCCESS,,1,2,0,False
TXN002848,CUST0844,MERCHANT007,38901.54,CARD,2026-08-20 20:20:42.848634,SUCCESS,,1,7,5,False
TXN002849,CUST0130,MERCHANT008,48111.56,UPI,2026-08-19 10:07:49.848634,SUCCESS,,1,6,3,False
TXN002850,CUST1836,MERCHANT002,49272.06,UPI,2026-08-23 16:30:01.848634,SUCCESS,,1,15,5,False
TXN002851,CUST1469,MERCHANT001,12478.13,UPI,2026-08-21 07:19:06.848634,SUCCESS,,1,0,4,False
TXN002852,CUST1321,MERCHANT005,24282.83,NETBANKING,2026-08-21 02:26:29.848634,SUCCESS,,1,13,3,False
TXN002853,CUST1758,MERCHANT010,34096.86,NETBANKING,2026-08-20 02:33:03.848634,FAILED,Bank Declined,2,9,2,True
TXN002854,CUST1521,MERCHANT006,30191.35,CARD,2026-08-23 18:36:24.848634,SUCCESS,,1,14,1,False
TXN002855,CUST0642,MERCHANT006,11264.48,CARD,2026-08-18 18:38:48.848634,SUCCESS,,1,12,4,False
TXN002856,CUST1509,MERCHANT004,4723.84,UPI,2026-08-24 03:42:47.848634,SUCCESS,,1,18,4,False
TXN002857,CUST1880,MERCHANT003,13907.74,CARD,2026-08-20 10:53:20.848634,SUCCESS,,1,18,5,False
TXN002858,CUST0115,MERCHANT009,41977.73,WALLET,2026-08-23 09:40:58.848634,SUCCESS,,1,13,3,False
TXN002859,CUST0451,MERCHANT006,23094.09,UPI,2026-08-18 11:00:48.848634,SUCCESS,,1,7,5,False
TXN002860,CUST0257,MERCHANT008,44500.58,CARD,2026-08-18 13:51:34.848634,SUCCESS,,1,15,2,False
TXN002861,CUST0724,MERCHANT001,23286.92,CARD,2026-08-19 19:08:21.848634,SUCCESS,,1,6,2,False
TXN002862,CUST0759,MERCHANT007,24577.77,NETBANKING,2026-08-21 21:30:32.848634,SUCCESS,,1,17,1,False
TXN002863,CUST1401,MERCHANT002,40394.42,CARD,2026-08-19 20:12:52.848634,SUCCESS,,1,11,4,False
TXN002864,CUST0875,MERCHANT010,41502.82,WALLET,2026-08-24 17:22:11.848634,SUCCESS,,1,13,3,False
TXN002865,CUST0878,MERCHANT006,39974.06,WALLET,2026-08-18 17:38:25.848634,SUCCESS,,1,13,1,False
TXN002866,CUST0546,MERCHANT001,32597.59,WALLET,2026-08-18 07:00:28.848634,SUCCESS,,1,15,0,False
TXN002867,CUST1603,MERCHANT006,44024.58,NETBANKING,2026-08-18 22:32:43.848634,SUCCESS,,1,17,4,False
TXN002868,CUST1817,MERCHANT007,8832.86,UPI,2026-08-24 17:27:47.848634,SUCCESS,,1,4,5,False
TXN002869,CUST0299,MERCHANT007,20886.04,CARD,2026-08-19 01:53:19.848634,SUCCESS,,1,17,4,False
TXN002870,CUST0320,MERCHANT002,25778.51,CARD,2026-08-18 14:31:17.848634,SUCCESS,,1,8,5,False
TXN002871,CUST1629,MERCHANT006,19640.73,WALLET,2026-08-24 03:22:51.848634,SUCCESS,,1,4,3,False
TXN002872,CUST0421,MERCHANT006,31917.17,UPI,2026-08-18 16:24:46.848634,SUCCESS,,1,15,4,False
TXN002873,CUST0274,MERCHANT006,31473.58,CARD,2026-08-22 17:02:20.848634,SUCCESS,,1,20,1,False
TXN002874,CUST0816,MERCHANT001,25953.91,NETBANKING,2026-08-24 18:35:48.848634,SUCCESS,,1,6,3,False
TXN002875,CUST1180,MERCHANT002,18459.16,NETBANKING,2026-08-19 18:11:16.848634,SUCCESS,,1,9,5,False
TXN002876,CUST1800,MERCHANT002,39249.62,NETBANKING,2026-08-19 22:48:07.848634,SUCCESS,,1,18,2,False
TXN002877,CUST0989,MERCHANT007,43613.15,UPI,2026-08-24 13:41:55.848634,SUCCESS,,1,14,4,False
TXN002878,CUST1665,MERCHANT008,44997.98,WALLET,2026-08-23 09:08:13.848634,FAILED,Insufficient Funds,2,7,1,True
TXN002879,CUST1880,MERCHANT004,16687.52,UPI,2026-08-24 08:30:32.848634,SUCCESS,,1,14,3,False
TXN002880,CUST0398,MERCHANT007,9776.64,WALLET,2026-08-20 19:58:53.848634,SUCCESS,,1,16,5,False
TXN002881,CUST1989,MERCHANT004,26375.99,CARD,2026-08-19 12:36:05.848634,SUCCESS,,1,19,5,False
TXN002882,CUST0773,MERCHANT008,21126.78,UPI,2026-08-24 23:36:18.848634,SUCCESS,,1,11,3,False
TXN002883,CUST0911,MERCHANT001,43681.53,CARD,2026-08-22 03:34:59.848634,SUCCESS,,1,7,3,False
TXN002884,CUST0615,MERCHANT010,26126.25,CARD,2026-08-20 16:27:38.848634,SUCCESS,,1,11,2,False
TXN002885,CUST1274,MERCHANT008,22794.36,CARD,2026-08-21 12:27:47.848634,SUCCESS,,1,15,5,False
TXN002886,CUST0595,MERCHANT009,27515.49,CARD,2026-08-24 23:13:43.848634,SUCCESS,,1,1,4,False
TXN002887,CUST1859,MERCHANT001,9063.94,UPI,2026-08-22 22:34:16.848634,SUCCESS,,1,12,0,False
TXN002888,CUST1611,MERCHANT006,10319.47,CARD,2026-08-22 18:35:22.848634,SUCCESS,,1,2,4,False
TXN002889,CUST0378,MERCHANT008,9163.76,CARD,2026-08-22 23:15:56.848634,SUCCESS,,1,10,1,False
TXN002890,CUST1480,MERCHANT010,10817.44,CARD,2026-08-19 02:00:30.848634,SUCCESS,,1,10,1,False
TXN002891,CUST0455,MERCHANT009,18659.59,CARD,2026-08-20 15:24:31.848634,SUCCESS,,1,20,2,False
TXN002892,CUST1135,MERCHANT002,36925.98,UPI,2026-08-19 15:48:35.848634,SUCCESS,,1,14,1,False
TXN002893,CUST1654,MERCHANT001,13572.57,NETBANKING,2026-08-21 21:18:51.848634,SUCCESS,,1,16,1,False
TXN002894,CUST0149,MERCHANT005,13896.67,CARD,2026-08-18 16:24:11.848634,SUCCESS,,1,16,2,False
TXN002895,CUST1917,MERCHANT004,18557.39,NETBANKING,2026-08-19 18:28:13.848634,SUCCESS,,1,17,3,False
TXN002896,CUST1916,MERCHANT002,37789.49,WALLET,2026-08-24 01:31:26.848634,SUCCESS,,1,7,2,False
TXN002897,CUST1369,MERCHANT006,1302.21,NETBANKING,2026-08-18 23:01:34.848634,SUCCESS,,1,5,4,False
TXN002898,CUST0642,MERCHANT001,31020.98,UPI,2026-08-19 05:02:57.848634,SUCCESS,,1,9,0,False
TXN002899,CUST0132,MERCHANT009,25748.88,CARD,2026-08-21 12:14:00.848634,SUCCESS,,1,20,3,False
TXN002900,CUST0976,MERCHANT003,24475.78,CARD,2026-08-22 04:42:57.848634,SUCCESS,,1,12,4,False
TXN002901,CUST0773,MERCHANT004,39992.81,CARD,2026-08-20 01:02:31.848634,SUCCESS,,1,3,1,False
TXN002902,CUST0640,MERCHANT001,41100.84,CARD,2026-08-23 06:03:01.848634,SUCCESS,,1,0,3,False
TXN002903,CUST1233,MERCHANT002,34800.2,CARD,2026-08-21 11:46:31.848634,SUCCESS,,1,10,4,False
TXN002904,CUST1652,MERCHANT007,10598.08,UPI,2026-08-22 07:35:38.848634,SUCCESS,,1,11,3,False
TXN002905,CUST1387,MERCHANT002,31091.32,WALLET,2026-08-25 00:36:17.848634,SUCCESS,,1,13,0,False
TXN002906,CUST0930,MERCHANT007,18555.56,NETBANKING,2026-08-20 09:39:01.848634,SUCCESS,,1,6,3,False
TXN002907,CUST1824,MERCHANT008,40505.77,UPI,2026-08-20 19:35:49.848634,SUCCESS,,1,8,5,False
TXN002908,CUST0991,MERCHANT010,49728.4,NETBANKING,2026-08-23 12:50:45.848634,SUCCESS,,1,6,0,False
TXN002909,CUST0322,MERCHANT007,36406.57,UPI,2026-08-22 23:36:40.848634,SUCCESS,,1,6,2,False
TXN002910,CUST1263,MERCHANT010,13584.04,NETBANKING,2026-08-19 22:49:08.848634,SUCCESS,,1,11,3,False
TXN002911,CUST0221,MERCHANT006,39287.19,CARD,2026-08-21 06:13:45.848634,SUCCESS,,1,9,0,False
TXN002912,CUST1187,MERCHANT006,8695.97,WALLET,2026-08-21 00:56:59.848634,SUCCESS,,1,9,5,False
TXN002913,CUST0524,MERCHANT004,3606.24,WALLET,2026-08-18 07:27:24.848634,FAILED,Technical Error,1,20,2,True
TXN002914,CUST0835,MERCHANT005,35445.52,WALLET,2026-08-18 07:36:17.848634,SUCCESS,,1,7,3,False
TXN002915,CUST1205,MERCHANT005,23107.94,CARD,2026-08-20 01:02:08.848634,SUCCESS,,1,11,1,False
TXN002916,CUST0133,MERCHANT005,29271.34,UPI,2026-08-21 04:50:01.848634,SUCCESS,,1,20,3,False
TXN002917,CUST0872,MERCHANT005,6549.19,CARD,2026-08-22 09:31:14.848634,SUCCESS,,1,3,0,False
TXN002918,CUST1275,MERCHANT007,20374.56,CARD,2026-08-24 07:18:44.848634,FAILED,Technical Error,2,10,5,True
TXN002919,CUST1850,MERCHANT001,21636.61,CARD,2026-08-19 19:01:22.848634,SUCCESS,,1,4,0,False
TXN002920,CUST1705,MERCHANT003,33535.68,WALLET,2026-08-24 05:01:20.848634,SUCCESS,,1,7,0,False
TXN002921,CUST1905,MERCHANT007,16739.23,WALLET,2026-08-20 07:06:03.848634,SUCCESS,,1,13,5,False
TXN002922,CUST0477,MERCHANT007,5337.56,WALLET,2026-08-25 01:25:41.848634,SUCCESS,,1,2,4,False
TXN002923,CUST1243,MERCHANT003,4949.9,CARD,2026-08-24 14:06:11.848634,SUCCESS,,1,12,1,False
TXN002924,CUST0677,MERCHANT009,23473.68,NETBANKING,2026-08-23 04:19:00.848634,SUCCESS,,1,10,5,False
TXN002925,CUST1702,MERCHANT008,22562.64,NETBANKING,2026-08-22 05:40:58.848634,SUCCESS,,1,5,4,False
TXN002926,CUST1714,MERCHANT002,20445.31,UPI,2026-08-20 23:31:51.848634,SUCCESS,,1,3,0,False
TXN002927,CUST1861,MERCHANT002,9264.0,NETBANKING,2026-08-24 20:04:20.848634,SUCCESS,,1,19,3,False
TXN002928,CUST1867,MERCHANT005,31407.53,UPI,2026-08-24 08:18:03.848634,SUCCESS,,1,0,1,False
TXN002929,CUST1399,MERCHANT010,12993.39,NETBANKING,2026-08-19 06:29:41.848634,SUCCESS,,1,8,0,False
TXN002930,CUST1996,MERCHANT001,14632.27,WALLET,2026-08-18 09:11:55.848634,SUCCESS,,1,15,1,False
TXN002931,CUST1191,MERCHANT002,31692.15,NETBANKING,2026-08-19 16:49:21.848634,SUCCESS,,1,17,2,False
TXN002932,CUST0436,MERCHANT002,27471.81,NETBANKING,2026-08-23 22:41:31.848634,SUCCESS,,1,19,4,False
TXN002933,CUST0079,MERCHANT001,1208.35,UPI,2026-08-18 20:41:28.848634,SUCCESS,,1,17,0,False
TXN002934,CUST0780,MERCHANT002,30342.04,CARD,2026-08-24 23:13:07.848634,SUCCESS,,1,16,4,False
TXN002935,CUST1337,MERCHANT009,3799.3,UPI,2026-08-23 05:09:00.848634,FAILED,Technical Error,1,6,4,True
TXN002936,CUST1876,MERCHANT006,24506.64,UPI,2026-08-19 21:24:12.848634,SUCCESS,,1,4,1,False
TXN002937,CUST1366,MERCHANT004,9216.67,CARD,2026-08-21 00:44:36.848634,SUCCESS,,1,4,3,False
TXN002938,CUST1055,MERCHANT005,39615.11,NETBANKING,2026-08-23 10:20:56.848634,SUCCESS,,1,10,1,False
TXN002939,CUST0462,MERCHANT006,14597.3,NETBANKING,2026-08-22 22:53:32.848634,FAILED,Technical Error,2,6,4,True
TXN002940,CUST0104,MERCHANT004,31211.7,CARD,2026-08-20 12:33:18.848634,SUCCESS,,1,4,5,False
TXN002941,CUST0115,MERCHANT010,49630.09,WALLET,2026-08-20 02:35:49.848634,SUCCESS,,1,14,0,False
TXN002942,CUST0782,MERCHANT004,4582.01,CARD,2026-08-22 03:41:47.848634,SUCCESS,,1,5,0,False
TXN002943,CUST0923,MERCHANT004,48670.09,UPI,2026-08-20 18:45:41.848634,SUCCESS,,1,16,3,False
TXN002944,CUST0740,MERCHANT007,20078.61,NETBANKING,2026-08-20 09:55:16.848634,SUCCESS,,1,18,4,False
TXN002945,CUST0091,MERCHANT001,21800.1,WALLET,2026-08-19 05:14:39.848634,SUCCESS,,1,17,2,False
TXN002946,CUST1132,MERCHANT005,42800.92,WALLET,2026-08-18 13:54:22.848634,SUCCESS,,1,13,3,False
TXN002947,CUST1118,MERCHANT004,4732.58,UPI,2026-08-23 11:18:38.848634,FAILED,Network Error,1,7,4,True
TXN002948,CUST1988,MERCHANT006,46647.27,NETBANKING,2026-08-20 05:29:18.848634,SUCCESS,,1,19,4,False
TXN002949,CUST1634,MERCHANT005,17602.77,UPI,2026-08-21 15:53:50.848634,SUCCESS,,1,12,3,False
TXN002950,CUST0589,MERCHANT008,17838.2,CARD,2026-08-21 06:55:31.848634,SUCCESS,,1,14,4,False
TXN002951,CUST1746,MERCHANT002,24357.12,CARD,2026-08-24 01:30:38.848634,FAILED,Bank Declined,1,15,2,True
TXN002952,CUST1198,MERCHANT004,33640.12,WALLET,2026-08-24 17:45:40.848634,SUCCESS,,1,12,4,False
TXN002953,CUST1500,MERCHANT004,8210.8,CARD,2026-08-20 15:21:21.848634,SUCCESS,,1,19,2,False
TXN002954,CUST0910,MERCHANT007,37505.29,WALLET,2026-08-21 01:19:14.848634,FAILED,Bank Declined,3,2,0,False
TXN002955,CUST0923,MERCHANT010,27744.44,CARD,2026-08-24 05:05:21.848634,SUCCESS,,1,20,2,False
TXN002956,CUST1297,MERCHANT007,12053.27,CARD,2026-08-21 01:37:28.848634,SUCCESS,,1,6,0,False
TXN002957,CUST0118,MERCHANT005,39637.46,CARD,2026-08-22 21:39:37.848634,SUCCESS,,1,19,1,False
TXN002958,CUST1716,MERCHANT004,46244.69,UPI,2026-08-19 07:54:19.848634,SUCCESS,,1,3,2,False
TXN002959,CUST1002,MERCHANT010,36690.26,NETBANKING,2026-08-18 15:30:06.848634,FAILED,Insufficient Funds,3,14,2,False
TXN002960,CUST1917,MERCHANT005,13334.72,WALLET,2026-08-22 21:37:54.848634,SUCCESS,,1,4,1,False
TXN002961,CUST0644,MERCHANT005,33151.11,CARD,2026-08-18 14:09:55.848634,SUCCESS,,1,8,0,False
TXN002962,CUST0159,MERCHANT010,19546.67,UPI,2026-08-19 05:10:23.848634,SUCCESS,,1,20,2,False
TXN002963,CUST1205,MERCHANT010,13966.5,WALLET,2026-08-21 07:52:56.848634,SUCCESS,,1,7,1,False
TXN002964,CUST0546,MERCHANT010,21808.79,NETBANKING,2026-08-20 00:27:30.848634,SUCCESS,,1,14,4,False
TXN002965,CUST0783,MERCHANT004,35711.39,CARD,2026-08-19 17:35:58.848634,SUCCESS,,1,15,4,False
TXN002966,CUST0224,MERCHANT005,44324.74,CARD,2026-08-20 08:28:38.848634,SUCCESS,,1,5,3,False
TXN002967,CUST1318,MERCHANT004,26433.91,WALLET,2026-08-19 08:57:30.848634,SUCCESS,,1,6,5,False
TXN002968,CUST1203,MERCHANT004,41300.16,NETBANKING,2026-08-18 10:56:58.848634,SUCCESS,,1,7,4,False
TXN002969,CUST0018,MERCHANT010,26289.92,UPI,2026-08-19 21:34:30.848634,SUCCESS,,1,10,2,False
TXN002970,CUST1663,MERCHANT001,48505.92,CARD,2026-08-22 15:22:54.848634,SUCCESS,,1,8,3,False
TXN002971,CUST1549,MERCHANT006,43399.59,CARD,2026-08-19 17:48:52.848634,SUCCESS,,1,1,1,False
TXN002972,CUST1523,MERCHANT008,25667.71,CARD,2026-08-21 13:48:19.848634,SUCCESS,,1,8,1,False
TXN002973,CUST0530,MERCHANT007,44500.96,UPI,2026-08-22 17:24:19.848634,SUCCESS,,1,12,0,False
TXN002974,CUST0751,MERCHANT002,31167.01,CARD,2026-08-19 01:07:04.848634,SUCCESS,,1,20,3,False
TXN002975,CUST0206,MERCHANT006,36820.09,UPI,2026-08-23 09:22:30.848634,FAILED,Insufficient Funds,1,14,2,True
TXN002976,CUST1730,MERCHANT009,45910.63,WALLET,2026-08-21 06:54:17.848634,SUCCESS,,1,2,5,False
TXN002977,CUST1835,MERCHANT005,1215.64,NETBANKING,2026-08-22 00:47:45.848634,SUCCESS,,1,19,4,False
TXN002978,CUST0118,MERCHANT007,10320.41,CARD,2026-08-22 08:02:10.848634,SUCCESS,,1,5,1,False
TXN002979,CUST0440,MERCHANT010,46618.22,NETBANKING,2026-08-20 13:48:00.848634,SUCCESS,,1,4,5,False
TXN002980,CUST1735,MERCHANT008,28941.79,WALLET,2026-08-18 11:09:21.848634,SUCCESS,,1,7,5,False
TXN002981,CUST0908,MERCHANT004,4767.02,NETBANKING,2026-08-20 13:32:52.848634,SUCCESS,,1,12,1,False
TXN002982,CUST0541,MERCHANT007,24371.66,CARD,2026-08-18 23:17:44.848634,SUCCESS,,1,13,4,False
TXN002983,CUST1948,MERCHANT001,8794.95,NETBANKING,2026-08-22 18:29:55.848634,SUCCESS,,1,4,5,False
TXN002984,CUST1032,MERCHANT005,21782.05,WALLET,2026-08-22 10:38:32.848634,SUCCESS,,1,6,5,False
TXN002985,CUST0012,MERCHANT001,47646.15,CARD,2026-08-24 13:13:50.848634,SUCCESS,,1,6,1,False
TXN002986,CUST0802,MERCHANT001,18129.24,UPI,2026-08-22 23:55:38.848634,SUCCESS,,1,3,5,False
TXN002987,CUST0753,MERCHANT002,22375.63,CARD,2026-08-24 12:38:13.848634,SUCCESS,,1,17,4,False
TXN002988,CUST0927,MERCHANT005,40038.94,UPI,2026-08-24 23:45:12.848634,SUCCESS,,1,16,0,False
TXN002989,CUST1588,MERCHANT008,10766.38,CARD,2026-08-21 17:10:29.848634,SUCCESS,,1,19,4,False
TXN002990,CUST0125,MERCHANT001,47654.92,CARD,2026-08-19 11:14:25.848634,SUCCESS,,1,16,2,False
TXN002991,CUST1500,MERCHANT008,45342.78,CARD,2026-08-25 00:02:12.848634,SUCCESS,,1,3,0,False
TXN002992,CUST1863,MERCHANT002,39472.35,WALLET,2026-08-19 08:42:25.848634,SUCCESS,,1,4,3,False
TXN002993,CUST0660,MERCHANT009,41585.65,WALLET,2026-08-18 03:01:27.848634,SUCCESS,,1,12,1,False
TXN002994,CUST0409,MERCHANT008,845.62,CARD,2026-08-18 22:57:10.848634,SUCCESS,,1,16,3,False
TXN002995,CUST0450,MERCHANT004,48470.83,NETBANKING,2026-08-21 01:55:33.848634,SUCCESS,,1,6,3,False
TXN002996,CUST1538,MERCHANT003,27502.71,UPI,2026-08-24 05:42:21.848634,SUCCESS,,1,19,3,False
TXN002997,CUST0037,MERCHANT009,6951.75,CARD,2026-08-22 22:50:47.848634,SUCCESS,,1,1,2,False
TXN002998,CUST0287,MERCHANT003,7891.49,WALLET,2026-08-24 23:34:09.848634,SUCCESS,,1,15,2,False
TXN002999,CUST0418,MERCHANT005,44614.43,UPI,2026-08-24 14:55:57.848634,SUCCESS,,1,6,0,False
TXN003000,CUST1734,MERCHANT010,45909.19,CARD,2026-08-23 10:42:50.848634,SUCCESS,,1,8,1,False
TXN003001,CUST1714,MERCHANT005,43999.62,WALLET,2026-08-19 03:02:31.848634,SUCCESS,,1,13,0,False
TXN003002,CUST1405,MERCHANT005,7046.36,UPI,2026-08-20 04:33:08.848634,SUCCESS,,1,12,2,False
TXN003003,CUST0948,MERCHANT001,49944.35,CARD,2026-08-20 09:01:34.848634,SUCCESS,,1,17,1,False
TXN003004,CUST0384,MERCHANT004,31448.53,WALLET,2026-08-20 08:34:29.848634,SUCCESS,,1,0,1,False
TXN003005,CUST1426,MERCHANT006,26642.9,NETBANKING,2026-08-20 21:43:28.848634,SUCCESS,,1,13,4,False
TXN003006,CUST1826,MERCHANT008,20251.09,WALLET,2026-08-23 18:00:27.848634,SUCCESS,,1,19,2,False
TXN003007,CUST0033,MERCHANT008,46577.28,UPI,2026-08-22 06:19:05.848634,SUCCESS,,1,18,5,False
TXN003008,CUST0170,MERCHANT005,31666.81,NETBANKING,2026-08-23 20:15:03.848634,SUCCESS,,1,2,5,False
TXN003009,CUST1964,MERCHANT010,30460.1,WALLET,2026-08-23 23:14:56.848634,SUCCESS,,1,4,4,False
TXN003010,CUST1642,MERCHANT009,42866.02,NETBANKING,2026-08-19 18:03:35.848634,SUCCESS,,1,5,4,False
TXN003011,CUST1792,MERCHANT005,26114.72,CARD,2026-08-21 15:10:17.848634,SUCCESS,,1,9,4,False
TXN003012,CUST0233,MERCHANT008,658.2,CARD,2026-08-21 00:18:21.848634,SUCCESS,,1,15,4,False
TXN003013,CUST0806,MERCHANT008,19295.25,WALLET,2026-08-23 15:03:08.848634,SUCCESS,,1,11,5,False
TXN003014,CUST1871,MERCHANT002,35510.6,NETBANKING,2026-08-25 00:11:04.848634,SUCCESS,,1,11,3,False
TXN003015,CUST1835,MERCHANT002,47839.05,UPI,2026-08-19 06:48:11.848634,SUCCESS,,1,15,2,False
TXN003016,CUST0471,MERCHANT006,30234.26,UPI,2026-08-24 06:05:10.848634,SUCCESS,,1,10,2,False
TXN003017,CUST1333,MERCHANT010,18706.77,WALLET,2026-08-19 19:43:51.848634,SUCCESS,,1,18,1,False
TXN003018,CUST1869,MERCHANT009,34551.41,CARD,2026-08-18 02:42:28.848634,SUCCESS,,1,2,3,False
TXN003019,CUST1266,MERCHANT003,367.56,NETBANKING,2026-08-24 05:14:21.848634,SUCCESS,,1,17,2,False
TXN003020,CUST1474,MERCHANT009,43703.28,WALLET,2026-08-24 22:21:50.848634,SUCCESS,,1,15,3,False
TXN003021,CUST1645,MERCHANT002,18376.82,WALLET,2026-08-19 01:43:47.848634,SUCCESS,,1,8,5,False
TXN003022,CUST1041,MERCHANT010,49147.7,UPI,2026-08-18 12:01:48.848634,SUCCESS,,1,12,5,False
TXN003023,CUST0838,MERCHANT008,47114.89,WALLET,2026-08-23 06:08:19.848634,SUCCESS,,1,3,4,False
TXN003024,CUST1439,MERCHANT002,9106.23,NETBANKING,2026-08-23 08:50:56.848634,SUCCESS,,1,13,4,False
TXN003025,CUST0137,MERCHANT007,29769.56,UPI,2026-08-23 20:16:25.848634,SUCCESS,,1,14,4,False
TXN003026,CUST0504,MERCHANT002,42766.29,NETBANKING,2026-08-18 06:00:29.848634,SUCCESS,,1,5,1,False
TXN003027,CUST1571,MERCHANT002,47421.86,NETBANKING,2026-08-23 12:06:18.848634,SUCCESS,,1,11,2,False
TXN003028,CUST0162,MERCHANT010,20539.05,UPI,2026-08-22 05:15:41.848634,SUCCESS,,1,9,2,False
TXN003029,CUST0182,MERCHANT002,41204.14,WALLET,2026-08-23 19:04:10.848634,SUCCESS,,1,20,1,False
TXN003030,CUST0604,MERCHANT002,14616.75,CARD,2026-08-21 12:35:39.848634,SUCCESS,,1,0,1,False
TXN003031,CUST0276,MERCHANT001,8372.56,NETBANKING,2026-08-19 14:08:41.848634,SUCCESS,,1,14,1,False
TXN003032,CUST1063,MERCHANT003,38192.54,CARD,2026-08-21 22:47:13.848634,SUCCESS,,1,15,1,False
TXN003033,CUST1088,MERCHANT002,15026.58,UPI,2026-08-20 04:46:50.848634,SUCCESS,,1,9,3,False
TXN003034,CUST1501,MERCHANT006,19898.31,NETBANKING,2026-08-19 03:51:06.848634,SUCCESS,,1,13,5,False
TXN003035,CUST1999,MERCHANT004,40452.21,CARD,2026-08-22 21:23:22.848634,SUCCESS,,1,2,5,False
TXN003036,CUST0365,MERCHANT009,9156.22,UPI,2026-08-21 10:25:45.848634,FAILED,Bank Declined,1,18,3,True
TXN003037,CUST1231,MERCHANT010,27684.57,WALLET,2026-08-20 04:21:02.848634,SUCCESS,,1,19,5,False
TXN003038,CUST0196,MERCHANT001,16511.52,NETBANKING,2026-08-22 06:57:23.848634,SUCCESS,,1,7,4,False
TXN003039,CUST0235,MERCHANT007,24014.42,CARD,2026-08-23 06:45:35.848634,SUCCESS,,1,0,0,False
TXN003040,CUST1706,MERCHANT004,5204.42,UPI,2026-08-23 05:42:32.848634,SUCCESS,,1,20,4,False
TXN003041,CUST0536,MERCHANT009,37100.9,CARD,2026-08-24 20:22:23.848634,SUCCESS,,1,1,4,False
TXN003042,CUST0728,MERCHANT001,30114.79,NETBANKING,2026-08-18 23:32:48.848634,SUCCESS,,1,10,0,False
TXN003043,CUST0652,MERCHANT010,20109.55,WALLET,2026-08-23 23:15:11.848634,SUCCESS,,1,5,0,False
TXN003044,CUST0216,MERCHANT001,651.14,NETBANKING,2026-08-24 23:47:08.848634,SUCCESS,,1,5,2,False
TXN003045,CUST1765,MERCHANT006,36601.68,WALLET,2026-08-21 03:51:29.848634,SUCCESS,,1,18,0,False
TXN003046,CUST0363,MERCHANT002,19577.07,NETBANKING,2026-08-23 22:41:48.848634,SUCCESS,,1,5,0,False
TXN003047,CUST0011,MERCHANT005,22813.49,NETBANKING,2026-08-19 00:21:44.848634,SUCCESS,,1,7,0,False
TXN003048,CUST0075,MERCHANT001,35066.06,UPI,2026-08-24 16:15:52.848634,SUCCESS,,1,15,3,False
TXN003049,CUST0949,MERCHANT009,7618.75,CARD,2026-08-24 02:40:02.848634,SUCCESS,,1,20,5,False
TXN003050,CUST1726,MERCHANT003,24354.7,CARD,2026-08-18 19:33:47.848634,SUCCESS,,1,7,1,False
TXN003051,CUST1817,MERCHANT007,10654.26,UPI,2026-08-19 11:05:19.848634,SUCCESS,,1,4,5,False
TXN003052,CUST0368,MERCHANT005,45449.36,CARD,2026-08-22 16:54:11.848634,SUCCESS,,1,0,2,False
TXN003053,CUST1284,MERCHANT008,45953.57,NETBANKING,2026-08-20 01:11:37.848634,SUCCESS,,1,0,0,False
TXN003054,CUST1440,MERCHANT007,30505.8,CARD,2026-08-21 12:58:30.848634,SUCCESS,,1,2,2,False
TXN003055,CUST1172,MERCHANT003,46762.77,WALLET,2026-08-21 15:16:32.848634,SUCCESS,,1,1,3,False
TXN003056,CUST1704,MERCHANT003,37434.73,CARD,2026-08-20 08:26:53.848634,SUCCESS,,1,17,5,False
TXN003057,CUST0801,MERCHANT001,34806.56,WALLET,2026-08-18 12:56:46.848634,SUCCESS,,1,13,4,False
TXN003058,CUST1629,MERCHANT006,15371.39,WALLET,2026-08-23 02:35:56.848634,SUCCESS,,1,1,1,False
TXN003059,CUST1937,MERCHANT002,49392.71,NETBANKING,2026-08-23 00:19:40.848634,SUCCESS,,1,4,0,False
TXN003060,CUST0964,MERCHANT008,24521.55,CARD,2026-08-19 06:42:54.848634,SUCCESS,,1,0,0,False
TXN003061,CUST1295,MERCHANT002,109.85,UPI,2026-08-21 12:50:54.848634,SUCCESS,,1,5,2,False
TXN003062,CUST0187,MERCHANT005,1583.36,WALLET,2026-08-23 14:46:29.848634,SUCCESS,,1,2,5,False
TXN003063,CUST0971,MERCHANT002,44808.32,WALLET,2026-08-18 20:46:31.848634,SUCCESS,,1,6,1,False
TXN003064,CUST1107,MERCHANT007,27302.4,UPI,2026-08-24 20:59:35.848634,SUCCESS,,1,6,4,False
TXN003065,CUST0901,MERCHANT002,19093.19,CARD,2026-08-18 16:12:06.848634,SUCCESS,,1,1,3,False
TXN003066,CUST1725,MERCHANT002,48741.78,WALLET,2026-08-23 16:25:20.848634,SUCCESS,,1,15,3,False
TXN003067,CUST1033,MERCHANT006,18663.14,UPI,2026-08-19 09:47:12.848634,SUCCESS,,1,1,2,False
TXN003068,CUST1415,MERCHANT003,34576.9,UPI,2026-08-22 02:51:45.848634,SUCCESS,,1,10,3,False
TXN003069,CUST0660,MERCHANT003,28082.94,NETBANKING,2026-08-22 14:51:16.848634,SUCCESS,,1,8,0,False
TXN003070,CUST1964,MERCHANT009,40506.04,CARD,2026-08-20 09:22:15.848634,SUCCESS,,1,4,3,False
TXN003071,CUST0325,MERCHANT002,23935.99,UPI,2026-08-24 17:03:54.848634,SUCCESS,,1,6,0,False
TXN003072,CUST1062,MERCHANT007,40109.66,CARD,2026-08-25 02:33:22.848634,SUCCESS,,1,14,0,False
TXN003073,CUST1783,MERCHANT007,22184.04,NETBANKING,2026-08-24 15:56:55.848634,SUCCESS,,1,5,3,False
TXN003074,CUST0832,MERCHANT001,15758.93,UPI,2026-08-18 13:50:42.848634,SUCCESS,,1,17,4,False
TXN003075,CUST0539,MERCHANT006,44732.02,NETBANKING,2026-08-24 17:44:26.848634,SUCCESS,,1,11,1,False
TXN003076,CUST0677,MERCHANT008,49758.56,NETBANKING,2026-08-24 23:03:26.848634,SUCCESS,,1,5,2,False
TXN003077,CUST1998,MERCHANT010,31365.05,CARD,2026-08-18 05:08:41.848634,SUCCESS,,1,18,2,False
TXN003078,CUST1867,MERCHANT009,38876.09,CARD,2026-08-21 17:47:40.848634,SUCCESS,,1,14,1,False
TXN003079,CUST0814,MERCHANT009,19080.56,WALLET,2026-08-23 04:35:04.848634,SUCCESS,,1,6,4,False
TXN003080,CUST0366,MERCHANT002,34575.66,NETBANKING,2026-08-21 19:22:45.848634,SUCCESS,,1,2,1,False
TXN003081,CUST0310,MERCHANT007,38835.72,CARD,2026-08-22 13:07:41.848634,SUCCESS,,1,6,1,False
TXN003082,CUST1690,MERCHANT007,30712.64,UPI,2026-08-20 19:35:23.848634,SUCCESS,,1,5,3,False
TXN003083,CUST1972,MERCHANT010,4033.77,WALLET,2026-08-21 23:57:34.848634,SUCCESS,,1,3,0,False
TXN003084,CUST1732,MERCHANT007,15475.01,NETBANKING,2026-08-23 21:07:39.848634,SUCCESS,,1,20,2,False
TXN003085,CUST1996,MERCHANT009,23761.97,CARD,2026-08-24 15:21:53.848634,SUCCESS,,1,14,5,False
TXN003086,CUST1013,MERCHANT003,26187.3,UPI,2026-08-18 04:34:54.848634,SUCCESS,,1,14,2,False
TXN003087,CUST0218,MERCHANT001,45481.88,WALLET,2026-08-24 00:14:33.848634,SUCCESS,,1,16,2,False
TXN003088,CUST1076,MERCHANT002,20287.24,CARD,2026-08-20 05:41:07.848634,SUCCESS,,1,13,3,False
TXN003089,CUST1345,MERCHANT003,18358.45,WALLET,2026-08-21 13:58:59.848634,SUCCESS,,1,11,1,False
TXN003090,CUST0895,MERCHANT010,49477.37,WALLET,2026-08-18 09:12:05.848634,SUCCESS,,1,15,0,False
TXN003091,CUST0406,MERCHANT004,30028.43,WALLET,2026-08-19 19:44:37.848634,SUCCESS,,1,20,0,False
TXN003092,CUST1256,MERCHANT009,43738.98,CARD,2026-08-19 20:18:39.848634,SUCCESS,,1,7,0,False
TXN003093,CUST0452,MERCHANT005,8337.64,CARD,2026-08-20 19:13:01.848634,SUCCESS,,1,19,3,False
TXN003094,CUST0493,MERCHANT001,10650.16,NETBANKING,2026-08-20 21:57:55.848634,SUCCESS,,1,18,1,False
TXN003095,CUST0441,MERCHANT001,25485.84,NETBANKING,2026-08-24 03:00:03.848634,SUCCESS,,1,16,0,False
TXN003096,CUST1670,MERCHANT010,1350.93,NETBANKING,2026-08-22 11:59:20.848634,SUCCESS,,1,12,4,False
TXN003097,CUST0035,MERCHANT005,16375.55,WALLET,2026-08-23 00:33:50.848634,SUCCESS,,1,2,1,False
TXN003098,CUST0561,MERCHANT007,10658.78,WALLET,2026-08-22 01:34:58.848634,SUCCESS,,1,8,4,False
TXN003099,CUST1362,MERCHANT008,9322.67,WALLET,2026-08-18 14:36:02.848634,SUCCESS,,1,13,5,False
TXN003100,CUST0852,MERCHANT008,34996.81,CARD,2026-08-25 01:40:07.848634,SUCCESS,,1,9,3,False
TXN003101,CUST1954,MERCHANT007,13026.94,WALLET,2026-08-21 00:06:53.848634,SUCCESS,,1,20,4,False
TXN003102,CUST1205,MERCHANT003,7208.34,NETBANKING,2026-08-24 11:17:32.848634,SUCCESS,,1,3,0,False
TXN003103,CUST1534,MERCHANT002,24951.88,CARD,2026-08-22 19:27:46.848634,SUCCESS,,1,20,1,False
TXN003104,CUST0017,MERCHANT005,5132.06,NETBANKING,2026-08-21 03:51:06.848634,SUCCESS,,1,2,1,False
TXN003105,CUST0989,MERCHANT008,4491.32,UPI,2026-08-20 15:11:09.848634,SUCCESS,,1,5,1,False
TXN003106,CUST1541,MERCHANT009,19682.41,WALLET,2026-08-21 17:49:44.848634,SUCCESS,,1,6,0,False
TXN003107,CUST0878,MERCHANT005,35683.94,UPI,2026-08-21 00:11:14.848634,SUCCESS,,1,16,1,False
TXN003108,CUST1530,MERCHANT005,11991.14,UPI,2026-08-23 04:57:30.848634,SUCCESS,,1,9,0,False
TXN003109,CUST1383,MERCHANT006,39128.04,CARD,2026-08-19 09:12:14.848634,SUCCESS,,1,20,5,False
TXN003110,CUST1845,MERCHANT001,41594.49,UPI,2026-08-24 13:05:57.848634,SUCCESS,,1,0,1,False
TXN003111,CUST1891,MERCHANT002,9945.08,UPI,2026-08-20 13:24:21.848634,SUCCESS,,1,7,1,False
TXN003112,CUST0484,MERCHANT008,10341.76,NETBANKING,2026-08-21 17:22:15.848634,SUCCESS,,1,19,4,False
TXN003113,CUST0623,MERCHANT007,27721.43,NETBANKING,2026-08-18 04:16:27.848634,SUCCESS,,1,18,2,False
TXN003114,CUST0860,MERCHANT001,2501.93,UPI,2026-08-22 06:54:31.848634,SUCCESS,,1,13,4,False
TXN003115,CUST0014,MERCHANT007,12743.42,NETBANKING,2026-08-18 09:28:36.848634,SUCCESS,,1,8,3,False
TXN003116,CUST1536,MERCHANT002,15697.4,WALLET,2026-08-22 10:21:48.848634,SUCCESS,,1,3,0,False
TXN003117,CUST1257,MERCHANT006,43169.04,UPI,2026-08-23 07:55:39.848634,SUCCESS,,1,4,3,False
TXN003118,CUST0488,MERCHANT004,15133.65,NETBANKING,2026-08-24 13:35:40.848634,SUCCESS,,1,10,1,False
TXN003119,CUST1835,MERCHANT007,33499.11,NETBANKING,2026-08-24 03:33:55.848634,SUCCESS,,1,13,3,False
TXN003120,CUST1698,MERCHANT003,4474.27,WALLET,2026-08-20 03:36:10.848634,SUCCESS,,1,20,1,False
TXN003121,CUST1966,MERCHANT001,11639.49,NETBANKING,2026-08-18 11:20:24.848634,SUCCESS,,1,2,3,False
TXN003122,CUST0388,MERCHANT006,1714.67,CARD,2026-08-20 05:18:55.848634,SUCCESS,,1,12,4,False
TXN003123,CUST1591,MERCHANT010,45821.91,UPI,2026-08-22 01:18:22.848634,SUCCESS,,1,9,0,False
TXN003124,CUST1902,MERCHANT002,47041.55,UPI,2026-08-20 22:21:54.848634,SUCCESS,,1,4,5,False
TXN003125,CUST0086,MERCHANT006,15540.02,NETBANKING,2026-08-21 15:15:03.848634,SUCCESS,,1,16,4,False
TXN003126,CUST0019,MERCHANT001,13414.76,CARD,2026-08-20 10:32:50.848634,SUCCESS,,1,8,4,False
TXN003127,CUST0877,MERCHANT006,12012.2,CARD,2026-08-19 12:41:16.848634,SUCCESS,,1,11,0,False
TXN003128,CUST1571,MERCHANT003,27194.13,NETBANKING,2026-08-22 02:50:17.848634,SUCCESS,,1,16,4,False
TXN003129,CUST1051,MERCHANT001,41354.52,CARD,2026-08-22 01:40:38.848634,FAILED,Bank Declined,2,4,0,True
TXN003130,CUST1984,MERCHANT002,44890.58,UPI,2026-08-19 16:20:35.848634,SUCCESS,,1,19,0,False
TXN003131,CUST0461,MERCHANT008,24691.65,UPI,2026-08-20 06:43:08.848634,SUCCESS,,1,1,5,False
TXN003132,CUST1366,MERCHANT002,10130.47,UPI,2026-08-18 19:32:34.848634,SUCCESS,,1,11,3,False
TXN003133,CUST1350,MERCHANT005,3173.53,CARD,2026-08-18 13:20:23.848634,SUCCESS,,1,18,4,False
TXN003134,CUST0688,MERCHANT004,8008.16,WALLET,2026-08-23 03:02:41.848634,SUCCESS,,1,0,4,False
TXN003135,CUST1213,MERCHANT001,13829.97,NETBANKING,2026-08-24 04:17:43.848634,SUCCESS,,1,1,2,False
TXN003136,CUST1306,MERCHANT001,9707.28,UPI,2026-08-22 23:17:06.848634,SUCCESS,,1,4,1,False
TXN003137,CUST1396,MERCHANT009,27914.77,UPI,2026-08-19 02:50:22.848634,SUCCESS,,1,5,4,False
TXN003138,CUST1172,MERCHANT001,41634.72,WALLET,2026-08-23 22:48:17.848634,SUCCESS,,1,5,5,False
TXN003139,CUST0110,MERCHANT002,5947.01,WALLET,2026-08-23 04:39:06.848634,SUCCESS,,1,0,0,False
TXN003140,CUST0373,MERCHANT004,28747.53,CARD,2026-08-18 04:42:47.848634,SUCCESS,,1,1,2,False
TXN003141,CUST1887,MERCHANT008,32452.99,WALLET,2026-08-24 10:30:29.848634,SUCCESS,,1,2,2,False
TXN003142,CUST0820,MERCHANT003,6833.21,CARD,2026-08-22 03:57:35.848634,SUCCESS,,1,16,4,False
TXN003143,CUST1143,MERCHANT002,3327.41,UPI,2026-08-24 23:28:08.848634,SUCCESS,,1,16,4,False
TXN003144,CUST1730,MERCHANT007,8548.81,CARD,2026-08-23 03:54:48.848634,SUCCESS,,1,4,3,False
TXN003145,CUST1155,MERCHANT004,24830.55,WALLET,2026-08-23 18:51:44.848634,FAILED,Bank Declined,3,7,5,False
TXN003146,CUST0663,MERCHANT008,49344.61,WALLET,2026-08-19 20:27:52.848634,SUCCESS,,1,17,1,False
TXN003147,CUST0370,MERCHANT004,18057.11,UPI,2026-08-21 19:19:41.848634,SUCCESS,,1,13,4,False
TXN003148,CUST1161,MERCHANT009,29907.06,NETBANKING,2026-08-24 17:43:25.848634,SUCCESS,,1,9,3,False
TXN003149,CUST1326,MERCHANT003,18264.59,NETBANKING,2026-08-21 15:23:35.848634,SUCCESS,,1,3,4,False
TXN003150,CUST0066,MERCHANT003,17664.1,WALLET,2026-08-24 00:07:18.848634,SUCCESS,,1,5,5,False
TXN003151,CUST1094,MERCHANT005,42761.72,UPI,2026-08-20 07:59:46.848634,SUCCESS,,1,9,4,False
TXN003152,CUST0577,MERCHANT007,31141.07,UPI,2026-08-20 14:13:09.848634,SUCCESS,,1,8,4,False
TXN003153,CUST1937,MERCHANT004,11983.13,WALLET,2026-08-22 12:00:40.848634,SUCCESS,,1,11,4,False
TXN003154,CUST1946,MERCHANT001,22198.37,UPI,2026-08-24 14:16:46.848634,SUCCESS,,1,0,2,False
TXN003155,CUST1586,MERCHANT009,1253.15,CARD,2026-08-21 05:26:47.848634,SUCCESS,,1,6,3,False
TXN003156,CUST1603,MERCHANT001,459.01,CARD,2026-08-20 07:39:41.848634,SUCCESS,,1,16,3,False
TXN003157,CUST0671,MERCHANT006,4929.82,UPI,2026-08-19 17:03:27.848634,SUCCESS,,1,17,5,False
TXN003158,CUST1939,MERCHANT002,45170.98,NETBANKING,2026-08-21 01:52:34.848634,SUCCESS,,1,16,5,False
TXN003159,CUST0043,MERCHANT006,49125.79,NETBANKING,2026-08-19 05:42:01.848634,SUCCESS,,1,20,4,False
TXN003160,CUST0668,MERCHANT009,13956.93,CARD,2026-08-21 16:16:13.848634,SUCCESS,,1,13,4,False
TXN003161,CUST1682,MERCHANT005,10309.19,NETBANKING,2026-08-23 21:32:38.848634,SUCCESS,,1,12,1,False
TXN003162,CUST1143,MERCHANT006,47283.04,CARD,2026-08-24 17:12:20.848634,SUCCESS,,1,13,3,False
TXN003163,CUST0039,MERCHANT002,44965.07,UPI,2026-08-24 01:54:21.848634,SUCCESS,,1,20,5,False
TXN003164,CUST1144,MERCHANT006,34456.31,NETBANKING,2026-08-22 07:02:41.848634,SUCCESS,,1,5,1,False
TXN003165,CUST1390,MERCHANT005,8744.81,UPI,2026-08-19 10:01:25.848634,SUCCESS,,1,11,1,False
TXN003166,CUST1832,MERCHANT002,29281.02,CARD,2026-08-23 21:04:48.848634,SUCCESS,,1,11,1,False
TXN003167,CUST1031,MERCHANT005,13223.12,UPI,2026-08-21 06:28:21.848634,SUCCESS,,1,14,4,False
TXN003168,CUST0302,MERCHANT001,16211.65,CARD,2026-08-21 17:21:14.848634,FAILED,Timeout,2,7,3,True
TXN003169,CUST1880,MERCHANT004,41445.11,CARD,2026-08-20 00:25:33.848634,SUCCESS,,1,3,1,False
TXN003170,CUST0970,MERCHANT002,20963.58,CARD,2026-08-22 00:43:20.848634,SUCCESS,,1,15,2,False
TXN003171,CUST0097,MERCHANT006,31968.77,CARD,2026-08-23 19:30:29.848634,SUCCESS,,1,19,2,False
TXN003172,CUST0934,MERCHANT010,9202.34,UPI,2026-08-19 14:21:29.848634,SUCCESS,,1,9,1,False
TXN003173,CUST1688,MERCHANT001,45358.69,NETBANKING,2026-08-18 12:16:20.848634,SUCCESS,,1,2,5,False
TXN003174,CUST0895,MERCHANT004,5763.23,UPI,2026-08-24 01:47:51.848634,SUCCESS,,1,10,2,False
TXN003175,CUST1348,MERCHANT004,9616.8,UPI,2026-08-19 02:20:00.848634,SUCCESS,,1,4,0,False
TXN003176,CUST0773,MERCHANT009,9618.15,CARD,2026-08-23 21:03:19.848634,SUCCESS,,1,6,1,False
TXN003177,CUST0548,MERCHANT010,49869.48,WALLET,2026-08-23 16:44:55.848634,SUCCESS,,1,17,3,False
TXN003178,CUST1470,MERCHANT007,25388.83,UPI,2026-08-23 00:26:51.848634,SUCCESS,,1,14,1,False
TXN003179,CUST0609,MERCHANT003,42100.36,CARD,2026-08-20 11:43:18.848634,SUCCESS,,1,19,1,False
TXN003180,CUST1117,MERCHANT007,4123.53,NETBANKING,2026-08-20 04:08:58.848634,SUCCESS,,1,6,1,False
TXN003181,CUST1248,MERCHANT005,37827.32,UPI,2026-08-19 02:39:09.848634,SUCCESS,,1,4,5,False
TXN003182,CUST1525,MERCHANT002,34959.85,WALLET,2026-08-24 12:10:52.848634,SUCCESS,,1,20,3,False
TXN003183,CUST0143,MERCHANT010,34180.78,CARD,2026-08-21 17:00:04.848634,SUCCESS,,1,3,5,False
TXN003184,CUST0023,MERCHANT008,16437.92,CARD,2026-08-24 21:15:14.848634,SUCCESS,,1,14,5,False
TXN003185,CUST0565,MERCHANT004,38762.55,CARD,2026-08-24 20:34:33.848634,SUCCESS,,1,7,3,False
TXN003186,CUST1389,MERCHANT005,20192.0,UPI,2026-08-19 22:13:32.848634,SUCCESS,,1,6,0,False
TXN003187,CUST1258,MERCHANT010,26947.51,CARD,2026-08-20 04:29:39.848634,SUCCESS,,1,14,3,False
TXN003188,CUST1187,MERCHANT007,11278.26,UPI,2026-08-22 15:25:28.848634,SUCCESS,,1,11,2,False
TXN003189,CUST1604,MERCHANT006,37026.72,NETBANKING,2026-08-23 01:42:36.848634,SUCCESS,,1,4,0,False
TXN003190,CUST1048,MERCHANT004,37244.33,UPI,2026-08-22 23:09:23.848634,SUCCESS,,1,5,0,False
TXN003191,CUST0505,MERCHANT004,47640.29,NETBANKING,2026-08-23 09:32:34.848634,SUCCESS,,1,9,1,False
TXN003192,CUST1189,MERCHANT006,43394.75,CARD,2026-08-21 04:38:50.848634,SUCCESS,,1,15,2,False
TXN003193,CUST0518,MERCHANT008,4895.55,WALLET,2026-08-20 06:06:40.848634,SUCCESS,,1,9,2,False
TXN003194,CUST0829,MERCHANT005,19474.85,NETBANKING,2026-08-22 05:30:42.848634,SUCCESS,,1,15,1,False
TXN003195,CUST0003,MERCHANT010,28674.37,UPI,2026-08-19 13:40:19.848634,SUCCESS,,1,20,1,False
TXN003196,CUST0948,MERCHANT002,27385.2,WALLET,2026-08-18 03:57:05.848634,SUCCESS,,1,13,0,False
TXN003197,CUST1968,MERCHANT006,37119.28,NETBANKING,2026-08-22 21:22:06.848634,SUCCESS,,1,7,2,False
TXN003198,CUST1613,MERCHANT003,2614.76,UPI,2026-08-23 15:45:25.848634,SUCCESS,,1,10,5,False
TXN003199,CUST0392,MERCHANT001,15933.15,WALLET,2026-08-21 07:30:28.848634,SUCCESS,,1,13,1,False
TXN003200,CUST1414,MERCHANT008,46305.01,NETBANKING,2026-08-20 15:19:56.848634,SUCCESS,,1,6,2,False
TXN003201,CUST1988,MERCHANT010,35816.93,NETBANKING,2026-08-19 04:05:33.848634,SUCCESS,,1,15,1,False
TXN003202,CUST1473,MERCHANT003,48089.42,WALLET,2026-08-18 13:45:20.848634,SUCCESS,,1,8,3,False
TXN003203,CUST0685,MERCHANT010,44906.31,CARD,2026-08-20 11:43:40.848634,FAILED,Insufficient Funds,1,2,1,True
TXN003204,CUST0434,MERCHANT003,41457.94,NETBANKING,2026-08-19 22:07:40.848634,SUCCESS,,1,0,1,False
TXN003205,CUST0396,MERCHANT003,15120.16,UPI,2026-08-22 13:12:45.848634,SUCCESS,,1,7,2,False
TXN003206,CUST0722,MERCHANT003,5742.97,UPI,2026-08-18 16:15:42.848634,SUCCESS,,1,13,4,False
TXN003207,CUST1242,MERCHANT001,46473.58,CARD,2026-08-21 14:28:46.848634,SUCCESS,,1,15,0,False
TXN003208,CUST1682,MERCHANT004,38210.76,UPI,2026-08-20 11:55:09.848634,SUCCESS,,1,15,3,False
TXN003209,CUST1604,MERCHANT001,2393.49,CARD,2026-08-24 01:41:17.848634,SUCCESS,,1,20,2,False
TXN003210,CUST1529,MERCHANT010,31738.95,WALLET,2026-08-22 08:06:47.848634,SUCCESS,,1,9,4,False
TXN003211,CUST0156,MERCHANT004,16109.63,CARD,2026-08-20 02:03:23.848634,SUCCESS,,1,19,3,False
TXN003212,CUST1533,MERCHANT008,39043.63,NETBANKING,2026-08-21 06:21:48.848634,SUCCESS,,1,17,2,False
TXN003213,CUST1788,MERCHANT004,43776.14,WALLET,2026-08-20 19:40:25.848634,SUCCESS,,1,3,0,False
TXN003214,CUST0363,MERCHANT007,49272.64,NETBANKING,2026-08-19 18:47:09.848634,SUCCESS,,1,13,4,False
TXN003215,CUST0531,MERCHANT002,47599.79,UPI,2026-08-24 22:18:43.848634,SUCCESS,,1,17,4,False
TXN003216,CUST0281,MERCHANT004,15055.23,NETBANKING,2026-08-18 03:17:30.848634,SUCCESS,,1,9,4,False
TXN003217,CUST1177,MERCHANT001,8946.19,CARD,2026-08-24 01:24:35.848634,SUCCESS,,1,13,2,False
TXN003218,CUST0179,MERCHANT008,2540.12,WALLET,2026-08-22 04:12:02.848634,SUCCESS,,1,14,1,False
TXN003219,CUST1820,MERCHANT002,29902.48,CARD,2026-08-22 06:21:43.848634,SUCCESS,,1,12,3,False
TXN003220,CUST0974,MERCHANT009,9236.89,CARD,2026-08-22 01:41:16.848634,SUCCESS,,1,12,5,False
TXN003221,CUST0232,MERCHANT002,45456.42,CARD,2026-08-23 07:35:22.848634,SUCCESS,,1,12,0,False
TXN003222,CUST0623,MERCHANT009,23308.97,CARD,2026-08-20 14:14:22.848634,SUCCESS,,1,17,0,False
TXN003223,CUST0824,MERCHANT005,43253.62,NETBANKING,2026-08-23 09:55:43.848634,SUCCESS,,1,2,5,False
TXN003224,CUST1803,MERCHANT006,26443.77,UPI,2026-08-20 17:34:33.848634,SUCCESS,,1,11,5,False
TXN003225,CUST1069,MERCHANT004,20995.43,WALLET,2026-08-20 11:51:11.848634,SUCCESS,,1,8,4,False
TXN003226,CUST1694,MERCHANT005,29189.26,UPI,2026-08-18 18:39:33.848634,SUCCESS,,1,5,3,False
TXN003227,CUST1893,MERCHANT006,15474.35,WALLET,2026-08-18 03:15:56.848634,FAILED,Network Error,2,14,3,True
TXN003228,CUST1237,MERCHANT005,4468.44,CARD,2026-08-20 08:47:26.848634,SUCCESS,,1,8,0,False
TXN003229,CUST0999,MERCHANT004,14308.94,CARD,2026-08-24 07:16:03.848634,SUCCESS,,1,1,2,False
TXN003230,CUST0038,MERCHANT003,49102.32,NETBANKING,2026-08-21 03:55:22.848634,FAILED,Timeout,3,4,4,False
TXN003231,CUST0544,MERCHANT003,16868.04,NETBANKING,2026-08-18 09:34:22.848634,SUCCESS,,1,11,2,False
TXN003232,CUST0605,MERCHANT002,18210.32,UPI,2026-08-18 17:27:26.848634,SUCCESS,,1,16,0,False
TXN003233,CUST0657,MERCHANT005,44529.07,UPI,2026-08-18 09:07:14.848634,SUCCESS,,1,0,1,False
TXN003234,CUST1267,MERCHANT008,2078.52,WALLET,2026-08-24 09:59:53.848634,SUCCESS,,1,1,5,False
TXN003235,CUST1942,MERCHANT010,20399.54,WALLET,2026-08-22 17:48:18.848634,SUCCESS,,1,11,0,False
TXN003236,CUST1670,MERCHANT007,6146.65,NETBANKING,2026-08-24 19:20:29.848634,SUCCESS,,1,12,3,False
TXN003237,CUST1400,MERCHANT004,49221.33,CARD,2026-08-18 10:11:45.848634,SUCCESS,,1,1,3,False
TXN003238,CUST0811,MERCHANT010,39918.36,UPI,2026-08-24 12:45:14.848634,SUCCESS,,1,18,5,False
TXN003239,CUST1085,MERCHANT007,45029.29,WALLET,2026-08-20 08:56:02.848634,SUCCESS,,1,3,4,False
TXN003240,CUST1980,MERCHANT002,48147.08,WALLET,2026-08-19 17:07:58.848634,SUCCESS,,1,8,0,False
TXN003241,CUST1278,MERCHANT004,47216.69,CARD,2026-08-22 21:46:52.848634,SUCCESS,,1,19,5,False
TXN003242,CUST1948,MERCHANT009,19053.15,WALLET,2026-08-19 15:15:04.848634,SUCCESS,,1,5,2,False
TXN003243,CUST0612,MERCHANT007,4958.45,NETBANKING,2026-08-20 12:01:00.848634,SUCCESS,,1,15,5,False
TXN003244,CUST1025,MERCHANT008,14424.94,CARD,2026-08-18 11:53:25.848634,SUCCESS,,1,1,5,False
TXN003245,CUST0391,MERCHANT009,17081.55,CARD,2026-08-21 22:33:09.848634,SUCCESS,,1,9,4,False
TXN003246,CUST1991,MERCHANT005,1769.87,WALLET,2026-08-22 14:49:17.848634,SUCCESS,,1,1,2,False
TXN003247,CUST1563,MERCHANT007,29278.99,NETBANKING,2026-08-19 03:45:54.848634,SUCCESS,,1,13,0,False
TXN003248,CUST1642,MERCHANT009,23355.42,NETBANKING,2026-08-19 19:26:54.848634,SUCCESS,,1,8,3,False
TXN003249,CUST0797,MERCHANT009,8299.83,UPI,2026-08-20 17:27:18.848634,SUCCESS,,1,2,1,False
TXN003250,CUST0984,MERCHANT002,42853.31,NETBANKING,2026-08-20 11:13:01.848634,SUCCESS,,1,8,1,False
TXN003251,CUST1877,MERCHANT008,42855.97,UPI,2026-08-23 05:33:29.848634,FAILED,Technical Error,3,7,2,False
TXN003252,CUST0540,MERCHANT008,49817.47,UPI,2026-08-21 13:01:12.848634,SUCCESS,,1,6,1,False
TXN003253,CUST0863,MERCHANT008,10827.71,CARD,2026-08-25 00:19:17.848634,SUCCESS,,1,2,0,False
TXN003254,CUST0291,MERCHANT006,30402.7,WALLET,2026-08-19 01:53:28.848634,SUCCESS,,1,19,1,False
TXN003255,CUST1526,MERCHANT002,32790.04,NETBANKING,2026-08-24 18:47:38.848634,SUCCESS,,1,16,5,False
TXN003256,CUST1114,MERCHANT004,37495.7,CARD,2026-08-20 12:34:38.848634,SUCCESS,,1,15,5,False
TXN003257,CUST0602,MERCHANT010,28603.09,CARD,2026-08-18 05:15:48.848634,SUCCESS,,1,14,4,False
TXN003258,CUST1305,MERCHANT009,33624.49,CARD,2026-08-23 06:09:21.848634,SUCCESS,,1,11,5,False
TXN003259,CUST0252,MERCHANT009,30811.41,CARD,2026-08-18 07:39:33.848634,SUCCESS,,1,15,4,False
TXN003260,CUST0281,MERCHANT005,14117.02,UPI,2026-08-21 16:02:01.848634,SUCCESS,,1,4,2,False
TXN003261,CUST0759,MERCHANT005,21798.61,UPI,2026-08-21 16:53:32.848634,SUCCESS,,1,2,2,False
TXN003262,CUST1249,MERCHANT010,25419.38,NETBANKING,2026-08-20 21:13:39.848634,SUCCESS,,1,13,4,False
TXN003263,CUST0227,MERCHANT003,31705.01,NETBANKING,2026-08-18 18:18:44.848634,SUCCESS,,1,10,0,False
TXN003264,CUST1091,MERCHANT007,49406.4,CARD,2026-08-24 14:33:41.848634,SUCCESS,,1,20,4,False
TXN003265,CUST1542,MERCHANT007,33426.68,WALLET,2026-08-22 12:13:43.848634,SUCCESS,,1,20,4,False
TXN003266,CUST1007,MERCHANT003,15461.3,CARD,2026-08-24 21:13:32.848634,SUCCESS,,1,0,1,False
TXN003267,CUST1877,MERCHANT005,37986.0,CARD,2026-08-23 01:16:30.848634,SUCCESS,,1,9,2,False
TXN003268,CUST0096,MERCHANT002,35866.16,UPI,2026-08-22 23:09:24.848634,SUCCESS,,1,2,2,False
TXN003269,CUST1609,MERCHANT008,16192.28,UPI,2026-08-21 10:29:51.848634,SUCCESS,,1,2,2,False
TXN003270,CUST0674,MERCHANT006,22483.49,CARD,2026-08-18 23:03:19.848634,SUCCESS,,1,3,3,False
TXN003271,CUST0680,MERCHANT009,40322.45,UPI,2026-08-22 03:21:03.848634,SUCCESS,,1,9,0,False
TXN003272,CUST0202,MERCHANT007,19881.06,CARD,2026-08-24 12:58:07.848634,SUCCESS,,1,3,1,False
TXN003273,CUST0086,MERCHANT008,15878.75,NETBANKING,2026-08-18 19:05:22.848634,SUCCESS,,1,0,1,False
TXN003274,CUST0690,MERCHANT003,12383.27,UPI,2026-08-19 15:38:04.848634,SUCCESS,,1,6,4,False
TXN003275,CUST1079,MERCHANT010,25208.02,NETBANKING,2026-08-24 14:37:34.848634,SUCCESS,,1,18,0,False
TXN003276,CUST1389,MERCHANT009,25291.64,WALLET,2026-08-23 09:55:46.848634,SUCCESS,,1,1,4,False
TXN003277,CUST0003,MERCHANT010,37949.21,CARD,2026-08-18 22:09:30.848634,SUCCESS,,1,3,2,False
TXN003278,CUST0666,MERCHANT005,10763.92,WALLET,2026-08-18 03:34:28.848634,SUCCESS,,1,0,4,False
TXN003279,CUST1502,MERCHANT008,6073.32,WALLET,2026-08-21 23:35:52.848634,SUCCESS,,1,17,4,False
TXN003280,CUST0718,MERCHANT004,21207.1,NETBANKING,2026-08-21 10:08:37.848634,SUCCESS,,1,16,4,False
TXN003281,CUST0300,MERCHANT003,13246.85,NETBANKING,2026-08-18 02:35:41.848634,SUCCESS,,1,10,2,False
TXN003282,CUST1411,MERCHANT006,37959.0,CARD,2026-08-22 11:48:49.848634,SUCCESS,,1,17,1,False
TXN003283,CUST0984,MERCHANT007,13936.12,UPI,2026-08-25 01:29:46.848634,SUCCESS,,1,15,1,False
TXN003284,CUST0301,MERCHANT002,21002.85,UPI,2026-08-21 17:08:28.848634,FAILED,Insufficient Funds,2,0,3,True
TXN003285,CUST1828,MERCHANT004,33741.65,CARD,2026-08-21 03:19:41.848634,SUCCESS,,1,8,0,False
TXN003286,CUST1026,MERCHANT007,19694.53,UPI,2026-08-24 07:42:39.848634,SUCCESS,,1,20,1,False
TXN003287,CUST1822,MERCHANT002,44326.48,NETBANKING,2026-08-21 23:40:40.848634,SUCCESS,,1,8,3,False
TXN003288,CUST0829,MERCHANT007,48591.6,UPI,2026-08-18 03:57:10.848634,SUCCESS,,1,19,3,False
TXN003289,CUST1017,MERCHANT002,40773.74,NETBANKING,2026-08-21 07:09:58.848634,SUCCESS,,1,20,1,False
TXN003290,CUST1597,MERCHANT006,27308.12,UPI,2026-08-18 22:18:08.848634,SUCCESS,,1,18,1,False
TXN003291,CUST0160,MERCHANT008,8966.72,CARD,2026-08-23 05:23:29.848634,SUCCESS,,1,5,3,False
TXN003292,CUST0054,MERCHANT006,17469.53,NETBANKING,2026-08-22 18:51:15.848634,SUCCESS,,1,13,5,False
TXN003293,CUST0852,MERCHANT006,13075.48,NETBANKING,2026-08-21 19:12:00.848634,SUCCESS,,1,19,0,False
TXN003294,CUST1047,MERCHANT002,23037.49,UPI,2026-08-22 03:47:35.848634,SUCCESS,,1,13,2,False
TXN003295,CUST1308,MERCHANT003,2634.29,CARD,2026-08-23 05:10:32.848634,SUCCESS,,1,9,2,False
TXN003296,CUST0587,MERCHANT007,5762.43,CARD,2026-08-21 19:11:57.848634,SUCCESS,,1,3,5,False
TXN003297,CUST1020,MERCHANT006,19847.95,CARD,2026-08-24 11:26:47.848634,SUCCESS,,1,3,4,False
TXN003298,CUST1851,MERCHANT008,18244.63,NETBANKING,2026-08-20 23:57:02.848634,SUCCESS,,1,7,5,False
TXN003299,CUST0512,MERCHANT001,102.69,NETBANKING,2026-08-23 21:24:13.848634,SUCCESS,,1,9,5,False
TXN003300,CUST1467,MERCHANT004,7078.44,WALLET,2026-08-20 18:30:55.848634,SUCCESS,,1,15,1,False
TXN003301,CUST1700,MERCHANT004,16814.59,CARD,2026-08-22 06:59:54.848634,SUCCESS,,1,14,1,False
TXN003302,CUST0334,MERCHANT008,30948.08,CARD,2026-08-20 12:36:24.848634,SUCCESS,,1,9,4,False
TXN003303,CUST1816,MERCHANT005,6537.2,UPI,2026-08-22 00:35:40.848634,FAILED,Bank Declined,2,7,2,True
TXN003304,CUST0408,MERCHANT003,26336.65,CARD,2026-08-18 11:20:14.848634,SUCCESS,,1,12,2,False
TXN003305,CUST1448,MERCHANT009,4948.7,UPI,2026-08-21 04:31:22.848634,SUCCESS,,1,10,2,False
TXN003306,CUST0535,MERCHANT004,18431.16,NETBANKING,2026-08-22 22:05:36.848634,SUCCESS,,1,10,3,False
TXN003307,CUST1655,MERCHANT009,47242.3,NETBANKING,2026-08-19 12:52:58.848634,SUCCESS,,1,13,3,False
TXN003308,CUST1349,MERCHANT002,16580.58,CARD,2026-08-22 10:33:53.848634,SUCCESS,,1,15,3,False
TXN003309,CUST1742,MERCHANT003,9912.92,NETBANKING,2026-08-20 12:21:09.848634,SUCCESS,,1,15,3,False
TXN003310,CUST1578,MERCHANT004,30104.01,UPI,2026-08-20 19:20:30.848634,SUCCESS,,1,14,5,False
TXN003311,CUST1786,MERCHANT007,31054.8,WALLET,2026-08-19 01:44:10.848634,SUCCESS,,1,12,1,False
TXN003312,CUST1147,MERCHANT006,13845.2,NETBANKING,2026-08-20 16:41:25.848634,SUCCESS,,1,3,4,False
TXN003313,CUST0988,MERCHANT009,29325.67,WALLET,2026-08-21 04:47:14.848634,SUCCESS,,1,13,3,False
TXN003314,CUST0065,MERCHANT002,35968.82,WALLET,2026-08-18 05:05:48.848634,FAILED,Network Error,3,3,4,False
TXN003315,CUST0604,MERCHANT005,39849.88,NETBANKING,2026-08-19 18:14:56.848634,SUCCESS,,1,3,2,False
TXN003316,CUST0839,MERCHANT006,43387.5,WALLET,2026-08-23 01:03:32.848634,SUCCESS,,1,18,4,False
TXN003317,CUST0092,MERCHANT001,43523.5,WALLET,2026-08-19 03:43:27.848634,SUCCESS,,1,19,4,False
TXN003318,CUST1151,MERCHANT008,2364.66,WALLET,2026-08-20 09:47:00.848634,FAILED,Network Error,3,8,1,False
TXN003319,CUST1828,MERCHANT004,11963.16,UPI,2026-08-22 13:15:14.848634,SUCCESS,,1,15,0,False
TXN003320,CUST1644,MERCHANT008,46227.03,WALLET,2026-08-18 07:46:41.848634,SUCCESS,,1,8,3,False
TXN003321,CUST1602,MERCHANT003,29624.54,WALLET,2026-08-23 18:35:09.848634,SUCCESS,,1,8,3,False
TXN003322,CUST1269,MERCHANT002,26629.63,NETBANKING,2026-08-23 10:08:12.848634,SUCCESS,,1,5,4,False
TXN003323,CUST1355,MERCHANT008,406.33,CARD,2026-08-20 22:53:32.848634,SUCCESS,,1,16,1,False
TXN003324,CUST0724,MERCHANT006,1409.99,WALLET,2026-08-23 10:32:24.848634,SUCCESS,,1,20,4,False
TXN003325,CUST1817,MERCHANT006,28607.1,UPI,2026-08-20 07:08:56.848634,SUCCESS,,1,12,2,False
TXN003326,CUST1394,MERCHANT003,30024.9,CARD,2026-08-25 00:42:57.848634,SUCCESS,,1,1,1,False
TXN003327,CUST0323,MERCHANT002,17818.55,UPI,2026-08-20 10:58:56.848634,SUCCESS,,1,13,0,False
TXN003328,CUST1067,MERCHANT003,45274.27,WALLET,2026-08-22 02:26:17.848634,SUCCESS,,1,3,4,False
TXN003329,CUST1087,MERCHANT006,2593.92,WALLET,2026-08-21 04:13:06.848634,SUCCESS,,1,8,3,False
TXN003330,CUST0868,MERCHANT009,1702.31,NETBANKING,2026-08-20 00:12:03.848634,FAILED,Technical Error,1,15,1,True
TXN003331,CUST1520,MERCHANT009,24135.51,WALLET,2026-08-24 09:39:59.848634,SUCCESS,,1,16,3,False
TXN003332,CUST0011,MERCHANT007,8725.62,NETBANKING,2026-08-18 08:16:24.848634,SUCCESS,,1,17,4,False
TXN003333,CUST0446,MERCHANT005,35171.81,CARD,2026-08-19 05:09:09.848634,SUCCESS,,1,13,1,False
TXN003334,CUST0303,MERCHANT005,23514.37,UPI,2026-08-23 23:40:54.848634,SUCCESS,,1,4,0,False
TXN003335,CUST1424,MERCHANT005,30058.3,NETBANKING,2026-08-23 16:56:36.848634,SUCCESS,,1,2,4,False
TXN003336,CUST0845,MERCHANT007,10266.03,NETBANKING,2026-08-19 13:05:31.848634,SUCCESS,,1,19,5,False
TXN003337,CUST0109,MERCHANT001,3893.37,UPI,2026-08-22 12:06:13.848634,SUCCESS,,1,16,3,False
TXN003338,CUST0879,MERCHANT007,24467.33,WALLET,2026-08-20 02:39:48.848634,SUCCESS,,1,2,0,False
TXN003339,CUST0808,MERCHANT007,45565.97,UPI,2026-08-21 01:07:18.848634,SUCCESS,,1,20,1,False
TXN003340,CUST1940,MERCHANT009,32430.35,WALLET,2026-08-21 15:36:39.848634,FAILED,Timeout,3,9,3,False
TXN003341,CUST1779,MERCHANT010,27322.07,UPI,2026-08-23 09:20:09.848634,SUCCESS,,1,14,0,False
TXN003342,CUST1776,MERCHANT008,10274.17,CARD,2026-08-23 11:23:48.848634,SUCCESS,,1,13,0,False
TXN003343,CUST1964,MERCHANT003,6597.42,NETBANKING,2026-08-19 01:02:32.848634,SUCCESS,,1,5,1,False
TXN003344,CUST1385,MERCHANT009,28442.19,NETBANKING,2026-08-25 02:24:55.848634,SUCCESS,,1,0,1,False
TXN003345,CUST0584,MERCHANT008,23063.49,CARD,2026-08-23 12:35:48.848634,SUCCESS,,1,11,4,False
TXN003346,CUST1959,MERCHANT004,31417.62,WALLET,2026-08-20 04:48:13.848634,SUCCESS,,1,12,3,False
TXN003347,CUST1968,MERCHANT008,25519.6,WALLET,2026-08-18 18:14:30.848634,SUCCESS,,1,8,1,False
TXN003348,CUST0818,MERCHANT004,11787.84,NETBANKING,2026-08-22 21:33:52.848634,SUCCESS,,1,13,0,False
TXN003349,CUST1295,MERCHANT002,27375.56,CARD,2026-08-22 21:14:37.848634,SUCCESS,,1,16,1,False
TXN003350,CUST1141,MERCHANT002,6815.98,NETBANKING,2026-08-23 01:01:38.848634,FAILED,Insufficient Funds,3,13,3,False
TXN003351,CUST0702,MERCHANT007,25569.59,NETBANKING,2026-08-18 16:02:40.848634,SUCCESS,,1,3,1,False
TXN003352,CUST1238,MERCHANT005,31565.74,UPI,2026-08-18 03:14:40.848634,SUCCESS,,1,1,0,False
TXN003353,CUST1745,MERCHANT008,290.84,WALLET,2026-08-24 23:09:09.848634,FAILED,Bank Declined,1,0,1,True
TXN003354,CUST0317,MERCHANT002,1008.75,NETBANKING,2026-08-23 22:03:19.848634,SUCCESS,,1,10,3,False
TXN003355,CUST1351,MERCHANT006,20216.23,WALLET,2026-08-24 18:41:49.848634,SUCCESS,,1,15,4,False
TXN003356,CUST1425,MERCHANT004,7627.26,UPI,2026-08-21 09:37:50.848634,SUCCESS,,1,5,2,False
TXN003357,CUST1045,MERCHANT010,13787.27,UPI,2026-08-21 20:52:48.848634,SUCCESS,,1,13,3,False
TXN003358,CUST1220,MERCHANT008,5754.05,NETBANKING,2026-08-19 02:33:36.848634,SUCCESS,,1,6,0,False
TXN003359,CUST0396,MERCHANT007,27964.03,CARD,2026-08-22 05:49:21.848634,SUCCESS,,1,3,5,False
TXN003360,CUST0604,MERCHANT010,36565.17,UPI,2026-08-22 04:41:33.848634,SUCCESS,,1,7,2,False
TXN003361,CUST1924,MERCHANT004,40133.17,CARD,2026-08-18 20:21:44.848634,SUCCESS,,1,18,4,False
TXN003362,CUST1203,MERCHANT009,33802.52,CARD,2026-08-24 18:02:15.848634,SUCCESS,,1,1,3,False
TXN003363,CUST0327,MERCHANT006,1931.0,NETBANKING,2026-08-23 01:06:53.848634,SUCCESS,,1,11,1,False
TXN003364,CUST1927,MERCHANT008,12017.34,NETBANKING,2026-08-21 03:21:30.848634,SUCCESS,,1,9,3,False
TXN003365,CUST1746,MERCHANT010,8894.35,UPI,2026-08-23 00:20:55.848634,SUCCESS,,1,3,3,False
TXN003366,CUST1500,MERCHANT009,37930.01,CARD,2026-08-22 08:33:14.848634,SUCCESS,,1,5,0,False
TXN003367,CUST1885,MERCHANT005,49363.98,WALLET,2026-08-18 13:08:10.848634,FAILED,Network Error,3,16,4,False
TXN003368,CUST1293,MERCHANT007,18250.48,WALLET,2026-08-18 21:20:54.848634,SUCCESS,,1,2,0,False
TXN003369,CUST1137,MERCHANT008,48759.88,WALLET,2026-08-19 12:46:18.848634,SUCCESS,,1,18,3,False
TXN003370,CUST1667,MERCHANT003,8078.4,UPI,2026-08-22 01:52:13.848634,SUCCESS,,1,10,3,False
TXN003371,CUST1633,MERCHANT002,132.08,NETBANKING,2026-08-25 02:03:21.848634,SUCCESS,,1,12,0,False
TXN003372,CUST0277,MERCHANT010,49038.87,UPI,2026-08-24 12:41:57.848634,SUCCESS,,1,1,3,False
TXN003373,CUST0328,MERCHANT008,37712.03,WALLET,2026-08-22 00:45:13.848634,SUCCESS,,1,9,3,False
TXN003374,CUST1485,MERCHANT001,47328.93,NETBANKING,2026-08-20 05:33:54.848634,SUCCESS,,1,10,5,False
TXN003375,CUST1254,MERCHANT003,6979.7,NETBANKING,2026-08-19 01:49:19.848634,SUCCESS,,1,17,3,False
TXN003376,CUST1767,MERCHANT010,42184.11,CARD,2026-08-21 03:41:34.848634,SUCCESS,,1,4,5,False
TXN003377,CUST0361,MERCHANT006,47938.28,WALLET,2026-08-24 12:22:50.848634,SUCCESS,,1,6,0,False
TXN003378,CUST1954,MERCHANT004,44104.88,UPI,2026-08-22 22:16:23.848634,SUCCESS,,1,1,3,False
TXN003379,CUST0805,MERCHANT005,24785.66,CARD,2026-08-24 23:35:08.848634,SUCCESS,,1,18,2,False
TXN003380,CUST0139,MERCHANT001,46171.42,CARD,2026-08-19 09:11:06.848634,SUCCESS,,1,11,0,False
TXN003381,CUST1082,MERCHANT004,15285.4,NETBANKING,2026-08-22 20:25:48.848634,SUCCESS,,1,13,1,False
TXN003382,CUST1310,MERCHANT002,24829.06,NETBANKING,2026-08-19 03:07:46.848634,SUCCESS,,1,16,1,False
TXN003383,CUST1182,MERCHANT002,13086.53,NETBANKING,2026-08-18 17:05:29.848634,SUCCESS,,1,17,3,False
TXN003384,CUST1114,MERCHANT006,18338.8,NETBANKING,2026-08-22 19:51:03.848634,SUCCESS,,1,5,0,False
TXN003385,CUST1251,MERCHANT005,6114.55,NETBANKING,2026-08-19 08:26:36.848634,SUCCESS,,1,2,4,False
TXN003386,CUST0871,MERCHANT005,9359.51,NETBANKING,2026-08-20 14:41:21.848634,SUCCESS,,1,12,3,False
TXN003387,CUST0149,MERCHANT006,12275.82,UPI,2026-08-23 20:00:33.848634,SUCCESS,,1,13,5,False
TXN003388,CUST1050,MERCHANT001,30852.54,CARD,2026-08-18 15:53:37.848634,SUCCESS,,1,2,0,False
TXN003389,CUST1662,MERCHANT007,48743.02,NETBANKING,2026-08-23 20:02:28.848634,SUCCESS,,1,16,4,False
TXN003390,CUST1757,MERCHANT007,6624.11,WALLET,2026-08-20 06:57:35.848634,SUCCESS,,1,12,4,False
TXN003391,CUST1948,MERCHANT003,37409.57,NETBANKING,2026-08-20 06:25:45.848634,SUCCESS,,1,15,1,False
TXN003392,CUST0371,MERCHANT009,35020.87,UPI,2026-08-20 21:03:26.848634,SUCCESS,,1,1,2,False
TXN003393,CUST0538,MERCHANT002,12640.03,CARD,2026-08-22 21:08:02.848634,SUCCESS,,1,17,2,False
TXN003394,CUST0359,MERCHANT007,28958.8,WALLET,2026-08-18 05:50:00.848634,SUCCESS,,1,8,0,False
TXN003395,CUST1672,MERCHANT002,44551.91,UPI,2026-08-21 20:46:02.848634,SUCCESS,,1,7,3,False
TXN003396,CUST0522,MERCHANT003,10367.78,NETBANKING,2026-08-19 08:49:25.848634,SUCCESS,,1,3,1,False
TXN003397,CUST1199,MERCHANT003,18486.75,CARD,2026-08-23 05:30:26.848634,SUCCESS,,1,18,5,False
TXN003398,CUST1826,MERCHANT005,37668.59,WALLET,2026-08-21 16:06:44.848634,SUCCESS,,1,6,4,False
TXN003399,CUST0340,MERCHANT008,25350.76,CARD,2026-08-23 10:55:55.848634,SUCCESS,,1,12,1,False
TXN003400,CUST0422,MERCHANT005,1466.88,NETBANKING,2026-08-21 23:04:41.848634,SUCCESS,,1,15,3,False
TXN003401,CUST1519,MERCHANT006,37186.15,UPI,2026-08-23 18:14:49.848634,SUCCESS,,1,4,0,False
TXN003402,CUST1668,MERCHANT002,32333.69,CARD,2026-08-23 22:12:21.848634,SUCCESS,,1,9,4,False
TXN003403,CUST1750,MERCHANT002,26340.82,UPI,2026-08-19 08:46:23.848634,SUCCESS,,1,4,4,False
TXN003404,CUST0004,MERCHANT004,46779.07,WALLET,2026-08-24 12:27:00.848634,SUCCESS,,1,11,0,False
TXN003405,CUST1915,MERCHANT001,39938.13,CARD,2026-08-24 17:46:51.848634,SUCCESS,,1,6,3,False
TXN003406,CUST1473,MERCHANT006,28386.47,WALLET,2026-08-21 03:45:50.848634,SUCCESS,,1,12,1,False
TXN003407,CUST0864,MERCHANT010,16645.74,UPI,2026-08-22 00:22:31.848634,SUCCESS,,1,12,5,False
TXN003408,CUST1253,MERCHANT004,22388.3,UPI,2026-08-20 04:14:57.848634,SUCCESS,,1,3,4,False
TXN003409,CUST0961,MERCHANT004,16577.42,NETBANKING,2026-08-20 00:56:18.848634,SUCCESS,,1,15,4,False
TXN003410,CUST1959,MERCHANT009,18849.79,UPI,2026-08-24 11:04:29.848634,SUCCESS,,1,0,4,False
TXN003411,CUST1683,MERCHANT008,24570.9,UPI,2026-08-20 13:46:02.848634,FAILED,Technical Error,1,9,5,True
TXN003412,CUST0232,MERCHANT007,9504.18,WALLET,2026-08-18 13:17:59.848634,SUCCESS,,1,14,3,False
TXN003413,CUST1550,MERCHANT005,21244.87,NETBANKING,2026-08-24 15:05:33.848634,SUCCESS,,1,13,5,False
TXN003414,CUST1120,MERCHANT009,20491.24,UPI,2026-08-23 14:12:13.848634,SUCCESS,,1,0,2,False
TXN003415,CUST0495,MERCHANT001,23009.07,WALLET,2026-08-21 09:34:34.848634,SUCCESS,,1,13,1,False
TXN003416,CUST1957,MERCHANT005,45214.72,UPI,2026-08-20 04:55:28.848634,SUCCESS,,1,18,1,False
TXN003417,CUST1722,MERCHANT007,35272.89,UPI,2026-08-19 00:36:39.848634,SUCCESS,,1,19,5,False
TXN003418,CUST1342,MERCHANT008,14906.95,NETBANKING,2026-08-20 19:12:45.848634,SUCCESS,,1,9,5,False
TXN003419,CUST1137,MERCHANT001,20150.73,CARD,2026-08-19 06:42:41.848634,SUCCESS,,1,14,3,False
TXN003420,CUST0228,MERCHANT005,46293.3,WALLET,2026-08-22 20:52:52.848634,SUCCESS,,1,20,2,False
TXN003421,CUST1488,MERCHANT010,1136.45,NETBANKING,2026-08-23 22:38:16.848634,FAILED,Technical Error,3,17,5,False
TXN003422,CUST1209,MERCHANT001,24838.23,CARD,2026-08-20 17:04:07.848634,SUCCESS,,1,19,4,False
TXN003423,CUST0581,MERCHANT002,43047.18,WALLET,2026-08-22 22:44:52.848634,SUCCESS,,1,17,0,False
TXN003424,CUST0324,MERCHANT006,31381.73,CARD,2026-08-21 13:39:00.848634,SUCCESS,,1,2,1,False
TXN003425,CUST1496,MERCHANT007,14451.33,NETBANKING,2026-08-18 16:15:58.848634,SUCCESS,,1,0,0,False
TXN003426,CUST0205,MERCHANT005,19864.9,CARD,2026-08-19 17:15:27.848634,SUCCESS,,1,1,2,False
TXN003427,CUST1380,MERCHANT009,814.7,NETBANKING,2026-08-18 23:47:48.848634,FAILED,Insufficient Funds,3,7,2,False
TXN003428,CUST0653,MERCHANT009,5596.56,NETBANKING,2026-08-18 23:01:04.848634,SUCCESS,,1,10,0,False
TXN003429,CUST1277,MERCHANT005,41528.12,WALLET,2026-08-22 10:46:01.848634,SUCCESS,,1,18,2,False
TXN003430,CUST1422,MERCHANT005,33775.72,CARD,2026-08-22 05:53:00.848634,SUCCESS,,1,8,3,False
TXN003431,CUST1212,MERCHANT008,38712.89,WALLET,2026-08-20 23:51:27.848634,SUCCESS,,1,19,5,False
TXN003432,CUST0355,MERCHANT009,45891.72,WALLET,2026-08-22 11:06:11.848634,SUCCESS,,1,14,3,False
TXN003433,CUST0355,MERCHANT003,497.3,NETBANKING,2026-08-25 01:40:45.848634,SUCCESS,,1,5,2,False
TXN003434,CUST1675,MERCHANT002,49249.47,WALLET,2026-08-22 15:16:53.848634,SUCCESS,,1,11,2,False
TXN003435,CUST1731,MERCHANT005,4530.77,NETBANKING,2026-08-22 07:05:13.848634,SUCCESS,,1,14,2,False
TXN003436,CUST1496,MERCHANT005,43905.12,NETBANKING,2026-08-19 00:17:24.848634,SUCCESS,,1,14,4,False
TXN003437,CUST0352,MERCHANT008,47064.56,WALLET,2026-08-19 21:17:38.848634,SUCCESS,,1,17,4,False
TXN003438,CUST0943,MERCHANT009,1510.92,CARD,2026-08-24 19:13:25.848634,SUCCESS,,1,16,3,False
TXN003439,CUST1186,MERCHANT008,16493.83,WALLET,2026-08-22 03:43:13.848634,SUCCESS,,1,12,1,False
TXN003440,CUST0655,MERCHANT004,15628.43,UPI,2026-08-20 00:42:31.848634,SUCCESS,,1,8,5,False
TXN003441,CUST1782,MERCHANT001,5234.57,UPI,2026-08-20 20:48:57.848634,SUCCESS,,1,18,0,False
TXN003442,CUST1851,MERCHANT005,29471.96,CARD,2026-08-18 03:39:43.848634,SUCCESS,,1,10,1,False
TXN003443,CUST1937,MERCHANT007,37810.59,WALLET,2026-08-23 04:17:17.848634,SUCCESS,,1,4,2,False
TXN003444,CUST1417,MERCHANT007,20572.86,CARD,2026-08-18 04:17:55.848634,SUCCESS,,1,15,2,False
TXN003445,CUST1142,MERCHANT008,17229.16,UPI,2026-08-19 07:40:08.848634,SUCCESS,,1,19,0,False
TXN003446,CUST0156,MERCHANT001,3753.59,UPI,2026-08-20 23:15:11.848634,SUCCESS,,1,19,0,False
TXN003447,CUST0136,MERCHANT007,15104.45,UPI,2026-08-24 01:47:54.848634,SUCCESS,,1,8,3,False
TXN003448,CUST0389,MERCHANT006,48301.56,UPI,2026-08-18 13:55:01.848634,SUCCESS,,1,0,3,False
TXN003449,CUST0265,MERCHANT008,15419.11,UPI,2026-08-24 22:04:35.848634,SUCCESS,,1,12,4,False
TXN003450,CUST1876,MERCHANT004,48253.15,UPI,2026-08-19 01:27:02.848634,SUCCESS,,1,15,5,False
TXN003451,CUST1079,MERCHANT008,21698.24,UPI,2026-08-19 19:03:31.848634,SUCCESS,,1,19,0,False
TXN003452,CUST1037,MERCHANT004,23361.83,UPI,2026-08-18 07:38:35.848634,SUCCESS,,1,13,3,False
TXN003453,CUST0120,MERCHANT001,37204.32,NETBANKING,2026-08-22 01:34:31.848634,SUCCESS,,1,5,0,False
TXN003454,CUST1634,MERCHANT009,15563.72,WALLET,2026-08-21 03:53:31.848634,SUCCESS,,1,2,2,False
TXN003455,CUST0485,MERCHANT009,29735.79,NETBANKING,2026-08-19 08:35:15.848634,SUCCESS,,1,2,2,False
TXN003456,CUST1276,MERCHANT007,38999.99,NETBANKING,2026-08-18 11:18:16.848634,SUCCESS,,1,14,0,False
TXN003457,CUST0615,MERCHANT008,43522.63,CARD,2026-08-19 00:11:01.848634,SUCCESS,,1,3,0,False
TXN003458,CUST1880,MERCHANT010,47690.42,WALLET,2026-08-23 03:15:11.848634,SUCCESS,,1,17,2,False
TXN003459,CUST1006,MERCHANT006,19869.25,CARD,2026-08-18 06:50:51.848634,SUCCESS,,1,12,0,False
TXN003460,CUST1309,MERCHANT004,32195.51,WALLET,2026-08-21 21:10:55.848634,SUCCESS,,1,7,4,False
TXN003461,CUST0953,MERCHANT003,2520.11,WALLET,2026-08-22 08:36:48.848634,FAILED,Bank Declined,1,17,3,True
TXN003462,CUST0506,MERCHANT007,3014.95,CARD,2026-08-18 05:12:20.848634,SUCCESS,,1,14,3,False
TXN003463,CUST1367,MERCHANT008,45870.53,UPI,2026-08-23 13:15:09.848634,SUCCESS,,1,5,2,False
TXN003464,CUST1588,MERCHANT006,34917.01,WALLET,2026-08-19 10:48:26.848634,SUCCESS,,1,14,3,False
TXN003465,CUST1602,MERCHANT008,13414.37,UPI,2026-08-21 06:41:08.848634,SUCCESS,,1,7,1,False
TXN003466,CUST1924,MERCHANT008,2668.67,CARD,2026-08-20 05:44:21.848634,SUCCESS,,1,20,1,False
TXN003467,CUST0243,MERCHANT003,3263.95,UPI,2026-08-19 12:50:56.848634,SUCCESS,,1,0,4,False
TXN003468,CUST1600,MERCHANT001,19299.25,UPI,2026-08-21 19:59:18.848634,SUCCESS,,1,6,4,False
TXN003469,CUST1609,MERCHANT007,27735.45,WALLET,2026-08-23 06:51:59.848634,SUCCESS,,1,14,3,False
TXN003470,CUST0751,MERCHANT004,7480.32,WALLET,2026-08-23 10:02:26.848634,SUCCESS,,1,18,5,False
TXN003471,CUST1001,MERCHANT001,2869.64,WALLET,2026-08-20 19:26:08.848634,SUCCESS,,1,15,3,False
TXN003472,CUST0809,MERCHANT008,26496.11,NETBANKING,2026-08-19 17:57:43.848634,SUCCESS,,1,16,1,False
TXN003473,CUST0140,MERCHANT002,46677.48,UPI,2026-08-19 06:15:06.848634,SUCCESS,,1,18,5,False
TXN003474,CUST0567,MERCHANT001,27349.26,UPI,2026-08-23 04:14:56.848634,SUCCESS,,1,17,4,False
TXN003475,CUST1855,MERCHANT010,5937.26,WALLET,2026-08-24 19:40:48.848634,SUCCESS,,1,0,2,False
TXN003476,CUST1858,MERCHANT003,27137.59,WALLET,2026-08-21 12:11:34.848634,SUCCESS,,1,18,0,False
TXN003477,CUST0119,MERCHANT005,18289.7,NETBANKING,2026-08-24 11:27:46.848634,SUCCESS,,1,8,2,False
TXN003478,CUST0985,MERCHANT001,28425.47,WALLET,2026-08-21 18:44:17.848634,SUCCESS,,1,7,3,False
TXN003479,CUST1208,MERCHANT005,29589.75,CARD,2026-08-20 15:46:02.848634,SUCCESS,,1,7,2,False
TXN003480,CUST1524,MERCHANT008,23307.74,NETBANKING,2026-08-22 02:43:44.848634,SUCCESS,,1,0,0,False
TXN003481,CUST1522,MERCHANT001,34785.86,UPI,2026-08-20 10:36:13.848634,SUCCESS,,1,19,1,False
TXN003482,CUST0269,MERCHANT001,46356.72,CARD,2026-08-23 10:00:54.848634,SUCCESS,,1,0,4,False
TXN003483,CUST0326,MERCHANT003,14514.51,WALLET,2026-08-19 06:57:47.848634,SUCCESS,,1,20,1,False
TXN003484,CUST1833,MERCHANT002,19344.92,UPI,2026-08-23 05:49:36.848634,SUCCESS,,1,10,2,False
TXN003485,CUST0417,MERCHANT009,48001.78,CARD,2026-08-24 22:14:40.848634,SUCCESS,,1,20,1,False
TXN003486,CUST0202,MERCHANT005,36490.83,CARD,2026-08-22 15:10:43.848634,SUCCESS,,1,12,3,False
TXN003487,CUST0322,MERCHANT006,35593.82,CARD,2026-08-24 18:37:06.848634,SUCCESS,,1,13,2,False
TXN003488,CUST1630,MERCHANT006,39739.56,CARD,2026-08-24 08:31:46.848634,FAILED,Technical Error,2,2,4,True
TXN003489,CUST1786,MERCHANT007,7215.97,NETBANKING,2026-08-25 01:53:46.848634,SUCCESS,,1,4,5,False
TXN003490,CUST0617,MERCHANT005,36773.94,UPI,2026-08-21 13:10:40.848634,SUCCESS,,1,9,3,False
TXN003491,CUST0196,MERCHANT008,1801.25,WALLET,2026-08-23 12:10:24.848634,FAILED,Bank Declined,1,4,4,True
TXN003492,CUST0438,MERCHANT001,6966.28,WALLET,2026-08-23 00:13:43.848634,SUCCESS,,1,16,0,False
TXN003493,CUST0486,MERCHANT009,27798.27,NETBANKING,2026-08-21 19:58:02.848634,SUCCESS,,1,7,0,False
TXN003494,CUST0141,MERCHANT001,14728.33,WALLET,2026-08-19 01:40:54.848634,SUCCESS,,1,2,0,False
TXN003495,CUST0719,MERCHANT001,8623.94,WALLET,2026-08-20 03:53:23.848634,SUCCESS,,1,11,2,False
TXN003496,CUST1338,MERCHANT003,46987.25,UPI,2026-08-19 01:17:23.848634,SUCCESS,,1,10,3,False
TXN003497,CUST1963,MERCHANT003,1510.47,NETBANKING,2026-08-23 10:37:15.848634,SUCCESS,,1,16,1,False
TXN003498,CUST1040,MERCHANT003,25383.92,WALLET,2026-08-24 11:05:07.848634,SUCCESS,,1,0,2,False
TXN003499,CUST0477,MERCHANT002,26028.58,UPI,2026-08-20 02:34:34.848634,SUCCESS,,1,19,3,False
TXN003500,CUST0732,MERCHANT002,8388.97,WALLET,2026-08-22 01:22:23.848634,FAILED,Timeout,3,7,4,False
TXN003501,CUST1763,MERCHANT001,36201.76,NETBANKING,2026-08-18 02:48:53.848634,SUCCESS,,1,13,1,False
TXN003502,CUST0957,MERCHANT007,5985.57,WALLET,2026-08-23 12:47:48.848634,SUCCESS,,1,7,1,False
TXN003503,CUST1248,MERCHANT002,19653.37,NETBANKING,2026-08-18 11:33:54.848634,SUCCESS,,1,8,5,False
TXN003504,CUST1587,MERCHANT005,34337.71,NETBANKING,2026-08-21 06:45:42.848634,SUCCESS,,1,12,3,False
TXN003505,CUST0575,MERCHANT004,2598.89,CARD,2026-08-24 16:24:34.848634,SUCCESS,,1,4,0,False
TXN003506,CUST0931,MERCHANT006,45695.76,WALLET,2026-08-19 02:19:34.848634,SUCCESS,,1,16,5,False
TXN003507,CUST1792,MERCHANT006,22301.64,NETBANKING,2026-08-18 13:13:38.848634,SUCCESS,,1,17,5,False
TXN003508,CUST1823,MERCHANT006,13700.28,WALLET,2026-08-23 01:30:35.848634,FAILED,Timeout,3,13,4,False
TXN003509,CUST1129,MERCHANT010,45262.05,NETBANKING,2026-08-21 22:30:56.848634,SUCCESS,,1,3,4,False
TXN003510,CUST0546,MERCHANT009,14818.19,CARD,2026-08-21 07:31:24.848634,SUCCESS,,1,16,5,False
TXN003511,CUST1139,MERCHANT010,17166.69,NETBANKING,2026-08-20 18:54:03.848634,SUCCESS,,1,1,1,False
TXN003512,CUST0547,MERCHANT002,18382.25,NETBANKING,2026-08-20 09:54:30.848634,SUCCESS,,1,8,5,False
TXN003513,CUST1494,MERCHANT005,23753.89,WALLET,2026-08-24 00:30:12.848634,SUCCESS,,1,6,2,False
TXN003514,CUST1757,MERCHANT007,20849.99,WALLET,2026-08-19 02:45:39.848634,SUCCESS,,1,3,3,False
TXN003515,CUST1009,MERCHANT009,6870.55,UPI,2026-08-23 20:23:51.848634,SUCCESS,,1,13,5,False
TXN003516,CUST1672,MERCHANT002,15443.41,CARD,2026-08-24 13:20:36.848634,SUCCESS,,1,13,0,False
TXN003517,CUST0833,MERCHANT001,8630.62,CARD,2026-08-19 08:20:38.848634,SUCCESS,,1,4,5,False
TXN003518,CUST1488,MERCHANT005,31075.67,NETBANKING,2026-08-22 22:22:16.848634,SUCCESS,,1,2,2,False
TXN003519,CUST1165,MERCHANT003,37505.56,CARD,2026-08-21 04:46:43.848634,SUCCESS,,1,11,5,False
TXN003520,CUST0076,MERCHANT006,40708.62,WALLET,2026-08-24 18:32:21.848634,SUCCESS,,1,16,1,False
TXN003521,CUST1974,MERCHANT004,18864.15,WALLET,2026-08-24 13:00:13.848634,SUCCESS,,1,16,2,False
TXN003522,CUST1665,MERCHANT005,44309.74,WALLET,2026-08-20 18:01:16.848634,SUCCESS,,1,13,4,False
TXN003523,CUST1022,MERCHANT004,46521.41,WALLET,2026-08-20 07:20:34.848634,SUCCESS,,1,18,0,False
TXN003524,CUST1364,MERCHANT001,6428.73,NETBANKING,2026-08-18 09:59:19.848634,SUCCESS,,1,4,5,False
TXN003525,CUST0650,MERCHANT005,31078.01,WALLET,2026-08-20 13:06:58.848634,SUCCESS,,1,4,5,False
TXN003526,CUST1559,MERCHANT002,14211.51,UPI,2026-08-24 06:46:10.848634,SUCCESS,,1,13,3,False
TXN003527,CUST1782,MERCHANT006,39677.13,UPI,2026-08-20 23:56:39.848634,SUCCESS,,1,18,3,False
TXN003528,CUST0733,MERCHANT003,43071.47,CARD,2026-08-22 12:40:00.848634,SUCCESS,,1,4,4,False
TXN003529,CUST1165,MERCHANT009,8601.06,CARD,2026-08-19 22:33:13.848634,SUCCESS,,1,10,0,False
TXN003530,CUST0742,MERCHANT003,2054.86,NETBANKING,2026-08-19 04:31:05.848634,SUCCESS,,1,11,5,False
TXN003531,CUST0271,MERCHANT010,10585.87,UPI,2026-08-20 21:39:30.848634,SUCCESS,,1,15,2,False
TXN003532,CUST0182,MERCHANT010,24166.14,UPI,2026-08-22 00:52:28.848634,SUCCESS,,1,12,3,False
TXN003533,CUST1332,MERCHANT008,1625.85,NETBANKING,2026-08-24 05:54:30.848634,SUCCESS,,1,3,2,False
TXN003534,CUST0773,MERCHANT002,21722.17,UPI,2026-08-23 11:47:53.848634,SUCCESS,,1,15,2,False
TXN003535,CUST1997,MERCHANT003,17555.15,NETBANKING,2026-08-24 13:14:54.848634,SUCCESS,,1,3,3,False
TXN003536,CUST1383,MERCHANT004,10918.89,CARD,2026-08-20 12:54:22.848634,SUCCESS,,1,2,2,False
TXN003537,CUST1082,MERCHANT007,45975.24,CARD,2026-08-22 05:52:27.848634,SUCCESS,,1,13,3,False
TXN003538,CUST1822,MERCHANT010,7778.13,CARD,2026-08-21 21:00:26.848634,SUCCESS,,1,9,1,False
TXN003539,CUST1340,MERCHANT007,8458.63,WALLET,2026-08-20 00:57:30.848634,SUCCESS,,1,0,3,False
TXN003540,CUST1946,MERCHANT010,46179.79,NETBANKING,2026-08-21 22:21:30.848634,SUCCESS,,1,18,0,False
TXN003541,CUST1914,MERCHANT009,37394.44,UPI,2026-08-25 00:17:10.848634,SUCCESS,,1,15,5,False
TXN003542,CUST0231,MERCHANT004,8470.26,UPI,2026-08-22 09:29:56.848634,SUCCESS,,1,17,3,False
TXN003543,CUST1027,MERCHANT006,8292.2,WALLET,2026-08-24 16:03:04.848634,FAILED,Timeout,1,14,1,True
TXN003544,CUST0238,MERCHANT007,26060.17,NETBANKING,2026-08-22 13:06:12.848634,SUCCESS,,1,6,4,False
TXN003545,CUST0536,MERCHANT007,33108.12,UPI,2026-08-22 05:18:58.848634,SUCCESS,,1,6,5,False
TXN003546,CUST1260,MERCHANT008,42475.58,CARD,2026-08-19 08:04:32.848634,SUCCESS,,1,13,2,False
TXN003547,CUST0495,MERCHANT004,6877.33,NETBANKING,2026-08-21 15:10:53.848634,SUCCESS,,1,12,5,False
TXN003548,CUST0336,MERCHANT010,9167.0,UPI,2026-08-20 16:48:48.848634,FAILED,Technical Error,1,8,5,True
TXN003549,CUST1985,MERCHANT001,27061.46,CARD,2026-08-23 07:40:01.848634,SUCCESS,,1,20,1,False
TXN003550,CUST0633,MERCHANT009,16017.77,WALLET,2026-08-23 02:07:26.848634,SUCCESS,,1,18,5,False
TXN003551,CUST1237,MERCHANT001,25355.53,WALLET,2026-08-24 19:03:17.848634,SUCCESS,,1,16,3,False
TXN003552,CUST0987,MERCHANT009,1774.77,NETBANKING,2026-08-19 21:52:50.848634,SUCCESS,,1,20,2,False
TXN003553,CUST1024,MERCHANT005,49186.2,CARD,2026-08-22 21:30:26.848634,SUCCESS,,1,0,0,False
TXN003554,CUST1530,MERCHANT008,18928.28,NETBANKING,2026-08-24 11:51:51.848634,SUCCESS,,1,3,4,False
TXN003555,CUST1293,MERCHANT006,27561.41,WALLET,2026-08-18 02:55:01.848634,SUCCESS,,1,13,0,False
TXN003556,CUST1743,MERCHANT009,4258.5,UPI,2026-08-18 02:48:31.848634,FAILED,Technical Error,1,0,4,True
TXN003557,CUST1722,MERCHANT010,1181.06,UPI,2026-08-19 20:43:16.848634,SUCCESS,,1,0,2,False
TXN003558,CUST1405,MERCHANT010,21684.19,NETBANKING,2026-08-24 14:07:28.848634,SUCCESS,,1,9,4,False
TXN003559,CUST1385,MERCHANT001,10564.87,NETBANKING,2026-08-19 05:18:15.848634,FAILED,Insufficient Funds,3,11,5,False
TXN003560,CUST0763,MERCHANT009,942.76,NETBANKING,2026-08-22 11:28:08.848634,SUCCESS,,1,5,3,False
TXN003561,CUST1687,MERCHANT005,43992.81,CARD,2026-08-20 15:54:33.848634,SUCCESS,,1,17,5,False
TXN003562,CUST1209,MERCHANT003,20244.49,CARD,2026-08-24 17:10:45.848634,SUCCESS,,1,6,3,False
TXN003563,CUST1954,MERCHANT002,24123.48,NETBANKING,2026-08-21 14:10:20.848634,SUCCESS,,1,2,3,False
TXN003564,CUST0090,MERCHANT005,39925.24,UPI,2026-08-18 03:41:43.848634,SUCCESS,,1,7,5,False
TXN003565,CUST0210,MERCHANT003,35115.7,UPI,2026-08-21 10:37:48.848634,SUCCESS,,1,14,4,False
TXN003566,CUST0647,MERCHANT002,28361.85,NETBANKING,2026-08-24 21:11:37.848634,SUCCESS,,1,6,0,False
TXN003567,CUST1437,MERCHANT010,3052.38,CARD,2026-08-21 18:17:39.848634,FAILED,Bank Declined,2,3,2,True
TXN003568,CUST1595,MERCHANT006,47161.1,WALLET,2026-08-21 07:16:41.848634,SUCCESS,,1,9,5,False
TXN003569,CUST0893,MERCHANT001,24667.2,NETBANKING,2026-08-24 07:35:59.848634,SUCCESS,,1,16,3,False
TXN003570,CUST1795,MERCHANT005,1672.19,WALLET,2026-08-22 07:02:27.848634,SUCCESS,,1,2,4,False
TXN003571,CUST1406,MERCHANT009,26885.83,WALLET,2026-08-22 16:09:37.848634,SUCCESS,,1,12,3,False
TXN003572,CUST0733,MERCHANT010,48885.04,NETBANKING,2026-08-22 08:21:23.848634,SUCCESS,,1,1,2,False
TXN003573,CUST0321,MERCHANT005,9066.05,NETBANKING,2026-08-21 14:24:47.848634,SUCCESS,,1,14,2,False
TXN003574,CUST0583,MERCHANT008,19656.44,UPI,2026-08-25 02:26:56.848634,SUCCESS,,1,3,3,False
TXN003575,CUST1472,MERCHANT001,15048.03,NETBANKING,2026-08-24 20:20:44.848634,SUCCESS,,1,16,0,False
TXN003576,CUST0065,MERCHANT003,4390.0,WALLET,2026-08-21 03:30:11.848634,SUCCESS,,1,2,5,False
TXN003577,CUST0252,MERCHANT006,49876.65,UPI,2026-08-23 08:53:30.848634,SUCCESS,,1,11,3,False
TXN003578,CUST0247,MERCHANT002,30120.21,UPI,2026-08-19 00:03:31.848634,SUCCESS,,1,19,5,False
TXN003579,CUST1359,MERCHANT001,1867.98,CARD,2026-08-24 15:53:14.848634,SUCCESS,,1,15,0,False
TXN003580,CUST0065,MERCHANT001,45962.05,UPI,2026-08-20 11:40:42.848634,SUCCESS,,1,12,2,False
TXN003581,CUST1137,MERCHANT002,47114.04,CARD,2026-08-19 19:04:27.848634,SUCCESS,,1,10,3,False
TXN003582,CUST1687,MERCHANT005,10287.31,CARD,2026-08-22 22:53:03.848634,SUCCESS,,1,19,3,False
TXN003583,CUST0192,MERCHANT002,43289.09,UPI,2026-08-22 04:22:55.848634,SUCCESS,,1,5,2,False
TXN003584,CUST0297,MERCHANT009,9709.21,WALLET,2026-08-20 16:01:25.848634,SUCCESS,,1,15,5,False
TXN003585,CUST0146,MERCHANT009,7497.05,CARD,2026-08-24 23:26:30.848634,SUCCESS,,1,17,3,False
TXN003586,CUST1357,MERCHANT001,14702.5,NETBANKING,2026-08-24 07:46:55.848634,SUCCESS,,1,9,5,False
TXN003587,CUST1242,MERCHANT003,25536.87,CARD,2026-08-22 19:47:01.848634,SUCCESS,,1,5,0,False
TXN003588,CUST1197,MERCHANT008,5480.18,WALLET,2026-08-19 19:25:54.848634,SUCCESS,,1,20,5,False
TXN003589,CUST0074,MERCHANT010,7401.36,WALLET,2026-08-21 18:43:44.848634,SUCCESS,,1,7,4,False
TXN003590,CUST1627,MERCHANT001,2064.97,UPI,2026-08-21 14:56:09.848634,SUCCESS,,1,8,0,False
TXN003591,CUST1518,MERCHANT002,37718.59,WALLET,2026-08-21 10:25:11.848634,SUCCESS,,1,1,0,False
TXN003592,CUST0151,MERCHANT007,47683.58,UPI,2026-08-18 22:20:01.848634,SUCCESS,,1,1,4,False
TXN003593,CUST1217,MERCHANT010,38766.56,UPI,2026-08-19 11:53:16.848634,SUCCESS,,1,16,2,False
TXN003594,CUST1448,MERCHANT010,31199.66,NETBANKING,2026-08-20 17:46:46.848634,SUCCESS,,1,2,5,False
TXN003595,CUST1737,MERCHANT006,834.93,UPI,2026-08-20 11:42:53.848634,SUCCESS,,1,11,4,False
TXN003596,CUST0376,MERCHANT003,7206.74,WALLET,2026-08-20 11:45:47.848634,SUCCESS,,1,15,5,False
TXN003597,CUST0632,MERCHANT006,49245.42,NETBANKING,2026-08-24 14:55:03.848634,SUCCESS,,1,12,0,False
TXN003598,CUST1227,MERCHANT009,42512.58,CARD,2026-08-18 21:13:31.848634,FAILED,Timeout,3,19,2,False
TXN003599,CUST1653,MERCHANT008,34160.82,WALLET,2026-08-22 05:07:05.848634,SUCCESS,,1,10,1,False
TXN003600,CUST1477,MERCHANT007,5072.53,WALLET,2026-08-24 06:14:54.848634,SUCCESS,,1,1,0,False
TXN003601,CUST1689,MERCHANT004,30983.17,CARD,2026-08-23 19:04:06.848634,SUCCESS,,1,6,2,False
TXN003602,CUST1816,MERCHANT001,8061.24,UPI,2026-08-18 08:29:36.848634,SUCCESS,,1,16,3,False
TXN003603,CUST1674,MERCHANT010,13390.18,UPI,2026-08-20 07:45:28.848634,SUCCESS,,1,13,5,False
TXN003604,CUST0094,MERCHANT001,3811.03,UPI,2026-08-24 09:57:58.848634,SUCCESS,,1,18,0,False
TXN003605,CUST0850,MERCHANT004,6260.34,CARD,2026-08-24 12:08:18.848634,SUCCESS,,1,6,1,False
TXN003606,CUST1159,MERCHANT004,33689.3,WALLET,2026-08-18 15:53:34.848634,SUCCESS,,1,13,1,False
TXN003607,CUST0043,MERCHANT001,25641.29,NETBANKING,2026-08-20 00:24:24.848634,SUCCESS,,1,15,3,False
TXN003608,CUST1357,MERCHANT005,8062.69,WALLET,2026-08-19 03:54:36.848634,SUCCESS,,1,0,5,False
TXN003609,CUST0963,MERCHANT005,16179.24,CARD,2026-08-22 15:38:54.848634,SUCCESS,,1,4,4,False
TXN003610,CUST0273,MERCHANT002,41706.77,UPI,2026-08-23 09:57:48.848634,SUCCESS,,1,2,0,False
TXN003611,CUST1878,MERCHANT001,36767.8,WALLET,2026-08-23 05:57:19.848634,SUCCESS,,1,2,0,False
TXN003612,CUST1426,MERCHANT001,9545.34,WALLET,2026-08-18 15:25:20.848634,SUCCESS,,1,6,5,False
TXN003613,CUST1298,MERCHANT008,15434.31,UPI,2026-08-23 04:15:42.848634,FAILED,Timeout,3,8,5,False
TXN003614,CUST1501,MERCHANT007,5126.57,CARD,2026-08-23 10:20:12.848634,SUCCESS,,1,5,3,False
TXN003615,CUST0103,MERCHANT008,2912.49,CARD,2026-08-21 02:50:20.848634,SUCCESS,,1,17,4,False
TXN003616,CUST0321,MERCHANT009,27198.45,CARD,2026-08-21 01:52:22.848634,SUCCESS,,1,19,3,False
TXN003617,CUST1867,MERCHANT001,41475.49,WALLET,2026-08-18 20:12:42.848634,SUCCESS,,1,3,2,False
TXN003618,CUST1747,MERCHANT003,41949.48,CARD,2026-08-22 23:40:56.848634,SUCCESS,,1,4,0,False
TXN003619,CUST0919,MERCHANT004,40040.23,WALLET,2026-08-18 06:27:38.848634,SUCCESS,,1,15,3,False
TXN003620,CUST1254,MERCHANT003,27002.04,CARD,2026-08-21 04:52:41.848634,SUCCESS,,1,9,4,False
TXN003621,CUST0587,MERCHANT002,26663.04,CARD,2026-08-22 22:12:34.848634,SUCCESS,,1,13,1,False
TXN003622,CUST1205,MERCHANT010,45507.71,WALLET,2026-08-21 02:36:30.848634,SUCCESS,,1,14,1,False
TXN003623,CUST1172,MERCHANT010,15791.12,NETBANKING,2026-08-20 13:50:59.848634,SUCCESS,,1,19,3,False
TXN003624,CUST1860,MERCHANT004,4244.14,UPI,2026-08-20 09:14:29.848634,SUCCESS,,1,8,5,False
TXN003625,CUST0871,MERCHANT006,17003.94,UPI,2026-08-18 07:53:14.848634,SUCCESS,,1,9,5,False
TXN003626,CUST1883,MERCHANT002,39177.27,UPI,2026-08-20 21:47:25.848634,SUCCESS,,1,9,5,False
TXN003627,CUST0723,MERCHANT001,8106.92,UPI,2026-08-24 10:54:40.848634,SUCCESS,,1,19,5,False
TXN003628,CUST0825,MERCHANT001,5245.97,CARD,2026-08-23 16:06:53.848634,SUCCESS,,1,11,3,False
TXN003629,CUST0180,MERCHANT005,4941.99,WALLET,2026-08-20 08:11:25.848634,SUCCESS,,1,9,4,False
TXN003630,CUST1823,MERCHANT001,17168.93,NETBANKING,2026-08-20 21:28:20.848634,SUCCESS,,1,15,5,False
TXN003631,CUST0134,MERCHANT003,35170.93,WALLET,2026-08-18 23:06:18.848634,SUCCESS,,1,20,5,False
TXN003632,CUST0352,MERCHANT005,45909.14,UPI,2026-08-20 01:48:52.848634,SUCCESS,,1,19,1,False
TXN003633,CUST1175,MERCHANT003,23310.27,WALLET,2026-08-19 00:57:07.848634,SUCCESS,,1,1,3,False
TXN003634,CUST0719,MERCHANT010,7898.96,UPI,2026-08-21 16:25:06.848634,SUCCESS,,1,0,0,False
TXN003635,CUST1015,MERCHANT008,30630.71,NETBANKING,2026-08-19 16:37:49.848634,SUCCESS,,1,2,4,False
TXN003636,CUST1582,MERCHANT007,12606.84,WALLET,2026-08-21 03:04:34.848634,SUCCESS,,1,10,0,False
TXN003637,CUST0410,MERCHANT009,20721.41,NETBANKING,2026-08-25 01:29:35.848634,SUCCESS,,1,5,0,False
TXN003638,CUST1449,MERCHANT008,46090.86,UPI,2026-08-18 19:38:02.848634,SUCCESS,,1,0,5,False
TXN003639,CUST1677,MERCHANT006,30196.63,WALLET,2026-08-24 06:44:08.848634,SUCCESS,,1,1,5,False
TXN003640,CUST0665,MERCHANT006,2228.45,UPI,2026-08-20 07:48:36.848634,SUCCESS,,1,13,0,False
TXN003641,CUST0107,MERCHANT003,40529.36,WALLET,2026-08-18 17:27:50.848634,SUCCESS,,1,0,5,False
TXN003642,CUST1500,MERCHANT003,22560.58,CARD,2026-08-20 07:31:10.848634,SUCCESS,,1,19,2,False
TXN003643,CUST1720,MERCHANT004,44626.55,UPI,2026-08-20 20:26:31.848634,SUCCESS,,1,10,5,False
TXN003644,CUST0275,MERCHANT003,34856.6,UPI,2026-08-18 14:11:22.848634,SUCCESS,,1,0,5,False
TXN003645,CUST0630,MERCHANT008,34746.75,NETBANKING,2026-08-21 16:33:29.848634,SUCCESS,,1,7,5,False
TXN003646,CUST1955,MERCHANT003,14460.62,NETBANKING,2026-08-24 18:36:24.848634,SUCCESS,,1,6,4,False
TXN003647,CUST0212,MERCHANT001,17800.19,NETBANKING,2026-08-22 17:49:07.848634,SUCCESS,,1,18,4,False
TXN003648,CUST0738,MERCHANT006,32771.95,WALLET,2026-08-18 05:50:06.848634,SUCCESS,,1,17,4,False
TXN003649,CUST0012,MERCHANT010,41724.07,WALLET,2026-08-21 16:38:46.848634,SUCCESS,,1,13,1,False
TXN003650,CUST1886,MERCHANT003,45570.06,WALLET,2026-08-22 02:44:44.848634,SUCCESS,,1,11,1,False
TXN003651,CUST1001,MERCHANT006,46971.02,CARD,2026-08-23 04:01:46.848634,SUCCESS,,1,20,0,False
TXN003652,CUST0681,MERCHANT002,23451.75,CARD,2026-08-20 17:03:12.848634,SUCCESS,,1,18,2,False
TXN003653,CUST1907,MERCHANT003,14698.2,CARD,2026-08-19 07:39:54.848634,SUCCESS,,1,17,1,False
TXN003654,CUST0437,MERCHANT003,2035.66,UPI,2026-08-23 07:40:30.848634,SUCCESS,,1,16,3,False
TXN003655,CUST0928,MERCHANT009,30332.41,CARD,2026-08-20 14:04:36.848634,SUCCESS,,1,19,5,False
TXN003656,CUST0801,MERCHANT006,4497.4,CARD,2026-08-21 04:11:46.848634,SUCCESS,,1,8,0,False
TXN003657,CUST1648,MERCHANT007,33378.24,CARD,2026-08-18 06:22:28.848634,SUCCESS,,1,14,1,False
TXN003658,CUST0335,MERCHANT009,16899.76,WALLET,2026-08-23 02:28:26.848634,SUCCESS,,1,9,0,False
TXN003659,CUST0668,MERCHANT006,9341.7,CARD,2026-08-19 04:37:36.848634,SUCCESS,,1,1,2,False
TXN003660,CUST0746,MERCHANT008,41572.68,CARD,2026-08-24 17:20:44.848634,SUCCESS,,1,11,0,False
TXN003661,CUST1706,MERCHANT004,25830.17,NETBANKING,2026-08-19 01:08:49.848634,SUCCESS,,1,11,5,False
TXN003662,CUST0293,MERCHANT004,20840.26,WALLET,2026-08-21 07:40:02.848634,SUCCESS,,1,7,4,False
TXN003663,CUST1796,MERCHANT010,49493.05,NETBANKING,2026-08-18 03:46:31.848634,SUCCESS,,1,4,1,False
TXN003664,CUST0197,MERCHANT010,17739.69,UPI,2026-08-24 17:33:43.848634,SUCCESS,,1,15,0,False
TXN003665,CUST1436,MERCHANT005,38328.89,WALLET,2026-08-19 22:19:00.848634,SUCCESS,,1,6,0,False
TXN003666,CUST1594,MERCHANT003,21670.61,UPI,2026-08-20 04:27:09.848634,FAILED,Insufficient Funds,1,1,4,True
TXN003667,CUST0115,MERCHANT009,4586.19,CARD,2026-08-22 23:41:45.848634,SUCCESS,,1,20,2,False
TXN003668,CUST1767,MERCHANT007,10995.43,CARD,2026-08-18 11:44:33.848634,SUCCESS,,1,19,3,False
TXN003669,CUST1122,MERCHANT003,41585.25,UPI,2026-08-24 22:10:36.848634,SUCCESS,,1,2,5,False
TXN003670,CUST0696,MERCHANT007,29708.84,UPI,2026-08-20 07:47:39.848634,FAILED,Insufficient Funds,2,15,5,True
TXN003671,CUST1239,MERCHANT006,31518.21,UPI,2026-08-21 10:43:53.848634,SUCCESS,,1,4,1,False
TXN003672,CUST1882,MERCHANT003,42291.38,CARD,2026-08-18 08:18:40.848634,SUCCESS,,1,3,0,False
TXN003673,CUST0300,MERCHANT009,7281.1,UPI,2026-08-19 00:18:43.848634,SUCCESS,,1,17,4,False
TXN003674,CUST1493,MERCHANT008,18419.07,NETBANKING,2026-08-20 01:44:54.848634,SUCCESS,,1,16,0,False
TXN003675,CUST1241,MERCHANT001,22715.65,UPI,2026-08-22 10:04:16.848634,SUCCESS,,1,19,0,False
TXN003676,CUST0573,MERCHANT005,42249.3,CARD,2026-08-23 11:42:31.848634,SUCCESS,,1,4,0,False
TXN003677,CUST1379,MERCHANT010,46961.92,CARD,2026-08-22 16:20:18.848634,SUCCESS,,1,13,5,False
TXN003678,CUST0581,MERCHANT001,2069.32,CARD,2026-08-20 00:53:41.848634,SUCCESS,,1,3,3,False
TXN003679,CUST0622,MERCHANT001,33328.69,NETBANKING,2026-08-22 13:24:43.848634,SUCCESS,,1,16,1,False
TXN003680,CUST0046,MERCHANT001,43725.71,CARD,2026-08-18 05:36:15.848634,SUCCESS,,1,13,2,False
TXN003681,CUST1904,MERCHANT005,37307.3,WALLET,2026-08-18 19:51:01.848634,SUCCESS,,1,10,3,False
TXN003682,CUST0719,MERCHANT003,14419.18,WALLET,2026-08-21 09:24:22.848634,SUCCESS,,1,18,2,False
TXN003683,CUST0039,MERCHANT002,43430.22,CARD,2026-08-20 13:52:31.848634,SUCCESS,,1,4,2,False
TXN003684,CUST0487,MERCHANT008,44883.47,WALLET,2026-08-21 21:38:13.848634,SUCCESS,,1,16,0,False
TXN003685,CUST0291,MERCHANT005,20345.8,WALLET,2026-08-22 17:11:47.848634,SUCCESS,,1,0,5,False
TXN003686,CUST1856,MERCHANT008,43715.0,UPI,2026-08-22 23:14:01.848634,SUCCESS,,1,11,3,False
TXN003687,CUST0706,MERCHANT005,8670.55,WALLET,2026-08-18 04:48:47.848634,SUCCESS,,1,19,5,False
TXN003688,CUST1353,MERCHANT002,36711.32,CARD,2026-08-19 05:33:32.848634,SUCCESS,,1,18,5,False
TXN003689,CUST1938,MERCHANT003,35522.48,CARD,2026-08-23 23:36:58.848634,FAILED,Technical Error,1,13,4,True
TXN003690,CUST1030,MERCHANT009,4483.39,NETBANKING,2026-08-24 11:38:28.848634,SUCCESS,,1,18,1,False
TXN003691,CUST0229,MERCHANT005,28187.28,CARD,2026-08-21 15:43:50.848634,SUCCESS,,1,18,5,False
TXN003692,CUST1629,MERCHANT001,27913.08,WALLET,2026-08-18 14:44:31.848634,FAILED,Insufficient Funds,3,18,1,False
TXN003693,CUST1664,MERCHANT010,47057.94,UPI,2026-08-23 00:19:13.848634,SUCCESS,,1,5,2,False
TXN003694,CUST0343,MERCHANT004,3469.25,NETBANKING,2026-08-20 09:43:22.848634,FAILED,Timeout,2,14,3,True
TXN003695,CUST1270,MERCHANT002,48091.55,UPI,2026-08-22 03:04:06.848634,SUCCESS,,1,16,1,False
TXN003696,CUST1488,MERCHANT010,21737.01,UPI,2026-08-19 03:47:01.848634,SUCCESS,,1,20,2,False
TXN003697,CUST1448,MERCHANT004,36936.14,UPI,2026-08-22 03:08:12.848634,SUCCESS,,1,1,4,False
TXN003698,CUST0565,MERCHANT006,12390.06,NETBANKING,2026-08-20 16:51:56.848634,SUCCESS,,1,13,3,False
TXN003699,CUST1153,MERCHANT004,48412.38,CARD,2026-08-24 22:07:08.848634,SUCCESS,,1,20,5,False
TXN003700,CUST1393,MERCHANT006,2162.67,CARD,2026-08-24 14:55:47.848634,SUCCESS,,1,1,3,False
TXN003701,CUST1306,MERCHANT002,17838.3,CARD,2026-08-19 14:06:49.848634,SUCCESS,,1,13,2,False
TXN003702,CUST0636,MERCHANT006,5433.47,NETBANKING,2026-08-21 18:25:47.848634,SUCCESS,,1,8,0,False
TXN003703,CUST0244,MERCHANT003,39269.71,WALLET,2026-08-18 18:51:15.848634,SUCCESS,,1,18,2,False
TXN003704,CUST1867,MERCHANT009,21233.05,UPI,2026-08-20 06:52:12.848634,SUCCESS,,1,16,0,False
TXN003705,CUST1829,MERCHANT008,12955.37,NETBANKING,2026-08-20 16:26:31.848634,SUCCESS,,1,13,1,False
TXN003706,CUST1275,MERCHANT010,27588.24,UPI,2026-08-18 17:54:48.848634,SUCCESS,,1,2,0,False
TXN003707,CUST1041,MERCHANT009,18693.55,CARD,2026-08-24 02:36:42.848634,SUCCESS,,1,10,5,False
TXN003708,CUST1045,MERCHANT007,24483.4,WALLET,2026-08-24 12:49:08.848634,SUCCESS,,1,1,1,False
TXN003709,CUST1002,MERCHANT008,34149.69,UPI,2026-08-20 07:11:06.848634,SUCCESS,,1,18,4,False
TXN003710,CUST0620,MERCHANT005,49191.83,NETBANKING,2026-08-19 11:15:43.848634,SUCCESS,,1,17,1,False
TXN003711,CUST0821,MERCHANT003,35020.39,WALLET,2026-08-18 20:08:55.848634,SUCCESS,,1,17,1,False
TXN003712,CUST0700,MERCHANT009,42572.59,WALLET,2026-08-25 00:12:11.848634,SUCCESS,,1,8,5,False
TXN003713,CUST1610,MERCHANT005,15803.58,WALLET,2026-08-24 09:57:44.848634,SUCCESS,,1,18,2,False
TXN003714,CUST0262,MERCHANT007,34051.95,CARD,2026-08-24 14:01:33.848634,SUCCESS,,1,1,3,False
TXN003715,CUST1804,MERCHANT006,32241.56,UPI,2026-08-23 01:32:24.848634,SUCCESS,,1,11,5,False
TXN003716,CUST1452,MERCHANT008,21852.59,NETBANKING,2026-08-18 08:52:34.848634,SUCCESS,,1,14,4,False
TXN003717,CUST0782,MERCHANT007,4319.24,NETBANKING,2026-08-18 12:41:25.848634,SUCCESS,,1,13,1,False
TXN003718,CUST1036,MERCHANT001,30942.39,UPI,2026-08-21 19:18:16.848634,SUCCESS,,1,6,5,False
TXN003719,CUST1118,MERCHANT002,46447.14,NETBANKING,2026-08-22 14:39:35.848634,SUCCESS,,1,2,3,False
TXN003720,CUST0255,MERCHANT001,41584.03,UPI,2026-08-19 10:45:52.848634,FAILED,Technical Error,3,2,3,False
TXN003721,CUST0012,MERCHANT005,6216.72,UPI,2026-08-20 08:51:01.848634,FAILED,Technical Error,2,7,1,True
TXN003722,CUST1916,MERCHANT009,32351.65,CARD,2026-08-23 10:58:56.848634,SUCCESS,,1,6,5,False
TXN003723,CUST1393,MERCHANT002,38407.49,NETBANKING,2026-08-18 17:38:53.848634,SUCCESS,,1,14,1,False
TXN003724,CUST1948,MERCHANT004,37039.63,NETBANKING,2026-08-19 06:29:04.848634,SUCCESS,,1,12,2,False
TXN003725,CUST1260,MERCHANT005,16952.97,NETBANKING,2026-08-25 00:03:16.848634,SUCCESS,,1,14,4,False
TXN003726,CUST0796,MERCHANT009,17021.09,UPI,2026-08-20 01:40:37.848634,SUCCESS,,1,17,0,False
TXN003727,CUST1619,MERCHANT010,5857.24,UPI,2026-08-20 18:10:54.848634,SUCCESS,,1,15,0,False
TXN003728,CUST0975,MERCHANT009,44259.54,CARD,2026-08-19 23:25:04.848634,FAILED,Bank Declined,3,6,3,False
TXN003729,CUST1791,MERCHANT008,30295.17,WALLET,2026-08-20 02:01:47.848634,FAILED,Bank Declined,2,4,3,True
TXN003730,CUST1911,MERCHANT001,34090.05,WALLET,2026-08-20 22:43:40.848634,SUCCESS,,1,12,4,False
TXN003731,CUST0629,MERCHANT004,15480.85,NETBANKING,2026-08-20 03:27:57.848634,SUCCESS,,1,16,4,False
TXN003732,CUST1796,MERCHANT002,38459.51,UPI,2026-08-21 14:06:31.848634,SUCCESS,,1,17,3,False
TXN003733,CUST0366,MERCHANT003,35684.62,UPI,2026-08-19 17:11:09.848634,SUCCESS,,1,16,2,False
TXN003734,CUST1778,MERCHANT003,33520.31,CARD,2026-08-19 05:06:45.848634,SUCCESS,,1,0,2,False
TXN003735,CUST1490,MERCHANT003,39566.64,NETBANKING,2026-08-23 00:02:16.848634,SUCCESS,,1,5,4,False
TXN003736,CUST1138,MERCHANT004,40115.44,CARD,2026-08-21 07:07:29.848634,SUCCESS,,1,4,1,False
TXN003737,CUST0734,MERCHANT005,32491.92,CARD,2026-08-20 16:36:22.848634,SUCCESS,,1,3,5,False
TXN003738,CUST1667,MERCHANT006,11772.31,WALLET,2026-08-19 18:21:12.848634,SUCCESS,,1,7,2,False
TXN003739,CUST1352,MERCHANT004,33460.21,CARD,2026-08-22 23:08:59.848634,SUCCESS,,1,18,2,False
TXN003740,CUST1059,MERCHANT008,21329.46,NETBANKING,2026-08-24 00:09:55.848634,SUCCESS,,1,9,0,False
TXN003741,CUST0663,MERCHANT006,33592.94,CARD,2026-08-24 19:37:19.848634,SUCCESS,,1,3,4,False
TXN003742,CUST0667,MERCHANT001,10766.62,UPI,2026-08-21 19:13:24.848634,SUCCESS,,1,9,5,False
TXN003743,CUST0898,MERCHANT005,33974.31,UPI,2026-08-24 03:47:46.848634,SUCCESS,,1,0,3,False
TXN003744,CUST0934,MERCHANT008,12353.44,WALLET,2026-08-21 08:54:54.848634,SUCCESS,,1,3,0,False
TXN003745,CUST1879,MERCHANT010,18384.4,WALLET,2026-08-21 04:18:09.848634,SUCCESS,,1,4,5,False
TXN003746,CUST1456,MERCHANT001,32292.32,NETBANKING,2026-08-22 00:31:11.848634,SUCCESS,,1,2,4,False
TXN003747,CUST0890,MERCHANT005,35517.94,WALLET,2026-08-19 05:52:40.848634,SUCCESS,,1,17,5,False
TXN003748,CUST1735,MERCHANT009,5721.18,UPI,2026-08-24 04:02:07.848634,SUCCESS,,1,15,1,False
TXN003749,CUST0254,MERCHANT002,35453.59,CARD,2026-08-23 20:18:49.848634,SUCCESS,,1,17,0,False
TXN003750,CUST0175,MERCHANT010,12103.06,NETBANKING,2026-08-22 08:31:14.848634,SUCCESS,,1,5,3,False
TXN003751,CUST0322,MERCHANT007,25272.39,CARD,2026-08-21 19:39:21.848634,SUCCESS,,1,4,5,False
TXN003752,CUST0917,MERCHANT007,7823.68,CARD,2026-08-19 17:00:59.848634,SUCCESS,,1,10,0,False
TXN003753,CUST0343,MERCHANT002,24139.8,CARD,2026-08-21 05:28:15.848634,SUCCESS,,1,9,1,False
TXN003754,CUST0582,MERCHANT010,25158.78,NETBANKING,2026-08-20 12:40:13.848634,SUCCESS,,1,14,0,False
TXN003755,CUST1040,MERCHANT008,19904.54,WALLET,2026-08-18 20:05:50.848634,SUCCESS,,1,13,1,False
TXN003756,CUST0851,MERCHANT010,7937.99,WALLET,2026-08-21 01:19:46.848634,SUCCESS,,1,12,1,False
TXN003757,CUST1181,MERCHANT010,28298.23,CARD,2026-08-18 16:32:00.848634,SUCCESS,,1,15,3,False
TXN003758,CUST1926,MERCHANT010,3152.64,UPI,2026-08-23 17:45:11.848634,SUCCESS,,1,15,0,False
TXN003759,CUST0007,MERCHANT003,25308.47,WALLET,2026-08-24 18:08:33.848634,SUCCESS,,1,19,2,False
TXN003760,CUST0522,MERCHANT006,1303.24,WALLET,2026-08-19 09:51:53.848634,SUCCESS,,1,7,2,False
TXN003761,CUST1018,MERCHANT010,33382.74,NETBANKING,2026-08-23 18:31:59.848634,SUCCESS,,1,14,1,False
TXN003762,CUST0172,MERCHANT010,29884.04,NETBANKING,2026-08-24 11:42:02.848634,SUCCESS,,1,3,4,False
TXN003763,CUST0217,MERCHANT006,33830.33,CARD,2026-08-23 23:31:31.848634,SUCCESS,,1,13,2,False
TXN003764,CUST0248,MERCHANT001,37539.21,WALLET,2026-08-19 19:20:01.848634,SUCCESS,,1,12,5,False
TXN003765,CUST0461,MERCHANT010,1321.8,UPI,2026-08-22 08:35:30.848634,SUCCESS,,1,18,3,False
TXN003766,CUST1318,MERCHANT009,36372.91,NETBANKING,2026-08-20 13:36:51.848634,SUCCESS,,1,2,1,False
TXN003767,CUST0592,MERCHANT001,17927.06,UPI,2026-08-18 10:52:28.848634,SUCCESS,,1,17,1,False
TXN003768,CUST1892,MERCHANT005,14346.55,CARD,2026-08-22 03:35:25.848634,SUCCESS,,1,20,3,False
TXN003769,CUST1205,MERCHANT007,38120.51,WALLET,2026-08-19 16:56:47.848634,SUCCESS,,1,2,2,False
TXN003770,CUST1201,MERCHANT006,48866.04,UPI,2026-08-18 22:54:58.848634,SUCCESS,,1,8,0,False
TXN003771,CUST1203,MERCHANT005,47357.97,UPI,2026-08-19 15:28:58.848634,SUCCESS,,1,5,1,False
TXN003772,CUST0928,MERCHANT007,28222.42,NETBANKING,2026-08-22 21:17:35.848634,SUCCESS,,1,4,5,False
TXN003773,CUST1957,MERCHANT005,14264.61,NETBANKING,2026-08-19 19:43:04.848634,SUCCESS,,1,10,1,False
TXN003774,CUST0004,MERCHANT009,6932.32,CARD,2026-08-19 00:39:54.848634,SUCCESS,,1,6,0,False
TXN003775,CUST0564,MERCHANT009,10296.12,NETBANKING,2026-08-23 14:01:40.848634,SUCCESS,,1,4,2,False
TXN003776,CUST1449,MERCHANT003,26241.6,WALLET,2026-08-21 00:38:16.848634,FAILED,Technical Error,1,5,5,True
TXN003777,CUST1254,MERCHANT008,2134.02,NETBANKING,2026-08-18 19:00:42.848634,SUCCESS,,1,5,5,False
TXN003778,CUST0317,MERCHANT001,31569.71,UPI,2026-08-22 17:01:09.848634,SUCCESS,,1,0,5,False
TXN003779,CUST0122,MERCHANT002,7802.35,UPI,2026-08-20 05:07:38.848634,SUCCESS,,1,19,5,False
TXN003780,CUST0876,MERCHANT007,31854.09,NETBANKING,2026-08-18 03:11:47.848634,SUCCESS,,1,0,5,False
TXN003781,CUST1250,MERCHANT007,1488.3,NETBANKING,2026-08-21 03:14:22.848634,SUCCESS,,1,9,1,False
TXN003782,CUST0310,MERCHANT003,48974.81,NETBANKING,2026-08-22 18:49:11.848634,SUCCESS,,1,20,3,False
TXN003783,CUST0004,MERCHANT006,871.99,UPI,2026-08-21 05:44:05.848634,SUCCESS,,1,1,0,False
TXN003784,CUST1880,MERCHANT004,49112.25,CARD,2026-08-21 19:18:23.848634,SUCCESS,,1,5,5,False
TXN003785,CUST0504,MERCHANT007,21200.43,WALLET,2026-08-18 09:57:05.848634,SUCCESS,,1,18,5,False
TXN003786,CUST0387,MERCHANT001,17332.9,CARD,2026-08-19 22:32:58.848634,SUCCESS,,1,1,3,False
TXN003787,CUST1348,MERCHANT004,2801.43,NETBANKING,2026-08-18 16:05:49.848634,SUCCESS,,1,2,1,False
TXN003788,CUST0517,MERCHANT005,22018.7,CARD,2026-08-19 16:38:55.848634,SUCCESS,,1,7,4,False
TXN003789,CUST0462,MERCHANT003,45784.72,NETBANKING,2026-08-18 14:17:08.848634,SUCCESS,,1,7,2,False
TXN003790,CUST1964,MERCHANT001,15828.38,WALLET,2026-08-18 03:17:54.848634,SUCCESS,,1,16,5,False
TXN003791,CUST0638,MERCHANT008,6987.48,WALLET,2026-08-19 04:58:34.848634,SUCCESS,,1,0,3,False
TXN003792,CUST0934,MERCHANT009,43528.65,NETBANKING,2026-08-18 13:24:20.848634,SUCCESS,,1,12,3,False
TXN003793,CUST1652,MERCHANT002,4934.98,CARD,2026-08-19 19:38:12.848634,SUCCESS,,1,6,4,False
TXN003794,CUST0710,MERCHANT009,48368.12,CARD,2026-08-20 07:06:32.848634,SUCCESS,,1,20,0,False
TXN003795,CUST1862,MERCHANT002,21038.63,WALLET,2026-08-18 18:48:15.848634,SUCCESS,,1,17,2,False
TXN003796,CUST0636,MERCHANT003,33779.63,UPI,2026-08-19 00:53:35.848634,SUCCESS,,1,19,2,False
TXN003797,CUST1253,MERCHANT008,30719.98,CARD,2026-08-20 06:45:06.848634,SUCCESS,,1,0,2,False
TXN003798,CUST0517,MERCHANT007,19293.7,WALLET,2026-08-19 15:48:13.848634,SUCCESS,,1,19,2,False
TXN003799,CUST0606,MERCHANT007,16915.55,NETBANKING,2026-08-21 03:19:53.848634,SUCCESS,,1,16,2,False
TXN003800,CUST1124,MERCHANT004,29522.79,NETBANKING,2026-08-18 17:36:13.848634,SUCCESS,,1,18,2,False
TXN003801,CUST0636,MERCHANT006,33070.86,UPI,2026-08-24 22:44:38.848634,SUCCESS,,1,2,3,False
TXN003802,CUST1136,MERCHANT002,12594.08,NETBANKING,2026-08-21 04:38:13.848634,SUCCESS,,1,18,5,False
TXN003803,CUST0594,MERCHANT006,36110.69,NETBANKING,2026-08-24 10:30:20.848634,SUCCESS,,1,10,2,False
TXN003804,CUST1161,MERCHANT006,40331.21,CARD,2026-08-23 04:40:34.848634,SUCCESS,,1,20,4,False
TXN003805,CUST1229,MERCHANT005,45033.98,CARD,2026-08-19 23:36:03.848634,SUCCESS,,1,14,4,False
TXN003806,CUST1054,MERCHANT006,17310.18,NETBANKING,2026-08-24 06:44:09.848634,SUCCESS,,1,0,2,False
TXN003807,CUST0851,MERCHANT004,34345.38,NETBANKING,2026-08-20 22:45:25.848634,SUCCESS,,1,12,4,False
TXN003808,CUST0249,MERCHANT001,32560.68,CARD,2026-08-22 16:23:08.848634,SUCCESS,,1,12,1,False
TXN003809,CUST1479,MERCHANT004,9167.79,NETBANKING,2026-08-23 04:30:50.848634,SUCCESS,,1,14,2,False
TXN003810,CUST0860,MERCHANT008,20836.49,NETBANKING,2026-08-22 00:30:49.848634,SUCCESS,,1,16,5,False
TXN003811,CUST1749,MERCHANT003,25322.15,CARD,2026-08-23 21:05:54.848634,SUCCESS,,1,4,1,False
TXN003812,CUST0881,MERCHANT006,36737.55,UPI,2026-08-24 17:23:22.848634,SUCCESS,,1,2,4,False
TXN003813,CUST1291,MERCHANT006,4346.57,CARD,2026-08-23 16:20:48.848634,SUCCESS,,1,3,3,False
TXN003814,CUST0075,MERCHANT005,36815.5,UPI,2026-08-22 10:34:56.848634,SUCCESS,,1,5,5,False
TXN003815,CUST0503,MERCHANT006,40414.48,UPI,2026-08-24 12:31:12.848634,SUCCESS,,1,5,2,False
TXN003816,CUST1099,MERCHANT001,1238.4,CARD,2026-08-19 18:25:47.848634,SUCCESS,,1,4,2,False
TXN003817,CUST1023,MERCHANT007,37655.11,CARD,2026-08-21 20:55:52.848634,SUCCESS,,1,9,2,False
TXN003818,CUST1000,MERCHANT001,18494.95,CARD,2026-08-23 20:22:45.848634,SUCCESS,,1,11,5,False
TXN003819,CUST1471,MERCHANT002,48476.63,NETBANKING,2026-08-18 15:12:26.848634,SUCCESS,,1,17,5,False
TXN003820,CUST1134,MERCHANT008,31612.21,UPI,2026-08-20 23:41:13.848634,SUCCESS,,1,3,5,False
TXN003821,CUST1057,MERCHANT001,17154.69,NETBANKING,2026-08-24 05:39:40.848634,SUCCESS,,1,5,4,False
TXN003822,CUST0904,MERCHANT005,48243.92,NETBANKING,2026-08-23 08:01:03.848634,FAILED,Bank Declined,2,19,0,True
TXN003823,CUST1829,MERCHANT010,12595.18,WALLET,2026-08-19 15:45:06.848634,FAILED,Network Error,2,14,5,True
TXN003824,CUST0444,MERCHANT001,9714.77,WALLET,2026-08-20 18:32:21.848634,FAILED,Network Error,2,13,4,True
TXN003825,CUST0286,MERCHANT010,1795.36,UPI,2026-08-24 07:05:24.848634,SUCCESS,,1,14,0,False
TXN003826,CUST0400,MERCHANT008,2348.88,CARD,2026-08-25 01:53:52.848634,SUCCESS,,1,7,1,False
TXN003827,CUST1543,MERCHANT010,1453.12,WALLET,2026-08-24 05:38:34.848634,SUCCESS,,1,9,4,False
TXN003828,CUST1521,MERCHANT008,21292.68,CARD,2026-08-19 17:20:12.848634,SUCCESS,,1,1,1,False
TXN003829,CUST1831,MERCHANT007,23821.62,UPI,2026-08-21 03:07:12.848634,SUCCESS,,1,7,0,False
TXN003830,CUST1267,MERCHANT009,3162.53,UPI,2026-08-21 05:13:06.848634,SUCCESS,,1,11,5,False
TXN003831,CUST0502,MERCHANT005,21542.59,CARD,2026-08-24 02:04:49.848634,SUCCESS,,1,2,0,False
TXN003832,CUST1856,MERCHANT007,10831.29,CARD,2026-08-19 08:46:50.848634,SUCCESS,,1,19,2,False
TXN003833,CUST1562,MERCHANT008,18710.43,CARD,2026-08-21 15:06:37.848634,SUCCESS,,1,9,4,False
TXN003834,CUST1650,MERCHANT005,12090.72,NETBANKING,2026-08-24 22:34:10.848634,SUCCESS,,1,13,0,False
TXN003835,CUST0833,MERCHANT006,19228.41,CARD,2026-08-22 17:56:38.848634,SUCCESS,,1,11,5,False
TXN003836,CUST1613,MERCHANT008,1756.43,WALLET,2026-08-18 10:17:49.848634,SUCCESS,,1,7,4,False
TXN003837,CUST1080,MERCHANT009,13330.29,UPI,2026-08-20 03:28:50.848634,SUCCESS,,1,18,5,False
TXN003838,CUST0290,MERCHANT008,8908.22,NETBANKING,2026-08-20 14:20:20.848634,SUCCESS,,1,3,3,False
TXN003839,CUST0908,MERCHANT004,45075.86,UPI,2026-08-19 11:31:07.848634,SUCCESS,,1,9,3,False
TXN003840,CUST0644,MERCHANT006,38694.99,CARD,2026-08-19 02:31:55.848634,FAILED,Insufficient Funds,1,13,1,True
TXN003841,CUST1425,MERCHANT006,40100.83,NETBANKING,2026-08-21 14:57:31.848634,SUCCESS,,1,12,5,False
TXN003842,CUST0171,MERCHANT010,13736.46,WALLET,2026-08-19 18:25:51.848634,SUCCESS,,1,19,5,False
TXN003843,CUST1342,MERCHANT004,20179.25,CARD,2026-08-20 14:03:50.848634,SUCCESS,,1,10,2,False
TXN003844,CUST1068,MERCHANT010,23368.39,CARD,2026-08-23 04:59:46.848634,SUCCESS,,1,0,3,False
TXN003845,CUST1791,MERCHANT009,29065.32,WALLET,2026-08-24 00:52:36.848634,SUCCESS,,1,2,5,False
TXN003846,CUST0396,MERCHANT004,16505.61,NETBANKING,2026-08-19 03:49:35.848634,SUCCESS,,1,10,2,False
TXN003847,CUST1325,MERCHANT006,12601.38,WALLET,2026-08-23 10:55:20.848634,SUCCESS,,1,19,4,False
TXN003848,CUST1891,MERCHANT008,15122.65,WALLET,2026-08-23 05:21:45.848634,SUCCESS,,1,3,3,False
TXN003849,CUST1637,MERCHANT006,37790.53,WALLET,2026-08-21 05:34:42.848634,SUCCESS,,1,12,3,False
TXN003850,CUST1002,MERCHANT009,49440.37,CARD,2026-08-22 22:13:59.848634,SUCCESS,,1,11,4,False
TXN003851,CUST0855,MERCHANT006,30864.53,WALLET,2026-08-21 09:20:24.848634,SUCCESS,,1,0,5,False
TXN003852,CUST1260,MERCHANT008,13849.37,NETBANKING,2026-08-24 15:57:07.848634,SUCCESS,,1,7,3,False
TXN003853,CUST1648,MERCHANT003,39719.35,UPI,2026-08-23 15:00:48.848634,SUCCESS,,1,13,2,False
TXN003854,CUST0225,MERCHANT008,47480.78,CARD,2026-08-19 23:54:48.848634,SUCCESS,,1,4,0,False
TXN003855,CUST1898,MERCHANT004,49997.02,UPI,2026-08-23 15:02:20.848634,SUCCESS,,1,7,0,False
TXN003856,CUST0202,MERCHANT005,9924.47,WALLET,2026-08-19 13:17:12.848634,SUCCESS,,1,11,1,False
TXN003857,CUST1354,MERCHANT005,33543.2,UPI,2026-08-19 22:46:06.848634,FAILED,Bank Declined,3,10,4,False
TXN003858,CUST1886,MERCHANT001,45352.14,UPI,2026-08-20 03:12:05.848634,SUCCESS,,1,6,4,False
TXN003859,CUST0939,MERCHANT002,27954.44,UPI,2026-08-20 09:20:54.848634,SUCCESS,,1,18,0,False
TXN003860,CUST1486,MERCHANT006,27053.89,WALLET,2026-08-24 09:24:45.848634,SUCCESS,,1,19,0,False
TXN003861,CUST1859,MERCHANT001,33529.71,NETBANKING,2026-08-22 23:52:28.848634,SUCCESS,,1,20,4,False
TXN003862,CUST0570,MERCHANT005,35180.47,CARD,2026-08-22 20:33:19.848634,SUCCESS,,1,8,5,False
TXN003863,CUST1066,MERCHANT002,27086.54,WALLET,2026-08-20 13:24:36.848634,SUCCESS,,1,3,0,False
TXN003864,CUST0906,MERCHANT009,31853.66,WALLET,2026-08-18 08:50:34.848634,SUCCESS,,1,19,4,False
TXN003865,CUST0946,MERCHANT004,34866.64,CARD,2026-08-22 08:50:00.848634,SUCCESS,,1,3,3,False
TXN003866,CUST0199,MERCHANT008,2507.47,UPI,2026-08-24 12:55:14.848634,SUCCESS,,1,0,0,False
TXN003867,CUST0787,MERCHANT001,43993.35,CARD,2026-08-19 21:19:26.848634,SUCCESS,,1,4,4,False
TXN003868,CUST1184,MERCHANT009,29029.4,CARD,2026-08-22 22:49:34.848634,SUCCESS,,1,3,0,False
TXN003869,CUST0606,MERCHANT005,36954.0,NETBANKING,2026-08-24 06:20:54.848634,SUCCESS,,1,3,3,False
TXN003870,CUST1033,MERCHANT007,19967.23,UPI,2026-08-18 13:24:25.848634,SUCCESS,,1,9,4,False
TXN003871,CUST1397,MERCHANT001,32934.32,WALLET,2026-08-18 20:40:25.848634,SUCCESS,,1,14,2,False
TXN003872,CUST0255,MERCHANT001,49959.19,WALLET,2026-08-18 11:10:51.848634,SUCCESS,,1,2,4,False
TXN003873,CUST1209,MERCHANT007,7271.88,UPI,2026-08-19 13:09:30.848634,SUCCESS,,1,18,4,False
TXN003874,CUST1201,MERCHANT010,16050.29,NETBANKING,2026-08-18 10:56:25.848634,SUCCESS,,1,2,0,False
TXN003875,CUST0929,MERCHANT001,13511.16,CARD,2026-08-18 05:46:45.848634,SUCCESS,,1,18,2,False
TXN003876,CUST1250,MERCHANT005,11790.72,NETBANKING,2026-08-23 13:27:05.848634,FAILED,Technical Error,1,18,5,True
TXN003877,CUST1038,MERCHANT008,19212.42,UPI,2026-08-19 00:57:29.848634,SUCCESS,,1,5,5,False
TXN003878,CUST0621,MERCHANT005,17562.27,UPI,2026-08-20 02:23:07.848634,SUCCESS,,1,18,4,False
TXN003879,CUST0999,MERCHANT001,24512.15,WALLET,2026-08-19 08:12:07.848634,SUCCESS,,1,7,5,False
TXN003880,CUST0311,MERCHANT003,49255.63,CARD,2026-08-21 08:29:35.848634,SUCCESS,,1,19,5,False
TXN003881,CUST1641,MERCHANT008,19235.54,CARD,2026-08-22 04:43:01.848634,SUCCESS,,1,5,4,False
TXN003882,CUST0701,MERCHANT007,1169.42,NETBANKING,2026-08-23 13:21:44.848634,SUCCESS,,1,17,3,False
TXN003883,CUST1839,MERCHANT008,49575.09,WALLET,2026-08-21 08:52:27.848634,SUCCESS,,1,11,3,False
TXN003884,CUST0901,MERCHANT002,36424.04,CARD,2026-08-22 18:57:58.848634,SUCCESS,,1,17,4,False
TXN003885,CUST0663,MERCHANT002,35411.24,NETBANKING,2026-08-19 12:13:16.848634,SUCCESS,,1,0,5,False
TXN003886,CUST1857,MERCHANT008,43593.69,NETBANKING,2026-08-24 07:51:50.848634,SUCCESS,,1,18,3,False
TXN003887,CUST0778,MERCHANT003,1174.02,NETBANKING,2026-08-23 02:17:18.848634,SUCCESS,,1,15,4,False
TXN003888,CUST0391,MERCHANT002,37292.49,NETBANKING,2026-08-19 15:37:08.848634,SUCCESS,,1,2,5,False
TXN003889,CUST1013,MERCHANT004,4740.58,NETBANKING,2026-08-21 19:32:19.848634,SUCCESS,,1,11,2,False
TXN003890,CUST0394,MERCHANT007,46664.71,NETBANKING,2026-08-19 15:03:09.848634,SUCCESS,,1,14,1,False
TXN003891,CUST1542,MERCHANT004,43453.68,WALLET,2026-08-20 11:22:38.848634,SUCCESS,,1,0,2,False
TXN003892,CUST0906,MERCHANT001,38473.69,CARD,2026-08-20 09:48:38.848634,SUCCESS,,1,19,4,False
TXN003893,CUST1618,MERCHANT006,34566.3,UPI,2026-08-24 14:00:07.848634,SUCCESS,,1,20,1,False
TXN003894,CUST0214,MERCHANT001,49827.88,CARD,2026-08-23 07:35:42.848634,SUCCESS,,1,13,4,False
TXN003895,CUST1154,MERCHANT001,23511.18,UPI,2026-08-25 02:12:01.848634,SUCCESS,,1,19,3,False
TXN003896,CUST0102,MERCHANT003,47819.16,CARD,2026-08-21 17:14:42.848634,SUCCESS,,1,14,4,False
TXN003897,CUST0979,MERCHANT005,22830.76,NETBANKING,2026-08-18 22:43:41.848634,SUCCESS,,1,4,3,False
TXN003898,CUST1139,MERCHANT007,23764.01,NETBANKING,2026-08-19 20:10:59.848634,SUCCESS,,1,3,4,False
TXN003899,CUST0831,MERCHANT009,43993.39,WALLET,2026-08-24 19:01:21.848634,SUCCESS,,1,20,4,False
TXN003900,CUST1987,MERCHANT001,5535.25,NETBANKING,2026-08-23 15:33:28.848634,SUCCESS,,1,3,0,False
TXN003901,CUST1401,MERCHANT001,30369.58,UPI,2026-08-22 12:36:34.848634,SUCCESS,,1,13,4,False
TXN003902,CUST0120,MERCHANT006,17625.72,UPI,2026-08-22 07:52:17.848634,SUCCESS,,1,18,0,False
TXN003903,CUST0757,MERCHANT002,42953.64,WALLET,2026-08-21 08:23:30.848634,SUCCESS,,1,20,3,False
TXN003904,CUST1463,MERCHANT005,20020.0,NETBANKING,2026-08-20 18:36:05.848634,SUCCESS,,1,12,5,False
TXN003905,CUST1120,MERCHANT010,25238.52,WALLET,2026-08-24 06:27:07.848634,SUCCESS,,1,16,5,False
TXN003906,CUST1811,MERCHANT009,45830.26,NETBANKING,2026-08-22 08:38:13.848634,SUCCESS,,1,11,2,False
TXN003907,CUST1931,MERCHANT007,42394.72,UPI,2026-08-24 18:53:17.848634,SUCCESS,,1,3,5,False
TXN003908,CUST0358,MERCHANT004,8673.02,NETBANKING,2026-08-24 00:14:24.848634,SUCCESS,,1,20,3,False
TXN003909,CUST0467,MERCHANT010,16009.74,NETBANKING,2026-08-21 02:11:25.848634,FAILED,Timeout,2,1,0,True
TXN003910,CUST1217,MERCHANT006,48984.62,UPI,2026-08-19 22:21:17.848634,SUCCESS,,1,3,1,False
TXN003911,CUST1973,MERCHANT003,29409.19,UPI,2026-08-22 21:13:32.848634,FAILED,Insufficient Funds,1,6,3,True
TXN003912,CUST0941,MERCHANT009,31183.66,WALLET,2026-08-24 00:54:02.848634,SUCCESS,,1,14,4,False
TXN003913,CUST0342,MERCHANT009,30982.8,CARD,2026-08-19 01:26:07.848634,FAILED,Technical Error,1,11,4,True
TXN003914,CUST0713,MERCHANT010,20422.4,CARD,2026-08-22 00:00:54.848634,SUCCESS,,1,5,4,False
TXN003915,CUST0175,MERCHANT008,47938.0,CARD,2026-08-19 13:40:28.848634,SUCCESS,,1,2,0,False
TXN003916,CUST1893,MERCHANT006,33335.3,CARD,2026-08-21 13:59:50.848634,SUCCESS,,1,0,2,False
TXN003917,CUST0801,MERCHANT009,41908.72,WALLET,2026-08-18 22:17:18.848634,SUCCESS,,1,12,3,False
TXN003918,CUST0401,MERCHANT002,41922.88,WALLET,2026-08-21 12:42:14.848634,SUCCESS,,1,5,3,False
TXN003919,CUST1916,MERCHANT008,34216.91,UPI,2026-08-24 03:32:28.848634,SUCCESS,,1,5,5,False
TXN003920,CUST1301,MERCHANT010,5244.47,CARD,2026-08-21 07:28:13.848634,SUCCESS,,1,14,0,False
TXN003921,CUST0088,MERCHANT008,32229.89,WALLET,2026-08-24 10:38:04.848634,SUCCESS,,1,12,2,False
TXN003922,CUST0499,MERCHANT007,12906.34,WALLET,2026-08-23 12:16:18.848634,SUCCESS,,1,20,5,False
TXN003923,CUST0338,MERCHANT009,22014.76,UPI,2026-08-24 11:09:08.848634,SUCCESS,,1,9,2,False
TXN003924,CUST0004,MERCHANT008,29114.27,CARD,2026-08-18 13:33:19.848634,SUCCESS,,1,6,0,False
TXN003925,CUST1002,MERCHANT009,41363.82,WALLET,2026-08-19 15:59:00.848634,SUCCESS,,1,15,1,False
TXN003926,CUST0044,MERCHANT005,29257.1,NETBANKING,2026-08-18 16:31:03.848634,SUCCESS,,1,12,5,False
TXN003927,CUST0558,MERCHANT002,1137.98,UPI,2026-08-23 00:13:29.848634,SUCCESS,,1,15,3,False
TXN003928,CUST1658,MERCHANT001,24293.5,CARD,2026-08-22 14:55:46.848634,SUCCESS,,1,5,4,False
TXN003929,CUST1387,MERCHANT005,33017.64,UPI,2026-08-22 14:07:37.848634,SUCCESS,,1,20,4,False
TXN003930,CUST1125,MERCHANT007,45586.32,NETBANKING,2026-08-21 16:47:40.848634,SUCCESS,,1,3,2,False
TXN003931,CUST1549,MERCHANT003,44958.14,CARD,2026-08-24 00:44:56.848634,SUCCESS,,1,18,4,False
TXN003932,CUST0267,MERCHANT001,17468.83,UPI,2026-08-20 03:39:22.848634,FAILED,Network Error,1,11,4,True
TXN003933,CUST1408,MERCHANT010,2667.31,NETBANKING,2026-08-23 15:06:29.848634,SUCCESS,,1,15,3,False
TXN003934,CUST0532,MERCHANT001,23657.77,NETBANKING,2026-08-22 11:11:27.848634,SUCCESS,,1,8,3,False
TXN003935,CUST1308,MERCHANT009,43341.21,NETBANKING,2026-08-24 11:10:43.848634,SUCCESS,,1,16,3,False
TXN003936,CUST1921,MERCHANT002,5194.54,CARD,2026-08-21 14:08:52.848634,SUCCESS,,1,11,3,False
TXN003937,CUST0153,MERCHANT006,21001.03,CARD,2026-08-24 02:53:22.848634,FAILED,Timeout,3,18,3,False
TXN003938,CUST0733,MERCHANT010,9654.09,UPI,2026-08-23 08:09:57.848634,SUCCESS,,1,5,1,False
TXN003939,CUST0737,MERCHANT008,13439.11,CARD,2026-08-21 15:14:21.848634,FAILED,Timeout,1,1,4,True
TXN003940,CUST0179,MERCHANT010,46990.5,UPI,2026-08-23 21:13:49.848634,SUCCESS,,1,17,0,False
TXN003941,CUST1243,MERCHANT002,1320.27,UPI,2026-08-19 07:48:46.848634,SUCCESS,,1,2,2,False
TXN003942,CUST1500,MERCHANT008,8748.31,WALLET,2026-08-24 13:04:28.848634,SUCCESS,,1,1,1,False
TXN003943,CUST1854,MERCHANT006,31660.24,UPI,2026-08-21 09:53:48.848634,SUCCESS,,1,15,5,False
TXN003944,CUST0425,MERCHANT003,40915.99,CARD,2026-08-25 02:19:25.848634,SUCCESS,,1,10,0,False
TXN003945,CUST1831,MERCHANT006,2087.67,CARD,2026-08-21 22:26:26.848634,SUCCESS,,1,10,0,False
TXN003946,CUST1313,MERCHANT001,7662.87,CARD,2026-08-24 08:29:42.848634,FAILED,Insufficient Funds,3,5,3,False
TXN003947,CUST0308,MERCHANT007,2162.2,WALLET,2026-08-21 05:34:19.848634,SUCCESS,,1,13,3,False
TXN003948,CUST0640,MERCHANT007,46567.78,CARD,2026-08-18 11:12:08.848634,SUCCESS,,1,15,3,False
TXN003949,CUST1783,MERCHANT007,31137.39,WALLET,2026-08-23 22:36:26.848634,SUCCESS,,1,0,1,False
TXN003950,CUST0378,MERCHANT005,20906.14,WALLET,2026-08-23 23:06:22.848634,SUCCESS,,1,2,4,False
TXN003951,CUST1437,MERCHANT001,8128.34,UPI,2026-08-24 03:13:54.848634,SUCCESS,,1,5,2,False
TXN003952,CUST1235,MERCHANT009,20368.25,WALLET,2026-08-22 09:26:51.848634,SUCCESS,,1,2,5,False
TXN003953,CUST0072,MERCHANT004,24950.79,WALLET,2026-08-18 15:35:02.848634,SUCCESS,,1,13,1,False
TXN003954,CUST1675,MERCHANT005,24162.96,CARD,2026-08-18 19:48:58.848634,SUCCESS,,1,12,2,False
TXN003955,CUST0430,MERCHANT007,31514.93,CARD,2026-08-20 18:51:46.848634,SUCCESS,,1,6,1,False
TXN003956,CUST0995,MERCHANT009,8504.99,CARD,2026-08-19 21:38:50.848634,SUCCESS,,1,0,1,False
TXN003957,CUST0113,MERCHANT010,30278.12,CARD,2026-08-24 15:11:04.848634,SUCCESS,,1,2,1,False
TXN003958,CUST0856,MERCHANT007,16253.66,CARD,2026-08-24 10:13:22.848634,SUCCESS,,1,13,2,False
TXN003959,CUST1214,MERCHANT005,46973.64,UPI,2026-08-21 18:23:00.848634,SUCCESS,,1,5,5,False
TXN003960,CUST0262,MERCHANT002,7000.86,WALLET,2026-08-20 04:15:23.848634,SUCCESS,,1,17,0,False
TXN003961,CUST1054,MERCHANT005,6579.84,NETBANKING,2026-08-23 14:09:24.848634,SUCCESS,,1,14,4,False
TXN003962,CUST0902,MERCHANT003,760.6,CARD,2026-08-20 07:06:51.848634,SUCCESS,,1,4,1,False
TXN003963,CUST0595,MERCHANT008,21199.9,WALLET,2026-08-23 23:28:59.848634,SUCCESS,,1,16,5,False
TXN003964,CUST0363,MERCHANT005,12595.13,UPI,2026-08-19 08:58:02.848634,SUCCESS,,1,13,4,False
TXN003965,CUST0243,MERCHANT002,7162.99,NETBANKING,2026-08-23 08:12:48.848634,SUCCESS,,1,16,0,False
TXN003966,CUST1956,MERCHANT001,15280.56,NETBANKING,2026-08-20 10:33:29.848634,SUCCESS,,1,2,0,False
TXN003967,CUST1279,MERCHANT010,20414.71,CARD,2026-08-21 14:17:31.848634,SUCCESS,,1,4,1,False
TXN003968,CUST0529,MERCHANT006,37247.84,CARD,2026-08-20 02:24:19.848634,SUCCESS,,1,0,0,False
TXN003969,CUST0912,MERCHANT004,24272.25,UPI,2026-08-21 03:26:56.848634,SUCCESS,,1,5,1,False
TXN003970,CUST0650,MERCHANT003,3823.39,WALLET,2026-08-24 02:35:49.848634,SUCCESS,,1,8,3,False
TXN003971,CUST1506,MERCHANT005,6055.56,UPI,2026-08-23 02:43:47.848634,SUCCESS,,1,9,2,False
TXN003972,CUST1527,MERCHANT009,4491.84,NETBANKING,2026-08-21 23:03:38.848634,SUCCESS,,1,9,5,False
TXN003973,CUST1108,MERCHANT006,13888.74,UPI,2026-08-22 02:04:53.848634,FAILED,Technical Error,1,7,3,True
TXN003974,CUST1508,MERCHANT010,43380.94,CARD,2026-08-21 04:44:29.848634,SUCCESS,,1,11,0,False
TXN003975,CUST0091,MERCHANT008,25556.45,UPI,2026-08-20 22:35:45.848634,SUCCESS,,1,10,5,False
TXN003976,CUST1933,MERCHANT003,17187.29,WALLET,2026-08-18 08:54:47.848634,SUCCESS,,1,20,2,False
TXN003977,CUST0422,MERCHANT008,18907.07,CARD,2026-08-21 06:57:51.848634,SUCCESS,,1,4,1,False
TXN003978,CUST1726,MERCHANT008,21949.64,CARD,2026-08-24 17:26:22.848634,SUCCESS,,1,15,0,False
TXN003979,CUST0752,MERCHANT010,425.06,WALLET,2026-08-23 20:02:13.848634,SUCCESS,,1,12,1,False
TXN003980,CUST1448,MERCHANT005,29540.28,UPI,2026-08-23 11:12:56.848634,SUCCESS,,1,4,1,False
TXN003981,CUST0326,MERCHANT006,12316.09,NETBANKING,2026-08-22 23:20:05.848634,SUCCESS,,1,17,5,False
TXN003982,CUST1248,MERCHANT005,5015.91,WALLET,2026-08-22 20:38:04.848634,SUCCESS,,1,18,2,False
TXN003983,CUST1319,MERCHANT004,27109.49,CARD,2026-08-19 22:53:29.848634,SUCCESS,,1,7,4,False
TXN003984,CUST1396,MERCHANT001,31109.61,WALLET,2026-08-21 09:55:16.848634,SUCCESS,,1,11,4,False
TXN003985,CUST0367,MERCHANT010,22156.72,CARD,2026-08-21 18:25:47.848634,SUCCESS,,1,3,0,False
TXN003986,CUST0348,MERCHANT007,28444.46,WALLET,2026-08-19 16:19:57.848634,SUCCESS,,1,20,3,False
TXN003987,CUST0562,MERCHANT005,18833.47,NETBANKING,2026-08-22 19:02:43.848634,FAILED,Timeout,3,7,5,False
TXN003988,CUST0258,MERCHANT001,40627.07,UPI,2026-08-22 18:28:20.848634,SUCCESS,,1,9,2,False
TXN003989,CUST1694,MERCHANT002,38446.73,CARD,2026-08-21 20:43:31.848634,SUCCESS,,1,3,5,False
TXN003990,CUST1033,MERCHANT002,47280.71,WALLET,2026-08-20 22:06:49.848634,SUCCESS,,1,20,1,False
TXN003991,CUST0706,MERCHANT009,36318.7,NETBANKING,2026-08-18 16:06:09.848634,SUCCESS,,1,1,5,False
TXN003992,CUST0157,MERCHANT005,25399.89,CARD,2026-08-22 23:52:52.848634,SUCCESS,,1,13,1,False
TXN003993,CUST0303,MERCHANT004,6912.58,NETBANKING,2026-08-20 20:33:55.848634,SUCCESS,,1,6,0,False
TXN003994,CUST1377,MERCHANT004,44133.94,NETBANKING,2026-08-18 21:12:15.848634,SUCCESS,,1,0,4,False
TXN003995,CUST0818,MERCHANT009,7407.32,CARD,2026-08-18 07:40:48.848634,SUCCESS,,1,16,0,False
TXN003996,CUST1889,MERCHANT009,2865.89,UPI,2026-08-18 08:25:02.848634,SUCCESS,,1,15,0,False
TXN003997,CUST0357,MERCHANT010,43624.52,CARD,2026-08-22 13:22:24.848634,SUCCESS,,1,17,2,False
TXN003998,CUST1390,MERCHANT001,32671.74,CARD,2026-08-22 11:06:40.848634,SUCCESS,,1,3,0,False
TXN003999,CUST1811,MERCHANT008,4956.04,WALLET,2026-08-24 16:20:40.848634,SUCCESS,,1,16,3,False
TXN004000,CUST1846,MERCHANT006,36750.16,CARD,2026-08-20 16:30:01.848634,SUCCESS,,1,4,3,False
TXN004001,CUST1891,MERCHANT001,29317.39,WALLET,2026-08-18 12:00:35.848634,SUCCESS,,1,10,0,False
TXN004002,CUST0111,MERCHANT008,27685.23,WALLET,2026-08-23 03:11:26.848634,SUCCESS,,1,6,1,False
TXN004003,CUST0655,MERCHANT008,1866.22,WALLET,2026-08-19 18:48:31.848634,SUCCESS,,1,19,3,False
TXN004004,CUST1293,MERCHANT002,37956.75,CARD,2026-08-23 13:46:49.848634,SUCCESS,,1,11,4,False
TXN004005,CUST1838,MERCHANT009,26746.72,CARD,2026-08-21 06:54:51.848634,SUCCESS,,1,12,2,False
TXN004006,CUST0455,MERCHANT003,47142.33,UPI,2026-08-23 12:32:39.848634,FAILED,Bank Declined,3,16,1,False
TXN004007,CUST1744,MERCHANT010,20956.59,WALLET,2026-08-18 21:41:19.848634,SUCCESS,,1,19,3,False
TXN004008,CUST0910,MERCHANT002,44891.25,CARD,2026-08-24 02:48:02.848634,SUCCESS,,1,6,5,False
TXN004009,CUST1828,MERCHANT009,47875.51,WALLET,2026-08-18 21:14:11.848634,SUCCESS,,1,1,4,False
TXN004010,CUST1603,MERCHANT004,49825.37,CARD,2026-08-20 19:46:12.848634,SUCCESS,,1,12,1,False
TXN004011,CUST1266,MERCHANT006,21422.57,UPI,2026-08-18 16:27:32.848634,SUCCESS,,1,5,3,False
TXN004012,CUST0416,MERCHANT001,2617.59,UPI,2026-08-21 14:21:40.848634,SUCCESS,,1,8,3,False
TXN004013,CUST0406,MERCHANT003,19695.27,WALLET,2026-08-23 03:03:36.848634,SUCCESS,,1,3,3,False
TXN004014,CUST1988,MERCHANT010,10042.43,UPI,2026-08-21 23:42:31.848634,SUCCESS,,1,11,1,False
TXN004015,CUST1663,MERCHANT008,10901.48,CARD,2026-08-20 13:38:27.848634,SUCCESS,,1,19,4,False
TXN004016,CUST1194,MERCHANT003,31800.51,CARD,2026-08-23 23:09:39.848634,SUCCESS,,1,14,4,False
TXN004017,CUST0587,MERCHANT004,4979.5,UPI,2026-08-19 17:22:46.848634,SUCCESS,,1,19,5,False
TXN004018,CUST1974,MERCHANT007,16356.79,WALLET,2026-08-19 13:44:10.848634,SUCCESS,,1,9,5,False
TXN004019,CUST0579,MERCHANT004,2062.32,CARD,2026-08-19 05:05:37.848634,SUCCESS,,1,1,3,False
TXN004020,CUST1657,MERCHANT006,3167.29,NETBANKING,2026-08-20 08:03:57.848634,SUCCESS,,1,15,4,False
TXN004021,CUST0375,MERCHANT007,6266.46,CARD,2026-08-23 13:54:57.848634,SUCCESS,,1,6,5,False
TXN004022,CUST0168,MERCHANT004,37196.89,UPI,2026-08-22 04:34:31.848634,SUCCESS,,1,6,4,False
TXN004023,CUST0968,MERCHANT006,49104.89,WALLET,2026-08-23 22:13:36.848634,SUCCESS,,1,7,2,False
TXN004024,CUST0256,MERCHANT008,49190.06,UPI,2026-08-21 18:23:14.848634,SUCCESS,,1,18,3,False
TXN004025,CUST1463,MERCHANT007,8128.56,UPI,2026-08-22 06:57:22.848634,SUCCESS,,1,8,1,False
TXN004026,CUST0747,MERCHANT001,6033.29,UPI,2026-08-23 12:30:03.848634,SUCCESS,,1,8,3,False
TXN004027,CUST1176,MERCHANT002,9512.49,WALLET,2026-08-20 06:44:40.848634,SUCCESS,,1,20,5,False
TXN004028,CUST0668,MERCHANT008,3615.43,NETBANKING,2026-08-18 19:33:07.848634,SUCCESS,,1,3,5,False
TXN004029,CUST0147,MERCHANT002,28955.7,WALLET,2026-08-23 13:03:22.848634,SUCCESS,,1,17,5,False
TXN004030,CUST0107,MERCHANT009,11899.82,NETBANKING,2026-08-21 19:54:57.848634,SUCCESS,,1,3,0,False
TXN004031,CUST1350,MERCHANT009,8705.52,CARD,2026-08-24 19:24:45.848634,SUCCESS,,1,14,2,False
TXN004032,CUST1667,MERCHANT002,23174.97,WALLET,2026-08-18 09:21:42.848634,SUCCESS,,1,18,1,False
TXN004033,CUST0875,MERCHANT009,19090.92,NETBANKING,2026-08-24 08:06:02.848634,SUCCESS,,1,5,1,False
TXN004034,CUST0484,MERCHANT006,49398.57,NETBANKING,2026-08-19 07:44:37.848634,SUCCESS,,1,9,4,False
TXN004035,CUST1944,MERCHANT010,16922.27,WALLET,2026-08-19 21:39:29.848634,SUCCESS,,1,2,1,False
TXN004036,CUST1612,MERCHANT010,19526.2,UPI,2026-08-19 23:39:05.848634,SUCCESS,,1,10,0,False
TXN004037,CUST1928,MERCHANT006,19673.11,NETBANKING,2026-08-18 04:47:19.848634,SUCCESS,,1,8,1,False
TXN004038,CUST0101,MERCHANT009,9913.53,NETBANKING,2026-08-21 15:15:09.848634,SUCCESS,,1,8,4,False
TXN004039,CUST0192,MERCHANT009,44760.29,NETBANKING,2026-08-18 23:25:01.848634,SUCCESS,,1,14,2,False
TXN004040,CUST1399,MERCHANT007,33490.99,NETBANKING,2026-08-23 13:56:23.848634,SUCCESS,,1,20,2,False
TXN004041,CUST1113,MERCHANT007,40650.86,WALLET,2026-08-23 16:13:48.848634,SUCCESS,,1,10,2,False
TXN004042,CUST1188,MERCHANT010,25805.51,NETBANKING,2026-08-20 04:09:26.848634,SUCCESS,,1,13,5,False
TXN004043,CUST1710,MERCHANT010,21276.02,WALLET,2026-08-22 02:09:17.848634,FAILED,Bank Declined,3,2,5,False
TXN004044,CUST1311,MERCHANT001,2073.32,UPI,2026-08-18 22:59:14.848634,SUCCESS,,1,12,2,False
TXN004045,CUST1303,MERCHANT007,30943.22,NETBANKING,2026-08-20 02:40:00.848634,SUCCESS,,1,6,2,False
TXN004046,CUST0794,MERCHANT009,11234.53,UPI,2026-08-24 10:06:43.848634,SUCCESS,,1,3,4,False
TXN004047,CUST1972,MERCHANT002,34714.58,WALLET,2026-08-24 03:33:33.848634,SUCCESS,,1,9,1,False
TXN004048,CUST0731,MERCHANT006,35097.62,WALLET,2026-08-19 01:30:59.848634,SUCCESS,,1,10,1,False
TXN004049,CUST0747,MERCHANT003,40626.85,CARD,2026-08-19 11:47:11.848634,SUCCESS,,1,7,0,False
TXN004050,CUST1328,MERCHANT003,36183.63,CARD,2026-08-19 10:44:39.848634,SUCCESS,,1,11,1,False
TXN004051,CUST1956,MERCHANT007,39759.8,UPI,2026-08-24 15:39:00.848634,SUCCESS,,1,18,2,False
TXN004052,CUST0905,MERCHANT005,43075.4,CARD,2026-08-22 18:04:48.848634,SUCCESS,,1,7,3,False
TXN004053,CUST1941,MERCHANT005,5688.63,WALLET,2026-08-18 19:46:46.848634,SUCCESS,,1,7,5,False
TXN004054,CUST1863,MERCHANT006,5906.04,NETBANKING,2026-08-19 02:40:26.848634,SUCCESS,,1,13,1,False
TXN004055,CUST0396,MERCHANT003,19325.71,NETBANKING,2026-08-20 18:46:54.848634,SUCCESS,,1,12,5,False
TXN004056,CUST0015,MERCHANT003,2039.18,UPI,2026-08-18 12:55:59.848634,SUCCESS,,1,10,2,False
TXN004057,CUST1313,MERCHANT006,5137.1,CARD,2026-08-19 14:55:04.848634,SUCCESS,,1,0,1,False
TXN004058,CUST1615,MERCHANT009,36760.64,CARD,2026-08-22 16:01:59.848634,SUCCESS,,1,4,2,False
TXN004059,CUST0756,MERCHANT009,5315.35,CARD,2026-08-22 11:32:16.848634,SUCCESS,,1,11,4,False
TXN004060,CUST1985,MERCHANT002,3697.97,NETBANKING,2026-08-24 02:52:33.848634,SUCCESS,,1,18,1,False
TXN004061,CUST0795,MERCHANT010,22818.56,UPI,2026-08-22 00:38:44.848634,SUCCESS,,1,18,4,False
TXN004062,CUST0989,MERCHANT008,16159.43,UPI,2026-08-19 21:48:41.848634,SUCCESS,,1,16,2,False
TXN004063,CUST1489,MERCHANT006,10440.23,CARD,2026-08-23 23:22:15.848634,SUCCESS,,1,2,5,False
TXN004064,CUST1276,MERCHANT001,4803.75,UPI,2026-08-19 05:28:13.848634,SUCCESS,,1,19,2,False
TXN004065,CUST0297,MERCHANT004,49514.94,UPI,2026-08-22 06:56:14.848634,SUCCESS,,1,0,0,False
TXN004066,CUST0029,MERCHANT009,11682.25,NETBANKING,2026-08-20 02:25:40.848634,SUCCESS,,1,3,3,False
TXN004067,CUST1313,MERCHANT001,16830.94,UPI,2026-08-22 02:22:11.848634,SUCCESS,,1,5,5,False
TXN004068,CUST0073,MERCHANT010,3581.42,NETBANKING,2026-08-18 17:35:06.848634,SUCCESS,,1,1,0,False
TXN004069,CUST1730,MERCHANT004,39976.47,NETBANKING,2026-08-18 06:38:37.848634,SUCCESS,,1,14,0,False
TXN004070,CUST0531,MERCHANT001,7909.79,NETBANKING,2026-08-20 14:54:14.848634,SUCCESS,,1,18,2,False
TXN004071,CUST1277,MERCHANT010,282.22,UPI,2026-08-21 01:08:55.848634,SUCCESS,,1,16,4,False
TXN004072,CUST0825,MERCHANT002,25414.88,CARD,2026-08-21 02:43:11.848634,SUCCESS,,1,20,3,False
TXN004073,CUST0986,MERCHANT004,303.45,UPI,2026-08-20 09:08:16.848634,SUCCESS,,1,20,0,False
TXN004074,CUST1889,MERCHANT003,29212.82,NETBANKING,2026-08-21 08:08:13.848634,SUCCESS,,1,20,2,False
TXN004075,CUST0412,MERCHANT010,16315.88,WALLET,2026-08-21 20:36:29.848634,SUCCESS,,1,19,4,False
TXN004076,CUST1284,MERCHANT007,29349.94,NETBANKING,2026-08-23 12:57:26.848634,SUCCESS,,1,6,3,False
TXN004077,CUST1950,MERCHANT001,28099.0,WALLET,2026-08-24 02:16:46.848634,SUCCESS,,1,1,1,False
TXN004078,CUST0819,MERCHANT004,30300.8,CARD,2026-08-21 05:59:03.848634,SUCCESS,,1,0,1,False
TXN004079,CUST0856,MERCHANT002,4447.74,NETBANKING,2026-08-23 14:46:12.848634,SUCCESS,,1,8,5,False
TXN004080,CUST0798,MERCHANT003,9768.14,CARD,2026-08-19 04:05:04.848634,SUCCESS,,1,1,5,False
TXN004081,CUST0754,MERCHANT003,5273.43,CARD,2026-08-20 04:08:01.848634,SUCCESS,,1,18,3,False
TXN004082,CUST1775,MERCHANT005,25641.89,NETBANKING,2026-08-22 07:28:09.848634,SUCCESS,,1,11,4,False
TXN004083,CUST0393,MERCHANT009,42645.8,CARD,2026-08-23 16:26:40.848634,SUCCESS,,1,17,2,False
TXN004084,CUST1644,MERCHANT002,12364.0,CARD,2026-08-19 01:49:22.848634,FAILED,Bank Declined,2,0,4,True
TXN004085,CUST0498,MERCHANT004,5362.8,UPI,2026-08-21 17:36:26.848634,SUCCESS,,1,13,5,False
TXN004086,CUST1064,MERCHANT005,31538.55,CARD,2026-08-20 18:49:01.848634,SUCCESS,,1,18,0,False
TXN004087,CUST0209,MERCHANT010,27253.93,UPI,2026-08-22 23:21:13.848634,SUCCESS,,1,8,0,False
TXN004088,CUST1744,MERCHANT004,711.2,NETBANKING,2026-08-21 00:24:17.848634,SUCCESS,,1,0,0,False
TXN004089,CUST0073,MERCHANT008,16408.64,CARD,2026-08-23 12:08:03.848634,SUCCESS,,1,15,5,False
TXN004090,CUST1790,MERCHANT004,18456.5,CARD,2026-08-23 20:14:33.848634,SUCCESS,,1,17,3,False
TXN004091,CUST0373,MERCHANT008,14407.41,CARD,2026-08-22 19:22:26.848634,SUCCESS,,1,0,2,False
TXN004092,CUST1924,MERCHANT010,22173.21,CARD,2026-08-22 18:42:54.848634,SUCCESS,,1,20,4,False
TXN004093,CUST0657,MERCHANT009,25595.15,UPI,2026-08-21 23:27:23.848634,SUCCESS,,1,11,4,False
TXN004094,CUST0176,MERCHANT010,37655.96,NETBANKING,2026-08-22 13:02:52.848634,SUCCESS,,1,10,3,False
TXN004095,CUST1288,MERCHANT009,37848.11,WALLET,2026-08-24 04:28:24.848634,SUCCESS,,1,13,2,False
TXN004096,CUST1784,MERCHANT007,31048.82,NETBANKING,2026-08-24 16:06:14.848634,SUCCESS,,1,10,5,False
TXN004097,CUST0160,MERCHANT004,38936.49,WALLET,2026-08-24 16:38:06.848634,SUCCESS,,1,0,1,False
TXN004098,CUST0316,MERCHANT005,33248.73,NETBANKING,2026-08-20 10:40:06.848634,FAILED,Network Error,2,11,1,True
TXN004099,CUST0969,MERCHANT001,45858.92,WALLET,2026-08-18 22:19:47.848634,SUCCESS,,1,0,4,False
TXN004100,CUST0645,MERCHANT008,20100.74,CARD,2026-08-18 05:50:17.848634,SUCCESS,,1,3,5,False
TXN004101,CUST1577,MERCHANT002,25930.34,WALLET,2026-08-22 09:43:29.848634,SUCCESS,,1,3,2,False
TXN004102,CUST1329,MERCHANT006,23246.5,CARD,2026-08-20 00:12:43.848634,SUCCESS,,1,15,0,False
TXN004103,CUST0197,MERCHANT010,44765.98,NETBANKING,2026-08-19 02:37:24.848634,SUCCESS,,1,6,0,False
TXN004104,CUST0577,MERCHANT002,38682.42,WALLET,2026-08-23 22:29:50.848634,SUCCESS,,1,2,1,False
TXN004105,CUST1715,MERCHANT007,13524.38,UPI,2026-08-18 20:06:31.848634,SUCCESS,,1,12,4,False
TXN004106,CUST1321,MERCHANT004,6580.33,NETBANKING,2026-08-18 18:50:23.848634,SUCCESS,,1,17,2,False
TXN004107,CUST1111,MERCHANT006,42941.35,CARD,2026-08-21 18:03:31.848634,SUCCESS,,1,20,3,False
TXN004108,CUST0798,MERCHANT001,38710.41,NETBANKING,2026-08-25 01:33:05.848634,SUCCESS,,1,15,1,False
TXN004109,CUST0294,MERCHANT008,15476.57,WALLET,2026-08-21 16:10:14.848634,SUCCESS,,1,9,5,False
TXN004110,CUST0854,MERCHANT010,11902.63,CARD,2026-08-24 05:24:11.848634,SUCCESS,,1,3,5,False
TXN004111,CUST1414,MERCHANT005,40044.36,NETBANKING,2026-08-23 07:59:53.848634,SUCCESS,,1,16,2,False
TXN004112,CUST1384,MERCHANT004,45455.31,CARD,2026-08-18 21:24:30.848634,SUCCESS,,1,9,0,False
TXN004113,CUST0452,MERCHANT001,19082.85,NETBANKING,2026-08-24 22:49:11.848634,SUCCESS,,1,10,2,False
TXN004114,CUST1681,MERCHANT006,13740.51,CARD,2026-08-18 23:24:12.848634,SUCCESS,,1,8,0,False
TXN004115,CUST1805,MERCHANT010,49959.3,UPI,2026-08-20 19:37:02.848634,SUCCESS,,1,17,4,False
TXN004116,CUST0772,MERCHANT006,37720.54,CARD,2026-08-20 02:01:58.848634,SUCCESS,,1,1,5,False
TXN004117,CUST1684,MERCHANT002,13391.17,WALLET,2026-08-23 19:46:36.848634,SUCCESS,,1,3,0,False
TXN004118,CUST1801,MERCHANT007,14604.98,UPI,2026-08-24 16:03:06.848634,SUCCESS,,1,4,2,False
TXN004119,CUST0444,MERCHANT001,10463.16,NETBANKING,2026-08-22 20:41:02.848634,SUCCESS,,1,15,3,False
TXN004120,CUST1850,MERCHANT005,10975.63,UPI,2026-08-19 06:07:35.848634,SUCCESS,,1,18,4,False
TXN004121,CUST1544,MERCHANT007,47057.4,WALLET,2026-08-20 15:53:53.848634,SUCCESS,,1,20,4,False
TXN004122,CUST0374,MERCHANT006,4564.82,NETBANKING,2026-08-22 01:26:17.848634,SUCCESS,,1,13,0,False
TXN004123,CUST1068,MERCHANT008,19535.33,CARD,2026-08-18 14:42:49.848634,SUCCESS,,1,6,1,False
TXN004124,CUST0420,MERCHANT008,40802.57,NETBANKING,2026-08-21 10:52:17.848634,SUCCESS,,1,10,1,False
TXN004125,CUST1674,MERCHANT001,2434.03,CARD,2026-08-18 19:04:05.848634,SUCCESS,,1,0,4,False
TXN004126,CUST1020,MERCHANT004,9612.5,WALLET,2026-08-21 09:49:57.848634,SUCCESS,,1,1,3,False
TXN004127,CUST1026,MERCHANT007,41763.56,WALLET,2026-08-19 11:51:31.848634,SUCCESS,,1,17,4,False
TXN004128,CUST1662,MERCHANT004,28562.93,NETBANKING,2026-08-18 20:38:24.848634,FAILED,Bank Declined,2,13,5,True
TXN004129,CUST1827,MERCHANT004,27693.61,NETBANKING,2026-08-20 16:54:20.848634,SUCCESS,,1,6,3,False
TXN004130,CUST0948,MERCHANT008,35378.26,UPI,2026-08-21 20:39:01.848634,SUCCESS,,1,6,0,False
TXN004131,CUST1652,MERCHANT001,40316.03,WALLET,2026-08-20 11:30:53.848634,SUCCESS,,1,8,1,False
TXN004132,CUST1649,MERCHANT001,7604.2,CARD,2026-08-24 05:43:48.848634,SUCCESS,,1,2,1,False
TXN004133,CUST1703,MERCHANT001,38303.42,NETBANKING,2026-08-24 18:28:34.848634,FAILED,Timeout,2,14,1,True
TXN004134,CUST0952,MERCHANT004,35113.24,UPI,2026-08-19 04:21:29.848634,SUCCESS,,1,14,3,False
TXN004135,CUST0277,MERCHANT001,29055.73,NETBANKING,2026-08-21 12:29:11.848634,SUCCESS,,1,2,5,False
TXN004136,CUST1759,MERCHANT003,6827.0,WALLET,2026-08-23 11:42:21.848634,SUCCESS,,1,7,0,False
TXN004137,CUST1957,MERCHANT004,34707.74,NETBANKING,2026-08-23 18:54:41.848634,SUCCESS,,1,8,0,False
TXN004138,CUST0310,MERCHANT006,256.92,NETBANKING,2026-08-20 18:24:37.848634,SUCCESS,,1,2,4,False
TXN004139,CUST0653,MERCHANT004,44890.55,NETBANKING,2026-08-23 08:27:22.848634,SUCCESS,,1,16,5,False
TXN004140,CUST1290,MERCHANT010,36798.39,CARD,2026-08-24 01:20:18.848634,SUCCESS,,1,5,5,False
TXN004141,CUST0970,MERCHANT010,11208.14,UPI,2026-08-18 13:49:19.848634,SUCCESS,,1,1,2,False
TXN004142,CUST0987,MERCHANT010,21086.55,CARD,2026-08-24 08:16:52.848634,SUCCESS,,1,11,4,False
TXN004143,CUST0730,MERCHANT005,20763.46,WALLET,2026-08-19 14:50:10.848634,SUCCESS,,1,2,5,False
TXN004144,CUST0664,MERCHANT010,23874.1,WALLET,2026-08-25 01:26:23.848634,SUCCESS,,1,3,1,False
TXN004145,CUST0061,MERCHANT010,45776.5,CARD,2026-08-24 19:45:53.848634,SUCCESS,,1,19,4,False
TXN004146,CUST1504,MERCHANT009,37175.35,UPI,2026-08-20 17:21:41.848634,SUCCESS,,1,13,1,False
TXN004147,CUST0755,MERCHANT006,37604.18,CARD,2026-08-23 13:59:59.848634,SUCCESS,,1,0,2,False
TXN004148,CUST1187,MERCHANT003,8147.0,WALLET,2026-08-21 00:12:48.848634,SUCCESS,,1,20,4,False
TXN004149,CUST1533,MERCHANT003,22108.86,WALLET,2026-08-24 09:14:56.848634,SUCCESS,,1,11,3,False
TXN004150,CUST0322,MERCHANT002,2001.24,UPI,2026-08-25 01:45:55.848634,SUCCESS,,1,12,4,False
TXN004151,CUST1627,MERCHANT005,31719.44,UPI,2026-08-22 06:40:06.848634,SUCCESS,,1,12,5,False
TXN004152,CUST0387,MERCHANT002,47441.87,UPI,2026-08-24 20:52:06.848634,SUCCESS,,1,12,2,False
TXN004153,CUST0840,MERCHANT005,399.71,WALLET,2026-08-23 20:00:56.848634,SUCCESS,,1,20,3,False
TXN004154,CUST1297,MERCHANT009,14982.39,UPI,2026-08-22 08:06:15.848634,SUCCESS,,1,12,3,False
TXN004155,CUST0364,MERCHANT008,35167.51,NETBANKING,2026-08-22 19:01:37.848634,SUCCESS,,1,14,0,False
TXN004156,CUST0696,MERCHANT002,42218.35,CARD,2026-08-19 08:08:22.848634,SUCCESS,,1,17,2,False
TXN004157,CUST0266,MERCHANT001,45469.93,NETBANKING,2026-08-22 11:58:01.848634,SUCCESS,,1,2,1,False
TXN004158,CUST0543,MERCHANT007,37719.89,CARD,2026-08-24 23:42:42.848634,SUCCESS,,1,12,0,False
TXN004159,CUST1871,MERCHANT007,22783.05,WALLET,2026-08-23 14:17:36.848634,SUCCESS,,1,1,5,False
TXN004160,CUST1867,MERCHANT001,17340.77,CARD,2026-08-23 10:00:42.848634,SUCCESS,,1,20,1,False
TXN004161,CUST0988,MERCHANT005,11187.84,UPI,2026-08-20 18:47:32.848634,SUCCESS,,1,17,1,False
TXN004162,CUST1560,MERCHANT009,35707.96,CARD,2026-08-20 06:42:50.848634,SUCCESS,,1,0,1,False
TXN004163,CUST0832,MERCHANT008,15420.78,CARD,2026-08-22 03:05:43.848634,SUCCESS,,1,2,5,False
TXN004164,CUST0066,MERCHANT002,39611.54,WALLET,2026-08-24 11:37:32.848634,SUCCESS,,1,9,3,False
TXN004165,CUST1691,MERCHANT010,20444.4,CARD,2026-08-24 20:22:30.848634,SUCCESS,,1,8,3,False
TXN004166,CUST0150,MERCHANT007,17601.89,CARD,2026-08-21 05:14:59.848634,SUCCESS,,1,6,2,False
TXN004167,CUST0477,MERCHANT004,30424.7,CARD,2026-08-20 18:09:05.848634,SUCCESS,,1,15,2,False
TXN004168,CUST1543,MERCHANT006,8614.52,NETBANKING,2026-08-18 10:49:03.848634,SUCCESS,,1,0,3,False
TXN004169,CUST1248,MERCHANT007,5096.54,NETBANKING,2026-08-23 21:42:17.848634,SUCCESS,,1,9,4,False
TXN004170,CUST0693,MERCHANT002,40194.83,NETBANKING,2026-08-20 01:10:32.848634,SUCCESS,,1,17,1,False
TXN004171,CUST0256,MERCHANT010,24912.53,CARD,2026-08-24 00:41:25.848634,SUCCESS,,1,9,0,False
TXN004172,CUST1759,MERCHANT004,14207.59,NETBANKING,2026-08-20 04:07:16.848634,SUCCESS,,1,4,0,False
TXN004173,CUST0417,MERCHANT005,19298.09,NETBANKING,2026-08-19 18:18:24.848634,SUCCESS,,1,20,0,False
TXN004174,CUST1751,MERCHANT008,8774.71,WALLET,2026-08-18 02:35:12.848634,SUCCESS,,1,12,1,False
TXN004175,CUST0218,MERCHANT006,44798.87,CARD,2026-08-23 09:18:19.848634,SUCCESS,,1,10,3,False
TXN004176,CUST0607,MERCHANT007,5715.22,UPI,2026-08-23 21:23:21.848634,SUCCESS,,1,13,1,False
TXN004177,CUST0460,MERCHANT001,5706.44,CARD,2026-08-24 10:41:14.848634,SUCCESS,,1,5,4,False
TXN004178,CUST0958,MERCHANT007,46474.49,WALLET,2026-08-24 10:35:15.848634,SUCCESS,,1,9,1,False
TXN004179,CUST1980,MERCHANT006,23609.67,WALLET,2026-08-23 17:57:16.848634,SUCCESS,,1,18,3,False
TXN004180,CUST0242,MERCHANT002,44614.09,NETBANKING,2026-08-19 01:08:06.848634,SUCCESS,,1,19,0,False
TXN004181,CUST1685,MERCHANT001,1381.82,UPI,2026-08-22 19:15:56.848634,SUCCESS,,1,11,4,False
TXN004182,CUST1903,MERCHANT006,49119.07,UPI,2026-08-25 02:06:13.848634,SUCCESS,,1,10,3,False
TXN004183,CUST1363,MERCHANT004,9778.77,WALLET,2026-08-18 20:26:55.848634,SUCCESS,,1,4,3,False
TXN004184,CUST1704,MERCHANT009,1261.42,CARD,2026-08-22 17:14:51.848634,SUCCESS,,1,8,1,False
TXN004185,CUST0235,MERCHANT007,46547.15,NETBANKING,2026-08-22 05:15:54.848634,SUCCESS,,1,3,0,False
TXN004186,CUST1286,MERCHANT006,36422.65,UPI,2026-08-25 02:25:08.848634,SUCCESS,,1,13,2,False
TXN004187,CUST0989,MERCHANT007,336.62,WALLET,2026-08-21 16:04:51.848634,SUCCESS,,1,5,2,False
TXN004188,CUST0081,MERCHANT007,180.37,WALLET,2026-08-20 23:25:55.848634,SUCCESS,,1,13,1,False
TXN004189,CUST1605,MERCHANT006,44184.68,CARD,2026-08-22 04:33:48.848634,SUCCESS,,1,13,1,False
TXN004190,CUST1516,MERCHANT009,40606.56,WALLET,2026-08-19 16:59:41.848634,SUCCESS,,1,5,3,False
TXN004191,CUST1534,MERCHANT008,13701.78,WALLET,2026-08-18 07:01:06.848634,SUCCESS,,1,3,2,False
TXN004192,CUST0001,MERCHANT010,16667.43,CARD,2026-08-20 09:11:55.848634,SUCCESS,,1,10,4,False
TXN004193,CUST0605,MERCHANT009,35213.99,UPI,2026-08-22 18:22:44.848634,SUCCESS,,1,1,0,False
TXN004194,CUST1691,MERCHANT008,26733.13,UPI,2026-08-18 09:19:24.848634,SUCCESS,,1,16,5,False
TXN004195,CUST1571,MERCHANT006,21754.71,WALLET,2026-08-21 22:22:04.848634,SUCCESS,,1,8,4,False
TXN004196,CUST0989,MERCHANT010,17164.16,NETBANKING,2026-08-23 20:32:55.848634,SUCCESS,,1,4,5,False
TXN004197,CUST0555,MERCHANT002,29578.68,NETBANKING,2026-08-23 03:42:04.848634,SUCCESS,,1,9,2,False
TXN004198,CUST1663,MERCHANT009,1780.72,CARD,2026-08-21 02:44:20.848634,SUCCESS,,1,19,4,False
TXN004199,CUST0693,MERCHANT002,46044.47,CARD,2026-08-22 23:45:20.848634,SUCCESS,,1,11,1,False
TXN004200,CUST0257,MERCHANT002,3916.31,UPI,2026-08-19 17:42:36.848634,SUCCESS,,1,8,4,False
TXN004201,CUST1859,MERCHANT002,22703.07,WALLET,2026-08-18 03:54:45.848634,SUCCESS,,1,8,3,False
TXN004202,CUST1314,MERCHANT006,30210.23,CARD,2026-08-21 12:31:30.848634,SUCCESS,,1,1,1,False
TXN004203,CUST0019,MERCHANT006,26001.69,NETBANKING,2026-08-18 19:53:32.848634,SUCCESS,,1,4,4,False
TXN004204,CUST1725,MERCHANT003,49942.48,NETBANKING,2026-08-20 01:01:44.848634,SUCCESS,,1,5,0,False
TXN004205,CUST1216,MERCHANT008,16201.11,WALLET,2026-08-20 21:35:46.848634,SUCCESS,,1,8,3,False
TXN004206,CUST0940,MERCHANT003,2133.05,CARD,2026-08-24 03:16:18.848634,SUCCESS,,1,20,4,False
TXN004207,CUST0548,MERCHANT003,5255.82,NETBANKING,2026-08-18 12:38:29.848634,SUCCESS,,1,8,5,False
TXN004208,CUST0760,MERCHANT006,3615.33,CARD,2026-08-20 04:04:19.848634,SUCCESS,,1,2,4,False
TXN004209,CUST0461,MERCHANT001,3991.13,CARD,2026-08-22 00:17:57.848634,SUCCESS,,1,17,1,False
TXN004210,CUST0930,MERCHANT010,47797.93,UPI,2026-08-19 15:11:53.848634,SUCCESS,,1,13,3,False
TXN004211,CUST1252,MERCHANT003,40829.46,CARD,2026-08-22 22:26:08.848634,SUCCESS,,1,5,3,False
TXN004212,CUST0046,MERCHANT003,1380.82,CARD,2026-08-20 19:07:26.848634,SUCCESS,,1,1,3,False
TXN004213,CUST1324,MERCHANT008,41305.08,UPI,2026-08-19 11:27:07.848634,SUCCESS,,1,19,5,False
TXN004214,CUST1232,MERCHANT009,44489.66,WALLET,2026-08-21 11:35:21.848634,SUCCESS,,1,6,2,False
TXN004215,CUST0414,MERCHANT010,36406.3,WALLET,2026-08-23 10:56:29.848634,SUCCESS,,1,13,4,False
TXN004216,CUST0865,MERCHANT006,11236.83,CARD,2026-08-18 07:37:12.848634,SUCCESS,,1,15,3,False
TXN004217,CUST0428,MERCHANT006,26330.5,WALLET,2026-08-19 19:11:21.848634,SUCCESS,,1,3,4,False
TXN004218,CUST1439,MERCHANT003,33892.99,CARD,2026-08-25 01:24:50.848634,SUCCESS,,1,9,2,False
TXN004219,CUST1884,MERCHANT006,4917.73,CARD,2026-08-24 05:59:41.848634,SUCCESS,,1,11,4,False
TXN004220,CUST1131,MERCHANT008,17794.33,CARD,2026-08-19 21:20:51.848634,SUCCESS,,1,17,1,False
TXN004221,CUST1553,MERCHANT008,43704.52,UPI,2026-08-24 17:04:20.848634,SUCCESS,,1,16,3,False
TXN004222,CUST1955,MERCHANT004,32207.31,CARD,2026-08-18 16:59:42.848634,SUCCESS,,1,19,4,False
TXN004223,CUST0967,MERCHANT009,47754.42,NETBANKING,2026-08-24 19:19:10.848634,SUCCESS,,1,4,5,False
TXN004224,CUST0306,MERCHANT008,28538.94,NETBANKING,2026-08-24 05:41:46.848634,SUCCESS,,1,4,0,False
TXN004225,CUST0261,MERCHANT007,5847.87,UPI,2026-08-21 20:45:34.848634,SUCCESS,,1,19,4,False
TXN004226,CUST1426,MERCHANT006,1374.88,NETBANKING,2026-08-23 14:55:50.848634,SUCCESS,,1,14,1,False
TXN004227,CUST0376,MERCHANT010,48732.84,WALLET,2026-08-20 05:05:11.848634,SUCCESS,,1,15,1,False
TXN004228,CUST1452,MERCHANT004,47852.51,CARD,2026-08-25 01:49:20.848634,SUCCESS,,1,9,2,False
TXN004229,CUST0656,MERCHANT009,4740.61,NETBANKING,2026-08-24 08:52:30.848634,SUCCESS,,1,12,5,False
TXN004230,CUST1373,MERCHANT003,45586.61,WALLET,2026-08-23 01:35:37.848634,SUCCESS,,1,13,5,False
TXN004231,CUST0648,MERCHANT001,15096.74,WALLET,2026-08-21 15:38:58.848634,SUCCESS,,1,16,0,False
TXN004232,CUST1083,MERCHANT007,30723.9,CARD,2026-08-18 11:37:32.848634,SUCCESS,,1,12,5,False
TXN004233,CUST1936,MERCHANT008,15315.21,CARD,2026-08-21 21:01:23.848634,SUCCESS,,1,0,3,False
TXN004234,CUST0169,MERCHANT010,5305.53,NETBANKING,2026-08-20 06:50:41.848634,SUCCESS,,1,6,2,False
TXN004235,CUST1574,MERCHANT002,37446.14,NETBANKING,2026-08-22 10:19:29.848634,SUCCESS,,1,10,5,False
TXN004236,CUST0379,MERCHANT003,42015.51,CARD,2026-08-20 21:42:53.848634,SUCCESS,,1,8,1,False
TXN004237,CUST1669,MERCHANT009,14653.66,WALLET,2026-08-21 12:46:15.848634,SUCCESS,,1,5,4,False
TXN004238,CUST1952,MERCHANT010,48462.05,UPI,2026-08-20 07:37:50.848634,SUCCESS,,1,19,2,False
TXN004239,CUST0564,MERCHANT007,30196.32,WALLET,2026-08-19 05:30:57.848634,SUCCESS,,1,9,0,False
TXN004240,CUST1369,MERCHANT003,14541.4,CARD,2026-08-20 10:33:45.848634,SUCCESS,,1,20,5,False
TXN004241,CUST0709,MERCHANT006,17968.39,CARD,2026-08-20 00:03:06.848634,SUCCESS,,1,18,3,False
TXN004242,CUST1749,MERCHANT001,40909.38,NETBANKING,2026-08-24 04:42:56.848634,SUCCESS,,1,4,5,False
TXN004243,CUST1053,MERCHANT004,19727.27,WALLET,2026-08-24 03:38:30.848634,SUCCESS,,1,20,0,False
TXN004244,CUST0314,MERCHANT004,48149.94,UPI,2026-08-18 20:37:55.848634,SUCCESS,,1,8,0,False
TXN004245,CUST1898,MERCHANT009,41734.42,UPI,2026-08-22 06:27:11.848634,SUCCESS,,1,20,4,False
TXN004246,CUST1735,MERCHANT010,38664.58,NETBANKING,2026-08-22 09:26:08.848634,SUCCESS,,1,17,4,False
TXN004247,CUST1201,MERCHANT001,713.92,CARD,2026-08-18 06:03:36.848634,SUCCESS,,1,19,5,False
TXN004248,CUST0855,MERCHANT005,41839.73,NETBANKING,2026-08-18 02:42:08.848634,FAILED,Bank Declined,1,6,1,True
TXN004249,CUST1943,MERCHANT008,10176.35,NETBANKING,2026-08-24 03:29:18.848634,SUCCESS,,1,2,1,False
TXN004250,CUST0382,MERCHANT010,42101.35,NETBANKING,2026-08-20 14:26:12.848634,SUCCESS,,1,2,1,False
TXN004251,CUST0667,MERCHANT002,46630.27,UPI,2026-08-22 03:59:14.848634,SUCCESS,,1,4,2,False
TXN004252,CUST1209,MERCHANT008,24505.97,CARD,2026-08-21 13:54:56.848634,FAILED,Technical Error,1,17,5,True
TXN004253,CUST1600,MERCHANT007,2581.35,NETBANKING,2026-08-25 01:35:30.848634,SUCCESS,,1,17,5,False
TXN004254,CUST1194,MERCHANT006,27242.48,NETBANKING,2026-08-22 01:55:56.848634,SUCCESS,,1,20,1,False
TXN004255,CUST1259,MERCHANT008,1795.35,WALLET,2026-08-23 11:49:15.848634,SUCCESS,,1,11,0,False
TXN004256,CUST1896,MERCHANT006,6092.11,CARD,2026-08-20 12:39:25.848634,FAILED,Technical Error,3,11,2,False
TXN004257,CUST1173,MERCHANT003,8072.44,NETBANKING,2026-08-22 13:11:30.848634,SUCCESS,,1,3,0,False
TXN004258,CUST1053,MERCHANT006,4228.04,CARD,2026-08-20 23:28:06.848634,SUCCESS,,1,14,0,False
TXN004259,CUST0366,MERCHANT001,4249.35,UPI,2026-08-24 00:39:01.848634,SUCCESS,,1,19,3,False
TXN004260,CUST1206,MERCHANT005,47685.34,CARD,2026-08-18 23:34:45.848634,SUCCESS,,1,12,3,False
TXN004261,CUST0459,MERCHANT006,44234.31,UPI,2026-08-21 07:29:19.848634,SUCCESS,,1,6,0,False
TXN004262,CUST1020,MERCHANT009,27770.26,WALLET,2026-08-18 11:42:35.848634,SUCCESS,,1,7,5,False
TXN004263,CUST1072,MERCHANT003,13100.84,UPI,2026-08-19 20:43:47.848634,SUCCESS,,1,18,5,False
TXN004264,CUST0665,MERCHANT008,40750.5,NETBANKING,2026-08-18 06:05:53.848634,SUCCESS,,1,6,1,False
TXN004265,CUST0055,MERCHANT003,2634.56,WALLET,2026-08-21 02:33:22.848634,SUCCESS,,1,11,1,False
TXN004266,CUST0485,MERCHANT005,28884.86,CARD,2026-08-20 07:12:17.848634,SUCCESS,,1,15,5,False
TXN004267,CUST0615,MERCHANT001,42148.58,UPI,2026-08-19 01:10:13.848634,SUCCESS,,1,14,5,False
TXN004268,CUST1789,MERCHANT005,13577.69,UPI,2026-08-24 04:03:16.848634,SUCCESS,,1,18,3,False
TXN004269,CUST1000,MERCHANT009,18161.19,WALLET,2026-08-24 14:30:10.848634,SUCCESS,,1,17,4,False
TXN004270,CUST0606,MERCHANT009,3879.17,CARD,2026-08-20 04:49:04.848634,SUCCESS,,1,2,3,False
TXN004271,CUST1102,MERCHANT004,13221.85,CARD,2026-08-20 21:55:46.848634,SUCCESS,,1,15,0,False
TXN004272,CUST0465,MERCHANT004,26872.88,UPI,2026-08-22 08:09:16.848634,SUCCESS,,1,18,2,False
TXN004273,CUST1056,MERCHANT001,36617.05,UPI,2026-08-20 13:26:09.848634,SUCCESS,,1,17,5,False
TXN004274,CUST1097,MERCHANT001,46487.8,CARD,2026-08-23 14:12:28.848634,SUCCESS,,1,3,1,False
TXN004275,CUST1155,MERCHANT001,18708.17,UPI,2026-08-23 05:14:54.848634,SUCCESS,,1,10,5,False
TXN004276,CUST0320,MERCHANT007,7947.2,NETBANKING,2026-08-24 17:09:39.848634,SUCCESS,,1,0,4,False
TXN004277,CUST1934,MERCHANT005,31302.51,WALLET,2026-08-20 10:10:44.848634,SUCCESS,,1,13,5,False
TXN004278,CUST0211,MERCHANT010,41490.36,CARD,2026-08-21 22:52:03.848634,SUCCESS,,1,15,4,False
TXN004279,CUST0616,MERCHANT002,19731.58,NETBANKING,2026-08-21 23:12:47.848634,SUCCESS,,1,5,2,False
TXN004280,CUST1337,MERCHANT001,35377.9,UPI,2026-08-19 19:21:04.848634,SUCCESS,,1,18,4,False
TXN004281,CUST0906,MERCHANT001,3743.78,WALLET,2026-08-20 21:34:17.848634,SUCCESS,,1,19,5,False
TXN004282,CUST0291,MERCHANT005,28455.73,WALLET,2026-08-20 13:03:33.848634,SUCCESS,,1,15,1,False
TXN004283,CUST0230,MERCHANT002,49068.23,CARD,2026-08-22 12:16:42.848634,SUCCESS,,1,10,0,False
TXN004284,CUST1342,MERCHANT002,29573.56,CARD,2026-08-23 18:06:20.848634,SUCCESS,,1,18,0,False
TXN004285,CUST0392,MERCHANT006,20081.8,CARD,2026-08-23 08:48:26.848634,SUCCESS,,1,5,3,False
TXN004286,CUST1901,MERCHANT009,31087.21,UPI,2026-08-21 06:32:19.848634,SUCCESS,,1,2,5,False
TXN004287,CUST1172,MERCHANT010,18862.78,CARD,2026-08-22 15:29:51.848634,SUCCESS,,1,14,5,False
TXN004288,CUST1569,MERCHANT003,31382.55,CARD,2026-08-18 19:05:22.848634,SUCCESS,,1,12,5,False
TXN004289,CUST1181,MERCHANT008,21475.4,CARD,2026-08-24 04:14:49.848634,SUCCESS,,1,0,5,False
TXN004290,CUST0672,MERCHANT001,9177.29,CARD,2026-08-20 00:44:22.848634,SUCCESS,,1,17,4,False
TXN004291,CUST1963,MERCHANT004,43099.15,UPI,2026-08-20 00:29:25.848634,SUCCESS,,1,5,3,False
TXN004292,CUST0715,MERCHANT005,16206.93,NETBANKING,2026-08-21 16:38:53.848634,SUCCESS,,1,17,0,False
TXN004293,CUST1971,MERCHANT001,18034.77,UPI,2026-08-20 03:23:02.848634,SUCCESS,,1,1,1,False
TXN004294,CUST0476,MERCHANT007,23717.04,UPI,2026-08-19 20:20:07.848634,SUCCESS,,1,12,1,False
TXN004295,CUST0516,MERCHANT006,44544.1,NETBANKING,2026-08-21 13:48:19.848634,SUCCESS,,1,1,4,False
TXN004296,CUST1515,MERCHANT010,45406.72,WALLET,2026-08-23 22:59:36.848634,SUCCESS,,1,14,0,False
TXN004297,CUST0578,MERCHANT001,36781.06,WALLET,2026-08-18 12:43:04.848634,SUCCESS,,1,10,4,False
TXN004298,CUST0985,MERCHANT005,46520.14,WALLET,2026-08-22 08:20:22.848634,SUCCESS,,1,19,2,False
TXN004299,CUST1944,MERCHANT003,32852.75,UPI,2026-08-21 22:54:18.848634,SUCCESS,,1,16,0,False
TXN004300,CUST1954,MERCHANT009,7246.41,UPI,2026-08-18 04:44:37.848634,SUCCESS,,1,13,5,False
TXN004301,CUST1514,MERCHANT007,15715.85,NETBANKING,2026-08-22 02:25:08.848634,SUCCESS,,1,5,2,False
TXN004302,CUST0202,MERCHANT002,33049.55,CARD,2026-08-22 17:12:21.848634,SUCCESS,,1,6,2,False
TXN004303,CUST0863,MERCHANT010,402.78,NETBANKING,2026-08-22 21:00:31.848634,SUCCESS,,1,11,1,False
TXN004304,CUST0567,MERCHANT001,21458.42,NETBANKING,2026-08-24 14:41:56.848634,SUCCESS,,1,18,2,False
TXN004305,CUST1567,MERCHANT008,6892.14,UPI,2026-08-21 02:31:33.848634,SUCCESS,,1,2,0,False
TXN004306,CUST1315,MERCHANT005,45111.53,CARD,2026-08-22 12:35:42.848634,SUCCESS,,1,19,5,False
TXN004307,CUST0600,MERCHANT007,8789.41,UPI,2026-08-18 07:12:54.848634,SUCCESS,,1,19,2,False
TXN004308,CUST1317,MERCHANT006,350.12,NETBANKING,2026-08-24 21:33:42.848634,SUCCESS,,1,7,1,False
TXN004309,CUST0510,MERCHANT010,9200.08,NETBANKING,2026-08-23 06:04:56.848634,SUCCESS,,1,4,5,False
TXN004310,CUST0903,MERCHANT002,15458.7,CARD,2026-08-21 22:38:55.848634,SUCCESS,,1,8,0,False
TXN004311,CUST1623,MERCHANT006,37284.93,NETBANKING,2026-08-22 15:06:44.848634,SUCCESS,,1,16,3,False
TXN004312,CUST0122,MERCHANT005,35517.29,CARD,2026-08-23 19:43:35.848634,SUCCESS,,1,15,1,False
TXN004313,CUST1895,MERCHANT004,18554.48,UPI,2026-08-18 13:03:23.848634,SUCCESS,,1,4,1,False
TXN004314,CUST0895,MERCHANT010,31121.17,CARD,2026-08-20 08:16:14.848634,SUCCESS,,1,8,0,False
TXN004315,CUST0779,MERCHANT006,13331.81,UPI,2026-08-20 01:08:51.848634,SUCCESS,,1,18,0,False
TXN004316,CUST1036,MERCHANT001,44895.24,CARD,2026-08-18 22:53:53.848634,SUCCESS,,1,3,4,False
TXN004317,CUST1881,MERCHANT008,7760.28,WALLET,2026-08-18 20:53:48.848634,SUCCESS,,1,13,0,False
TXN004318,CUST1808,MERCHANT005,43916.05,NETBANKING,2026-08-21 09:44:55.848634,SUCCESS,,1,12,5,False
TXN004319,CUST1607,MERCHANT002,12931.78,CARD,2026-08-24 10:59:14.848634,SUCCESS,,1,13,3,False
TXN004320,CUST0855,MERCHANT006,49223.45,WALLET,2026-08-21 04:46:57.848634,SUCCESS,,1,16,5,False
TXN004321,CUST0425,MERCHANT008,46067.74,WALLET,2026-08-20 15:21:38.848634,SUCCESS,,1,9,2,False
TXN004322,CUST1659,MERCHANT009,39715.38,UPI,2026-08-24 06:04:35.848634,SUCCESS,,1,14,2,False
TXN004323,CUST1825,MERCHANT009,41835.44,NETBANKING,2026-08-19 16:06:04.848634,SUCCESS,,1,19,5,False
TXN004324,CUST0833,MERCHANT005,4270.84,NETBANKING,2026-08-24 04:31:44.848634,SUCCESS,,1,11,2,False
TXN004325,CUST0374,MERCHANT009,33386.98,WALLET,2026-08-20 05:52:46.848634,SUCCESS,,1,18,5,False
TXN004326,CUST1197,MERCHANT010,16898.82,CARD,2026-08-24 12:19:43.848634,SUCCESS,,1,18,4,False
TXN004327,CUST1282,MERCHANT004,3432.25,UPI,2026-08-24 18:19:21.848634,SUCCESS,,1,11,1,False
TXN004328,CUST0917,MERCHANT008,45152.55,CARD,2026-08-19 00:32:37.848634,SUCCESS,,1,2,1,False
TXN004329,CUST1671,MERCHANT003,16757.11,WALLET,2026-08-18 19:38:05.848634,SUCCESS,,1,3,3,False
TXN004330,CUST0032,MERCHANT003,20889.51,WALLET,2026-08-19 06:26:22.848634,SUCCESS,,1,9,5,False
TXN004331,CUST0155,MERCHANT003,24454.07,WALLET,2026-08-19 01:21:44.848634,SUCCESS,,1,17,1,False
TXN004332,CUST1248,MERCHANT008,1854.81,NETBANKING,2026-08-21 08:57:56.848634,FAILED,Bank Declined,2,9,4,True
TXN004333,CUST1939,MERCHANT008,3839.96,CARD,2026-08-22 08:06:04.848634,SUCCESS,,1,8,2,False
TXN004334,CUST0310,MERCHANT005,47261.12,UPI,2026-08-18 06:28:42.848634,SUCCESS,,1,5,5,False
TXN004335,CUST1829,MERCHANT006,14795.61,NETBANKING,2026-08-22 21:27:27.848634,SUCCESS,,1,15,0,False
TXN004336,CUST1023,MERCHANT001,17356.53,WALLET,2026-08-23 02:02:22.848634,SUCCESS,,1,12,1,False
TXN004337,CUST0725,MERCHANT005,17205.88,CARD,2026-08-20 09:55:13.848634,SUCCESS,,1,6,4,False
TXN004338,CUST1710,MERCHANT004,48819.13,WALLET,2026-08-21 11:20:38.848634,FAILED,Timeout,3,17,1,False
TXN004339,CUST1073,MERCHANT003,2328.5,UPI,2026-08-24 01:49:59.848634,SUCCESS,,1,8,5,False
TXN004340,CUST1169,MERCHANT003,9660.68,NETBANKING,2026-08-22 15:45:52.848634,SUCCESS,,1,2,0,False
TXN004341,CUST0770,MERCHANT003,46116.38,UPI,2026-08-20 10:01:41.848634,SUCCESS,,1,4,1,False
TXN004342,CUST0956,MERCHANT010,13843.8,CARD,2026-08-24 01:03:28.848634,SUCCESS,,1,15,4,False
TXN004343,CUST1309,MERCHANT006,21849.49,WALLET,2026-08-23 09:15:09.848634,SUCCESS,,1,15,5,False
TXN004344,CUST0792,MERCHANT001,27764.16,NETBANKING,2026-08-24 10:11:07.848634,SUCCESS,,1,12,3,False
TXN004345,CUST0753,MERCHANT002,31208.75,WALLET,2026-08-20 18:19:58.848634,SUCCESS,,1,20,0,False
TXN004346,CUST0229,MERCHANT001,29703.26,WALLET,2026-08-18 13:59:43.848634,SUCCESS,,1,4,2,False
TXN004347,CUST0327,MERCHANT010,44459.6,WALLET,2026-08-21 18:02:24.848634,SUCCESS,,1,0,1,False
TXN004348,CUST1494,MERCHANT005,22796.48,CARD,2026-08-19 20:45:48.848634,SUCCESS,,1,2,4,False
TXN004349,CUST0602,MERCHANT002,16157.02,CARD,2026-08-20 18:32:40.848634,SUCCESS,,1,8,5,False
TXN004350,CUST1162,MERCHANT001,21472.32,WALLET,2026-08-18 18:00:50.848634,SUCCESS,,1,18,5,False
TXN004351,CUST1018,MERCHANT001,46003.84,CARD,2026-08-19 08:41:04.848634,SUCCESS,,1,0,0,False
TXN004352,CUST0070,MERCHANT004,41334.57,NETBANKING,2026-08-19 03:02:59.848634,SUCCESS,,1,2,4,False
TXN004353,CUST1880,MERCHANT006,19706.75,UPI,2026-08-22 11:23:03.848634,SUCCESS,,1,18,3,False
TXN004354,CUST0165,MERCHANT001,45204.72,WALLET,2026-08-18 21:24:02.848634,SUCCESS,,1,2,2,False
TXN004355,CUST0955,MERCHANT009,35386.37,NETBANKING,2026-08-22 13:50:56.848634,FAILED,Network Error,3,5,1,False
TXN004356,CUST1633,MERCHANT003,13184.38,NETBANKING,2026-08-23 08:36:30.848634,SUCCESS,,1,18,0,False
TXN004357,CUST0940,MERCHANT009,27411.96,NETBANKING,2026-08-21 11:26:32.848634,SUCCESS,,1,19,5,False
TXN004358,CUST0886,MERCHANT009,12245.24,NETBANKING,2026-08-20 02:08:40.848634,SUCCESS,,1,17,3,False
TXN004359,CUST1336,MERCHANT009,8899.42,WALLET,2026-08-18 07:15:45.848634,SUCCESS,,1,5,4,False
TXN004360,CUST0376,MERCHANT010,40519.81,UPI,2026-08-24 15:05:01.848634,SUCCESS,,1,10,1,False
TXN004361,CUST1623,MERCHANT009,7682.7,NETBANKING,2026-08-21 17:14:40.848634,SUCCESS,,1,18,4,False
TXN004362,CUST1644,MERCHANT002,5215.95,NETBANKING,2026-08-20 21:26:48.848634,SUCCESS,,1,6,4,False
TXN004363,CUST1595,MERCHANT001,14784.2,NETBANKING,2026-08-19 23:08:12.848634,SUCCESS,,1,20,0,False
TXN004364,CUST0434,MERCHANT009,9697.95,UPI,2026-08-21 03:48:41.848634,SUCCESS,,1,18,2,False
TXN004365,CUST0134,MERCHANT005,1336.53,WALLET,2026-08-22 06:07:34.848634,SUCCESS,,1,17,4,False
TXN004366,CUST1547,MERCHANT007,5386.77,CARD,2026-08-23 23:28:46.848634,FAILED,Insufficient Funds,2,16,1,True
TXN004367,CUST0793,MERCHANT003,36144.64,UPI,2026-08-24 18:14:16.848634,SUCCESS,,1,4,5,False
TXN004368,CUST1062,MERCHANT008,21639.66,CARD,2026-08-20 00:14:53.848634,SUCCESS,,1,7,0,False
TXN004369,CUST0907,MERCHANT005,1925.28,WALLET,2026-08-24 12:22:24.848634,SUCCESS,,1,15,0,False
TXN004370,CUST1000,MERCHANT006,26259.64,CARD,2026-08-18 06:29:18.848634,SUCCESS,,1,8,3,False
TXN004371,CUST1794,MERCHANT010,10432.44,CARD,2026-08-23 04:50:31.848634,SUCCESS,,1,12,4,False
TXN004372,CUST0027,MERCHANT008,49074.04,NETBANKING,2026-08-19 04:35:55.848634,SUCCESS,,1,11,2,False
TXN004373,CUST1879,MERCHANT010,2256.65,WALLET,2026-08-24 08:57:50.848634,SUCCESS,,1,5,1,False
TXN004374,CUST0523,MERCHANT001,27894.73,WALLET,2026-08-20 19:13:27.848634,SUCCESS,,1,16,0,False
TXN004375,CUST0634,MERCHANT005,16593.38,NETBANKING,2026-08-22 16:36:59.848634,SUCCESS,,1,7,2,False
TXN004376,CUST1122,MERCHANT008,4942.99,NETBANKING,2026-08-21 06:59:56.848634,SUCCESS,,1,12,1,False
TXN004377,CUST0951,MERCHANT004,39632.46,NETBANKING,2026-08-18 02:49:40.848634,SUCCESS,,1,10,3,False
TXN004378,CUST0985,MERCHANT007,30720.65,WALLET,2026-08-18 02:43:50.848634,SUCCESS,,1,19,5,False
TXN004379,CUST1977,MERCHANT007,15122.22,CARD,2026-08-19 11:30:13.848634,SUCCESS,,1,0,3,False
TXN004380,CUST1758,MERCHANT005,11174.2,CARD,2026-08-20 00:11:14.848634,SUCCESS,,1,5,5,False
TXN004381,CUST0207,MERCHANT001,25272.28,CARD,2026-08-23 10:21:21.848634,SUCCESS,,1,7,0,False
TXN004382,CUST1831,MERCHANT003,23120.9,WALLET,2026-08-23 20:11:26.848634,SUCCESS,,1,17,1,False
TXN004383,CUST1036,MERCHANT004,45503.45,WALLET,2026-08-24 02:42:47.848634,SUCCESS,,1,12,0,False
TXN004384,CUST0990,MERCHANT003,26163.77,WALLET,2026-08-20 13:41:24.848634,SUCCESS,,1,20,4,False
TXN004385,CUST0832,MERCHANT001,25030.11,UPI,2026-08-20 10:47:24.848634,SUCCESS,,1,18,0,False
TXN004386,CUST1871,MERCHANT001,32532.53,UPI,2026-08-23 10:17:40.848634,SUCCESS,,1,2,1,False
TXN004387,CUST1217,MERCHANT007,41061.92,WALLET,2026-08-23 05:22:53.848634,SUCCESS,,1,10,0,False
TXN004388,CUST0792,MERCHANT003,9226.09,CARD,2026-08-24 10:52:37.848634,SUCCESS,,1,6,4,False
TXN004389,CUST1378,MERCHANT002,18641.27,CARD,2026-08-25 00:49:02.848634,SUCCESS,,1,4,3,False
TXN004390,CUST1632,MERCHANT008,25976.81,UPI,2026-08-19 08:41:24.848634,SUCCESS,,1,15,0,False
TXN004391,CUST0903,MERCHANT010,6245.0,UPI,2026-08-21 14:58:52.848634,SUCCESS,,1,8,1,False
TXN004392,CUST0954,MERCHANT002,32755.59,WALLET,2026-08-23 03:46:21.848634,SUCCESS,,1,10,0,False
TXN004393,CUST0187,MERCHANT005,21419.89,NETBANKING,2026-08-23 14:21:15.848634,SUCCESS,,1,3,3,False
TXN004394,CUST0177,MERCHANT006,16397.98,UPI,2026-08-22 05:02:03.848634,SUCCESS,,1,10,0,False
TXN004395,CUST0566,MERCHANT001,20969.65,UPI,2026-08-24 22:53:13.848634,SUCCESS,,1,17,1,False
TXN004396,CUST1164,MERCHANT001,21972.64,UPI,2026-08-21 10:27:07.848634,SUCCESS,,1,18,2,False
TXN004397,CUST0829,MERCHANT004,32638.53,WALLET,2026-08-20 22:08:23.848634,SUCCESS,,1,14,1,False
TXN004398,CUST1517,MERCHANT010,43282.1,WALLET,2026-08-23 07:10:43.848634,SUCCESS,,1,11,0,False
TXN004399,CUST1100,MERCHANT006,40782.13,WALLET,2026-08-21 09:36:39.848634,SUCCESS,,1,20,2,False
TXN004400,CUST0764,MERCHANT004,32065.47,CARD,2026-08-24 02:29:50.848634,SUCCESS,,1,13,3,False
TXN004401,CUST1968,MERCHANT007,24106.05,NETBANKING,2026-08-19 18:09:05.848634,SUCCESS,,1,13,1,False
TXN004402,CUST1828,MERCHANT009,44964.84,NETBANKING,2026-08-18 12:12:50.848634,SUCCESS,,1,16,2,False
TXN004403,CUST0179,MERCHANT009,20388.43,CARD,2026-08-19 02:24:25.848634,SUCCESS,,1,16,3,False
TXN004404,CUST1386,MERCHANT007,13367.58,WALLET,2026-08-25 00:27:57.848634,SUCCESS,,1,14,2,False
TXN004405,CUST0815,MERCHANT001,42386.25,WALLET,2026-08-23 05:58:41.848634,SUCCESS,,1,3,4,False
TXN004406,CUST1528,MERCHANT005,39460.39,WALLET,2026-08-24 23:49:37.848634,SUCCESS,,1,10,4,False
TXN004407,CUST1876,MERCHANT008,38307.44,WALLET,2026-08-21 00:49:44.848634,SUCCESS,,1,9,5,False
TXN004408,CUST1282,MERCHANT007,1755.89,WALLET,2026-08-18 23:05:41.848634,SUCCESS,,1,13,5,False
TXN004409,CUST0254,MERCHANT002,36590.41,UPI,2026-08-24 12:28:52.848634,SUCCESS,,1,17,0,False
TXN004410,CUST0790,MERCHANT010,33604.67,UPI,2026-08-18 12:58:22.848634,SUCCESS,,1,14,0,False
TXN004411,CUST1212,MERCHANT004,41244.37,CARD,2026-08-23 16:18:05.848634,SUCCESS,,1,4,4,False
TXN004412,CUST0714,MERCHANT009,20660.18,WALLET,2026-08-21 18:54:35.848634,SUCCESS,,1,12,5,False
TXN004413,CUST0700,MERCHANT005,14676.75,UPI,2026-08-24 02:59:22.848634,SUCCESS,,1,6,0,False
TXN004414,CUST0189,MERCHANT005,3055.85,NETBANKING,2026-08-24 13:30:13.848634,SUCCESS,,1,10,1,False
TXN004415,CUST1807,MERCHANT005,11933.57,NETBANKING,2026-08-23 14:00:35.848634,SUCCESS,,1,10,3,False
TXN004416,CUST0453,MERCHANT003,15395.88,NETBANKING,2026-08-24 21:57:41.848634,SUCCESS,,1,13,4,False
TXN004417,CUST1555,MERCHANT009,49365.4,NETBANKING,2026-08-23 19:42:59.848634,SUCCESS,,1,5,3,False
TXN004418,CUST1365,MERCHANT002,41713.44,NETBANKING,2026-08-21 14:41:35.848634,SUCCESS,,1,8,1,False
TXN004419,CUST0197,MERCHANT010,18537.71,CARD,2026-08-23 10:46:55.848634,SUCCESS,,1,17,4,False
TXN004420,CUST1359,MERCHANT009,42820.09,WALLET,2026-08-21 09:34:21.848634,SUCCESS,,1,4,5,False
TXN004421,CUST1295,MERCHANT005,26467.77,CARD,2026-08-21 17:28:13.848634,SUCCESS,,1,9,0,False
TXN004422,CUST0982,MERCHANT004,5314.01,NETBANKING,2026-08-23 19:34:37.848634,SUCCESS,,1,17,0,False
TXN004423,CUST0418,MERCHANT003,364.53,WALLET,2026-08-20 20:34:29.848634,SUCCESS,,1,10,3,False
TXN004424,CUST0706,MERCHANT010,8363.76,WALLET,2026-08-22 17:32:01.848634,SUCCESS,,1,16,0,False
TXN004425,CUST1812,MERCHANT010,13160.77,NETBANKING,2026-08-21 05:24:30.848634,SUCCESS,,1,0,0,False
TXN004426,CUST1624,MERCHANT009,13469.05,NETBANKING,2026-08-22 11:06:32.848634,SUCCESS,,1,5,5,False
TXN004427,CUST1473,MERCHANT010,26466.34,NETBANKING,2026-08-23 14:06:01.848634,SUCCESS,,1,13,5,False
TXN004428,CUST1333,MERCHANT009,31703.3,WALLET,2026-08-22 02:11:19.848634,SUCCESS,,1,16,5,False
TXN004429,CUST0173,MERCHANT009,7851.71,UPI,2026-08-18 21:09:23.848634,SUCCESS,,1,19,0,False
TXN004430,CUST1304,MERCHANT002,12983.69,CARD,2026-08-22 18:59:30.848634,FAILED,Insufficient Funds,1,0,3,True
TXN004431,CUST0313,MERCHANT010,46124.91,CARD,2026-08-18 04:32:20.848634,SUCCESS,,1,11,4,False
TXN004432,CUST0475,MERCHANT003,5127.25,UPI,2026-08-23 12:05:24.848634,SUCCESS,,1,9,2,False
TXN004433,CUST0603,MERCHANT003,5609.95,UPI,2026-08-18 08:07:14.848634,SUCCESS,,1,3,4,False
TXN004434,CUST1724,MERCHANT001,47510.09,NETBANKING,2026-08-21 19:28:35.848634,SUCCESS,,1,19,0,False
TXN004435,CUST0388,MERCHANT010,41632.12,CARD,2026-08-18 20:43:39.848634,FAILED,Technical Error,2,3,0,True
TXN004436,CUST1108,MERCHANT005,35306.58,NETBANKING,2026-08-21 09:15:44.848634,SUCCESS,,1,8,4,False
TXN004437,CUST1589,MERCHANT005,5528.77,CARD,2026-08-18 11:03:38.848634,SUCCESS,,1,18,2,False
TXN004438,CUST1036,MERCHANT001,16701.03,WALLET,2026-08-18 18:36:21.848634,SUCCESS,,1,19,2,False
TXN004439,CUST0301,MERCHANT005,4850.05,CARD,2026-08-18 02:52:45.848634,SUCCESS,,1,12,2,False
TXN004440,CUST1388,MERCHANT002,13380.73,CARD,2026-08-22 16:12:36.848634,FAILED,Technical Error,2,11,5,True
TXN004441,CUST1854,MERCHANT002,13255.3,UPI,2026-08-22 14:28:03.848634,SUCCESS,,1,5,5,False
TXN004442,CUST1027,MERCHANT007,16191.96,UPI,2026-08-20 02:24:23.848634,SUCCESS,,1,11,4,False
TXN004443,CUST1817,MERCHANT008,10274.12,WALLET,2026-08-21 14:32:53.848634,SUCCESS,,1,17,0,False
TXN004444,CUST0043,MERCHANT001,41018.33,WALLET,2026-08-22 02:55:36.848634,SUCCESS,,1,2,3,False
TXN004445,CUST1652,MERCHANT004,38134.49,CARD,2026-08-24 20:25:46.848634,SUCCESS,,1,18,3,False
TXN004446,CUST0010,MERCHANT010,31824.98,CARD,2026-08-19 19:48:44.848634,FAILED,Insufficient Funds,3,4,1,False
TXN004447,CUST0766,MERCHANT010,31203.47,CARD,2026-08-23 03:55:40.848634,SUCCESS,,1,14,1,False
TXN004448,CUST1076,MERCHANT010,19631.11,WALLET,2026-08-23 21:14:05.848634,FAILED,Timeout,1,2,4,True
TXN004449,CUST0638,MERCHANT006,21925.34,CARD,2026-08-21 14:31:51.848634,SUCCESS,,1,5,0,False
TXN004450,CUST0350,MERCHANT004,44293.48,WALLET,2026-08-19 03:49:30.848634,SUCCESS,,1,7,1,False
TXN004451,CUST1696,MERCHANT006,27260.65,WALLET,2026-08-19 14:17:58.848634,SUCCESS,,1,8,4,False
TXN004452,CUST0672,MERCHANT010,29884.38,UPI,2026-08-23 19:20:56.848634,SUCCESS,,1,11,4,False
TXN004453,CUST1078,MERCHANT010,43710.09,CARD,2026-08-22 00:22:19.848634,SUCCESS,,1,14,5,False
TXN004454,CUST0533,MERCHANT007,16420.44,UPI,2026-08-23 11:22:09.848634,SUCCESS,,1,4,3,False
TXN004455,CUST1765,MERCHANT008,16465.52,NETBANKING,2026-08-20 17:26:10.848634,SUCCESS,,1,2,4,False
TXN004456,CUST1277,MERCHANT005,8218.02,WALLET,2026-08-23 08:21:23.848634,SUCCESS,,1,0,1,False
TXN004457,CUST1593,MERCHANT010,41162.13,WALLET,2026-08-20 22:53:18.848634,SUCCESS,,1,3,3,False
TXN004458,CUST1639,MERCHANT009,47359.45,NETBANKING,2026-08-24 23:23:33.848634,SUCCESS,,1,12,1,False
TXN004459,CUST1502,MERCHANT003,6291.3,NETBANKING,2026-08-18 10:02:29.848634,SUCCESS,,1,19,5,False
TXN004460,CUST0187,MERCHANT004,9302.15,WALLET,2026-08-22 17:32:24.848634,SUCCESS,,1,18,3,False
TXN004461,CUST0499,MERCHANT005,46162.82,CARD,2026-08-24 08:47:40.848634,SUCCESS,,1,17,3,False
TXN004462,CUST1587,MERCHANT005,18115.85,WALLET,2026-08-19 17:47:59.848634,SUCCESS,,1,1,1,False
TXN004463,CUST1658,MERCHANT008,2377.44,UPI,2026-08-20 02:01:35.848634,SUCCESS,,1,17,1,False
TXN004464,CUST1864,MERCHANT007,23833.79,WALLET,2026-08-20 04:49:59.848634,SUCCESS,,1,20,1,False
TXN004465,CUST0167,MERCHANT001,45313.53,NETBANKING,2026-08-24 05:00:30.848634,FAILED,Insufficient Funds,2,8,0,True
TXN004466,CUST0672,MERCHANT009,23312.98,UPI,2026-08-19 14:56:14.848634,SUCCESS,,1,4,1,False
TXN004467,CUST1988,MERCHANT008,43928.68,UPI,2026-08-24 04:35:02.848634,FAILED,Network Error,2,6,1,True
TXN004468,CUST1473,MERCHANT003,42245.06,UPI,2026-08-24 11:00:58.848634,SUCCESS,,1,0,4,False
TXN004469,CUST0948,MERCHANT003,35883.78,CARD,2026-08-21 11:54:10.848634,SUCCESS,,1,5,0,False
TXN004470,CUST0554,MERCHANT004,49784.82,UPI,2026-08-22 23:45:18.848634,SUCCESS,,1,19,3,False
TXN004471,CUST0678,MERCHANT005,10616.88,NETBANKING,2026-08-22 22:05:23.848634,SUCCESS,,1,5,1,False
TXN004472,CUST0291,MERCHANT009,10458.29,CARD,2026-08-24 16:40:07.848634,SUCCESS,,1,7,3,False
TXN004473,CUST1363,MERCHANT010,11337.3,NETBANKING,2026-08-18 13:15:49.848634,SUCCESS,,1,17,2,False
TXN004474,CUST1281,MERCHANT001,25726.23,NETBANKING,2026-08-18 15:12:11.848634,SUCCESS,,1,13,4,False
TXN004475,CUST1659,MERCHANT004,35674.6,UPI,2026-08-24 13:05:22.848634,SUCCESS,,1,14,2,False
TXN004476,CUST1699,MERCHANT003,29458.63,NETBANKING,2026-08-21 00:09:22.848634,SUCCESS,,1,5,0,False
TXN004477,CUST0262,MERCHANT007,21801.08,WALLET,2026-08-23 09:53:33.848634,SUCCESS,,1,13,4,False
TXN004478,CUST0446,MERCHANT002,47604.4,WALLET,2026-08-21 03:08:41.848634,SUCCESS,,1,8,2,False
TXN004479,CUST1172,MERCHANT004,5364.56,UPI,2026-08-23 20:36:17.848634,SUCCESS,,1,19,3,False
TXN004480,CUST1266,MERCHANT006,24207.13,UPI,2026-08-24 13:50:00.848634,SUCCESS,,1,19,0,False
TXN004481,CUST1781,MERCHANT007,33098.9,UPI,2026-08-21 06:56:21.848634,SUCCESS,,1,19,3,False
TXN004482,CUST1540,MERCHANT003,24080.75,WALLET,2026-08-21 18:53:52.848634,SUCCESS,,1,8,4,False
TXN004483,CUST0268,MERCHANT002,46072.78,CARD,2026-08-20 23:14:55.848634,SUCCESS,,1,3,0,False
TXN004484,CUST1050,MERCHANT007,27855.9,WALLET,2026-08-20 22:02:06.848634,SUCCESS,,1,17,3,False
TXN004485,CUST0169,MERCHANT007,26906.07,WALLET,2026-08-21 21:02:27.848634,SUCCESS,,1,0,5,False
TXN004486,CUST1804,MERCHANT002,46609.43,CARD,2026-08-19 01:56:46.848634,SUCCESS,,1,17,4,False
TXN004487,CUST1175,MERCHANT004,4468.41,CARD,2026-08-23 11:12:40.848634,SUCCESS,,1,14,5,False
TXN004488,CUST1590,MERCHANT007,8617.01,UPI,2026-08-23 14:22:42.848634,SUCCESS,,1,20,2,False
TXN004489,CUST0781,MERCHANT008,25446.04,CARD,2026-08-20 21:37:15.848634,SUCCESS,,1,14,5,False
TXN004490,CUST0156,MERCHANT003,12425.15,NETBANKING,2026-08-20 02:14:47.848634,SUCCESS,,1,14,1,False
TXN004491,CUST1730,MERCHANT003,17483.9,CARD,2026-08-22 09:11:32.848634,FAILED,Timeout,2,5,0,True
TXN004492,CUST0261,MERCHANT003,2726.58,CARD,2026-08-18 08:28:16.848634,FAILED,Insufficient Funds,2,20,4,True
TXN004493,CUST0260,MERCHANT004,36571.65,UPI,2026-08-22 12:59:01.848634,SUCCESS,,1,17,5,False
TXN004494,CUST1365,MERCHANT008,24346.07,CARD,2026-08-21 11:53:16.848634,SUCCESS,,1,2,5,False
TXN004495,CUST0378,MERCHANT005,11611.83,NETBANKING,2026-08-18 02:39:31.848634,SUCCESS,,1,9,4,False
TXN004496,CUST1121,MERCHANT009,9738.58,UPI,2026-08-21 14:28:50.848634,SUCCESS,,1,7,2,False
TXN004497,CUST1352,MERCHANT007,25723.11,UPI,2026-08-23 01:26:55.848634,SUCCESS,,1,2,0,False
TXN004498,CUST0629,MERCHANT007,1969.61,WALLET,2026-08-24 01:52:15.848634,SUCCESS,,1,19,1,False
TXN004499,CUST1736,MERCHANT005,5629.68,NETBANKING,2026-08-20 09:48:37.848634,FAILED,Technical Error,2,14,0,True
TXN004500,CUST1592,MERCHANT002,38413.05,CARD,2026-08-21 22:54:28.848634,SUCCESS,,1,15,2,False
TXN004501,CUST0225,MERCHANT006,35546.31,UPI,2026-08-22 09:34:16.848634,SUCCESS,,1,20,4,False
TXN004502,CUST1793,MERCHANT003,7312.52,NETBANKING,2026-08-18 16:03:59.848634,SUCCESS,,1,16,3,False
TXN004503,CUST1821,MERCHANT007,29668.43,NETBANKING,2026-08-19 08:11:53.848634,SUCCESS,,1,9,1,False
TXN004504,CUST1767,MERCHANT008,7936.64,CARD,2026-08-18 11:49:43.848634,SUCCESS,,1,9,1,False
TXN004505,CUST0394,MERCHANT004,33290.31,UPI,2026-08-19 03:45:38.848634,SUCCESS,,1,18,1,False
TXN004506,CUST0849,MERCHANT004,15866.73,UPI,2026-08-22 23:19:32.848634,SUCCESS,,1,13,3,False
TXN004507,CUST0486,MERCHANT006,1229.88,NETBANKING,2026-08-18 18:48:42.848634,SUCCESS,,1,5,3,False
TXN004508,CUST0558,MERCHANT006,32609.28,UPI,2026-08-22 23:23:12.848634,SUCCESS,,1,13,5,False
TXN004509,CUST1019,MERCHANT003,37836.86,WALLET,2026-08-24 19:45:09.848634,SUCCESS,,1,18,0,False
TXN004510,CUST1852,MERCHANT004,44364.65,UPI,2026-08-24 11:53:57.848634,SUCCESS,,1,1,2,False
TXN004511,CUST1297,MERCHANT004,30625.96,CARD,2026-08-22 18:05:28.848634,SUCCESS,,1,5,1,False
TXN004512,CUST1669,MERCHANT010,3410.95,CARD,2026-08-23 17:32:16.848634,SUCCESS,,1,14,4,False
TXN004513,CUST0737,MERCHANT001,24715.45,NETBANKING,2026-08-23 11:01:10.848634,SUCCESS,,1,10,0,False
TXN004514,CUST0392,MERCHANT001,7997.75,CARD,2026-08-19 17:34:12.848634,SUCCESS,,1,20,1,False
TXN004515,CUST0635,MERCHANT009,8926.63,WALLET,2026-08-18 19:10:53.848634,SUCCESS,,1,2,0,False
TXN004516,CUST1773,MERCHANT009,31596.73,UPI,2026-08-23 01:35:29.848634,SUCCESS,,1,0,4,False
TXN004517,CUST1045,MERCHANT004,9479.08,WALLET,2026-08-22 23:00:09.848634,SUCCESS,,1,0,0,False
TXN004518,CUST1103,MERCHANT006,41033.4,WALLET,2026-08-21 22:49:07.848634,SUCCESS,,1,15,2,False
TXN004519,CUST1933,MERCHANT003,39497.29,CARD,2026-08-19 02:41:21.848634,FAILED,Network Error,2,5,2,True
TXN004520,CUST0242,MERCHANT004,14166.91,WALLET,2026-08-20 07:26:49.848634,SUCCESS,,1,8,5,False
TXN004521,CUST0917,MERCHANT004,21130.69,CARD,2026-08-24 23:01:07.848634,SUCCESS,,1,10,2,False
TXN004522,CUST1848,MERCHANT001,983.94,UPI,2026-08-24 23:12:25.848634,SUCCESS,,1,9,4,False
TXN004523,CUST1180,MERCHANT009,6390.13,NETBANKING,2026-08-19 22:58:56.848634,SUCCESS,,1,3,5,False
TXN004524,CUST1875,MERCHANT006,29463.84,NETBANKING,2026-08-22 12:56:42.848634,SUCCESS,,1,1,0,False
TXN004525,CUST1682,MERCHANT010,22138.44,NETBANKING,2026-08-20 02:53:00.848634,FAILED,Timeout,3,13,1,False
TXN004526,CUST0208,MERCHANT006,49438.36,NETBANKING,2026-08-21 14:49:46.848634,SUCCESS,,1,19,0,False
TXN004527,CUST1954,MERCHANT001,49836.27,NETBANKING,2026-08-22 15:50:46.848634,FAILED,Timeout,2,6,1,True
TXN004528,CUST1002,MERCHANT003,39760.08,CARD,2026-08-22 12:53:22.848634,SUCCESS,,1,16,3,False
TXN004529,CUST1950,MERCHANT003,18341.97,CARD,2026-08-19 14:04:51.848634,SUCCESS,,1,20,5,False
TXN004530,CUST1869,MERCHANT009,48769.93,NETBANKING,2026-08-23 19:14:04.848634,SUCCESS,,1,7,5,False
TXN004531,CUST0483,MERCHANT003,17709.63,WALLET,2026-08-18 05:33:17.848634,SUCCESS,,1,12,2,False
TXN004532,CUST1989,MERCHANT002,15467.51,NETBANKING,2026-08-18 10:56:29.848634,SUCCESS,,1,4,4,False
TXN004533,CUST1708,MERCHANT003,12996.77,UPI,2026-08-21 00:43:58.848634,SUCCESS,,1,2,2,False
TXN004534,CUST0106,MERCHANT008,6180.68,CARD,2026-08-23 12:00:55.848634,SUCCESS,,1,14,3,False
TXN004535,CUST0759,MERCHANT007,42103.11,WALLET,2026-08-21 19:08:25.848634,SUCCESS,,1,16,0,False
TXN004536,CUST1599,MERCHANT008,43782.81,CARD,2026-08-19 12:17:12.848634,SUCCESS,,1,6,2,False
TXN004537,CUST1668,MERCHANT004,11664.68,NETBANKING,2026-08-19 06:02:58.848634,SUCCESS,,1,4,5,False
TXN004538,CUST0223,MERCHANT002,36558.49,WALLET,2026-08-21 15:09:01.848634,SUCCESS,,1,8,2,False
TXN004539,CUST0069,MERCHANT008,396.28,WALLET,2026-08-22 18:24:39.848634,SUCCESS,,1,11,5,False
TXN004540,CUST0580,MERCHANT009,20847.02,UPI,2026-08-24 15:04:43.848634,FAILED,Network Error,3,20,3,False
TXN004541,CUST0050,MERCHANT009,18920.95,WALLET,2026-08-19 12:50:47.848634,SUCCESS,,1,8,3,False
TXN004542,CUST0360,MERCHANT006,24691.79,WALLET,2026-08-20 15:59:03.848634,SUCCESS,,1,10,4,False
TXN004543,CUST0014,MERCHANT007,2703.61,UPI,2026-08-22 16:38:52.848634,SUCCESS,,1,2,5,False
TXN004544,CUST1195,MERCHANT005,29442.14,NETBANKING,2026-08-20 09:21:21.848634,SUCCESS,,1,20,2,False
TXN004545,CUST0448,MERCHANT006,990.08,UPI,2026-08-22 23:01:40.848634,SUCCESS,,1,8,1,False
TXN004546,CUST0489,MERCHANT008,27753.72,UPI,2026-08-19 22:40:50.848634,FAILED,Bank Declined,2,11,1,True
TXN004547,CUST0715,MERCHANT002,38062.62,WALLET,2026-08-23 22:20:58.848634,SUCCESS,,1,3,4,False
TXN004548,CUST1814,MERCHANT005,7049.04,WALLET,2026-08-23 19:59:47.848634,SUCCESS,,1,17,5,False
TXN004549,CUST0757,MERCHANT001,4860.28,WALLET,2026-08-22 14:19:38.848634,SUCCESS,,1,12,4,False
TXN004550,CUST1982,MERCHANT007,47488.17,WALLET,2026-08-23 13:01:26.848634,SUCCESS,,1,5,3,False
TXN004551,CUST0807,MERCHANT008,10562.5,NETBANKING,2026-08-19 23:16:22.848634,SUCCESS,,1,7,3,False
TXN004552,CUST0443,MERCHANT010,35876.12,UPI,2026-08-23 14:48:04.848634,SUCCESS,,1,16,2,False
TXN004553,CUST1379,MERCHANT006,3708.66,CARD,2026-08-20 14:54:48.848634,SUCCESS,,1,9,1,False
TXN004554,CUST0050,MERCHANT003,12967.91,CARD,2026-08-19 23:39:14.848634,SUCCESS,,1,5,3,False
TXN004555,CUST0423,MERCHANT002,3570.46,CARD,2026-08-19 05:37:08.848634,SUCCESS,,1,19,4,False
TXN004556,CUST0249,MERCHANT006,21045.32,NETBANKING,2026-08-19 15:26:18.848634,SUCCESS,,1,12,5,False
TXN004557,CUST0150,MERCHANT007,18795.75,UPI,2026-08-19 22:09:42.848634,SUCCESS,,1,5,4,False
TXN004558,CUST1230,MERCHANT003,42697.82,CARD,2026-08-23 11:59:48.848634,SUCCESS,,1,2,2,False
TXN004559,CUST0129,MERCHANT002,2287.42,NETBANKING,2026-08-23 21:39:36.848634,SUCCESS,,1,13,0,False
TXN004560,CUST0498,MERCHANT003,9464.1,UPI,2026-08-25 02:12:48.848634,SUCCESS,,1,12,1,False
TXN004561,CUST0241,MERCHANT007,11224.9,CARD,2026-08-18 15:37:02.848634,SUCCESS,,1,19,1,False
TXN004562,CUST1077,MERCHANT008,45187.11,WALLET,2026-08-18 15:05:38.848634,SUCCESS,,1,7,1,False
TXN004563,CUST1494,MERCHANT005,12286.25,NETBANKING,2026-08-19 14:11:51.848634,SUCCESS,,1,12,2,False
TXN004564,CUST1516,MERCHANT004,29832.93,CARD,2026-08-18 20:38:15.848634,SUCCESS,,1,3,5,False
TXN004565,CUST0684,MERCHANT008,39023.36,UPI,2026-08-18 14:21:04.848634,SUCCESS,,1,7,2,False
TXN004566,CUST1464,MERCHANT007,49108.64,UPI,2026-08-18 21:57:47.848634,SUCCESS,,1,1,4,False
TXN004567,CUST0503,MERCHANT010,13797.81,UPI,2026-08-20 08:38:41.848634,SUCCESS,,1,7,1,False
TXN004568,CUST0327,MERCHANT001,16116.86,CARD,2026-08-23 13:55:03.848634,SUCCESS,,1,18,5,False
TXN004569,CUST1415,MERCHANT005,17247.44,NETBANKING,2026-08-22 22:47:38.848634,SUCCESS,,1,8,2,False
TXN004570,CUST1141,MERCHANT001,17323.45,NETBANKING,2026-08-21 17:16:06.848634,SUCCESS,,1,15,1,False
TXN004571,CUST0827,MERCHANT008,29777.92,CARD,2026-08-19 15:44:42.848634,SUCCESS,,1,2,2,False
TXN004572,CUST0138,MERCHANT005,946.74,WALLET,2026-08-21 12:18:33.848634,SUCCESS,,1,3,5,False
TXN004573,CUST0030,MERCHANT004,12597.77,CARD,2026-08-23 19:10:14.848634,SUCCESS,,1,6,4,False
TXN004574,CUST1144,MERCHANT007,16896.22,CARD,2026-08-24 20:51:57.848634,FAILED,Network Error,2,17,4,True
TXN004575,CUST1108,MERCHANT006,9582.02,NETBANKING,2026-08-18 03:56:55.848634,SUCCESS,,1,2,5,False
TXN004576,CUST0336,MERCHANT004,37670.02,NETBANKING,2026-08-23 09:06:13.848634,SUCCESS,,1,19,1,False
TXN004577,CUST0680,MERCHANT008,11481.03,WALLET,2026-08-18 20:31:01.848634,SUCCESS,,1,3,5,False
TXN004578,CUST0957,MERCHANT009,17461.79,UPI,2026-08-22 14:21:12.848634,FAILED,Bank Declined,2,1,3,True
TXN004579,CUST1285,MERCHANT004,45553.84,WALLET,2026-08-19 16:35:34.848634,SUCCESS,,1,18,4,False
TXN004580,CUST0663,MERCHANT002,21879.22,NETBANKING,2026-08-23 14:42:14.848634,SUCCESS,,1,7,2,False
TXN004581,CUST0007,MERCHANT006,49497.14,UPI,2026-08-21 03:27:59.848634,SUCCESS,,1,3,3,False
TXN004582,CUST0105,MERCHANT004,32460.15,NETBANKING,2026-08-20 13:10:53.848634,SUCCESS,,1,0,5,False
TXN004583,CUST0361,MERCHANT009,39176.28,NETBANKING,2026-08-24 14:03:02.848634,SUCCESS,,1,4,3,False
TXN004584,CUST0606,MERCHANT004,10793.7,WALLET,2026-08-23 10:29:07.848634,SUCCESS,,1,0,1,False
TXN004585,CUST0608,MERCHANT003,6531.67,CARD,2026-08-19 15:09:32.848634,SUCCESS,,1,9,5,False
TXN004586,CUST1751,MERCHANT005,8488.89,WALLET,2026-08-20 08:48:00.848634,SUCCESS,,1,11,3,False
TXN004587,CUST0311,MERCHANT001,43006.77,WALLET,2026-08-19 07:52:52.848634,SUCCESS,,1,8,2,False
TXN004588,CUST1427,MERCHANT003,49600.39,UPI,2026-08-20 11:40:12.848634,SUCCESS,,1,9,0,False
TXN004589,CUST0180,MERCHANT003,47832.01,NETBANKING,2026-08-19 03:16:08.848634,SUCCESS,,1,14,0,False
TXN004590,CUST0905,MERCHANT002,3045.69,CARD,2026-08-20 15:56:06.848634,SUCCESS,,1,8,5,False
TXN004591,CUST1610,MERCHANT005,40562.41,UPI,2026-08-24 05:37:11.848634,SUCCESS,,1,0,0,False
TXN004592,CUST0024,MERCHANT001,3292.12,CARD,2026-08-22 06:20:10.848634,SUCCESS,,1,9,1,False
TXN004593,CUST0919,MERCHANT005,37658.47,WALLET,2026-08-22 18:55:32.848634,SUCCESS,,1,14,1,False
TXN004594,CUST0790,MERCHANT006,10002.16,WALLET,2026-08-18 14:58:08.848634,SUCCESS,,1,16,3,False
TXN004595,CUST1588,MERCHANT003,9615.85,CARD,2026-08-22 06:26:01.848634,SUCCESS,,1,2,2,False
TXN004596,CUST1829,MERCHANT001,36937.43,WALLET,2026-08-23 13:38:27.848634,SUCCESS,,1,3,0,False
TXN004597,CUST0212,MERCHANT002,16584.05,CARD,2026-08-18 16:01:16.848634,SUCCESS,,1,14,2,False
TXN004598,CUST1052,MERCHANT010,4826.63,WALLET,2026-08-24 22:24:44.848634,SUCCESS,,1,16,1,False
TXN004599,CUST1229,MERCHANT008,20014.66,CARD,2026-08-24 00:41:29.848634,SUCCESS,,1,17,0,False
TXN004600,CUST1746,MERCHANT005,8956.43,CARD,2026-08-18 07:17:21.848634,SUCCESS,,1,2,2,False
TXN004601,CUST0390,MERCHANT004,29882.95,UPI,2026-08-22 14:08:40.848634,SUCCESS,,1,13,2,False
TXN004602,CUST0265,MERCHANT004,43579.67,NETBANKING,2026-08-18 11:18:19.848634,FAILED,Network Error,1,18,5,True
TXN004603,CUST1360,MERCHANT009,16850.93,NETBANKING,2026-08-20 19:28:49.848634,FAILED,Technical Error,1,0,4,True
TXN004604,CUST1864,MERCHANT007,17240.93,WALLET,2026-08-18 17:46:38.848634,SUCCESS,,1,15,3,False
TXN004605,CUST1781,MERCHANT005,40564.55,CARD,2026-08-23 03:39:56.848634,SUCCESS,,1,14,4,False
TXN004606,CUST0163,MERCHANT001,22830.37,WALLET,2026-08-19 03:10:41.848634,SUCCESS,,1,19,3,False
TXN004607,CUST1462,MERCHANT002,15931.11,NETBANKING,2026-08-18 22:22:08.848634,SUCCESS,,1,18,1,False
TXN004608,CUST0636,MERCHANT010,47018.54,CARD,2026-08-18 17:21:20.848634,SUCCESS,,1,6,1,False
TXN004609,CUST0921,MERCHANT001,37910.85,WALLET,2026-08-19 14:02:43.848634,SUCCESS,,1,5,5,False
TXN004610,CUST1763,MERCHANT010,17490.68,NETBANKING,2026-08-21 13:41:34.848634,SUCCESS,,1,14,5,False
TXN004611,CUST0414,MERCHANT010,46506.62,NETBANKING,2026-08-21 02:14:22.848634,SUCCESS,,1,1,5,False
TXN004612,CUST1102,MERCHANT007,701.0,CARD,2026-08-23 05:21:00.848634,SUCCESS,,1,5,2,False
TXN004613,CUST1237,MERCHANT002,25974.28,WALLET,2026-08-19 03:18:32.848634,SUCCESS,,1,11,0,False
TXN004614,CUST0066,MERCHANT003,2670.35,NETBANKING,2026-08-24 01:36:16.848634,SUCCESS,,1,7,2,False
TXN004615,CUST1920,MERCHANT001,42422.46,CARD,2026-08-22 01:36:47.848634,SUCCESS,,1,7,2,False
TXN004616,CUST1272,MERCHANT009,32950.51,CARD,2026-08-21 17:13:48.848634,SUCCESS,,1,1,5,False
TXN004617,CUST1253,MERCHANT002,36100.56,UPI,2026-08-19 08:46:25.848634,SUCCESS,,1,9,1,False
TXN004618,CUST1549,MERCHANT004,43559.2,WALLET,2026-08-22 15:35:58.848634,SUCCESS,,1,6,3,False
TXN004619,CUST1729,MERCHANT003,7437.17,WALLET,2026-08-19 20:36:06.848634,SUCCESS,,1,10,2,False
TXN004620,CUST0519,MERCHANT002,12628.03,NETBANKING,2026-08-22 17:42:02.848634,SUCCESS,,1,12,4,False
TXN004621,CUST0416,MERCHANT008,42842.85,UPI,2026-08-23 14:27:48.848634,SUCCESS,,1,11,1,False
TXN004622,CUST0777,MERCHANT001,49103.35,CARD,2026-08-20 18:38:27.848634,SUCCESS,,1,11,3,False
TXN004623,CUST1691,MERCHANT006,31010.1,UPI,2026-08-20 16:29:31.848634,SUCCESS,,1,7,1,False
TXN004624,CUST0303,MERCHANT008,47957.06,CARD,2026-08-18 12:55:21.848634,SUCCESS,,1,0,3,False
TXN004625,CUST0535,MERCHANT001,48101.46,NETBANKING,2026-08-22 21:40:02.848634,FAILED,Timeout,1,16,5,True
TXN004626,CUST0781,MERCHANT001,4675.54,WALLET,2026-08-22 20:46:26.848634,SUCCESS,,1,10,2,False
TXN004627,CUST0663,MERCHANT002,33225.46,NETBANKING,2026-08-22 23:57:11.848634,SUCCESS,,1,18,5,False
TXN004628,CUST0247,MERCHANT003,1254.06,CARD,2026-08-21 09:05:33.848634,SUCCESS,,1,7,2,False
TXN004629,CUST1922,MERCHANT003,26899.83,CARD,2026-08-18 17:15:56.848634,FAILED,Technical Error,2,2,4,True
TXN004630,CUST0162,MERCHANT010,26269.2,CARD,2026-08-24 04:46:19.848634,SUCCESS,,1,13,1,False
TXN004631,CUST0083,MERCHANT008,20104.08,CARD,2026-08-23 23:56:19.848634,SUCCESS,,1,6,1,False
TXN004632,CUST0011,MERCHANT007,44200.77,WALLET,2026-08-20 02:25:11.848634,SUCCESS,,1,10,0,False
TXN004633,CUST1398,MERCHANT001,23043.46,CARD,2026-08-23 20:14:23.848634,SUCCESS,,1,1,5,False
TXN004634,CUST0964,MERCHANT002,37069.57,WALLET,2026-08-24 02:52:42.848634,SUCCESS,,1,14,2,False
TXN004635,CUST1666,MERCHANT008,34601.39,UPI,2026-08-18 05:27:32.848634,SUCCESS,,1,11,5,False
TXN004636,CUST1956,MERCHANT008,7264.74,WALLET,2026-08-22 17:16:56.848634,SUCCESS,,1,13,3,False
TXN004637,CUST0561,MERCHANT008,46146.07,CARD,2026-08-21 14:09:11.848634,SUCCESS,,1,6,0,False
TXN004638,CUST0388,MERCHANT003,46807.26,CARD,2026-08-22 12:24:06.848634,SUCCESS,,1,15,0,False
TXN004639,CUST1944,MERCHANT009,15861.99,NETBANKING,2026-08-20 17:50:41.848634,FAILED,Network Error,3,12,0,False
TXN004640,CUST0024,MERCHANT001,4343.24,NETBANKING,2026-08-19 23:33:26.848634,SUCCESS,,1,4,5,False
TXN004641,CUST1355,MERCHANT010,9252.09,CARD,2026-08-24 16:34:39.848634,SUCCESS,,1,4,5,False
TXN004642,CUST1098,MERCHANT004,43121.59,WALLET,2026-08-24 20:22:43.848634,SUCCESS,,1,1,5,False
TXN004643,CUST0776,MERCHANT003,42808.0,UPI,2026-08-22 02:51:31.848634,SUCCESS,,1,8,4,False
TXN004644,CUST1022,MERCHANT004,13151.74,WALLET,2026-08-20 17:57:53.848634,SUCCESS,,1,2,4,False
TXN004645,CUST0126,MERCHANT010,15809.85,UPI,2026-08-19 23:58:02.848634,FAILED,Bank Declined,3,20,2,False
TXN004646,CUST0206,MERCHANT008,37203.85,NETBANKING,2026-08-21 15:15:15.848634,SUCCESS,,1,15,3,False
TXN004647,CUST0580,MERCHANT004,29079.56,WALLET,2026-08-22 04:47:16.848634,SUCCESS,,1,14,1,False
TXN004648,CUST0597,MERCHANT005,41233.31,CARD,2026-08-23 12:16:55.848634,SUCCESS,,1,7,2,False
TXN004649,CUST0938,MERCHANT005,22236.06,WALLET,2026-08-23 10:26:40.848634,SUCCESS,,1,12,3,False
TXN004650,CUST1689,MERCHANT004,45979.2,CARD,2026-08-19 21:34:29.848634,SUCCESS,,1,20,3,False
TXN004651,CUST0434,MERCHANT004,14233.64,WALLET,2026-08-21 11:07:18.848634,SUCCESS,,1,20,5,False
TXN004652,CUST1337,MERCHANT004,22842.18,CARD,2026-08-18 05:43:32.848634,SUCCESS,,1,0,4,False
TXN004653,CUST1284,MERCHANT007,36017.11,WALLET,2026-08-22 09:55:47.848634,SUCCESS,,1,18,5,False
TXN004654,CUST0011,MERCHANT001,17805.52,UPI,2026-08-20 08:04:39.848634,SUCCESS,,1,11,4,False
TXN004655,CUST0419,MERCHANT008,49558.65,NETBANKING,2026-08-22 09:02:31.848634,SUCCESS,,1,19,5,False
TXN004656,CUST0610,MERCHANT009,27195.4,WALLET,2026-08-19 02:33:22.848634,SUCCESS,,1,3,1,False
TXN004657,CUST0331,MERCHANT004,14665.16,WALLET,2026-08-22 05:06:38.848634,SUCCESS,,1,20,0,False
TXN004658,CUST0879,MERCHANT009,21941.01,NETBANKING,2026-08-22 11:19:57.848634,FAILED,Technical Error,2,13,2,True
TXN004659,CUST0649,MERCHANT005,27038.87,WALLET,2026-08-24 17:04:15.848634,SUCCESS,,1,19,1,False
TXN004660,CUST0532,MERCHANT008,28085.83,WALLET,2026-08-21 01:25:37.848634,SUCCESS,,1,6,2,False
TXN004661,CUST1264,MERCHANT006,31841.98,WALLET,2026-08-21 03:11:29.848634,SUCCESS,,1,9,1,False
TXN004662,CUST0790,MERCHANT007,40782.06,WALLET,2026-08-21 19:25:31.848634,SUCCESS,,1,13,3,False
TXN004663,CUST1103,MERCHANT001,7529.26,NETBANKING,2026-08-18 10:49:18.848634,SUCCESS,,1,16,3,False
TXN004664,CUST0343,MERCHANT002,10453.47,CARD,2026-08-20 06:56:27.848634,SUCCESS,,1,14,2,False
TXN004665,CUST0363,MERCHANT002,40009.52,WALLET,2026-08-20 11:47:20.848634,FAILED,Technical Error,2,3,3,True
TXN004666,CUST1518,MERCHANT001,19095.76,CARD,2026-08-24 00:26:56.848634,SUCCESS,,1,9,4,False
TXN004667,CUST1657,MERCHANT005,6302.33,NETBANKING,2026-08-22 23:17:13.848634,SUCCESS,,1,1,1,False
TXN004668,CUST0125,MERCHANT002,34405.54,NETBANKING,2026-08-20 16:36:19.848634,SUCCESS,,1,5,3,False
TXN004669,CUST1389,MERCHANT002,35223.86,UPI,2026-08-22 22:04:50.848634,SUCCESS,,1,17,1,False
TXN004670,CUST0378,MERCHANT007,3965.32,WALLET,2026-08-22 18:52:44.848634,SUCCESS,,1,20,5,False
TXN004671,CUST1771,MERCHANT001,19947.43,CARD,2026-08-23 16:16:47.848634,SUCCESS,,1,5,3,False
TXN004672,CUST0728,MERCHANT002,9674.04,WALLET,2026-08-23 20:27:28.848634,SUCCESS,,1,18,4,False
TXN004673,CUST1105,MERCHANT005,22160.16,WALLET,2026-08-24 13:35:47.848634,SUCCESS,,1,10,0,False
TXN004674,CUST1455,MERCHANT007,18670.42,CARD,2026-08-21 23:09:38.848634,SUCCESS,,1,14,5,False
TXN004675,CUST0527,MERCHANT007,5115.49,WALLET,2026-08-22 19:43:06.848634,SUCCESS,,1,12,2,False
TXN004676,CUST1634,MERCHANT007,30232.65,CARD,2026-08-21 14:16:47.848634,SUCCESS,,1,18,1,False
TXN004677,CUST0700,MERCHANT005,47865.23,NETBANKING,2026-08-23 16:06:11.848634,SUCCESS,,1,20,3,False
TXN004678,CUST0141,MERCHANT006,35539.18,WALLET,2026-08-21 09:05:11.848634,SUCCESS,,1,19,3,False
TXN004679,CUST1560,MERCHANT001,32659.24,UPI,2026-08-20 18:03:24.848634,SUCCESS,,1,17,0,False
TXN004680,CUST0569,MERCHANT006,2789.57,NETBANKING,2026-08-20 14:22:37.848634,SUCCESS,,1,20,0,False
TXN004681,CUST0570,MERCHANT005,35953.81,WALLET,2026-08-24 00:22:35.848634,SUCCESS,,1,11,5,False
TXN004682,CUST0822,MERCHANT005,20175.37,CARD,2026-08-22 22:00:36.848634,SUCCESS,,1,9,5,False
TXN004683,CUST1686,MERCHANT007,33381.73,UPI,2026-08-24 05:53:02.848634,SUCCESS,,1,5,0,False
TXN004684,CUST1301,MERCHANT010,28553.3,UPI,2026-08-18 19:56:34.848634,SUCCESS,,1,10,0,False
TXN004685,CUST1117,MERCHANT008,15878.11,NETBANKING,2026-08-22 07:09:15.848634,SUCCESS,,1,4,2,False
TXN004686,CUST1506,MERCHANT010,18228.19,CARD,2026-08-21 12:34:39.848634,SUCCESS,,1,6,1,False
TXN004687,CUST0898,MERCHANT005,44711.85,WALLET,2026-08-24 23:13:24.848634,SUCCESS,,1,15,1,False
TXN004688,CUST0275,MERCHANT001,4497.13,NETBANKING,2026-08-21 14:55:46.848634,SUCCESS,,1,2,0,False
TXN004689,CUST1814,MERCHANT008,2694.13,UPI,2026-08-20 16:05:08.848634,SUCCESS,,1,18,1,False
TXN004690,CUST1539,MERCHANT004,28774.62,NETBANKING,2026-08-20 05:20:39.848634,SUCCESS,,1,6,5,False
TXN004691,CUST1836,MERCHANT002,20726.2,NETBANKING,2026-08-19 19:20:26.848634,SUCCESS,,1,10,5,False
TXN004692,CUST0589,MERCHANT003,13776.07,NETBANKING,2026-08-22 08:52:36.848634,SUCCESS,,1,7,5,False
TXN004693,CUST1393,MERCHANT008,1133.0,UPI,2026-08-19 09:16:53.848634,SUCCESS,,1,19,0,False
TXN004694,CUST0605,MERCHANT004,23986.04,CARD,2026-08-21 04:05:38.848634,SUCCESS,,1,12,0,False
TXN004695,CUST0835,MERCHANT008,17912.22,CARD,2026-08-24 18:32:44.848634,FAILED,Timeout,3,14,4,False
TXN004696,CUST1514,MERCHANT005,29310.41,CARD,2026-08-24 09:23:03.848634,SUCCESS,,1,19,1,False
TXN004697,CUST0518,MERCHANT003,7968.2,CARD,2026-08-24 08:28:55.848634,FAILED,Bank Declined,3,2,4,False
TXN004698,CUST1278,MERCHANT008,35187.52,CARD,2026-08-18 07:55:45.848634,SUCCESS,,1,5,1,False
TXN004699,CUST0068,MERCHANT003,1872.53,WALLET,2026-08-18 10:08:21.848634,SUCCESS,,1,11,3,False
TXN004700,CUST1704,MERCHANT008,2892.57,WALLET,2026-08-23 04:27:10.848634,SUCCESS,,1,10,0,False
TXN004701,CUST0872,MERCHANT008,33018.34,NETBANKING,2026-08-23 04:39:50.848634,SUCCESS,,1,5,1,False
TXN004702,CUST1795,MERCHANT006,4975.25,CARD,2026-08-18 08:14:23.848634,SUCCESS,,1,3,2,False
TXN004703,CUST1190,MERCHANT004,30431.2,CARD,2026-08-21 00:44:46.848634,SUCCESS,,1,1,0,False
TXN004704,CUST0622,MERCHANT007,37715.17,CARD,2026-08-19 21:50:26.848634,SUCCESS,,1,1,0,False
TXN004705,CUST1242,MERCHANT002,33959.09,CARD,2026-08-22 03:08:30.848634,SUCCESS,,1,7,3,False
TXN004706,CUST1435,MERCHANT009,24126.97,NETBANKING,2026-08-22 13:34:54.848634,SUCCESS,,1,0,4,False
TXN004707,CUST1854,MERCHANT001,19750.56,UPI,2026-08-18 23:14:14.848634,SUCCESS,,1,18,0,False
TXN004708,CUST0902,MERCHANT004,13338.55,CARD,2026-08-23 00:24:47.848634,FAILED,Technical Error,2,4,1,True
TXN004709,CUST1598,MERCHANT008,15676.56,CARD,2026-08-24 11:10:28.848634,SUCCESS,,1,15,3,False
TXN004710,CUST1788,MERCHANT004,42788.76,UPI,2026-08-20 02:07:52.848634,SUCCESS,,1,2,2,False
TXN004711,CUST1332,MERCHANT001,5334.92,WALLET,2026-08-21 09:52:17.848634,SUCCESS,,1,9,3,False
TXN004712,CUST1523,MERCHANT002,12347.37,WALLET,2026-08-22 09:57:26.848634,SUCCESS,,1,2,3,False
TXN004713,CUST0642,MERCHANT004,13714.08,WALLET,2026-08-20 19:00:15.848634,SUCCESS,,1,13,0,False
TXN004714,CUST0103,MERCHANT005,375.54,WALLET,2026-08-24 09:20:56.848634,SUCCESS,,1,17,5,False
TXN004715,CUST1976,MERCHANT004,44040.79,WALLET,2026-08-19 10:03:53.848634,SUCCESS,,1,1,0,False
TXN004716,CUST1071,MERCHANT010,8579.49,NETBANKING,2026-08-22 04:36:02.848634,SUCCESS,,1,4,0,False
TXN004717,CUST0688,MERCHANT004,35703.79,UPI,2026-08-23 13:01:47.848634,SUCCESS,,1,14,4,False
TXN004718,CUST0968,MERCHANT004,41141.91,UPI,2026-08-18 11:58:44.848634,SUCCESS,,1,3,3,False
TXN004719,CUST0540,MERCHANT008,6326.93,NETBANKING,2026-08-24 02:52:10.848634,SUCCESS,,1,19,5,False
TXN004720,CUST1823,MERCHANT006,46311.67,CARD,2026-08-22 04:54:51.848634,SUCCESS,,1,4,0,False
TXN004721,CUST1255,MERCHANT005,46339.47,CARD,2026-08-20 21:51:22.848634,SUCCESS,,1,3,1,False
TXN004722,CUST1995,MERCHANT004,2503.35,UPI,2026-08-22 12:30:15.848634,SUCCESS,,1,15,4,False
TXN004723,CUST1167,MERCHANT004,36334.83,UPI,2026-08-20 16:28:05.848634,SUCCESS,,1,5,2,False
TXN004724,CUST1538,MERCHANT001,40044.3,UPI,2026-08-22 20:06:39.848634,SUCCESS,,1,8,5,False
TXN004725,CUST1448,MERCHANT010,14399.53,NETBANKING,2026-08-21 19:38:01.848634,SUCCESS,,1,17,3,False
TXN004726,CUST0247,MERCHANT007,32176.81,UPI,2026-08-21 16:25:05.848634,SUCCESS,,1,18,5,False
TXN004727,CUST1321,MERCHANT010,38596.11,CARD,2026-08-23 12:54:11.848634,SUCCESS,,1,17,0,False
TXN004728,CUST1791,MERCHANT002,6922.42,CARD,2026-08-24 07:06:31.848634,SUCCESS,,1,1,0,False
TXN004729,CUST0772,MERCHANT007,43263.38,NETBANKING,2026-08-20 00:17:38.848634,SUCCESS,,1,4,3,False
TXN004730,CUST0073,MERCHANT009,4348.56,NETBANKING,2026-08-23 02:59:13.848634,SUCCESS,,1,18,3,False
TXN004731,CUST0032,MERCHANT002,31914.29,CARD,2026-08-22 00:14:03.848634,SUCCESS,,1,3,3,False
TXN004732,CUST1586,MERCHANT008,45519.88,NETBANKING,2026-08-19 23:00:00.848634,SUCCESS,,1,17,5,False
TXN004733,CUST1100,MERCHANT007,23627.01,WALLET,2026-08-24 16:12:06.848634,SUCCESS,,1,19,2,False
TXN004734,CUST0940,MERCHANT002,26254.15,CARD,2026-08-20 14:20:41.848634,FAILED,Bank Declined,3,19,1,False
TXN004735,CUST0411,MERCHANT002,21322.72,CARD,2026-08-22 06:43:26.848634,SUCCESS,,1,20,3,False
TXN004736,CUST1960,MERCHANT001,14698.65,CARD,2026-08-23 10:25:19.848634,SUCCESS,,1,16,3,False
TXN004737,CUST1297,MERCHANT006,19805.87,NETBANKING,2026-08-23 08:07:43.848634,SUCCESS,,1,5,4,False
TXN004738,CUST0392,MERCHANT007,26296.91,CARD,2026-08-21 05:21:29.848634,SUCCESS,,1,8,2,False
TXN004739,CUST0676,MERCHANT009,30478.48,UPI,2026-08-22 04:51:59.848634,SUCCESS,,1,14,5,False
TXN004740,CUST0430,MERCHANT002,669.02,WALLET,2026-08-23 14:48:32.848634,SUCCESS,,1,15,0,False
TXN004741,CUST1979,MERCHANT002,21560.55,NETBANKING,2026-08-20 03:16:20.848634,SUCCESS,,1,11,5,False
TXN004742,CUST1042,MERCHANT007,46471.81,UPI,2026-08-24 19:53:13.848634,SUCCESS,,1,15,2,False
TXN004743,CUST1111,MERCHANT005,4663.81,UPI,2026-08-24 19:18:51.848634,SUCCESS,,1,2,3,False
TXN004744,CUST1851,MERCHANT007,18612.06,UPI,2026-08-19 23:41:09.848634,SUCCESS,,1,14,5,False
TXN004745,CUST1570,MERCHANT003,31584.51,NETBANKING,2026-08-21 11:06:28.848634,SUCCESS,,1,19,0,False
TXN004746,CUST1732,MERCHANT002,40706.47,CARD,2026-08-21 13:00:04.848634,SUCCESS,,1,14,1,False
TXN004747,CUST1925,MERCHANT003,6266.55,CARD,2026-08-18 13:27:07.848634,SUCCESS,,1,0,1,False
TXN004748,CUST1661,MERCHANT001,34807.16,NETBANKING,2026-08-21 20:00:10.848634,SUCCESS,,1,3,1,False
TXN004749,CUST0986,MERCHANT008,10989.15,NETBANKING,2026-08-19 13:18:52.848634,SUCCESS,,1,11,3,False
TXN004750,CUST0584,MERCHANT003,18824.53,UPI,2026-08-18 04:50:55.848634,SUCCESS,,1,12,5,False
TXN004751,CUST0109,MERCHANT007,30322.14,NETBANKING,2026-08-25 02:21:08.848634,SUCCESS,,1,5,0,False
TXN004752,CUST1956,MERCHANT008,26790.29,WALLET,2026-08-24 10:40:12.848634,SUCCESS,,1,11,3,False
TXN004753,CUST1064,MERCHANT010,4269.18,UPI,2026-08-24 02:48:23.848634,SUCCESS,,1,16,4,False
TXN004754,CUST1608,MERCHANT001,34546.15,WALLET,2026-08-20 05:04:52.848634,SUCCESS,,1,19,5,False
TXN004755,CUST1571,MERCHANT002,6532.99,NETBANKING,2026-08-19 13:07:04.848634,SUCCESS,,1,1,3,False
TXN004756,CUST0083,MERCHANT006,28684.08,WALLET,2026-08-20 00:01:29.848634,SUCCESS,,1,14,1,False
TXN004757,CUST0963,MERCHANT009,29161.48,NETBANKING,2026-08-22 19:12:16.848634,SUCCESS,,1,5,1,False
TXN004758,CUST0896,MERCHANT004,40237.27,CARD,2026-08-18 22:42:15.848634,SUCCESS,,1,17,3,False
TXN004759,CUST0672,MERCHANT005,16828.47,UPI,2026-08-23 10:18:53.848634,SUCCESS,,1,9,1,False
TXN004760,CUST0139,MERCHANT006,40991.38,WALLET,2026-08-23 23:44:38.848634,FAILED,Network Error,2,3,4,True
TXN004761,CUST0547,MERCHANT002,19670.84,NETBANKING,2026-08-24 04:25:20.848634,SUCCESS,,1,15,3,False
TXN004762,CUST0993,MERCHANT008,2616.6,WALLET,2026-08-20 06:25:26.848634,SUCCESS,,1,8,0,False
TXN004763,CUST1090,MERCHANT009,24504.44,WALLET,2026-08-20 22:08:54.848634,FAILED,Timeout,3,1,2,False
TXN004764,CUST0239,MERCHANT005,10812.24,WALLET,2026-08-24 01:58:23.848634,SUCCESS,,1,19,5,False
TXN004765,CUST0797,MERCHANT010,4216.05,UPI,2026-08-19 07:23:09.848634,SUCCESS,,1,14,1,False
TXN004766,CUST1461,MERCHANT002,1744.42,NETBANKING,2026-08-18 15:11:50.848634,SUCCESS,,1,4,3,False
TXN004767,CUST0633,MERCHANT009,31486.9,WALLET,2026-08-20 06:49:54.848634,SUCCESS,,1,15,0,False
TXN004768,CUST1825,MERCHANT004,40027.52,UPI,2026-08-24 10:52:00.848634,SUCCESS,,1,17,0,False
TXN004769,CUST1391,MERCHANT006,44737.8,CARD,2026-08-19 00:10:38.848634,SUCCESS,,1,4,4,False
TXN004770,CUST0947,MERCHANT006,46660.89,CARD,2026-08-19 04:29:00.848634,SUCCESS,,1,1,2,False
TXN004771,CUST1691,MERCHANT001,27510.96,WALLET,2026-08-19 08:42:53.848634,SUCCESS,,1,7,1,False
TXN004772,CUST1025,MERCHANT010,38941.87,UPI,2026-08-21 05:34:56.848634,SUCCESS,,1,2,5,False
TXN004773,CUST0711,MERCHANT009,7781.13,CARD,2026-08-21 09:29:50.848634,SUCCESS,,1,6,1,False
TXN004774,CUST1310,MERCHANT002,15461.53,UPI,2026-08-21 18:58:03.848634,SUCCESS,,1,0,0,False
TXN004775,CUST0506,MERCHANT001,14661.68,UPI,2026-08-18 15:44:15.848634,SUCCESS,,1,18,1,False
TXN004776,CUST1977,MERCHANT005,18943.23,UPI,2026-08-25 02:32:47.848634,SUCCESS,,1,11,1,False
TXN004777,CUST1360,MERCHANT002,42497.43,WALLET,2026-08-23 09:25:41.848634,SUCCESS,,1,4,3,False
TXN004778,CUST1783,MERCHANT010,18796.96,NETBANKING,2026-08-24 08:08:54.848634,SUCCESS,,1,14,3,False
TXN004779,CUST0608,MERCHANT009,22794.49,UPI,2026-08-21 02:10:26.848634,SUCCESS,,1,18,0,False
TXN004780,CUST1977,MERCHANT010,37288.7,UPI,2026-08-20 16:43:18.848634,SUCCESS,,1,11,5,False
TXN004781,CUST0667,MERCHANT004,47792.49,NETBANKING,2026-08-21 00:43:21.848634,SUCCESS,,1,6,3,False
TXN004782,CUST1351,MERCHANT001,598.89,CARD,2026-08-21 18:10:26.848634,SUCCESS,,1,17,1,False
TXN004783,CUST1708,MERCHANT006,21105.5,CARD,2026-08-18 05:44:00.848634,SUCCESS,,1,0,1,False
TXN004784,CUST1969,MERCHANT002,27412.91,WALLET,2026-08-24 07:05:13.848634,SUCCESS,,1,8,3,False
TXN004785,CUST0820,MERCHANT001,33356.52,CARD,2026-08-20 09:43:56.848634,SUCCESS,,1,2,0,False
TXN004786,CUST1837,MERCHANT001,23924.09,CARD,2026-08-22 22:52:04.848634,FAILED,Insufficient Funds,2,7,2,True
TXN004787,CUST1047,MERCHANT007,39742.79,UPI,2026-08-18 05:03:20.848634,SUCCESS,,1,9,2,False
TXN004788,CUST0103,MERCHANT002,16197.1,WALLET,2026-08-20 03:49:22.848634,SUCCESS,,1,6,0,False
TXN004789,CUST0394,MERCHANT002,10200.7,NETBANKING,2026-08-20 02:30:53.848634,SUCCESS,,1,18,3,False
TXN004790,CUST1854,MERCHANT002,7876.9,NETBANKING,2026-08-18 14:39:21.848634,SUCCESS,,1,2,3,False
TXN004791,CUST1669,MERCHANT005,20125.46,WALLET,2026-08-19 21:50:09.848634,SUCCESS,,1,17,2,False
TXN004792,CUST1468,MERCHANT009,31447.13,CARD,2026-08-22 22:28:49.848634,SUCCESS,,1,17,0,False
TXN004793,CUST1929,MERCHANT006,21009.86,CARD,2026-08-21 16:44:47.848634,SUCCESS,,1,12,5,False
TXN004794,CUST0068,MERCHANT007,23994.02,CARD,2026-08-22 15:15:22.848634,FAILED,Technical Error,2,0,4,True
TXN004795,CUST1851,MERCHANT003,30470.09,WALLET,2026-08-21 17:37:23.848634,SUCCESS,,1,12,0,False
TXN004796,CUST1807,MERCHANT009,25351.93,CARD,2026-08-23 09:15:11.848634,SUCCESS,,1,3,1,False
TXN004797,CUST0130,MERCHANT003,5588.65,CARD,2026-08-24 07:52:24.848634,SUCCESS,,1,17,3,False
TXN004798,CUST1247,MERCHANT004,48761.12,UPI,2026-08-20 10:17:01.848634,SUCCESS,,1,13,3,False
TXN004799,CUST1780,MERCHANT008,29762.7,UPI,2026-08-22 10:07:16.848634,SUCCESS,,1,14,2,False
TXN004800,CUST0467,MERCHANT007,38486.67,NETBANKING,2026-08-23 01:05:07.848634,SUCCESS,,1,18,1,False
TXN004801,CUST1121,MERCHANT008,37034.48,CARD,2026-08-22 19:08:32.848634,SUCCESS,,1,4,1,False
TXN004802,CUST1606,MERCHANT005,32622.54,NETBANKING,2026-08-19 01:48:47.848634,SUCCESS,,1,14,3,False
TXN004803,CUST0544,MERCHANT009,35541.65,CARD,2026-08-21 03:44:20.848634,SUCCESS,,1,15,5,False
TXN004804,CUST1285,MERCHANT008,34838.62,WALLET,2026-08-20 09:51:26.848634,SUCCESS,,1,6,0,False
TXN004805,CUST1603,MERCHANT008,43050.66,WALLET,2026-08-24 08:12:13.848634,SUCCESS,,1,8,0,False
TXN004806,CUST0445,MERCHANT008,2422.53,UPI,2026-08-18 20:28:27.848634,SUCCESS,,1,13,2,False
TXN004807,CUST0771,MERCHANT004,26176.75,CARD,2026-08-19 22:45:55.848634,SUCCESS,,1,19,0,False
TXN004808,CUST1897,MERCHANT010,31016.46,UPI,2026-08-23 02:22:23.848634,SUCCESS,,1,16,3,False
TXN004809,CUST0165,MERCHANT001,40587.23,CARD,2026-08-22 17:35:05.848634,SUCCESS,,1,6,3,False
TXN004810,CUST1582,MERCHANT006,3571.94,CARD,2026-08-24 22:12:58.848634,SUCCESS,,1,3,1,False
TXN004811,CUST0251,MERCHANT007,48979.24,NETBANKING,2026-08-21 18:27:13.848634,SUCCESS,,1,15,4,False
TXN004812,CUST1896,MERCHANT007,27538.03,CARD,2026-08-18 08:04:06.848634,SUCCESS,,1,16,1,False
TXN004813,CUST1632,MERCHANT008,31076.48,UPI,2026-08-20 12:04:10.848634,SUCCESS,,1,18,0,False
TXN004814,CUST0939,MERCHANT002,427.21,WALLET,2026-08-23 19:02:30.848634,SUCCESS,,1,1,2,False
TXN004815,CUST0774,MERCHANT003,35304.29,UPI,2026-08-22 08:25:57.848634,SUCCESS,,1,17,1,False
TXN004816,CUST1568,MERCHANT008,43831.99,CARD,2026-08-21 11:12:35.848634,SUCCESS,,1,3,0,False
TXN004817,CUST1799,MERCHANT005,2023.63,NETBANKING,2026-08-21 06:22:24.848634,SUCCESS,,1,16,4,False
TXN004818,CUST1982,MERCHANT001,9563.53,UPI,2026-08-20 21:51:37.848634,SUCCESS,,1,12,4,False
TXN004819,CUST1045,MERCHANT010,21161.3,NETBANKING,2026-08-20 03:22:00.848634,SUCCESS,,1,14,1,False
TXN004820,CUST0991,MERCHANT003,21625.6,UPI,2026-08-18 07:03:23.848634,SUCCESS,,1,17,0,False
TXN004821,CUST0647,MERCHANT005,20955.69,CARD,2026-08-19 11:10:05.848634,SUCCESS,,1,18,0,False
TXN004822,CUST1663,MERCHANT003,13170.51,NETBANKING,2026-08-21 07:51:38.848634,SUCCESS,,1,10,3,False
TXN004823,CUST0170,MERCHANT001,24011.03,NETBANKING,2026-08-19 13:05:12.848634,SUCCESS,,1,9,3,False
TXN004824,CUST0733,MERCHANT004,49491.15,NETBANKING,2026-08-21 09:49:50.848634,SUCCESS,,1,9,4,False
TXN004825,CUST0880,MERCHANT005,41493.55,NETBANKING,2026-08-20 16:51:55.848634,SUCCESS,,1,0,1,False
TXN004826,CUST0885,MERCHANT004,6176.54,CARD,2026-08-18 08:40:04.848634,SUCCESS,,1,15,1,False
TXN004827,CUST0570,MERCHANT005,35185.71,CARD,2026-08-19 06:02:46.848634,SUCCESS,,1,18,1,False
TXN004828,CUST0615,MERCHANT005,20822.62,WALLET,2026-08-24 02:05:54.848634,SUCCESS,,1,18,2,False
TXN004829,CUST1939,MERCHANT001,29470.18,UPI,2026-08-20 19:18:53.848634,SUCCESS,,1,9,2,False
TXN004830,CUST1057,MERCHANT007,40464.58,UPI,2026-08-18 15:52:54.848634,SUCCESS,,1,3,0,False
TXN004831,CUST0590,MERCHANT010,44011.04,UPI,2026-08-19 03:37:30.848634,SUCCESS,,1,20,5,False
TXN004832,CUST1143,MERCHANT007,26986.37,WALLET,2026-08-24 23:17:47.848634,SUCCESS,,1,16,5,False
TXN004833,CUST0936,MERCHANT009,18232.48,WALLET,2026-08-20 19:24:25.848634,SUCCESS,,1,7,4,False
TXN004834,CUST0674,MERCHANT007,21990.54,WALLET,2026-08-18 16:32:47.848634,SUCCESS,,1,13,3,False
TXN004835,CUST0632,MERCHANT009,31109.67,CARD,2026-08-23 03:43:04.848634,SUCCESS,,1,1,2,False
TXN004836,CUST1828,MERCHANT010,18520.28,UPI,2026-08-18 22:22:03.848634,FAILED,Technical Error,2,1,1,True
TXN004837,CUST1772,MERCHANT009,19310.54,CARD,2026-08-23 12:19:20.848634,SUCCESS,,1,19,0,False
TXN004838,CUST0140,MERCHANT007,47253.7,UPI,2026-08-19 21:08:28.848634,SUCCESS,,1,13,0,False
TXN004839,CUST1111,MERCHANT006,22077.35,CARD,2026-08-21 06:36:33.848634,SUCCESS,,1,10,1,False
TXN004840,CUST1636,MERCHANT009,21071.77,WALLET,2026-08-23 02:18:10.848634,FAILED,Timeout,1,17,3,True
TXN004841,CUST0029,MERCHANT008,28349.02,UPI,2026-08-20 17:12:46.848634,SUCCESS,,1,1,2,False
TXN004842,CUST1235,MERCHANT006,12050.75,CARD,2026-08-24 02:02:24.848634,SUCCESS,,1,13,4,False
TXN004843,CUST0563,MERCHANT006,4818.36,UPI,2026-08-23 05:37:06.848634,SUCCESS,,1,17,3,False
TXN004844,CUST1930,MERCHANT003,39053.58,UPI,2026-08-23 14:11:47.848634,SUCCESS,,1,4,1,False
TXN004845,CUST0220,MERCHANT005,2762.92,WALLET,2026-08-21 06:58:02.848634,SUCCESS,,1,15,1,False
TXN004846,CUST1805,MERCHANT004,38830.94,NETBANKING,2026-08-19 09:10:19.848634,SUCCESS,,1,19,5,False
TXN004847,CUST1131,MERCHANT007,4921.05,CARD,2026-08-22 22:35:00.848634,SUCCESS,,1,0,5,False
TXN004848,CUST0645,MERCHANT005,22341.35,NETBANKING,2026-08-22 06:01:34.848634,SUCCESS,,1,10,1,False
TXN004849,CUST0913,MERCHANT003,37417.47,NETBANKING,2026-08-18 05:04:49.848634,SUCCESS,,1,4,4,False
TXN004850,CUST0615,MERCHANT006,4674.02,CARD,2026-08-20 05:29:33.848634,SUCCESS,,1,8,1,False
TXN004851,CUST1963,MERCHANT009,46089.33,UPI,2026-08-23 11:24:13.848634,SUCCESS,,1,17,2,False
TXN004852,CUST1936,MERCHANT006,18508.37,CARD,2026-08-19 14:16:47.848634,SUCCESS,,1,16,5,False
TXN004853,CUST1929,MERCHANT010,39774.3,WALLET,2026-08-23 05:14:46.848634,SUCCESS,,1,1,2,False
TXN004854,CUST0829,MERCHANT005,32913.94,NETBANKING,2026-08-20 18:46:23.848634,SUCCESS,,1,10,3,False
TXN004855,CUST0917,MERCHANT007,7457.24,CARD,2026-08-23 15:16:57.848634,SUCCESS,,1,2,3,False
TXN004856,CUST0267,MERCHANT002,16411.5,WALLET,2026-08-19 21:12:45.848634,SUCCESS,,1,11,0,False
TXN004857,CUST1621,MERCHANT004,30138.89,NETBANKING,2026-08-22 06:27:17.848634,SUCCESS,,1,9,0,False
TXN004858,CUST0150,MERCHANT008,7465.26,WALLET,2026-08-23 14:01:24.848634,SUCCESS,,1,14,4,False
TXN004859,CUST0166,MERCHANT003,42911.06,NETBANKING,2026-08-19 00:25:21.848634,SUCCESS,,1,3,0,False
TXN004860,CUST1019,MERCHANT010,17188.0,UPI,2026-08-20 05:05:14.848634,FAILED,Timeout,3,13,3,False
TXN004861,CUST1902,MERCHANT003,27511.87,NETBANKING,2026-08-21 00:37:01.848634,SUCCESS,,1,9,0,False
TXN004862,CUST0756,MERCHANT010,26201.65,UPI,2026-08-19 11:26:47.848634,SUCCESS,,1,19,4,False
TXN004863,CUST1473,MERCHANT001,26436.11,CARD,2026-08-22 06:18:22.848634,SUCCESS,,1,2,4,False
TXN004864,CUST1177,MERCHANT006,42945.14,WALLET,2026-08-24 06:40:05.848634,FAILED,Technical Error,3,3,5,False
TXN004865,CUST0927,MERCHANT004,21710.49,UPI,2026-08-19 16:04:54.848634,SUCCESS,,1,13,2,False
TXN004866,CUST0610,MERCHANT002,12158.34,CARD,2026-08-22 21:13:02.848634,SUCCESS,,1,15,5,False
TXN004867,CUST1861,MERCHANT007,44041.17,UPI,2026-08-23 10:11:36.848634,SUCCESS,,1,20,1,False
TXN004868,CUST1564,MERCHANT003,4403.09,UPI,2026-08-23 18:40:10.848634,SUCCESS,,1,17,5,False
TXN004869,CUST0223,MERCHANT007,38405.54,UPI,2026-08-21 01:13:40.848634,SUCCESS,,1,11,5,False
TXN004870,CUST1743,MERCHANT006,26811.9,CARD,2026-08-22 15:32:06.848634,SUCCESS,,1,19,3,False
TXN004871,CUST1236,MERCHANT004,46861.49,NETBANKING,2026-08-19 11:29:05.848634,SUCCESS,,1,11,4,False
TXN004872,CUST0346,MERCHANT007,37155.44,NETBANKING,2026-08-19 12:42:46.848634,SUCCESS,,1,14,1,False
TXN004873,CUST0433,MERCHANT003,4620.91,CARD,2026-08-22 13:52:47.848634,SUCCESS,,1,20,0,False
TXN004874,CUST0813,MERCHANT006,5897.78,WALLET,2026-08-22 16:57:02.848634,SUCCESS,,1,12,4,False
TXN004875,CUST1207,MERCHANT010,38395.66,UPI,2026-08-22 22:03:27.848634,SUCCESS,,1,6,0,False
TXN004876,CUST0893,MERCHANT002,46757.19,CARD,2026-08-23 15:00:07.848634,SUCCESS,,1,13,0,False
TXN004877,CUST1567,MERCHANT006,953.85,CARD,2026-08-22 21:18:09.848634,SUCCESS,,1,3,3,False
TXN004878,CUST1318,MERCHANT002,15177.61,NETBANKING,2026-08-23 17:30:57.848634,SUCCESS,,1,16,4,False
TXN004879,CUST1413,MERCHANT007,33665.4,UPI,2026-08-24 06:45:28.848634,SUCCESS,,1,19,3,False
TXN004880,CUST1797,MERCHANT010,11427.43,UPI,2026-08-20 11:34:38.848634,SUCCESS,,1,5,3,False
TXN004881,CUST1980,MERCHANT009,36747.13,WALLET,2026-08-18 20:32:51.848634,SUCCESS,,1,11,3,False
TXN004882,CUST0247,MERCHANT008,26408.44,UPI,2026-08-19 09:41:52.848634,SUCCESS,,1,15,5,False
TXN004883,CUST1966,MERCHANT008,10963.55,UPI,2026-08-22 10:21:55.848634,SUCCESS,,1,9,4,False
TXN004884,CUST0133,MERCHANT005,11698.1,CARD,2026-08-24 10:02:10.848634,SUCCESS,,1,4,2,False
TXN004885,CUST1354,MERCHANT007,32203.93,NETBANKING,2026-08-22 22:52:36.848634,SUCCESS,,1,13,2,False
TXN004886,CUST0124,MERCHANT006,2809.77,UPI,2026-08-24 04:42:34.848634,SUCCESS,,1,11,5,False
TXN004887,CUST1534,MERCHANT006,37388.98,UPI,2026-08-19 02:08:58.848634,SUCCESS,,1,19,5,False
TXN004888,CUST1554,MERCHANT008,15132.35,WALLET,2026-08-22 17:45:19.848634,SUCCESS,,1,2,0,False
TXN004889,CUST1963,MERCHANT002,35711.74,UPI,2026-08-24 21:09:58.848634,SUCCESS,,1,16,3,False
TXN004890,CUST1937,MERCHANT004,12143.44,UPI,2026-08-23 17:30:46.848634,SUCCESS,,1,9,4,False
TXN004891,CUST1502,MERCHANT007,24875.95,WALLET,2026-08-19 08:56:32.848634,SUCCESS,,1,11,4,False
TXN004892,CUST0257,MERCHANT006,40774.38,CARD,2026-08-20 07:40:29.848634,SUCCESS,,1,14,5,False
TXN004893,CUST0594,MERCHANT010,40751.06,CARD,2026-08-22 01:03:02.848634,SUCCESS,,1,16,4,False
TXN004894,CUST0148,MERCHANT009,45909.49,WALLET,2026-08-22 15:41:05.848634,SUCCESS,,1,6,4,False
TXN004895,CUST0349,MERCHANT002,2410.16,CARD,2026-08-19 13:39:48.848634,SUCCESS,,1,8,3,False
TXN004896,CUST0193,MERCHANT009,23530.88,NETBANKING,2026-08-21 14:28:50.848634,SUCCESS,,1,20,4,False
TXN004897,CUST1675,MERCHANT004,29981.97,NETBANKING,2026-08-23 06:22:16.848634,SUCCESS,,1,9,1,False
TXN004898,CUST1971,MERCHANT008,1234.55,CARD,2026-08-21 17:53:56.848634,SUCCESS,,1,9,3,False
TXN004899,CUST0709,MERCHANT001,21071.6,WALLET,2026-08-20 00:31:58.848634,SUCCESS,,1,15,2,False
TXN004900,CUST0139,MERCHANT001,14362.19,UPI,2026-08-23 11:33:07.848634,SUCCESS,,1,14,4,False
TXN004901,CUST1951,MERCHANT003,11918.14,CARD,2026-08-24 12:23:29.848634,SUCCESS,,1,18,1,False
TXN004902,CUST0354,MERCHANT007,19381.45,UPI,2026-08-19 11:39:04.848634,SUCCESS,,1,17,2,False
TXN004903,CUST0699,MERCHANT006,47634.43,NETBANKING,2026-08-24 17:44:25.848634,SUCCESS,,1,11,2,False
TXN004904,CUST1896,MERCHANT001,39186.87,UPI,2026-08-18 21:05:29.848634,SUCCESS,,1,20,1,False
TXN004905,CUST0501,MERCHANT007,2514.39,UPI,2026-08-20 21:18:14.848634,SUCCESS,,1,17,3,False
TXN004906,CUST0927,MERCHANT004,19066.34,UPI,2026-08-23 14:26:50.848634,SUCCESS,,1,6,5,False
TXN004907,CUST1531,MERCHANT005,18060.27,NETBANKING,2026-08-18 19:12:30.848634,SUCCESS,,1,15,1,False
TXN004908,CUST1637,MERCHANT002,571.96,WALLET,2026-08-19 01:34:18.848634,SUCCESS,,1,19,0,False
TXN004909,CUST1477,MERCHANT001,16779.6,NETBANKING,2026-08-23 14:26:19.848634,SUCCESS,,1,8,4,False
TXN004910,CUST1651,MERCHANT004,28505.94,WALLET,2026-08-24 06:04:51.848634,SUCCESS,,1,17,3,False
TXN004911,CUST0511,MERCHANT007,24752.44,CARD,2026-08-23 08:36:14.848634,SUCCESS,,1,1,1,False
TXN004912,CUST0692,MERCHANT004,13494.39,CARD,2026-08-21 07:13:59.848634,SUCCESS,,1,11,4,False
TXN004913,CUST0294,MERCHANT005,9403.8,WALLET,2026-08-23 06:59:39.848634,SUCCESS,,1,0,4,False
TXN004914,CUST1675,MERCHANT004,933.09,NETBANKING,2026-08-21 13:48:04.848634,SUCCESS,,1,15,1,False
TXN004915,CUST1084,MERCHANT005,17029.89,WALLET,2026-08-22 23:04:55.848634,SUCCESS,,1,8,5,False
TXN004916,CUST1008,MERCHANT008,20122.94,NETBANKING,2026-08-24 11:39:20.848634,SUCCESS,,1,12,5,False
TXN004917,CUST1356,MERCHANT005,22636.61,UPI,2026-08-22 20:14:08.848634,SUCCESS,,1,12,1,False
TXN004918,CUST0831,MERCHANT001,38041.37,CARD,2026-08-18 05:50:03.848634,SUCCESS,,1,4,1,False
TXN004919,CUST0936,MERCHANT008,539.71,UPI,2026-08-18 03:30:11.848634,SUCCESS,,1,13,1,False
TXN004920,CUST1199,MERCHANT006,34147.01,UPI,2026-08-21 09:06:16.848634,SUCCESS,,1,12,1,False
TXN004921,CUST0424,MERCHANT008,3116.98,CARD,2026-08-20 22:30:44.848634,FAILED,Bank Declined,2,2,5,True
TXN004922,CUST0114,MERCHANT008,6628.83,UPI,2026-08-24 21:39:31.848634,SUCCESS,,1,4,5,False
TXN004923,CUST1610,MERCHANT007,25108.46,WALLET,2026-08-21 19:40:27.848634,SUCCESS,,1,18,1,False
TXN004924,CUST0886,MERCHANT007,47161.78,NETBANKING,2026-08-21 00:40:48.848634,SUCCESS,,1,17,2,False
TXN004925,CUST1783,MERCHANT006,24461.89,NETBANKING,2026-08-18 21:21:52.848634,SUCCESS,,1,7,2,False
TXN004926,CUST0025,MERCHANT010,3247.48,NETBANKING,2026-08-21 12:13:54.848634,SUCCESS,,1,19,2,False
TXN004927,CUST0976,MERCHANT002,32713.14,NETBANKING,2026-08-22 19:44:44.848634,SUCCESS,,1,0,0,False
TXN004928,CUST0600,MERCHANT006,42792.64,NETBANKING,2026-08-24 14:56:09.848634,SUCCESS,,1,9,5,False
TXN004929,CUST1700,MERCHANT005,7944.98,UPI,2026-08-21 05:43:50.848634,SUCCESS,,1,7,1,False
TXN004930,CUST1210,MERCHANT009,33349.79,CARD,2026-08-20 22:11:09.848634,SUCCESS,,1,12,1,False
TXN004931,CUST0179,MERCHANT006,30037.2,NETBANKING,2026-08-25 00:08:12.848634,SUCCESS,,1,15,0,False
TXN004932,CUST0408,MERCHANT005,10655.76,UPI,2026-08-19 07:49:38.848634,SUCCESS,,1,12,3,False
TXN004933,CUST0542,MERCHANT002,20922.93,NETBANKING,2026-08-21 09:42:54.848634,FAILED,Bank Declined,2,4,1,True
TXN004934,CUST0762,MERCHANT008,7788.18,NETBANKING,2026-08-23 06:46:19.848634,SUCCESS,,1,2,4,False
TXN004935,CUST1234,MERCHANT010,37165.88,UPI,2026-08-21 02:09:35.848634,SUCCESS,,1,11,3,False
TXN004936,CUST0829,MERCHANT010,32377.56,WALLET,2026-08-19 03:07:26.848634,SUCCESS,,1,13,3,False
TXN004937,CUST0823,MERCHANT003,19176.82,WALLET,2026-08-18 15:46:41.848634,FAILED,Technical Error,3,1,4,False
TXN004938,CUST1941,MERCHANT010,47122.31,UPI,2026-08-19 09:59:38.848634,SUCCESS,,1,2,2,False
TXN004939,CUST0398,MERCHANT001,10376.84,UPI,2026-08-23 19:03:19.848634,SUCCESS,,1,10,2,False
TXN004940,CUST0030,MERCHANT003,25097.63,NETBANKING,2026-08-21 14:15:01.848634,SUCCESS,,1,5,4,False
TXN004941,CUST0421,MERCHANT002,41059.34,NETBANKING,2026-08-19 20:25:14.848634,SUCCESS,,1,6,1,False
TXN004942,CUST0790,MERCHANT009,41311.1,WALLET,2026-08-24 22:47:50.848634,SUCCESS,,1,16,1,False
TXN004943,CUST1833,MERCHANT002,17159.05,CARD,2026-08-20 10:46:25.848634,SUCCESS,,1,6,4,False
TXN004944,CUST0709,MERCHANT002,3646.88,UPI,2026-08-20 18:39:45.848634,SUCCESS,,1,6,5,False
TXN004945,CUST1976,MERCHANT003,49052.91,CARD,2026-08-23 14:26:31.848634,SUCCESS,,1,17,0,False
TXN004946,CUST0999,MERCHANT003,6086.13,CARD,2026-08-22 09:29:33.848634,FAILED,Timeout,1,2,5,True
TXN004947,CUST0222,MERCHANT008,16258.68,CARD,2026-08-19 14:20:47.848634,SUCCESS,,1,12,5,False
TXN004948,CUST0487,MERCHANT008,45328.06,UPI,2026-08-22 21:17:58.848634,SUCCESS,,1,7,0,False
TXN004949,CUST0856,MERCHANT009,38277.25,WALLET,2026-08-22 21:30:36.848634,SUCCESS,,1,8,4,False
TXN004950,CUST0443,MERCHANT005,31444.02,CARD,2026-08-21 12:35:57.848634,SUCCESS,,1,19,0,False
TXN004951,CUST1062,MERCHANT002,31578.31,CARD,2026-08-18 17:17:19.848634,SUCCESS,,1,8,2,False
TXN004952,CUST0076,MERCHANT001,3313.6,CARD,2026-08-21 19:10:51.848634,SUCCESS,,1,15,0,False
TXN004953,CUST0936,MERCHANT008,6881.56,CARD,2026-08-21 06:57:49.848634,SUCCESS,,1,0,2,False
TXN004954,CUST0159,MERCHANT003,43299.79,WALLET,2026-08-24 12:20:20.848634,SUCCESS,,1,2,4,False
TXN004955,CUST0259,MERCHANT009,30396.55,WALLET,2026-08-21 20:15:13.848634,SUCCESS,,1,6,2,False
TXN004956,CUST1039,MERCHANT005,20171.94,CARD,2026-08-18 13:28:22.848634,SUCCESS,,1,4,4,False
TXN004957,CUST0407,MERCHANT001,8940.7,UPI,2026-08-18 06:41:20.848634,SUCCESS,,1,12,2,False
TXN004958,CUST1053,MERCHANT007,17919.89,NETBANKING,2026-08-21 23:24:15.848634,SUCCESS,,1,5,5,False
TXN004959,CUST1106,MERCHANT010,6815.59,WALLET,2026-08-19 12:29:44.848634,SUCCESS,,1,1,4,False
TXN004960,CUST1640,MERCHANT004,14082.73,CARD,2026-08-18 11:48:31.848634,SUCCESS,,1,11,4,False
TXN004961,CUST0863,MERCHANT006,5534.6,UPI,2026-08-18 21:36:45.848634,SUCCESS,,1,17,1,False
TXN004962,CUST1758,MERCHANT006,27825.96,UPI,2026-08-23 04:36:02.848634,SUCCESS,,1,18,1,False
TXN004963,CUST1159,MERCHANT002,13235.67,UPI,2026-08-20 19:57:29.848634,SUCCESS,,1,7,5,False
TXN004964,CUST1428,MERCHANT004,42530.43,NETBANKING,2026-08-19 17:55:51.848634,SUCCESS,,1,20,4,False
TXN004965,CUST0525,MERCHANT009,34203.13,NETBANKING,2026-08-20 22:27:36.848634,SUCCESS,,1,7,1,False
TXN004966,CUST0295,MERCHANT003,21028.51,UPI,2026-08-23 20:51:30.848634,SUCCESS,,1,16,0,False
TXN004967,CUST1032,MERCHANT008,36093.51,NETBANKING,2026-08-20 13:00:15.848634,SUCCESS,,1,9,2,False
TXN004968,CUST1461,MERCHANT007,24773.87,WALLET,2026-08-19 21:34:07.848634,SUCCESS,,1,5,3,False
TXN004969,CUST1751,MERCHANT006,49866.4,WALLET,2026-08-21 23:55:15.848634,SUCCESS,,1,16,2,False
TXN004970,CUST1812,MERCHANT005,19110.59,UPI,2026-08-19 17:11:56.848634,SUCCESS,,1,18,1,False
TXN004971,CUST1508,MERCHANT005,22567.5,UPI,2026-08-21 15:07:17.848634,SUCCESS,,1,12,0,False
TXN004972,CUST0353,MERCHANT008,3436.57,UPI,2026-08-21 17:11:43.848634,SUCCESS,,1,4,3,False
TXN004973,CUST1345,MERCHANT002,12791.01,WALLET,2026-08-18 13:08:04.848634,FAILED,Insufficient Funds,2,1,5,True
TXN004974,CUST1334,MERCHANT008,31687.21,NETBANKING,2026-08-19 14:05:52.848634,SUCCESS,,1,7,4,False
TXN004975,CUST1218,MERCHANT007,5026.83,NETBANKING,2026-08-24 06:09:59.848634,SUCCESS,,1,6,4,False
TXN004976,CUST1377,MERCHANT002,9908.72,WALLET,2026-08-19 01:49:25.848634,SUCCESS,,1,2,0,False
TXN004977,CUST1888,MERCHANT002,8451.68,CARD,2026-08-24 20:58:12.848634,SUCCESS,,1,11,5,False
TXN004978,CUST1469,MERCHANT010,22703.42,WALLET,2026-08-23 14:24:35.848634,SUCCESS,,1,1,2,False
TXN004979,CUST0696,MERCHANT002,4049.79,UPI,2026-08-23 10:52:17.848634,SUCCESS,,1,13,3,False
TXN004980,CUST0814,MERCHANT010,6384.62,UPI,2026-08-22 10:04:09.848634,SUCCESS,,1,1,2,False
TXN004981,CUST1056,MERCHANT006,32983.71,WALLET,2026-08-20 02:40:06.848634,SUCCESS,,1,16,2,False
TXN004982,CUST1674,MERCHANT001,12071.82,NETBANKING,2026-08-18 03:10:41.848634,SUCCESS,,1,0,3,False
TXN004983,CUST0881,MERCHANT007,17891.19,WALLET,2026-08-22 08:12:33.848634,SUCCESS,,1,12,2,False
TXN004984,CUST1359,MERCHANT002,33595.66,WALLET,2026-08-18 08:41:14.848634,SUCCESS,,1,8,3,False
TXN004985,CUST1829,MERCHANT007,3673.43,CARD,2026-08-18 12:00:28.848634,SUCCESS,,1,1,1,False
TXN004986,CUST0235,MERCHANT008,21074.08,UPI,2026-08-21 17:32:17.848634,SUCCESS,,1,6,0,False
TXN004987,CUST0197,MERCHANT001,14885.01,NETBANKING,2026-08-20 15:37:33.848634,SUCCESS,,1,16,5,False
TXN004988,CUST0900,MERCHANT004,5543.26,CARD,2026-08-23 00:35:06.848634,SUCCESS,,1,16,2,False
TXN004989,CUST0494,MERCHANT009,48105.95,NETBANKING,2026-08-23 09:25:09.848634,SUCCESS,,1,16,0,False
TXN004990,CUST1193,MERCHANT006,39539.61,WALLET,2026-08-20 00:13:23.848634,SUCCESS,,1,7,3,False
TXN004991,CUST1863,MERCHANT003,42173.48,UPI,2026-08-23 08:46:18.848634,SUCCESS,,1,13,4,False
TXN004992,CUST1868,MERCHANT002,13642.87,UPI,2026-08-23 09:43:18.848634,SUCCESS,,1,1,0,False
TXN004993,CUST1737,MERCHANT003,3325.12,CARD,2026-08-22 05:46:37.848634,FAILED,Technical Error,2,4,4,True
TXN004994,CUST1100,MERCHANT002,8153.88,NETBANKING,2026-08-19 05:12:10.848634,SUCCESS,,1,9,1,False
TXN004995,CUST0332,MERCHANT006,18522.39,NETBANKING,2026-08-19 08:33:21.848634,SUCCESS,,1,12,0,False
TXN004996,CUST1334,MERCHANT010,46198.37,UPI,2026-08-21 21:53:08.848634,SUCCESS,,1,3,0,False
TXN004997,CUST1657,MERCHANT007,13055.31,UPI,2026-08-24 21:46:38.848634,SUCCESS,,1,18,0,False
TXN004998,CUST1670,MERCHANT004,40641.1,UPI,2026-08-19 22:31:05.848634,SUCCESS,,1,2,4,False
TXN004999,CUST0132,MERCHANT009,6828.91,WALLET,2026-08-21 07:14:35.848634,SUCCESS,,1,14,3,False
TXN005000,CUST0954,MERCHANT009,47035.4,CARD,2026-08-24 19:14:23.848634,SUCCESS,,1,6,5,False
TXN005001,CUST1579,MERCHANT003,44210.5,NETBANKING,2026-08-22 15:06:48.848634,SUCCESS,,1,13,4,False
TXN005002,CUST0138,MERCHANT010,18705.98,UPI,2026-08-20 20:27:27.848634,SUCCESS,,1,3,0,False
TXN005003,CUST0901,MERCHANT002,17701.79,UPI,2026-08-22 19:16:23.848634,SUCCESS,,1,0,1,False
TXN005004,CUST1378,MERCHANT006,33662.94,CARD,2026-08-20 19:36:12.848634,SUCCESS,,1,13,2,False
TXN005005,CUST0971,MERCHANT009,4538.2,NETBANKING,2026-08-19 11:01:09.848634,SUCCESS,,1,0,2,False
TXN005006,CUST1839,MERCHANT002,11985.54,WALLET,2026-08-20 03:20:56.848634,SUCCESS,,1,1,4,False
TXN005007,CUST0927,MERCHANT010,38568.49,CARD,2026-08-18 20:10:10.848634,SUCCESS,,1,7,1,False
TXN005008,CUST0817,MERCHANT003,42407.55,CARD,2026-08-24 14:15:38.848634,SUCCESS,,1,8,5,False
TXN005009,CUST0488,MERCHANT002,48485.32,WALLET,2026-08-18 06:32:58.848634,SUCCESS,,1,19,3,False
TXN005010,CUST1847,MERCHANT002,17169.5,WALLET,2026-08-19 16:14:24.848634,SUCCESS,,1,9,5,False
TXN005011,CUST1990,MERCHANT010,13416.94,CARD,2026-08-22 15:34:59.848634,SUCCESS,,1,3,5,False
TXN005012,CUST1849,MERCHANT003,31475.93,UPI,2026-08-24 10:00:57.848634,SUCCESS,,1,18,3,False
TXN005013,CUST0836,MERCHANT006,45266.82,CARD,2026-08-20 10:27:12.848634,SUCCESS,,1,6,2,False
TXN005014,CUST0646,MERCHANT001,36588.37,CARD,2026-08-24 12:36:30.848634,SUCCESS,,1,20,3,False
TXN005015,CUST0995,MERCHANT004,28808.85,NETBANKING,2026-08-22 14:59:55.848634,SUCCESS,,1,2,5,False
TXN005016,CUST0757,MERCHANT004,16703.62,NETBANKING,2026-08-19 11:00:19.848634,SUCCESS,,1,8,0,False
TXN005017,CUST1097,MERCHANT005,19140.15,WALLET,2026-08-24 14:37:56.848634,SUCCESS,,1,15,3,False
TXN005018,CUST0718,MERCHANT001,26643.87,UPI,2026-08-23 02:29:18.848634,SUCCESS,,1,7,2,False
TXN005019,CUST0398,MERCHANT006,16704.16,UPI,2026-08-19 04:18:03.848634,SUCCESS,,1,3,3,False
TXN005020,CUST0114,MERCHANT002,29659.36,UPI,2026-08-18 09:25:18.848634,SUCCESS,,1,7,3,False
TXN005021,CUST1935,MERCHANT006,21574.94,CARD,2026-08-21 23:07:38.848634,SUCCESS,,1,13,3,False
TXN005022,CUST1247,MERCHANT009,21768.85,CARD,2026-08-19 16:38:30.848634,SUCCESS,,1,0,5,False
TXN005023,CUST1870,MERCHANT010,37767.59,WALLET,2026-08-18 22:32:12.848634,SUCCESS,,1,1,3,False
TXN005024,CUST1043,MERCHANT002,44850.72,CARD,2026-08-19 06:05:53.848634,SUCCESS,,1,18,0,False
TXN005025,CUST0566,MERCHANT008,1880.16,WALLET,2026-08-23 14:15:48.848634,FAILED,Bank Declined,2,10,0,True
TXN005026,CUST0665,MERCHANT008,22116.56,UPI,2026-08-19 12:57:33.848634,SUCCESS,,1,11,0,False
TXN005027,CUST0843,MERCHANT008,16506.19,NETBANKING,2026-08-20 16:37:37.848634,SUCCESS,,1,0,1,False
TXN005028,CUST1101,MERCHANT002,36390.74,UPI,2026-08-23 22:03:32.848634,SUCCESS,,1,17,5,False
TXN005029,CUST0259,MERCHANT004,37713.19,UPI,2026-08-19 10:07:50.848634,SUCCESS,,1,18,0,False
TXN005030,CUST1813,MERCHANT010,17041.44,UPI,2026-08-21 20:26:26.848634,SUCCESS,,1,10,0,False
TXN005031,CUST0388,MERCHANT001,12452.25,WALLET,2026-08-23 19:20:01.848634,SUCCESS,,1,2,0,False
TXN005032,CUST0575,MERCHANT002,47462.45,WALLET,2026-08-22 00:47:47.848634,SUCCESS,,1,16,2,False
TXN005033,CUST0067,MERCHANT002,40646.41,UPI,2026-08-22 02:59:16.848634,SUCCESS,,1,11,1,False
TXN005034,CUST0732,MERCHANT002,46080.69,WALLET,2026-08-25 00:14:56.848634,SUCCESS,,1,13,0,False
TXN005035,CUST1005,MERCHANT007,34636.33,NETBANKING,2026-08-24 00:24:50.848634,SUCCESS,,1,19,1,False
TXN005036,CUST0153,MERCHANT007,28617.0,CARD,2026-08-20 00:05:46.848634,SUCCESS,,1,17,2,False
TXN005037,CUST1297,MERCHANT007,10021.3,UPI,2026-08-20 06:55:50.848634,SUCCESS,,1,4,1,False
TXN005038,CUST1154,MERCHANT003,1775.49,CARD,2026-08-20 07:56:53.848634,SUCCESS,,1,13,1,False
TXN005039,CUST1097,MERCHANT003,2941.61,WALLET,2026-08-23 08:32:50.848634,SUCCESS,,1,3,0,False
TXN005040,CUST0187,MERCHANT002,22951.13,WALLET,2026-08-20 01:29:09.848634,SUCCESS,,1,12,4,False
TXN005041,CUST0611,MERCHANT004,18483.51,WALLET,2026-08-18 12:03:18.848634,SUCCESS,,1,18,5,False
TXN005042,CUST1852,MERCHANT010,23481.39,NETBANKING,2026-08-18 14:55:45.848634,SUCCESS,,1,7,1,False
TXN005043,CUST1873,MERCHANT008,2645.66,UPI,2026-08-20 04:23:32.848634,SUCCESS,,1,3,1,False
TXN005044,CUST1681,MERCHANT003,41481.8,WALLET,2026-08-20 10:38:32.848634,SUCCESS,,1,3,3,False
TXN005045,CUST1039,MERCHANT007,12283.91,WALLET,2026-08-20 02:45:39.848634,SUCCESS,,1,20,5,False
TXN005046,CUST0459,MERCHANT006,32467.93,NETBANKING,2026-08-19 16:14:05.848634,SUCCESS,,1,16,2,False
TXN005047,CUST0403,MERCHANT007,40285.79,CARD,2026-08-22 16:59:50.848634,SUCCESS,,1,10,1,False
TXN005048,CUST0626,MERCHANT006,30602.11,NETBANKING,2026-08-20 09:17:49.848634,SUCCESS,,1,8,5,False
TXN005049,CUST1139,MERCHANT010,49518.91,WALLET,2026-08-19 13:37:28.848634,SUCCESS,,1,15,5,False
TXN005050,CUST0825,MERCHANT005,40948.57,UPI,2026-08-22 22:50:53.848634,SUCCESS,,1,20,5,False
TXN005051,CUST1237,MERCHANT008,28502.93,CARD,2026-08-22 01:07:05.848634,SUCCESS,,1,19,4,False
TXN005052,CUST0529,MERCHANT007,16149.89,WALLET,2026-08-20 17:49:29.848634,SUCCESS,,1,0,1,False
TXN005053,CUST1737,MERCHANT004,1655.01,NETBANKING,2026-08-23 06:03:16.848634,SUCCESS,,1,13,4,False
TXN005054,CUST1624,MERCHANT008,21006.32,CARD,2026-08-19 10:26:07.848634,SUCCESS,,1,6,0,False
TXN005055,CUST0187,MERCHANT009,40318.5,UPI,2026-08-20 02:58:49.848634,SUCCESS,,1,15,5,False
TXN005056,CUST0167,MERCHANT004,17624.78,UPI,2026-08-20 18:32:27.848634,SUCCESS,,1,15,0,False
TXN005057,CUST1100,MERCHANT007,15850.25,NETBANKING,2026-08-21 11:21:16.848634,FAILED,Bank Declined,1,2,2,True
TXN005058,CUST1682,MERCHANT002,3412.94,CARD,2026-08-20 23:59:18.848634,FAILED,Insufficient Funds,2,18,4,True
TXN005059,CUST1953,MERCHANT002,20233.54,WALLET,2026-08-21 08:54:30.848634,SUCCESS,,1,18,0,False
TXN005060,CUST1348,MERCHANT008,26500.06,CARD,2026-08-24 20:25:25.848634,SUCCESS,,1,4,2,False
TXN005061,CUST0446,MERCHANT003,27780.71,WALLET,2026-08-19 03:03:45.848634,SUCCESS,,1,10,5,False
TXN005062,CUST1050,MERCHANT001,18056.34,UPI,2026-08-20 22:53:49.848634,SUCCESS,,1,0,4,False
TXN005063,CUST1471,MERCHANT007,34865.16,NETBANKING,2026-08-23 01:18:24.848634,SUCCESS,,1,16,0,False
TXN005064,CUST0431,MERCHANT004,9412.36,UPI,2026-08-23 00:44:57.848634,SUCCESS,,1,15,3,False
TXN005065,CUST0581,MERCHANT009,16751.45,CARD,2026-08-25 01:26:51.848634,SUCCESS,,1,1,5,False
TXN005066,CUST1145,MERCHANT001,37810.1,NETBANKING,2026-08-24 00:01:44.848634,SUCCESS,,1,15,3,False
TXN005067,CUST0261,MERCHANT002,31839.32,WALLET,2026-08-24 00:11:51.848634,SUCCESS,,1,18,2,False
TXN005068,CUST1394,MERCHANT008,10859.04,CARD,2026-08-21 06:40:46.848634,SUCCESS,,1,3,3,False
TXN005069,CUST1240,MERCHANT008,49844.23,UPI,2026-08-23 01:00:39.848634,SUCCESS,,1,11,3,False
TXN005070,CUST1371,MERCHANT007,37590.52,UPI,2026-08-22 17:01:06.848634,FAILED,Technical Error,1,13,2,True
TXN005071,CUST1603,MERCHANT008,22406.57,NETBANKING,2026-08-21 10:40:24.848634,SUCCESS,,1,12,5,False
TXN005072,CUST0292,MERCHANT006,16267.24,CARD,2026-08-23 00:08:57.848634,SUCCESS,,1,6,5,False
TXN005073,CUST0989,MERCHANT002,19075.71,WALLET,2026-08-23 18:18:14.848634,SUCCESS,,1,1,1,False
TXN005074,CUST0081,MERCHANT005,13500.72,CARD,2026-08-21 12:47:45.848634,SUCCESS,,1,20,1,False
TXN005075,CUST1575,MERCHANT002,11067.92,CARD,2026-08-18 14:27:27.848634,SUCCESS,,1,0,1,False
TXN005076,CUST0515,MERCHANT006,47187.31,NETBANKING,2026-08-21 11:12:37.848634,SUCCESS,,1,4,4,False
TXN005077,CUST0150,MERCHANT006,19890.85,UPI,2026-08-21 08:59:09.848634,SUCCESS,,1,13,4,False
TXN005078,CUST0278,MERCHANT008,27448.93,CARD,2026-08-24 08:17:22.848634,SUCCESS,,1,0,5,False
TXN005079,CUST0928,MERCHANT009,33076.16,CARD,2026-08-21 01:25:56.848634,SUCCESS,,1,3,3,False
TXN005080,CUST0075,MERCHANT003,36732.33,UPI,2026-08-23 07:43:58.848634,FAILED,Network Error,3,2,3,False
TXN005081,CUST0202,MERCHANT007,27731.97,CARD,2026-08-19 09:29:47.848634,SUCCESS,,1,9,5,False
TXN005082,CUST1046,MERCHANT006,3262.85,NETBANKING,2026-08-22 03:17:09.848634,SUCCESS,,1,11,2,False
TXN005083,CUST0223,MERCHANT008,44633.32,CARD,2026-08-24 18:59:02.848634,SUCCESS,,1,0,3,False
TXN005084,CUST0778,MERCHANT006,49597.87,NETBANKING,2026-08-20 18:14:31.848634,SUCCESS,,1,13,4,False
TXN005085,CUST0088,MERCHANT002,3852.49,WALLET,2026-08-21 03:11:27.848634,SUCCESS,,1,10,4,False
TXN005086,CUST0506,MERCHANT001,48428.79,UPI,2026-08-19 06:57:09.848634,FAILED,Technical Error,1,4,0,True
TXN005087,CUST1961,MERCHANT009,45471.4,NETBANKING,2026-08-20 07:40:20.848634,SUCCESS,,1,16,5,False
TXN005088,CUST0961,MERCHANT006,4869.68,NETBANKING,2026-08-21 01:09:09.848634,SUCCESS,,1,12,4,False
TXN005089,CUST1919,MERCHANT009,15526.39,UPI,2026-08-19 12:14:34.848634,SUCCESS,,1,15,4,False
TXN005090,CUST0037,MERCHANT008,44673.43,WALLET,2026-08-20 21:31:45.848634,SUCCESS,,1,15,2,False
TXN005091,CUST1158,MERCHANT001,38524.56,WALLET,2026-08-19 16:12:42.848634,SUCCESS,,1,8,0,False
TXN005092,CUST0950,MERCHANT005,16550.81,CARD,2026-08-21 02:50:10.848634,FAILED,Technical Error,1,9,5,True
TXN005093,CUST1789,MERCHANT002,31364.62,UPI,2026-08-19 15:02:51.848634,SUCCESS,,1,4,1,False
TXN005094,CUST0040,MERCHANT004,35163.7,CARD,2026-08-18 07:49:15.848634,FAILED,Insufficient Funds,3,15,0,False
TXN005095,CUST1165,MERCHANT004,39398.87,WALLET,2026-08-22 13:00:08.848634,SUCCESS,,1,7,2,False
TXN005096,CUST0100,MERCHANT010,33718.11,UPI,2026-08-22 23:37:13.848634,SUCCESS,,1,9,4,False
TXN005097,CUST1182,MERCHANT004,34796.5,UPI,2026-08-24 00:01:15.848634,SUCCESS,,1,3,5,False
TXN005098,CUST1068,MERCHANT003,14987.38,NETBANKING,2026-08-23 21:14:23.848634,SUCCESS,,1,3,4,False
TXN005099,CUST0274,MERCHANT002,49161.86,NETBANKING,2026-08-20 03:26:34.848634,SUCCESS,,1,7,3,False
TXN005100,CUST0189,MERCHANT003,10087.41,UPI,2026-08-23 18:18:07.848634,SUCCESS,,1,9,4,False
TXN005101,CUST1174,MERCHANT010,3739.59,NETBANKING,2026-08-22 03:54:40.848634,SUCCESS,,1,12,0,False
TXN005102,CUST1416,MERCHANT002,41554.19,UPI,2026-08-21 15:59:00.848634,SUCCESS,,1,19,4,False
TXN005103,CUST0943,MERCHANT005,23467.78,UPI,2026-08-21 11:27:23.848634,SUCCESS,,1,4,5,False
TXN005104,CUST1859,MERCHANT005,25377.44,UPI,2026-08-23 15:05:17.848634,FAILED,Timeout,1,10,2,True
TXN005105,CUST0472,MERCHANT005,931.21,NETBANKING,2026-08-23 16:01:04.848634,SUCCESS,,1,1,4,False
TXN005106,CUST0200,MERCHANT010,49970.68,UPI,2026-08-19 23:12:35.848634,FAILED,Timeout,1,7,2,True
TXN005107,CUST0301,MERCHANT010,33666.32,CARD,2026-08-23 11:03:08.848634,SUCCESS,,1,13,4,False
TXN005108,CUST1437,MERCHANT009,20371.84,CARD,2026-08-24 18:58:40.848634,SUCCESS,,1,15,1,False
TXN005109,CUST0682,MERCHANT001,40773.22,WALLET,2026-08-23 20:04:11.848634,SUCCESS,,1,10,1,False
TXN005110,CUST0805,MERCHANT008,38096.1,NETBANKING,2026-08-18 17:20:58.848634,SUCCESS,,1,17,5,False
TXN005111,CUST0585,MERCHANT006,21593.42,NETBANKING,2026-08-19 02:32:37.848634,SUCCESS,,1,8,3,False
TXN005112,CUST0834,MERCHANT004,28367.57,NETBANKING,2026-08-20 23:23:15.848634,SUCCESS,,1,7,5,False
TXN005113,CUST0868,MERCHANT005,25512.23,WALLET,2026-08-18 07:31:16.848634,SUCCESS,,1,14,1,False
TXN005114,CUST1321,MERCHANT009,43632.46,UPI,2026-08-20 09:55:39.848634,SUCCESS,,1,1,0,False
TXN005115,CUST0141,MERCHANT007,26916.11,WALLET,2026-08-19 12:18:09.848634,SUCCESS,,1,14,1,False
TXN005116,CUST0459,MERCHANT004,4032.27,CARD,2026-08-21 19:06:14.848634,SUCCESS,,1,16,3,False
TXN005117,CUST1444,MERCHANT009,11428.48,WALLET,2026-08-23 19:04:22.848634,SUCCESS,,1,2,3,False
TXN005118,CUST0265,MERCHANT003,28143.49,UPI,2026-08-18 14:20:28.848634,SUCCESS,,1,0,0,False
TXN005119,CUST0492,MERCHANT006,9596.46,UPI,2026-08-23 17:07:57.848634,SUCCESS,,1,6,5,False
TXN005120,CUST0873,MERCHANT004,33800.86,CARD,2026-08-18 17:27:51.848634,SUCCESS,,1,5,2,False
TXN005121,CUST0456,MERCHANT003,15369.11,WALLET,2026-08-24 07:14:16.848634,SUCCESS,,1,17,4,False
TXN005122,CUST0317,MERCHANT005,11090.74,NETBANKING,2026-08-19 11:23:11.848634,SUCCESS,,1,8,0,False
TXN005123,CUST1719,MERCHANT001,35403.7,UPI,2026-08-21 17:07:58.848634,SUCCESS,,1,8,4,False
TXN005124,CUST1346,MERCHANT004,4501.22,UPI,2026-08-19 18:59:45.848634,SUCCESS,,1,14,0,False
TXN005125,CUST0636,MERCHANT006,13189.95,UPI,2026-08-23 01:48:03.848634,SUCCESS,,1,19,1,False
TXN005126,CUST0714,MERCHANT001,22038.76,CARD,2026-08-20 08:15:14.848634,SUCCESS,,1,11,2,False
TXN005127,CUST1954,MERCHANT007,25523.83,NETBANKING,2026-08-18 07:08:50.848634,SUCCESS,,1,5,5,False
TXN005128,CUST0708,MERCHANT002,46591.47,CARD,2026-08-19 15:56:24.848634,SUCCESS,,1,14,2,False
TXN005129,CUST0832,MERCHANT001,23764.35,UPI,2026-08-23 04:10:48.848634,SUCCESS,,1,9,5,False
TXN005130,CUST0527,MERCHANT003,48678.58,NETBANKING,2026-08-19 04:26:48.848634,SUCCESS,,1,15,0,False
TXN005131,CUST1428,MERCHANT006,32845.31,NETBANKING,2026-08-22 23:18:26.848634,SUCCESS,,1,20,4,False
TXN005132,CUST0270,MERCHANT001,15342.78,NETBANKING,2026-08-24 02:47:46.848634,SUCCESS,,1,16,5,False
TXN005133,CUST0225,MERCHANT005,36454.17,NETBANKING,2026-08-24 07:41:25.848634,SUCCESS,,1,5,1,False
TXN005134,CUST0476,MERCHANT007,3969.51,NETBANKING,2026-08-21 16:05:34.848634,SUCCESS,,1,12,5,False
TXN005135,CUST0907,MERCHANT001,29478.97,WALLET,2026-08-19 05:01:54.848634,FAILED,Bank Declined,3,15,5,False
TXN005136,CUST0948,MERCHANT005,43194.92,CARD,2026-08-24 22:57:26.848634,SUCCESS,,1,4,3,False
TXN005137,CUST0571,MERCHANT009,44800.9,NETBANKING,2026-08-19 21:01:29.848634,SUCCESS,,1,8,3,False
TXN005138,CUST1378,MERCHANT005,20006.19,NETBANKING,2026-08-22 07:49:15.848634,SUCCESS,,1,9,0,False
TXN005139,CUST1984,MERCHANT003,46014.93,NETBANKING,2026-08-19 17:56:41.848634,SUCCESS,,1,20,2,False
TXN005140,CUST1286,MERCHANT009,9738.86,UPI,2026-08-24 04:56:58.848634,SUCCESS,,1,7,1,False
TXN005141,CUST0176,MERCHANT009,36398.03,UPI,2026-08-24 06:42:41.848634,SUCCESS,,1,20,0,False
TXN005142,CUST0225,MERCHANT006,42332.2,NETBANKING,2026-08-23 12:29:01.848634,SUCCESS,,1,20,1,False
TXN005143,CUST1092,MERCHANT003,37995.33,CARD,2026-08-24 00:13:14.848634,SUCCESS,,1,8,1,False
TXN005144,CUST0596,MERCHANT004,43016.91,WALLET,2026-08-20 04:39:17.848634,SUCCESS,,1,19,0,False
TXN005145,CUST1456,MERCHANT002,48856.42,WALLET,2026-08-22 07:10:18.848634,SUCCESS,,1,20,1,False
TXN005146,CUST0340,MERCHANT009,39425.23,UPI,2026-08-20 20:57:49.848634,SUCCESS,,1,14,4,False
TXN005147,CUST1132,MERCHANT003,21561.98,UPI,2026-08-19 01:20:35.848634,SUCCESS,,1,13,5,False
TXN005148,CUST0428,MERCHANT007,39745.87,UPI,2026-08-21 04:22:46.848634,SUCCESS,,1,7,5,False
TXN005149,CUST1033,MERCHANT005,17349.99,CARD,2026-08-20 00:27:09.848634,SUCCESS,,1,1,4,False
TXN005150,CUST0325,MERCHANT007,49980.42,UPI,2026-08-24 11:33:54.848634,SUCCESS,,1,8,0,False
TXN005151,CUST1274,MERCHANT002,33911.88,UPI,2026-08-20 06:45:40.848634,SUCCESS,,1,18,2,False
TXN005152,CUST1556,MERCHANT002,18004.6,UPI,2026-08-18 07:34:57.848634,FAILED,Timeout,2,6,1,True
TXN005153,CUST0547,MERCHANT001,34955.47,WALLET,2026-08-18 10:11:26.848634,FAILED,Timeout,1,11,1,True
TXN005154,CUST0168,MERCHANT003,13521.24,CARD,2026-08-23 22:29:52.848634,SUCCESS,,1,20,3,False
TXN005155,CUST0766,MERCHANT007,36785.49,UPI,2026-08-18 23:28:31.848634,SUCCESS,,1,11,0,False
TXN005156,CUST0498,MERCHANT007,9506.71,WALLET,2026-08-24 14:54:23.848634,SUCCESS,,1,6,0,False
TXN005157,CUST1739,MERCHANT003,3288.12,NETBANKING,2026-08-24 03:43:04.848634,SUCCESS,,1,15,2,False
TXN005158,CUST1873,MERCHANT002,39129.4,WALLET,2026-08-23 18:30:41.848634,SUCCESS,,1,20,1,False
TXN005159,CUST0843,MERCHANT003,28520.94,NETBANKING,2026-08-18 13:19:46.848634,SUCCESS,,1,2,5,False
TXN005160,CUST1847,MERCHANT002,8623.48,NETBANKING,2026-08-19 08:44:49.848634,SUCCESS,,1,9,5,False
TXN005161,CUST1246,MERCHANT003,5643.03,UPI,2026-08-22 18:22:03.848634,FAILED,Bank Declined,3,14,1,False
TXN005162,CUST0327,MERCHANT005,2664.57,UPI,2026-08-21 09:01:35.848634,SUCCESS,,1,14,4,False
TXN005163,CUST0049,MERCHANT006,20457.71,NETBANKING,2026-08-21 15:33:38.848634,SUCCESS,,1,3,2,False
TXN005164,CUST1971,MERCHANT005,46417.55,UPI,2026-08-23 08:46:55.848634,SUCCESS,,1,18,3,False
TXN005165,CUST0194,MERCHANT010,11763.83,WALLET,2026-08-22 17:40:23.848634,FAILED,Network Error,2,18,0,True
TXN005166,CUST0584,MERCHANT007,7990.69,NETBANKING,2026-08-23 23:06:32.848634,SUCCESS,,1,18,4,False
TXN005167,CUST1135,MERCHANT002,13043.73,CARD,2026-08-21 20:57:03.848634,SUCCESS,,1,9,0,False
TXN005168,CUST0768,MERCHANT006,22583.18,UPI,2026-08-24 15:17:59.848634,SUCCESS,,1,15,1,False
TXN005169,CUST0729,MERCHANT002,45066.09,WALLET,2026-08-20 11:31:10.848634,SUCCESS,,1,8,0,False
TXN005170,CUST0762,MERCHANT004,15316.95,UPI,2026-08-20 22:41:38.848634,SUCCESS,,1,3,3,False
TXN005171,CUST0188,MERCHANT010,41111.52,WALLET,2026-08-24 02:20:39.848634,SUCCESS,,1,7,1,False
TXN005172,CUST0324,MERCHANT005,39704.99,UPI,2026-08-20 11:11:35.848634,SUCCESS,,1,19,0,False
TXN005173,CUST0721,MERCHANT003,19057.57,WALLET,2026-08-22 06:28:21.848634,SUCCESS,,1,3,0,False
TXN005174,CUST0810,MERCHANT004,37087.09,UPI,2026-08-18 08:03:16.848634,SUCCESS,,1,3,4,False
TXN005175,CUST1606,MERCHANT002,47433.12,NETBANKING,2026-08-18 19:55:27.848634,SUCCESS,,1,9,1,False
TXN005176,CUST0709,MERCHANT002,9131.63,UPI,2026-08-21 04:13:33.848634,SUCCESS,,1,19,3,False
TXN005177,CUST1109,MERCHANT008,12316.12,UPI,2026-08-20 15:08:36.848634,SUCCESS,,1,4,3,False
TXN005178,CUST0655,MERCHANT003,44994.85,CARD,2026-08-21 22:15:59.848634,SUCCESS,,1,3,5,False
TXN005179,CUST0992,MERCHANT003,10573.12,WALLET,2026-08-22 08:20:41.848634,SUCCESS,,1,4,5,False
TXN005180,CUST0026,MERCHANT005,31506.31,UPI,2026-08-18 14:50:52.848634,SUCCESS,,1,7,2,False
TXN005181,CUST0721,MERCHANT004,33957.05,NETBANKING,2026-08-19 06:26:17.848634,FAILED,Technical Error,2,5,1,True
TXN005182,CUST0660,MERCHANT009,44408.27,WALLET,2026-08-19 23:03:50.848634,SUCCESS,,1,7,4,False
TXN005183,CUST1720,MERCHANT007,5657.41,WALLET,2026-08-22 03:07:45.848634,SUCCESS,,1,7,1,False
TXN005184,CUST0809,MERCHANT003,29137.89,CARD,2026-08-23 17:32:16.848634,SUCCESS,,1,3,1,False
TXN005185,CUST0036,MERCHANT008,3496.18,WALLET,2026-08-23 15:54:40.848634,SUCCESS,,1,5,5,False
TXN005186,CUST0663,MERCHANT004,9748.87,NETBANKING,2026-08-19 00:54:48.848634,SUCCESS,,1,19,1,False
TXN005187,CUST0724,MERCHANT007,5476.56,WALLET,2026-08-24 17:59:24.848634,SUCCESS,,1,19,5,False
TXN005188,CUST0524,MERCHANT006,17927.25,WALLET,2026-08-21 11:06:38.848634,SUCCESS,,1,13,5,False
TXN005189,CUST1285,MERCHANT010,36246.71,UPI,2026-08-19 11:26:14.848634,SUCCESS,,1,8,0,False
TXN005190,CUST0374,MERCHANT008,36513.38,CARD,2026-08-21 16:49:04.848634,SUCCESS,,1,1,0,False
TXN005191,CUST1889,MERCHANT009,924.86,WALLET,2026-08-21 06:33:36.848634,SUCCESS,,1,19,3,False
TXN005192,CUST0818,MERCHANT002,38843.4,WALLET,2026-08-18 16:32:12.848634,SUCCESS,,1,7,4,False
TXN005193,CUST1423,MERCHANT010,42744.97,NETBANKING,2026-08-20 09:30:43.848634,SUCCESS,,1,20,5,False
TXN005194,CUST0599,MERCHANT007,8891.23,NETBANKING,2026-08-24 14:21:48.848634,SUCCESS,,1,13,0,False
TXN005195,CUST0954,MERCHANT005,47326.14,CARD,2026-08-19 23:03:42.848634,SUCCESS,,1,8,2,False
TXN005196,CUST1147,MERCHANT010,45096.45,NETBANKING,2026-08-22 10:04:37.848634,SUCCESS,,1,8,0,False
TXN005197,CUST1204,MERCHANT009,284.08,CARD,2026-08-20 19:59:15.848634,SUCCESS,,1,11,5,False
TXN005198,CUST0430,MERCHANT005,42952.04,CARD,2026-08-20 10:38:06.848634,SUCCESS,,1,13,3,False
TXN005199,CUST1859,MERCHANT009,34329.65,NETBANKING,2026-08-21 21:20:27.848634,SUCCESS,,1,4,2,False
TXN005200,CUST0187,MERCHANT001,25054.23,CARD,2026-08-20 01:25:00.848634,SUCCESS,,1,0,4,False
TXN005201,CUST0881,MERCHANT009,48606.31,UPI,2026-08-18 05:25:30.848634,SUCCESS,,1,13,0,False
TXN005202,CUST0332,MERCHANT010,30359.88,CARD,2026-08-24 14:42:35.848634,SUCCESS,,1,12,0,False
TXN005203,CUST1826,MERCHANT005,6391.22,CARD,2026-08-18 05:39:37.848634,SUCCESS,,1,14,0,False
TXN005204,CUST1871,MERCHANT002,41748.09,WALLET,2026-08-21 14:50:33.848634,SUCCESS,,1,20,4,False
TXN005205,CUST0747,MERCHANT003,10178.93,WALLET,2026-08-20 08:06:49.848634,SUCCESS,,1,13,2,False
TXN005206,CUST0382,MERCHANT008,8986.55,UPI,2026-08-19 22:05:02.848634,SUCCESS,,1,15,0,False
TXN005207,CUST0347,MERCHANT008,17846.97,WALLET,2026-08-20 09:18:38.848634,SUCCESS,,1,18,4,False
TXN005208,CUST1392,MERCHANT003,48122.7,UPI,2026-08-24 18:27:09.848634,SUCCESS,,1,16,2,False
TXN005209,CUST1243,MERCHANT005,8130.3,CARD,2026-08-22 16:50:42.848634,FAILED,Bank Declined,1,10,2,True
TXN005210,CUST0183,MERCHANT008,42178.53,NETBANKING,2026-08-19 15:54:28.848634,SUCCESS,,1,7,5,False
TXN005211,CUST0118,MERCHANT005,33882.57,CARD,2026-08-18 09:24:42.848634,SUCCESS,,1,17,2,False
TXN005212,CUST1556,MERCHANT008,1760.68,NETBANKING,2026-08-20 04:30:28.848634,SUCCESS,,1,16,4,False
TXN005213,CUST0269,MERCHANT009,5141.98,UPI,2026-08-23 00:14:13.848634,SUCCESS,,1,13,1,False
TXN005214,CUST1156,MERCHANT009,9069.01,NETBANKING,2026-08-21 05:14:57.848634,SUCCESS,,1,12,2,False
TXN005215,CUST0967,MERCHANT009,33025.89,WALLET,2026-08-24 22:30:53.848634,SUCCESS,,1,17,1,False
TXN005216,CUST1474,MERCHANT006,15861.22,UPI,2026-08-22 06:01:13.848634,SUCCESS,,1,0,3,False
TXN005217,CUST1497,MERCHANT009,27523.44,WALLET,2026-08-23 19:22:50.848634,SUCCESS,,1,1,2,False
TXN005218,CUST1252,MERCHANT002,30974.4,UPI,2026-08-18 09:16:45.848634,SUCCESS,,1,5,0,False
TXN005219,CUST0825,MERCHANT006,4828.11,CARD,2026-08-25 00:08:15.848634,SUCCESS,,1,11,1,False
TXN005220,CUST1009,MERCHANT009,21479.64,UPI,2026-08-24 00:51:45.848634,SUCCESS,,1,12,0,False
TXN005221,CUST0609,MERCHANT008,42857.55,NETBANKING,2026-08-24 08:01:47.848634,SUCCESS,,1,9,4,False
TXN005222,CUST0750,MERCHANT005,20357.94,UPI,2026-08-19 08:52:51.848634,SUCCESS,,1,14,0,False
TXN005223,CUST1246,MERCHANT009,25069.85,CARD,2026-08-23 11:11:05.848634,SUCCESS,,1,2,2,False
TXN005224,CUST0074,MERCHANT003,23301.73,NETBANKING,2026-08-21 10:02:13.848634,SUCCESS,,1,6,0,False
TXN005225,CUST1338,MERCHANT003,6559.8,CARD,2026-08-23 06:44:02.848634,SUCCESS,,1,9,5,False
TXN005226,CUST0586,MERCHANT009,33901.36,UPI,2026-08-21 04:07:32.848634,SUCCESS,,1,18,4,False
TXN005227,CUST0856,MERCHANT001,32573.36,WALLET,2026-08-22 18:58:21.848634,SUCCESS,,1,7,4,False
TXN005228,CUST0088,MERCHANT002,46830.94,UPI,2026-08-18 15:10:43.848634,SUCCESS,,1,4,2,False
TXN005229,CUST0996,MERCHANT004,10888.08,CARD,2026-08-21 20:16:14.848634,SUCCESS,,1,16,5,False
TXN005230,CUST0801,MERCHANT008,41864.12,UPI,2026-08-21 13:52:17.848634,SUCCESS,,1,3,4,False
TXN005231,CUST0420,MERCHANT007,12391.44,NETBANKING,2026-08-19 19:27:38.848634,SUCCESS,,1,2,3,False
TXN005232,CUST0631,MERCHANT008,23821.24,WALLET,2026-08-25 00:00:02.848634,SUCCESS,,1,1,2,False
TXN005233,CUST0603,MERCHANT005,21917.24,WALLET,2026-08-18 03:35:10.848634,SUCCESS,,1,19,0,False
TXN005234,CUST1198,MERCHANT002,24507.93,UPI,2026-08-22 09:09:57.848634,SUCCESS,,1,2,3,False
TXN005235,CUST0860,MERCHANT006,38110.27,UPI,2026-08-21 16:13:08.848634,SUCCESS,,1,19,4,False
TXN005236,CUST1472,MERCHANT008,16074.22,CARD,2026-08-22 10:06:43.848634,SUCCESS,,1,6,3,False
TXN005237,CUST1954,MERCHANT009,49765.32,WALLET,2026-08-24 21:48:34.848634,SUCCESS,,1,12,3,False
TXN005238,CUST0270,MERCHANT010,11714.95,NETBANKING,2026-08-23 11:34:14.848634,SUCCESS,,1,15,2,False
TXN005239,CUST0842,MERCHANT009,45610.69,UPI,2026-08-19 04:39:16.848634,SUCCESS,,1,6,2,False
TXN005240,CUST0934,MERCHANT003,44739.43,UPI,2026-08-20 01:48:48.848634,SUCCESS,,1,12,3,False
TXN005241,CUST1450,MERCHANT009,23218.39,NETBANKING,2026-08-18 22:39:50.848634,SUCCESS,,1,9,3,False
TXN005242,CUST1481,MERCHANT008,8170.57,WALLET,2026-08-24 17:34:02.848634,SUCCESS,,1,10,1,False
TXN005243,CUST0230,MERCHANT007,46850.95,UPI,2026-08-24 21:59:49.848634,SUCCESS,,1,11,5,False
TXN005244,CUST1892,MERCHANT002,13277.81,CARD,2026-08-23 15:13:53.848634,SUCCESS,,1,3,4,False
TXN005245,CUST0002,MERCHANT007,36375.0,WALLET,2026-08-18 09:13:31.848634,SUCCESS,,1,14,5,False
TXN005246,CUST1894,MERCHANT010,45015.64,NETBANKING,2026-08-21 14:29:47.848634,SUCCESS,,1,4,3,False
TXN005247,CUST0355,MERCHANT003,39102.51,NETBANKING,2026-08-19 07:28:38.848634,SUCCESS,,1,18,0,False
TXN005248,CUST0996,MERCHANT005,39579.65,CARD,2026-08-18 20:08:32.848634,SUCCESS,,1,17,2,False
TXN005249,CUST1358,MERCHANT006,43924.93,CARD,2026-08-20 14:01:49.848634,SUCCESS,,1,0,0,False
TXN005250,CUST0367,MERCHANT004,35944.68,WALLET,2026-08-21 23:29:09.848634,SUCCESS,,1,20,5,False
TXN005251,CUST1830,MERCHANT004,6484.82,NETBANKING,2026-08-24 06:49:48.848634,SUCCESS,,1,1,5,False
TXN005252,CUST0968,MERCHANT009,28594.14,CARD,2026-08-20 05:54:24.848634,SUCCESS,,1,5,2,False
TXN005253,CUST0553,MERCHANT003,43001.09,CARD,2026-08-21 06:12:40.848634,SUCCESS,,1,15,5,False
TXN005254,CUST1477,MERCHANT006,43728.85,WALLET,2026-08-20 14:41:29.848634,SUCCESS,,1,19,3,False
TXN005255,CUST0541,MERCHANT002,33312.68,CARD,2026-08-21 13:11:57.848634,SUCCESS,,1,3,2,False
TXN005256,CUST1486,MERCHANT008,49948.46,WALLET,2026-08-24 07:58:12.848634,FAILED,Network Error,2,3,1,True
TXN005257,CUST0512,MERCHANT010,45146.05,NETBANKING,2026-08-18 18:34:22.848634,SUCCESS,,1,8,1,False
TXN005258,CUST1306,MERCHANT001,46561.04,UPI,2026-08-21 15:22:27.848634,SUCCESS,,1,14,3,False
TXN005259,CUST0770,MERCHANT009,18899.99,UPI,2026-08-21 08:57:27.848634,SUCCESS,,1,7,5,False
TXN005260,CUST1343,MERCHANT003,39153.11,UPI,2026-08-23 22:50:29.848634,SUCCESS,,1,18,2,False
TXN005261,CUST0051,MERCHANT002,25453.04,CARD,2026-08-22 23:29:34.848634,SUCCESS,,1,2,4,False
TXN005262,CUST0372,MERCHANT007,2822.49,WALLET,2026-08-23 13:17:49.848634,SUCCESS,,1,11,3,False
TXN005263,CUST1749,MERCHANT004,19086.74,CARD,2026-08-24 23:09:15.848634,SUCCESS,,1,1,5,False
TXN005264,CUST1963,MERCHANT008,22202.44,WALLET,2026-08-21 22:16:55.848634,SUCCESS,,1,6,2,False
TXN005265,CUST1301,MERCHANT010,45544.32,CARD,2026-08-24 18:53:03.848634,SUCCESS,,1,0,4,False
TXN005266,CUST0234,MERCHANT007,24317.8,UPI,2026-08-22 11:35:57.848634,SUCCESS,,1,0,4,False
TXN005267,CUST0862,MERCHANT004,20775.28,WALLET,2026-08-21 21:23:57.848634,SUCCESS,,1,2,4,False
TXN005268,CUST0407,MERCHANT006,8328.72,CARD,2026-08-20 06:14:05.848634,SUCCESS,,1,0,4,False
TXN005269,CUST0679,MERCHANT007,34277.29,NETBANKING,2026-08-23 06:31:19.848634,SUCCESS,,1,16,4,False
TXN005270,CUST1773,MERCHANT007,33685.57,CARD,2026-08-21 13:59:27.848634,SUCCESS,,1,10,3,False
TXN005271,CUST0211,MERCHANT002,10637.17,NETBANKING,2026-08-23 06:17:02.848634,SUCCESS,,1,3,3,False
TXN005272,CUST0766,MERCHANT005,11409.55,NETBANKING,2026-08-22 18:20:39.848634,SUCCESS,,1,7,0,False
TXN005273,CUST0700,MERCHANT007,16201.98,CARD,2026-08-24 01:11:46.848634,SUCCESS,,1,13,5,False
TXN005274,CUST0648,MERCHANT001,17104.98,WALLET,2026-08-22 23:03:21.848634,SUCCESS,,1,2,5,False
TXN005275,CUST0983,MERCHANT010,14173.42,WALLET,2026-08-22 19:13:55.848634,SUCCESS,,1,19,0,False
TXN005276,CUST0151,MERCHANT002,5501.76,CARD,2026-08-22 07:36:36.848634,SUCCESS,,1,9,5,False
TXN005277,CUST1026,MERCHANT008,5033.83,NETBANKING,2026-08-24 04:25:12.848634,SUCCESS,,1,5,2,False
TXN005278,CUST0933,MERCHANT007,14280.83,UPI,2026-08-19 20:28:59.848634,SUCCESS,,1,11,5,False
TXN005279,CUST0296,MERCHANT004,17915.79,CARD,2026-08-23 13:10:06.848634,SUCCESS,,1,5,2,False
TXN005280,CUST0055,MERCHANT008,39154.87,WALLET,2026-08-20 07:40:13.848634,SUCCESS,,1,15,1,False
TXN005281,CUST0143,MERCHANT008,26735.34,WALLET,2026-08-22 00:16:02.848634,SUCCESS,,1,14,0,False
TXN005282,CUST1513,MERCHANT006,35545.13,UPI,2026-08-22 15:11:04.848634,SUCCESS,,1,2,1,False
TXN005283,CUST1340,MERCHANT004,21235.07,NETBANKING,2026-08-19 20:32:43.848634,SUCCESS,,1,16,0,False
TXN005284,CUST0556,MERCHANT006,48325.52,NETBANKING,2026-08-22 17:49:32.848634,SUCCESS,,1,15,4,False
TXN005285,CUST1048,MERCHANT009,4872.99,UPI,2026-08-21 13:52:15.848634,SUCCESS,,1,9,0,False
TXN005286,CUST1828,MERCHANT008,12463.86,CARD,2026-08-22 16:55:45.848634,FAILED,Timeout,2,7,3,True
TXN005287,CUST1848,MERCHANT010,39391.61,NETBANKING,2026-08-22 15:07:50.848634,SUCCESS,,1,14,4,False
TXN005288,CUST1998,MERCHANT009,24857.13,WALLET,2026-08-23 10:45:52.848634,SUCCESS,,1,3,2,False
TXN005289,CUST1353,MERCHANT009,10396.39,NETBANKING,2026-08-20 13:26:12.848634,SUCCESS,,1,10,0,False
TXN005290,CUST0005,MERCHANT002,24626.49,UPI,2026-08-18 23:17:42.848634,SUCCESS,,1,4,5,False
TXN005291,CUST1234,MERCHANT009,14037.7,NETBANKING,2026-08-21 16:59:14.848634,SUCCESS,,1,16,1,False
TXN005292,CUST1821,MERCHANT001,34406.7,CARD,2026-08-20 21:56:26.848634,FAILED,Insufficient Funds,3,3,4,False
TXN005293,CUST1277,MERCHANT001,46618.97,UPI,2026-08-24 23:02:40.848634,SUCCESS,,1,13,5,False
TXN005294,CUST1744,MERCHANT006,23698.63,NETBANKING,2026-08-19 09:04:33.848634,SUCCESS,,1,17,2,False
TXN005295,CUST1794,MERCHANT005,6275.1,CARD,2026-08-19 03:54:22.848634,SUCCESS,,1,0,3,False
TXN005296,CUST0130,MERCHANT002,29246.24,UPI,2026-08-21 17:05:25.848634,SUCCESS,,1,13,0,False
TXN005297,CUST1611,MERCHANT009,11221.58,UPI,2026-08-23 22:48:40.848634,SUCCESS,,1,19,4,False
TXN005298,CUST1357,MERCHANT008,48691.46,NETBANKING,2026-08-18 08:22:59.848634,SUCCESS,,1,2,0,False
TXN005299,CUST1146,MERCHANT009,8873.48,NETBANKING,2026-08-23 22:53:23.848634,SUCCESS,,1,2,2,False
TXN005300,CUST0610,MERCHANT009,8439.74,WALLET,2026-08-18 10:48:14.848634,SUCCESS,,1,3,5,False
TXN005301,CUST1641,MERCHANT004,28075.97,WALLET,2026-08-23 07:14:08.848634,SUCCESS,,1,18,0,False
TXN005302,CUST1411,MERCHANT005,9058.09,NETBANKING,2026-08-18 02:58:46.848634,SUCCESS,,1,17,4,False
TXN005303,CUST1444,MERCHANT009,36929.8,NETBANKING,2026-08-24 19:24:35.848634,SUCCESS,,1,12,1,False
TXN005304,CUST1300,MERCHANT010,31379.14,WALLET,2026-08-20 01:39:49.848634,SUCCESS,,1,11,0,False
TXN005305,CUST0907,MERCHANT004,26826.87,CARD,2026-08-24 18:18:33.848634,SUCCESS,,1,14,5,False
TXN005306,CUST1259,MERCHANT006,23117.58,CARD,2026-08-19 15:53:25.848634,SUCCESS,,1,17,1,False
TXN005307,CUST0893,MERCHANT008,45509.26,NETBANKING,2026-08-24 12:19:16.848634,FAILED,Insufficient Funds,2,6,3,True
TXN005308,CUST1059,MERCHANT007,13675.81,WALLET,2026-08-24 17:26:47.848634,SUCCESS,,1,12,1,False
TXN005309,CUST0834,MERCHANT007,46082.04,WALLET,2026-08-19 23:47:27.848634,FAILED,Bank Declined,2,0,2,True
TXN005310,CUST1028,MERCHANT009,48334.04,NETBANKING,2026-08-21 11:27:00.848634,SUCCESS,,1,18,4,False
TXN005311,CUST1766,MERCHANT006,46695.27,CARD,2026-08-20 09:59:52.848634,SUCCESS,,1,17,2,False
TXN005312,CUST0250,MERCHANT010,36508.07,CARD,2026-08-22 13:39:37.848634,FAILED,Bank Declined,3,18,5,False
TXN005313,CUST0243,MERCHANT001,35454.22,NETBANKING,2026-08-21 23:15:04.848634,SUCCESS,,1,3,0,False
TXN005314,CUST0132,MERCHANT009,29259.98,NETBANKING,2026-08-18 18:59:33.848634,SUCCESS,,1,8,2,False
TXN005315,CUST1647,MERCHANT007,47986.92,WALLET,2026-08-23 23:50:05.848634,SUCCESS,,1,17,1,False
TXN005316,CUST0584,MERCHANT002,44695.79,NETBANKING,2026-08-24 18:29:49.848634,SUCCESS,,1,2,2,False
TXN005317,CUST0009,MERCHANT010,9523.67,CARD,2026-08-23 18:41:21.848634,SUCCESS,,1,11,0,False
TXN005318,CUST0466,MERCHANT010,17318.94,WALLET,2026-08-21 06:50:40.848634,SUCCESS,,1,10,5,False
TXN005319,CUST0463,MERCHANT005,15097.17,NETBANKING,2026-08-25 00:18:30.848634,SUCCESS,,1,7,5,False
TXN005320,CUST0227,MERCHANT001,5325.34,NETBANKING,2026-08-24 12:40:58.848634,SUCCESS,,1,5,3,False
TXN005321,CUST1255,MERCHANT001,29257.09,CARD,2026-08-24 16:32:56.848634,SUCCESS,,1,8,0,False
TXN005322,CUST0561,MERCHANT003,49944.21,WALLET,2026-08-24 04:01:09.848634,SUCCESS,,1,17,0,False
TXN005323,CUST0624,MERCHANT010,30263.81,NETBANKING,2026-08-24 03:17:30.848634,SUCCESS,,1,4,4,False
TXN005324,CUST1653,MERCHANT008,29690.61,WALLET,2026-08-24 22:12:51.848634,SUCCESS,,1,15,2,False
TXN005325,CUST0405,MERCHANT007,18100.0,CARD,2026-08-21 20:22:47.848634,SUCCESS,,1,15,4,False
TXN005326,CUST0094,MERCHANT006,30169.62,NETBANKING,2026-08-22 04:15:09.848634,SUCCESS,,1,18,3,False
TXN005327,CUST0737,MERCHANT006,14205.74,UPI,2026-08-21 22:36:51.848634,SUCCESS,,1,0,3,False
TXN005328,CUST1711,MERCHANT004,30745.76,NETBANKING,2026-08-22 04:08:27.848634,SUCCESS,,1,15,4,False
TXN005329,CUST0686,MERCHANT001,14104.25,CARD,2026-08-19 02:02:31.848634,SUCCESS,,1,15,1,False
TXN005330,CUST1118,MERCHANT002,37938.24,CARD,2026-08-18 13:21:52.848634,SUCCESS,,1,5,1,False
TXN005331,CUST1848,MERCHANT003,32324.15,CARD,2026-08-22 10:14:41.848634,SUCCESS,,1,17,3,False
TXN005332,CUST0364,MERCHANT003,43753.7,UPI,2026-08-19 10:13:38.848634,SUCCESS,,1,18,2,False
TXN005333,CUST0336,MERCHANT010,27954.38,UPI,2026-08-22 10:53:00.848634,SUCCESS,,1,3,3,False
TXN005334,CUST1167,MERCHANT006,25164.1,UPI,2026-08-20 04:24:29.848634,SUCCESS,,1,9,3,False
TXN005335,CUST0044,MERCHANT007,14390.86,NETBANKING,2026-08-24 03:27:52.848634,SUCCESS,,1,3,5,False
TXN005336,CUST0808,MERCHANT002,25137.98,NETBANKING,2026-08-19 18:03:16.848634,SUCCESS,,1,9,0,False
TXN005337,CUST0860,MERCHANT008,1303.43,UPI,2026-08-23 17:34:49.848634,SUCCESS,,1,12,0,False
TXN005338,CUST0106,MERCHANT004,5730.49,CARD,2026-08-21 20:15:02.848634,SUCCESS,,1,18,4,False
TXN005339,CUST0933,MERCHANT002,42497.53,CARD,2026-08-23 23:14:26.848634,SUCCESS,,1,8,5,False
TXN005340,CUST0876,MERCHANT008,9499.72,WALLET,2026-08-19 00:17:00.848634,SUCCESS,,1,15,3,False
TXN005341,CUST1861,MERCHANT009,17057.82,CARD,2026-08-22 04:40:08.848634,SUCCESS,,1,19,4,False
TXN005342,CUST1266,MERCHANT001,40420.9,CARD,2026-08-24 09:41:17.848634,SUCCESS,,1,7,5,False
TXN005343,CUST1495,MERCHANT001,2480.5,UPI,2026-08-22 07:51:02.848634,SUCCESS,,1,19,0,False
TXN005344,CUST0365,MERCHANT006,12294.51,UPI,2026-08-19 09:14:58.848634,SUCCESS,,1,3,5,False
TXN005345,CUST0769,MERCHANT003,39719.75,CARD,2026-08-21 10:27:40.848634,SUCCESS,,1,5,0,False
TXN005346,CUST0792,MERCHANT008,48361.17,NETBANKING,2026-08-23 05:50:07.848634,SUCCESS,,1,14,1,False
TXN005347,CUST0767,MERCHANT005,42082.65,NETBANKING,2026-08-23 08:48:30.848634,SUCCESS,,1,14,1,False
TXN005348,CUST1760,MERCHANT001,8860.14,WALLET,2026-08-18 05:40:06.848634,SUCCESS,,1,4,3,False
TXN005349,CUST1967,MERCHANT005,24297.17,WALLET,2026-08-23 03:42:47.848634,SUCCESS,,1,16,3,False
TXN005350,CUST0883,MERCHANT005,7063.4,UPI,2026-08-24 22:32:46.848634,SUCCESS,,1,8,3,False
TXN005351,CUST0770,MERCHANT005,17796.18,CARD,2026-08-19 17:36:06.848634,SUCCESS,,1,14,2,False
TXN005352,CUST1587,MERCHANT009,31533.63,UPI,2026-08-21 07:56:08.848634,SUCCESS,,1,17,1,False
TXN005353,CUST0203,MERCHANT005,18009.35,UPI,2026-08-21 17:04:45.848634,SUCCESS,,1,1,3,False
TXN005354,CUST0392,MERCHANT007,2291.23,CARD,2026-08-18 15:33:20.848634,SUCCESS,,1,13,4,False
TXN005355,CUST0804,MERCHANT003,8598.54,CARD,2026-08-24 22:09:07.848634,SUCCESS,,1,3,0,False
TXN005356,CUST1095,MERCHANT006,3866.68,NETBANKING,2026-08-19 22:19:17.848634,SUCCESS,,1,2,2,False
TXN005357,CUST0563,MERCHANT008,38752.33,UPI,2026-08-22 22:13:21.848634,SUCCESS,,1,0,4,False
TXN005358,CUST0130,MERCHANT006,15418.45,CARD,2026-08-18 20:01:57.848634,SUCCESS,,1,0,5,False
TXN005359,CUST1108,MERCHANT005,38468.42,WALLET,2026-08-21 03:52:20.848634,SUCCESS,,1,14,4,False
TXN005360,CUST1583,MERCHANT009,20265.87,WALLET,2026-08-25 01:21:20.848634,SUCCESS,,1,12,2,False
TXN005361,CUST1962,MERCHANT007,17336.74,WALLET,2026-08-22 05:22:12.848634,FAILED,Insufficient Funds,2,14,2,True
TXN005362,CUST0730,MERCHANT006,2454.35,WALLET,2026-08-21 03:05:44.848634,SUCCESS,,1,8,1,False
TXN005363,CUST1483,MERCHANT003,26147.78,WALLET,2026-08-20 00:47:41.848634,SUCCESS,,1,11,2,False
TXN005364,CUST1461,MERCHANT003,29488.09,UPI,2026-08-21 12:02:14.848634,SUCCESS,,1,2,5,False
TXN005365,CUST1055,MERCHANT006,19123.32,NETBANKING,2026-08-19 23:30:40.848634,SUCCESS,,1,13,0,False
TXN005366,CUST0264,MERCHANT004,34889.56,NETBANKING,2026-08-23 11:04:52.848634,SUCCESS,,1,17,1,False
TXN005367,CUST0531,MERCHANT002,18601.13,NETBANKING,2026-08-19 08:42:34.848634,SUCCESS,,1,1,3,False
TXN005368,CUST0189,MERCHANT003,26950.7,NETBANKING,2026-08-24 09:14:47.848634,SUCCESS,,1,1,1,False
TXN005369,CUST0102,MERCHANT003,41827.53,CARD,2026-08-24 19:15:17.848634,SUCCESS,,1,4,4,False
TXN005370,CUST0377,MERCHANT003,28270.81,UPI,2026-08-23 06:39:04.848634,SUCCESS,,1,15,1,False
TXN005371,CUST1531,MERCHANT004,9245.31,UPI,2026-08-19 11:37:45.848634,SUCCESS,,1,16,2,False
TXN005372,CUST1571,MERCHANT001,29823.75,UPI,2026-08-21 01:40:12.848634,SUCCESS,,1,7,3,False
TXN005373,CUST1120,MERCHANT002,6026.56,NETBANKING,2026-08-18 07:07:02.848634,SUCCESS,,1,8,2,False
TXN005374,CUST0691,MERCHANT004,31216.3,WALLET,2026-08-24 20:04:30.848634,SUCCESS,,1,15,2,False
TXN005375,CUST1269,MERCHANT003,1063.6,CARD,2026-08-23 18:29:19.848634,SUCCESS,,1,3,0,False
TXN005376,CUST0879,MERCHANT004,45152.51,NETBANKING,2026-08-23 21:41:07.848634,SUCCESS,,1,18,5,False
TXN005377,CUST1336,MERCHANT010,43011.17,NETBANKING,2026-08-21 19:46:50.848634,SUCCESS,,1,2,5,False
TXN005378,CUST0256,MERCHANT002,742.35,NETBANKING,2026-08-20 19:20:46.848634,SUCCESS,,1,4,4,False
TXN005379,CUST1720,MERCHANT001,391.78,NETBANKING,2026-08-18 22:27:41.848634,SUCCESS,,1,7,2,False
TXN005380,CUST0605,MERCHANT002,30153.93,NETBANKING,2026-08-22 00:03:14.848634,SUCCESS,,1,2,4,False
TXN005381,CUST1871,MERCHANT001,41323.47,WALLET,2026-08-24 06:21:25.848634,SUCCESS,,1,20,0,False
TXN005382,CUST1894,MERCHANT003,32629.75,NETBANKING,2026-08-20 08:07:15.848634,SUCCESS,,1,13,1,False
TXN005383,CUST0155,MERCHANT001,212.93,NETBANKING,2026-08-24 17:09:55.848634,SUCCESS,,1,18,3,False
TXN005384,CUST0390,MERCHANT008,35013.92,CARD,2026-08-21 01:43:37.848634,SUCCESS,,1,19,2,False
TXN005385,CUST0256,MERCHANT005,15883.76,NETBANKING,2026-08-21 11:29:47.848634,SUCCESS,,1,9,4,False
TXN005386,CUST0774,MERCHANT003,37016.89,CARD,2026-08-24 04:07:45.848634,SUCCESS,,1,6,4,False
TXN005387,CUST1445,MERCHANT007,21503.65,CARD,2026-08-20 15:31:38.848634,SUCCESS,,1,3,1,False
TXN005388,CUST1564,MERCHANT008,35976.07,CARD,2026-08-20 16:37:04.848634,SUCCESS,,1,13,0,False
TXN005389,CUST0966,MERCHANT003,31395.05,UPI,2026-08-18 03:59:33.848634,SUCCESS,,1,12,1,False
TXN005390,CUST1422,MERCHANT005,1378.64,NETBANKING,2026-08-24 00:19:31.848634,SUCCESS,,1,15,3,False
TXN005391,CUST0310,MERCHANT004,19622.14,NETBANKING,2026-08-22 19:35:57.848634,SUCCESS,,1,4,3,False
TXN005392,CUST0765,MERCHANT007,36524.51,WALLET,2026-08-20 13:19:23.848634,SUCCESS,,1,13,2,False
TXN005393,CUST0432,MERCHANT005,18380.53,NETBANKING,2026-08-24 11:16:14.848634,SUCCESS,,1,20,4,False
TXN005394,CUST1759,MERCHANT001,43202.72,WALLET,2026-08-19 03:28:44.848634,SUCCESS,,1,6,2,False
TXN005395,CUST0145,MERCHANT003,9858.48,UPI,2026-08-20 11:01:53.848634,SUCCESS,,1,0,1,False
TXN005396,CUST1963,MERCHANT004,4872.18,CARD,2026-08-23 13:26:24.848634,SUCCESS,,1,2,2,False
TXN005397,CUST1125,MERCHANT004,23931.77,NETBANKING,2026-08-24 07:38:56.848634,SUCCESS,,1,10,0,False
TXN005398,CUST0370,MERCHANT005,46760.59,UPI,2026-08-19 21:41:58.848634,SUCCESS,,1,3,2,False
TXN005399,CUST0966,MERCHANT001,33047.93,UPI,2026-08-19 09:53:44.848634,SUCCESS,,1,17,2,False
TXN005400,CUST1112,MERCHANT007,839.7,NETBANKING,2026-08-23 11:30:43.848634,SUCCESS,,1,6,3,False
TXN005401,CUST0068,MERCHANT009,20411.36,CARD,2026-08-21 03:56:22.848634,SUCCESS,,1,16,5,False
TXN005402,CUST1781,MERCHANT005,40204.19,UPI,2026-08-21 07:46:11.848634,SUCCESS,,1,15,5,False
TXN005403,CUST0056,MERCHANT006,48367.58,UPI,2026-08-24 17:21:54.848634,SUCCESS,,1,0,2,False
TXN005404,CUST0684,MERCHANT008,48630.72,CARD,2026-08-21 21:24:32.848634,SUCCESS,,1,6,5,False
TXN005405,CUST0102,MERCHANT001,45000.7,UPI,2026-08-21 08:25:09.848634,SUCCESS,,1,8,1,False
TXN005406,CUST1894,MERCHANT003,17743.92,WALLET,2026-08-22 09:27:47.848634,SUCCESS,,1,19,0,False
TXN005407,CUST0042,MERCHANT004,16598.7,CARD,2026-08-19 06:35:10.848634,SUCCESS,,1,15,4,False
TXN005408,CUST0107,MERCHANT004,45161.74,NETBANKING,2026-08-18 20:07:30.848634,SUCCESS,,1,3,3,False
TXN005409,CUST1752,MERCHANT006,17480.61,UPI,2026-08-23 14:41:51.848634,SUCCESS,,1,5,4,False
TXN005410,CUST1011,MERCHANT007,20425.81,CARD,2026-08-23 23:23:35.848634,SUCCESS,,1,5,1,False
TXN005411,CUST1654,MERCHANT002,17147.32,CARD,2026-08-21 11:05:38.848634,FAILED,Bank Declined,1,11,2,True
TXN005412,CUST0347,MERCHANT005,33086.33,CARD,2026-08-24 14:07:08.848634,SUCCESS,,1,20,4,False
TXN005413,CUST1938,MERCHANT002,40647.12,NETBANKING,2026-08-23 17:45:55.848634,SUCCESS,,1,5,1,False
TXN005414,CUST0932,MERCHANT010,28236.29,CARD,2026-08-19 09:51:03.848634,SUCCESS,,1,8,0,False
TXN005415,CUST0366,MERCHANT001,39106.19,CARD,2026-08-22 08:14:48.848634,SUCCESS,,1,20,3,False
TXN005416,CUST1007,MERCHANT004,44737.99,NETBANKING,2026-08-22 22:42:16.848634,SUCCESS,,1,8,5,False
TXN005417,CUST1486,MERCHANT010,35185.92,NETBANKING,2026-08-18 09:48:20.848634,SUCCESS,,1,14,0,False
TXN005418,CUST1513,MERCHANT005,8042.84,NETBANKING,2026-08-22 04:11:24.848634,SUCCESS,,1,12,0,False
TXN005419,CUST0214,MERCHANT010,33746.0,UPI,2026-08-22 20:35:17.848634,SUCCESS,,1,16,1,False
TXN005420,CUST0619,MERCHANT005,46496.8,CARD,2026-08-23 10:19:44.848634,SUCCESS,,1,7,5,False
TXN005421,CUST1844,MERCHANT002,47853.86,NETBANKING,2026-08-23 03:52:05.848634,SUCCESS,,1,1,2,False
TXN005422,CUST0520,MERCHANT003,4799.86,UPI,2026-08-20 11:43:05.848634,SUCCESS,,1,3,0,False
TXN005423,CUST0254,MERCHANT004,47392.56,UPI,2026-08-24 11:45:06.848634,SUCCESS,,1,13,0,False
TXN005424,CUST1983,MERCHANT007,37244.77,WALLET,2026-08-20 22:53:18.848634,SUCCESS,,1,10,5,False
TXN005425,CUST1009,MERCHANT010,17987.37,WALLET,2026-08-19 08:26:49.848634,SUCCESS,,1,0,5,False
TXN005426,CUST1066,MERCHANT007,11153.18,WALLET,2026-08-24 10:03:52.848634,SUCCESS,,1,4,5,False
TXN005427,CUST0548,MERCHANT007,33939.6,CARD,2026-08-24 10:26:58.848634,SUCCESS,,1,16,1,False
TXN005428,CUST0597,MERCHANT007,5896.95,UPI,2026-08-19 15:10:33.848634,SUCCESS,,1,2,2,False
TXN005429,CUST0216,MERCHANT001,32217.0,UPI,2026-08-20 19:13:22.848634,SUCCESS,,1,3,5,False
TXN005430,CUST0505,MERCHANT007,38199.45,UPI,2026-08-22 19:58:48.848634,SUCCESS,,1,13,3,False
TXN005431,CUST0914,MERCHANT004,28181.68,NETBANKING,2026-08-24 10:39:47.848634,SUCCESS,,1,19,5,False
TXN005432,CUST0490,MERCHANT010,24977.88,WALLET,2026-08-19 23:41:57.848634,SUCCESS,,1,7,3,False
TXN005433,CUST0008,MERCHANT010,29021.52,UPI,2026-08-23 14:40:22.848634,SUCCESS,,1,3,1,False
TXN005434,CUST1493,MERCHANT003,34596.83,WALLET,2026-08-23 15:13:36.848634,SUCCESS,,1,3,2,False
TXN005435,CUST0425,MERCHANT008,8230.84,UPI,2026-08-22 18:01:05.848634,SUCCESS,,1,8,0,False
TXN005436,CUST1697,MERCHANT008,22413.95,UPI,2026-08-20 22:03:50.848634,SUCCESS,,1,13,5,False
TXN005437,CUST0522,MERCHANT010,12144.52,WALLET,2026-08-24 04:40:32.848634,SUCCESS,,1,9,1,False
TXN005438,CUST1391,MERCHANT009,19998.08,NETBANKING,2026-08-18 12:32:33.848634,SUCCESS,,1,20,5,False
TXN005439,CUST0799,MERCHANT010,30201.0,NETBANKING,2026-08-22 03:54:37.848634,SUCCESS,,1,5,2,False
TXN005440,CUST0439,MERCHANT009,49383.87,NETBANKING,2026-08-22 12:48:14.848634,SUCCESS,,1,10,0,False
TXN005441,CUST1656,MERCHANT003,33129.64,CARD,2026-08-23 06:27:11.848634,SUCCESS,,1,6,5,False
TXN005442,CUST0408,MERCHANT002,7753.95,UPI,2026-08-20 19:37:52.848634,FAILED,Network Error,1,6,1,True
TXN005443,CUST1495,MERCHANT008,44991.15,NETBANKING,2026-08-18 14:34:14.848634,FAILED,Insufficient Funds,1,2,3,True
TXN005444,CUST0774,MERCHANT008,11193.14,WALLET,2026-08-20 17:41:18.848634,SUCCESS,,1,2,5,False
TXN005445,CUST0679,MERCHANT006,9265.88,CARD,2026-08-22 09:21:20.848634,SUCCESS,,1,10,5,False
TXN005446,CUST1576,MERCHANT004,14037.25,CARD,2026-08-24 14:11:02.848634,SUCCESS,,1,4,1,False
TXN005447,CUST1032,MERCHANT005,32229.72,UPI,2026-08-24 23:19:00.848634,SUCCESS,,1,13,3,False
TXN005448,CUST1334,MERCHANT004,33057.0,UPI,2026-08-20 18:33:04.848634,SUCCESS,,1,7,4,False
TXN005449,CUST1637,MERCHANT003,18744.57,NETBANKING,2026-08-24 22:55:18.848634,FAILED,Insufficient Funds,3,5,3,False
TXN005450,CUST1297,MERCHANT002,25527.85,CARD,2026-08-18 17:48:46.848634,SUCCESS,,1,10,4,False
TXN005451,CUST0779,MERCHANT007,29094.89,WALLET,2026-08-23 02:01:11.848634,SUCCESS,,1,15,2,False
TXN005452,CUST1564,MERCHANT001,40737.93,UPI,2026-08-18 05:51:03.848634,SUCCESS,,1,5,5,False
TXN005453,CUST0777,MERCHANT004,31500.16,UPI,2026-08-22 23:04:14.848634,SUCCESS,,1,10,0,False
TXN005454,CUST0130,MERCHANT002,35800.17,WALLET,2026-08-19 05:13:44.848634,SUCCESS,,1,6,4,False
TXN005455,CUST1342,MERCHANT007,46399.01,UPI,2026-08-19 19:42:18.848634,SUCCESS,,1,13,4,False
TXN005456,CUST1651,MERCHANT002,22989.71,CARD,2026-08-19 13:20:49.848634,SUCCESS,,1,6,2,False
TXN005457,CUST1946,MERCHANT006,23107.49,WALLET,2026-08-22 09:17:26.848634,SUCCESS,,1,13,1,False
TXN005458,CUST0278,MERCHANT006,39958.35,WALLET,2026-08-19 15:45:41.848634,SUCCESS,,1,1,3,False
TXN005459,CUST0861,MERCHANT003,42760.56,NETBANKING,2026-08-23 16:27:42.848634,SUCCESS,,1,11,2,False
TXN005460,CUST1113,MERCHANT001,32381.1,CARD,2026-08-20 23:35:06.848634,SUCCESS,,1,16,3,False
TXN005461,CUST0824,MERCHANT004,20677.22,WALLET,2026-08-22 03:36:34.848634,SUCCESS,,1,0,5,False
TXN005462,CUST0975,MERCHANT005,25000.14,CARD,2026-08-20 09:05:39.848634,SUCCESS,,1,18,3,False
TXN005463,CUST0534,MERCHANT003,45911.05,WALLET,2026-08-24 12:03:02.848634,SUCCESS,,1,2,4,False
TXN005464,CUST1560,MERCHANT003,25195.59,CARD,2026-08-19 18:41:24.848634,SUCCESS,,1,16,4,False
TXN005465,CUST1606,MERCHANT006,23958.67,UPI,2026-08-19 11:27:11.848634,SUCCESS,,1,16,5,False
TXN005466,CUST1219,MERCHANT002,502.97,UPI,2026-08-22 04:49:15.848634,SUCCESS,,1,18,1,False
TXN005467,CUST1613,MERCHANT004,41711.53,CARD,2026-08-18 22:38:07.848634,SUCCESS,,1,3,5,False
TXN005468,CUST0918,MERCHANT005,39680.79,UPI,2026-08-19 06:59:04.848634,SUCCESS,,1,19,5,False
TXN005469,CUST0818,MERCHANT006,40098.04,NETBANKING,2026-08-23 16:31:58.848634,SUCCESS,,1,3,2,False
TXN005470,CUST1893,MERCHANT006,7180.61,CARD,2026-08-21 14:37:36.848634,SUCCESS,,1,15,3,False
TXN005471,CUST1094,MERCHANT003,17675.26,NETBANKING,2026-08-18 12:07:58.848634,SUCCESS,,1,9,3,False
TXN005472,CUST0125,MERCHANT009,45498.99,WALLET,2026-08-24 09:14:14.848634,SUCCESS,,1,17,0,False
TXN005473,CUST0382,MERCHANT002,14587.25,WALLET,2026-08-22 05:29:34.848634,SUCCESS,,1,3,3,False
TXN005474,CUST0033,MERCHANT003,11521.83,NETBANKING,2026-08-23 08:02:41.848634,SUCCESS,,1,19,2,False
TXN005475,CUST0237,MERCHANT008,43126.39,CARD,2026-08-22 22:38:19.848634,SUCCESS,,1,4,3,False
TXN005476,CUST0706,MERCHANT004,29339.02,UPI,2026-08-21 21:00:43.848634,SUCCESS,,1,15,5,False
TXN005477,CUST0512,MERCHANT005,45517.0,WALLET,2026-08-21 09:13:15.848634,SUCCESS,,1,2,3,False
TXN005478,CUST1449,MERCHANT003,31753.76,UPI,2026-08-21 10:06:16.848634,SUCCESS,,1,16,3,False
TXN005479,CUST1136,MERCHANT004,31652.29,NETBANKING,2026-08-23 09:04:34.848634,SUCCESS,,1,0,2,False
TXN005480,CUST0381,MERCHANT002,10360.84,WALLET,2026-08-23 05:05:41.848634,FAILED,Network Error,1,10,0,True
TXN005481,CUST0382,MERCHANT005,46039.75,UPI,2026-08-21 06:29:46.848634,SUCCESS,,1,3,5,False
TXN005482,CUST0109,MERCHANT002,15664.73,UPI,2026-08-21 00:56:42.848634,SUCCESS,,1,5,1,False
TXN005483,CUST1299,MERCHANT009,41601.0,NETBANKING,2026-08-21 03:35:48.848634,SUCCESS,,1,14,3,False
TXN005484,CUST1862,MERCHANT003,489.58,NETBANKING,2026-08-22 14:40:50.848634,FAILED,Technical Error,2,7,5,True
TXN005485,CUST0688,MERCHANT006,9138.69,NETBANKING,2026-08-20 21:45:17.848634,SUCCESS,,1,7,2,False
TXN005486,CUST1036,MERCHANT009,1290.19,UPI,2026-08-23 12:49:25.848634,SUCCESS,,1,18,4,False
TXN005487,CUST1667,MERCHANT009,2660.89,WALLET,2026-08-22 02:45:06.848634,SUCCESS,,1,17,1,False
TXN005488,CUST0749,MERCHANT010,14628.85,NETBANKING,2026-08-20 03:45:34.848634,SUCCESS,,1,20,1,False
TXN005489,CUST0964,MERCHANT002,21071.84,UPI,2026-08-22 08:07:15.848634,SUCCESS,,1,12,2,False
TXN005490,CUST1103,MERCHANT005,28130.57,CARD,2026-08-23 08:52:33.848634,SUCCESS,,1,3,1,False
TXN005491,CUST1066,MERCHANT010,47821.74,UPI,2026-08-20 05:47:43.848634,SUCCESS,,1,15,2,False
TXN005492,CUST1830,MERCHANT008,19883.59,NETBANKING,2026-08-24 22:36:39.848634,SUCCESS,,1,14,5,False
TXN005493,CUST1180,MERCHANT002,13087.18,NETBANKING,2026-08-19 21:30:32.848634,SUCCESS,,1,7,1,False
TXN005494,CUST1278,MERCHANT002,2172.48,UPI,2026-08-23 00:25:57.848634,SUCCESS,,1,8,2,False
TXN005495,CUST1481,MERCHANT007,19039.46,WALLET,2026-08-22 13:45:31.848634,SUCCESS,,1,12,5,False
TXN005496,CUST1671,MERCHANT009,10768.59,CARD,2026-08-23 19:25:09.848634,SUCCESS,,1,2,0,False
TXN005497,CUST1241,MERCHANT008,17628.71,UPI,2026-08-23 15:32:57.848634,SUCCESS,,1,17,5,False
TXN005498,CUST0522,MERCHANT006,11445.84,NETBANKING,2026-08-25 00:21:11.848634,SUCCESS,,1,7,2,False
TXN005499,CUST0942,MERCHANT005,15864.75,NETBANKING,2026-08-20 21:37:44.848634,SUCCESS,,1,14,4,False
TXN005500,CUST0658,MERCHANT004,8026.27,CARD,2026-08-20 08:05:12.848634,SUCCESS,,1,5,5,False
TXN005501,CUST1906,MERCHANT004,14961.81,CARD,2026-08-23 18:46:23.848634,SUCCESS,,1,18,5,False
TXN005502,CUST0120,MERCHANT004,40286.23,CARD,2026-08-23 02:28:03.848634,SUCCESS,,1,11,2,False
TXN005503,CUST1023,MERCHANT004,32437.37,UPI,2026-08-18 20:42:27.848634,SUCCESS,,1,6,2,False
TXN005504,CUST1706,MERCHANT007,5824.63,WALLET,2026-08-20 15:47:52.848634,SUCCESS,,1,13,4,False
TXN005505,CUST0771,MERCHANT009,16933.39,CARD,2026-08-23 16:12:17.848634,SUCCESS,,1,0,0,False
TXN005506,CUST0170,MERCHANT009,26178.02,CARD,2026-08-20 07:38:38.848634,SUCCESS,,1,20,5,False
TXN005507,CUST1552,MERCHANT010,26442.14,UPI,2026-08-24 17:51:43.848634,SUCCESS,,1,11,0,False
TXN005508,CUST1238,MERCHANT010,18655.68,WALLET,2026-08-18 12:49:47.848634,SUCCESS,,1,16,3,False
TXN005509,CUST0782,MERCHANT002,28034.77,WALLET,2026-08-19 17:52:20.848634,SUCCESS,,1,3,2,False
TXN005510,CUST1431,MERCHANT004,25872.12,CARD,2026-08-20 07:39:31.848634,SUCCESS,,1,16,5,False
TXN005511,CUST0282,MERCHANT001,10211.43,UPI,2026-08-21 14:54:06.848634,SUCCESS,,1,10,3,False
TXN005512,CUST1269,MERCHANT004,27079.21,WALLET,2026-08-20 08:28:07.848634,SUCCESS,,1,13,5,False
TXN005513,CUST0100,MERCHANT007,24105.93,NETBANKING,2026-08-21 23:13:48.848634,SUCCESS,,1,0,4,False
TXN005514,CUST1130,MERCHANT010,36882.13,UPI,2026-08-23 05:45:40.848634,SUCCESS,,1,6,4,False
TXN005515,CUST1557,MERCHANT009,42083.01,WALLET,2026-08-22 17:58:16.848634,SUCCESS,,1,10,2,False
TXN005516,CUST1706,MERCHANT009,7240.32,WALLET,2026-08-18 07:18:57.848634,SUCCESS,,1,14,5,False
TXN005517,CUST0078,MERCHANT009,7091.04,WALLET,2026-08-19 14:13:52.848634,SUCCESS,,1,7,5,False
TXN005518,CUST0328,MERCHANT010,23922.31,NETBANKING,2026-08-22 22:39:57.848634,SUCCESS,,1,18,3,False
TXN005519,CUST1653,MERCHANT004,31757.29,WALLET,2026-08-22 14:29:59.848634,SUCCESS,,1,20,2,False
TXN005520,CUST0616,MERCHANT002,27837.65,CARD,2026-08-24 03:25:44.848634,SUCCESS,,1,16,5,False
TXN005521,CUST0354,MERCHANT003,8126.99,NETBANKING,2026-08-21 12:28:10.848634,SUCCESS,,1,6,5,False
TXN005522,CUST0490,MERCHANT003,10402.95,NETBANKING,2026-08-23 13:18:13.848634,SUCCESS,,1,2,3,False
TXN005523,CUST1809,MERCHANT002,39952.2,WALLET,2026-08-19 04:27:09.848634,FAILED,Insufficient Funds,3,14,0,False
TXN005524,CUST1305,MERCHANT007,866.02,UPI,2026-08-18 03:23:05.848634,FAILED,Network Error,1,19,4,True
TXN005525,CUST1652,MERCHANT008,20594.96,WALLET,2026-08-25 01:31:46.848634,SUCCESS,,1,1,0,False
TXN005526,CUST1225,MERCHANT007,13530.15,NETBANKING,2026-08-23 02:51:01.848634,SUCCESS,,1,19,4,False
TXN005527,CUST1430,MERCHANT009,23550.87,NETBANKING,2026-08-19 15:42:55.848634,SUCCESS,,1,17,2,False
TXN005528,CUST1626,MERCHANT005,31318.12,UPI,2026-08-19 11:33:56.848634,SUCCESS,,1,13,2,False
TXN005529,CUST0172,MERCHANT008,33768.48,NETBANKING,2026-08-21 13:46:45.848634,SUCCESS,,1,20,5,False
TXN005530,CUST0755,MERCHANT006,31722.03,UPI,2026-08-24 21:24:08.848634,SUCCESS,,1,3,3,False
TXN005531,CUST1652,MERCHANT005,28290.34,UPI,2026-08-22 02:31:38.848634,SUCCESS,,1,1,1,False
TXN005532,CUST0045,MERCHANT010,31926.2,CARD,2026-08-20 04:35:05.848634,SUCCESS,,1,7,5,False
TXN005533,CUST0177,MERCHANT006,16300.73,CARD,2026-08-22 14:56:37.848634,SUCCESS,,1,13,1,False
TXN005534,CUST1080,MERCHANT004,41681.34,NETBANKING,2026-08-21 14:24:14.848634,SUCCESS,,1,3,3,False
TXN005535,CUST1574,MERCHANT009,7563.75,UPI,2026-08-21 19:09:05.848634,FAILED,Technical Error,1,9,3,True
TXN005536,CUST1755,MERCHANT010,9305.42,WALLET,2026-08-21 17:07:30.848634,SUCCESS,,1,7,0,False
TXN005537,CUST0507,MERCHANT002,12540.99,UPI,2026-08-18 23:35:09.848634,SUCCESS,,1,0,4,False
TXN005538,CUST1443,MERCHANT006,12400.26,WALLET,2026-08-24 01:36:26.848634,SUCCESS,,1,8,1,False
TXN005539,CUST1087,MERCHANT004,21877.36,CARD,2026-08-20 12:20:47.848634,SUCCESS,,1,12,0,False
TXN005540,CUST1081,MERCHANT003,14745.28,NETBANKING,2026-08-21 06:51:27.848634,SUCCESS,,1,15,3,False
TXN005541,CUST1368,MERCHANT008,41528.52,CARD,2026-08-23 13:37:31.848634,SUCCESS,,1,11,0,False
TXN005542,CUST1542,MERCHANT001,35372.56,NETBANKING,2026-08-20 02:59:18.848634,SUCCESS,,1,20,1,False
TXN005543,CUST0451,MERCHANT004,44682.63,NETBANKING,2026-08-24 18:45:06.848634,SUCCESS,,1,20,3,False
TXN005544,CUST0030,MERCHANT007,35688.37,WALLET,2026-08-24 17:38:01.848634,SUCCESS,,1,8,0,False
TXN005545,CUST0583,MERCHANT003,4625.31,UPI,2026-08-21 17:36:02.848634,SUCCESS,,1,10,3,False
TXN005546,CUST0742,MERCHANT002,1350.41,WALLET,2026-08-18 03:46:10.848634,SUCCESS,,1,11,5,False
TXN005547,CUST0475,MERCHANT005,24097.05,UPI,2026-08-18 17:51:33.848634,SUCCESS,,1,9,0,False
TXN005548,CUST0415,MERCHANT003,4492.7,NETBANKING,2026-08-20 05:43:25.848634,SUCCESS,,1,3,0,False
TXN005549,CUST0216,MERCHANT003,12772.44,NETBANKING,2026-08-22 01:45:40.848634,SUCCESS,,1,10,2,False
TXN005550,CUST1163,MERCHANT004,16884.78,UPI,2026-08-20 01:11:53.848634,SUCCESS,,1,9,0,False
TXN005551,CUST0676,MERCHANT006,36819.16,UPI,2026-08-19 21:17:13.848634,SUCCESS,,1,10,4,False
TXN005552,CUST0428,MERCHANT010,3807.07,NETBANKING,2026-08-23 14:40:04.848634,SUCCESS,,1,20,2,False
TXN005553,CUST0131,MERCHANT003,43856.76,WALLET,2026-08-24 04:11:20.848634,SUCCESS,,1,18,3,False
TXN005554,CUST0972,MERCHANT002,11149.97,UPI,2026-08-24 12:14:39.848634,SUCCESS,,1,10,2,False
TXN005555,CUST1992,MERCHANT008,27459.27,CARD,2026-08-18 09:46:45.848634,SUCCESS,,1,11,1,False
TXN005556,CUST1651,MERCHANT002,30055.25,NETBANKING,2026-08-20 18:26:07.848634,SUCCESS,,1,11,4,False
TXN005557,CUST0574,MERCHANT001,17697.57,WALLET,2026-08-18 06:37:35.848634,SUCCESS,,1,4,0,False
TXN005558,CUST1356,MERCHANT001,44375.64,NETBANKING,2026-08-23 19:01:14.848634,SUCCESS,,1,20,4,False
TXN005559,CUST0342,MERCHANT001,36391.01,UPI,2026-08-18 09:16:08.848634,SUCCESS,,1,14,4,False
TXN005560,CUST0235,MERCHANT007,20321.8,NETBANKING,2026-08-21 03:58:01.848634,SUCCESS,,1,8,3,False
TXN005561,CUST0850,MERCHANT007,34503.8,WALLET,2026-08-20 06:31:00.848634,SUCCESS,,1,4,4,False
TXN005562,CUST0815,MERCHANT008,10496.21,WALLET,2026-08-21 18:50:10.848634,SUCCESS,,1,15,4,False
TXN005563,CUST1263,MERCHANT003,12510.03,NETBANKING,2026-08-21 01:26:53.848634,SUCCESS,,1,19,4,False
TXN005564,CUST1516,MERCHANT008,31607.83,NETBANKING,2026-08-24 18:56:33.848634,SUCCESS,,1,13,1,False
TXN005565,CUST0972,MERCHANT009,8055.89,CARD,2026-08-23 01:30:58.848634,SUCCESS,,1,4,4,False
TXN005566,CUST0168,MERCHANT010,42166.18,NETBANKING,2026-08-23 22:00:50.848634,SUCCESS,,1,0,0,False
TXN005567,CUST0391,MERCHANT008,28862.38,CARD,2026-08-19 11:32:24.848634,SUCCESS,,1,0,1,False
TXN005568,CUST0342,MERCHANT005,9175.44,UPI,2026-08-23 22:59:53.848634,SUCCESS,,1,6,1,False
TXN005569,CUST0296,MERCHANT007,1075.22,NETBANKING,2026-08-18 08:26:25.848634,SUCCESS,,1,10,1,False
TXN005570,CUST0748,MERCHANT007,48756.5,UPI,2026-08-23 15:19:44.848634,FAILED,Network Error,1,2,2,True
TXN005571,CUST1255,MERCHANT009,47688.44,NETBANKING,2026-08-24 07:07:48.848634,SUCCESS,,1,11,4,False
TXN005572,CUST0165,MERCHANT006,10298.82,WALLET,2026-08-18 09:40:54.848634,SUCCESS,,1,17,3,False
TXN005573,CUST1076,MERCHANT007,44999.54,WALLET,2026-08-24 13:14:27.848634,SUCCESS,,1,4,2,False
TXN005574,CUST1467,MERCHANT002,38927.85,WALLET,2026-08-19 03:10:34.848634,SUCCESS,,1,19,0,False
TXN005575,CUST1919,MERCHANT006,33690.54,NETBANKING,2026-08-22 10:16:43.848634,SUCCESS,,1,14,5,False
TXN005576,CUST0670,MERCHANT003,7154.47,CARD,2026-08-20 21:00:56.848634,SUCCESS,,1,18,2,False
TXN005577,CUST0760,MERCHANT009,12340.5,UPI,2026-08-21 12:04:00.848634,SUCCESS,,1,9,5,False
TXN005578,CUST0637,MERCHANT004,19589.94,CARD,2026-08-24 05:36:48.848634,SUCCESS,,1,15,0,False
TXN005579,CUST0069,MERCHANT004,42262.84,CARD,2026-08-22 22:05:11.848634,SUCCESS,,1,17,3,False
TXN005580,CUST1707,MERCHANT001,1967.24,CARD,2026-08-21 05:30:34.848634,SUCCESS,,1,3,0,False
TXN005581,CUST0867,MERCHANT008,32126.67,UPI,2026-08-19 15:07:07.848634,SUCCESS,,1,0,1,False
TXN005582,CUST1967,MERCHANT003,28268.64,CARD,2026-08-23 13:47:48.848634,SUCCESS,,1,18,0,False
TXN005583,CUST0356,MERCHANT003,49131.87,CARD,2026-08-22 12:15:47.848634,SUCCESS,,1,13,2,False
TXN005584,CUST0876,MERCHANT001,23032.9,CARD,2026-08-19 15:05:29.848634,SUCCESS,,1,9,2,False
TXN005585,CUST0746,MERCHANT003,8093.36,CARD,2026-08-24 03:24:15.848634,SUCCESS,,1,2,3,False
TXN005586,CUST1473,MERCHANT001,42446.34,CARD,2026-08-18 18:22:22.848634,SUCCESS,,1,12,3,False
TXN005587,CUST0533,MERCHANT004,19098.34,CARD,2026-08-21 09:52:15.848634,SUCCESS,,1,9,2,False
TXN005588,CUST1680,MERCHANT004,15286.54,CARD,2026-08-21 21:19:46.848634,SUCCESS,,1,9,2,False
TXN005589,CUST1336,MERCHANT002,4575.75,NETBANKING,2026-08-23 07:59:16.848634,SUCCESS,,1,7,5,False
TXN005590,CUST1830,MERCHANT007,3212.06,WALLET,2026-08-18 23:21:21.848634,SUCCESS,,1,0,2,False
TXN005591,CUST1030,MERCHANT005,36708.64,UPI,2026-08-24 00:50:38.848634,SUCCESS,,1,6,2,False
TXN005592,CUST1198,MERCHANT010,30101.22,CARD,2026-08-20 00:04:50.848634,SUCCESS,,1,14,1,False
TXN005593,CUST1198,MERCHANT003,25480.8,NETBANKING,2026-08-23 23:02:52.848634,SUCCESS,,1,7,1,False
TXN005594,CUST0735,MERCHANT008,12483.39,UPI,2026-08-22 23:05:39.848634,SUCCESS,,1,20,4,False
TXN005595,CUST0528,MERCHANT008,39906.82,NETBANKING,2026-08-21 11:11:16.848634,SUCCESS,,1,18,3,False
TXN005596,CUST0127,MERCHANT001,12926.25,UPI,2026-08-24 05:01:59.848634,SUCCESS,,1,10,2,False
TXN005597,CUST0900,MERCHANT003,1876.71,CARD,2026-08-18 22:16:22.848634,SUCCESS,,1,10,3,False
TXN005598,CUST0769,MERCHANT004,48281.99,NETBANKING,2026-08-19 02:26:49.848634,FAILED,Insufficient Funds,1,11,4,True
TXN005599,CUST0490,MERCHANT005,37300.18,NETBANKING,2026-08-22 20:14:52.848634,SUCCESS,,1,18,3,False
TXN005600,CUST0161,MERCHANT007,33015.35,WALLET,2026-08-24 05:15:06.848634,SUCCESS,,1,1,1,False
TXN005601,CUST0604,MERCHANT009,29931.98,WALLET,2026-08-22 15:58:24.848634,SUCCESS,,1,8,0,False
TXN005602,CUST0235,MERCHANT008,23537.14,CARD,2026-08-24 20:56:19.848634,SUCCESS,,1,5,0,False
TXN005603,CUST1335,MERCHANT009,29251.84,NETBANKING,2026-08-23 22:08:36.848634,SUCCESS,,1,8,2,False
TXN005604,CUST1088,MERCHANT006,32222.07,UPI,2026-08-19 08:40:19.848634,SUCCESS,,1,3,0,False
TXN005605,CUST1044,MERCHANT001,20565.73,UPI,2026-08-20 14:28:43.848634,SUCCESS,,1,10,1,False
TXN005606,CUST0780,MERCHANT005,32117.54,NETBANKING,2026-08-20 14:52:03.848634,SUCCESS,,1,2,0,False
TXN005607,CUST0461,MERCHANT008,33243.6,CARD,2026-08-22 08:48:13.848634,FAILED,Technical Error,1,13,0,True
TXN005608,CUST1351,MERCHANT001,1955.55,NETBANKING,2026-08-22 14:23:33.848634,SUCCESS,,1,11,1,False
TXN005609,CUST0337,MERCHANT005,22341.71,UPI,2026-08-18 09:23:19.848634,SUCCESS,,1,5,3,False
TXN005610,CUST0658,MERCHANT003,28725.86,CARD,2026-08-23 21:50:31.848634,SUCCESS,,1,11,1,False
TXN005611,CUST0725,MERCHANT005,9324.83,WALLET,2026-08-18 12:40:31.848634,SUCCESS,,1,11,5,False
TXN005612,CUST0228,MERCHANT005,16215.62,CARD,2026-08-18 22:22:26.848634,SUCCESS,,1,2,1,False
TXN005613,CUST0988,MERCHANT006,2737.84,NETBANKING,2026-08-24 03:55:02.848634,SUCCESS,,1,4,3,False
TXN005614,CUST2000,MERCHANT009,26169.89,CARD,2026-08-24 06:10:52.848634,SUCCESS,,1,0,0,False
TXN005615,CUST1833,MERCHANT002,32091.27,UPI,2026-08-20 11:01:07.848634,SUCCESS,,1,3,4,False
TXN005616,CUST1450,MERCHANT005,39957.32,NETBANKING,2026-08-24 13:23:46.848634,SUCCESS,,1,11,5,False
TXN005617,CUST0269,MERCHANT008,42387.25,CARD,2026-08-22 03:31:42.848634,SUCCESS,,1,10,4,False
TXN005618,CUST0093,MERCHANT008,35817.75,UPI,2026-08-21 16:08:33.848634,SUCCESS,,1,0,0,False
TXN005619,CUST0178,MERCHANT008,25059.52,UPI,2026-08-20 14:57:53.848634,SUCCESS,,1,8,0,False
TXN005620,CUST1833,MERCHANT010,37230.12,CARD,2026-08-19 19:43:14.848634,SUCCESS,,1,16,5,False
TXN005621,CUST1519,MERCHANT006,5141.14,NETBANKING,2026-08-22 01:53:24.848634,SUCCESS,,1,20,4,False
TXN005622,CUST0698,MERCHANT008,16512.44,UPI,2026-08-24 12:09:34.848634,SUCCESS,,1,12,3,False
TXN005623,CUST1867,MERCHANT005,36457.66,UPI,2026-08-21 02:00:48.848634,SUCCESS,,1,11,4,False
TXN005624,CUST1279,MERCHANT001,19275.41,UPI,2026-08-18 19:49:23.848634,SUCCESS,,1,13,4,False
TXN005625,CUST1139,MERCHANT004,40913.14,NETBANKING,2026-08-23 12:52:33.848634,SUCCESS,,1,13,5,False
TXN005626,CUST1536,MERCHANT006,24376.48,CARD,2026-08-21 20:17:47.848634,SUCCESS,,1,10,3,False
TXN005627,CUST1898,MERCHANT007,21692.13,CARD,2026-08-23 16:28:45.848634,SUCCESS,,1,9,4,False
TXN005628,CUST0166,MERCHANT003,4375.7,CARD,2026-08-20 18:34:49.848634,SUCCESS,,1,6,2,False
TXN005629,CUST0729,MERCHANT003,6415.14,NETBANKING,2026-08-22 13:41:25.848634,SUCCESS,,1,11,2,False
TXN005630,CUST1967,MERCHANT009,13491.23,UPI,2026-08-21 09:10:43.848634,SUCCESS,,1,6,4,False
TXN005631,CUST0290,MERCHANT003,3166.89,CARD,2026-08-25 01:11:57.848634,SUCCESS,,1,5,4,False
TXN005632,CUST0812,MERCHANT006,3317.77,NETBANKING,2026-08-21 22:48:27.848634,SUCCESS,,1,16,3,False
TXN005633,CUST0934,MERCHANT002,27971.29,UPI,2026-08-20 00:02:32.848634,SUCCESS,,1,2,2,False
TXN005634,CUST1029,MERCHANT006,42126.37,WALLET,2026-08-23 19:46:24.848634,SUCCESS,,1,6,4,False
TXN005635,CUST1655,MERCHANT002,3248.85,CARD,2026-08-20 17:32:34.848634,SUCCESS,,1,13,4,False
TXN005636,CUST0025,MERCHANT009,12103.37,NETBANKING,2026-08-18 14:08:38.848634,SUCCESS,,1,19,3,False
TXN005637,CUST1352,MERCHANT001,264.94,WALLET,2026-08-23 19:53:02.848634,SUCCESS,,1,8,2,False
TXN005638,CUST1404,MERCHANT006,37707.46,CARD,2026-08-23 19:51:57.848634,SUCCESS,,1,8,0,False
TXN005639,CUST1946,MERCHANT001,36761.9,NETBANKING,2026-08-25 00:10:18.848634,SUCCESS,,1,20,3,False
TXN005640,CUST0467,MERCHANT008,42717.18,WALLET,2026-08-21 14:33:10.848634,SUCCESS,,1,19,4,False
TXN005641,CUST1179,MERCHANT006,3439.44,NETBANKING,2026-08-20 06:56:57.848634,SUCCESS,,1,12,5,False
TXN005642,CUST0606,MERCHANT009,49051.68,WALLET,2026-08-20 09:12:58.848634,SUCCESS,,1,4,0,False
TXN005643,CUST0438,MERCHANT001,12290.12,UPI,2026-08-19 09:58:33.848634,SUCCESS,,1,3,1,False
TXN005644,CUST1817,MERCHANT003,48840.07,CARD,2026-08-18 03:43:27.848634,SUCCESS,,1,6,0,False
TXN005645,CUST1995,MERCHANT009,31827.86,NETBANKING,2026-08-23 21:47:46.848634,SUCCESS,,1,14,5,False
TXN005646,CUST0916,MERCHANT004,46074.77,NETBANKING,2026-08-24 13:12:54.848634,SUCCESS,,1,8,3,False
TXN005647,CUST0676,MERCHANT007,34982.69,CARD,2026-08-22 10:35:09.848634,SUCCESS,,1,11,5,False
TXN005648,CUST1650,MERCHANT006,7325.38,NETBANKING,2026-08-25 01:36:05.848634,SUCCESS,,1,18,0,False
TXN005649,CUST1632,MERCHANT002,32662.72,CARD,2026-08-24 07:22:18.848634,SUCCESS,,1,14,1,False
TXN005650,CUST1331,MERCHANT007,42204.14,NETBANKING,2026-08-20 01:18:40.848634,SUCCESS,,1,15,3,False
TXN005651,CUST0384,MERCHANT001,48056.23,UPI,2026-08-21 08:08:02.848634,SUCCESS,,1,9,4,False
TXN005652,CUST0115,MERCHANT001,39085.8,WALLET,2026-08-20 08:27:47.848634,SUCCESS,,1,6,3,False
TXN005653,CUST1620,MERCHANT004,16839.9,NETBANKING,2026-08-22 00:58:35.848634,SUCCESS,,1,3,4,False
TXN005654,CUST0112,MERCHANT003,46705.64,NETBANKING,2026-08-18 06:48:29.848634,SUCCESS,,1,5,3,False
TXN005655,CUST0453,MERCHANT002,36959.26,CARD,2026-08-20 08:30:01.848634,SUCCESS,,1,11,1,False
TXN005656,CUST0602,MERCHANT001,8741.01,CARD,2026-08-19 04:29:52.848634,SUCCESS,,1,13,1,False
TXN005657,CUST1693,MERCHANT007,49043.87,CARD,2026-08-21 06:40:46.848634,SUCCESS,,1,6,1,False
TXN005658,CUST1636,MERCHANT009,2170.38,UPI,2026-08-24 11:46:01.848634,SUCCESS,,1,1,5,False
TXN005659,CUST0146,MERCHANT005,35620.72,CARD,2026-08-23 11:29:46.848634,SUCCESS,,1,15,4,False
TXN005660,CUST0928,MERCHANT005,48554.49,UPI,2026-08-22 14:59:38.848634,SUCCESS,,1,18,0,False
TXN005661,CUST1137,MERCHANT002,43821.42,UPI,2026-08-22 21:48:19.848634,SUCCESS,,1,5,1,False
TXN005662,CUST0432,MERCHANT004,29483.24,NETBANKING,2026-08-24 09:02:59.848634,SUCCESS,,1,8,4,False
TXN005663,CUST0205,MERCHANT003,9773.42,WALLET,2026-08-24 10:05:01.848634,SUCCESS,,1,17,5,False
TXN005664,CUST0846,MERCHANT002,20039.09,NETBANKING,2026-08-18 03:57:43.848634,SUCCESS,,1,5,4,False
TXN005665,CUST0558,MERCHANT001,40665.15,WALLET,2026-08-20 11:39:50.848634,SUCCESS,,1,9,4,False
TXN005666,CUST0458,MERCHANT001,13188.9,WALLET,2026-08-18 12:28:56.848634,SUCCESS,,1,2,1,False
TXN005667,CUST0750,MERCHANT008,47448.45,CARD,2026-08-23 04:16:58.848634,SUCCESS,,1,10,4,False
TXN005668,CUST1166,MERCHANT001,13237.37,NETBANKING,2026-08-20 07:06:02.848634,SUCCESS,,1,2,1,False
TXN005669,CUST0744,MERCHANT001,13729.08,NETBANKING,2026-08-23 03:03:05.848634,SUCCESS,,1,16,0,False
TXN005670,CUST1157,MERCHANT005,8072.43,WALLET,2026-08-20 13:40:07.848634,SUCCESS,,1,15,5,False
TXN005671,CUST1870,MERCHANT005,39764.79,NETBANKING,2026-08-21 12:46:01.848634,SUCCESS,,1,2,5,False
TXN005672,CUST1749,MERCHANT001,29816.22,NETBANKING,2026-08-20 21:29:11.848634,SUCCESS,,1,0,1,False
TXN005673,CUST1459,MERCHANT006,5767.22,NETBANKING,2026-08-23 23:02:47.848634,SUCCESS,,1,2,0,False
TXN005674,CUST0525,MERCHANT006,47506.94,CARD,2026-08-19 09:43:59.848634,SUCCESS,,1,12,0,False
TXN005675,CUST0768,MERCHANT003,32434.41,CARD,2026-08-19 10:22:27.848634,SUCCESS,,1,14,1,False
TXN005676,CUST1135,MERCHANT002,21740.41,CARD,2026-08-19 05:29:23.848634,SUCCESS,,1,9,1,False
TXN005677,CUST0222,MERCHANT004,5171.88,UPI,2026-08-22 05:10:24.848634,SUCCESS,,1,16,0,False
TXN005678,CUST0793,MERCHANT003,23262.18,WALLET,2026-08-25 00:57:49.848634,SUCCESS,,1,17,4,False
TXN005679,CUST1949,MERCHANT004,44589.74,NETBANKING,2026-08-24 00:15:00.848634,SUCCESS,,1,3,3,False
TXN005680,CUST0588,MERCHANT003,26084.63,CARD,2026-08-21 18:40:35.848634,SUCCESS,,1,9,5,False
TXN005681,CUST0171,MERCHANT001,39683.96,NETBANKING,2026-08-19 22:05:07.848634,SUCCESS,,1,12,4,False
TXN005682,CUST1055,MERCHANT001,19618.51,CARD,2026-08-18 15:29:23.848634,SUCCESS,,1,19,1,False
TXN005683,CUST1291,MERCHANT009,45390.25,NETBANKING,2026-08-19 19:40:29.848634,SUCCESS,,1,12,4,False
TXN005684,CUST1375,MERCHANT002,17177.07,WALLET,2026-08-20 00:02:07.848634,SUCCESS,,1,9,4,False
TXN005685,CUST1250,MERCHANT006,41890.31,WALLET,2026-08-20 16:35:11.848634,SUCCESS,,1,11,0,False
TXN005686,CUST0268,MERCHANT005,2506.6,WALLET,2026-08-21 11:40:15.848634,SUCCESS,,1,17,0,False
TXN005687,CUST0933,MERCHANT007,13130.75,NETBANKING,2026-08-24 02:42:05.848634,SUCCESS,,1,8,3,False
TXN005688,CUST1576,MERCHANT010,14426.51,UPI,2026-08-18 15:41:39.848634,SUCCESS,,1,9,3,False
TXN005689,CUST1235,MERCHANT003,48740.77,WALLET,2026-08-21 21:23:43.848634,SUCCESS,,1,1,1,False
TXN005690,CUST1936,MERCHANT004,25589.22,CARD,2026-08-18 18:15:44.848634,SUCCESS,,1,7,1,False
TXN005691,CUST1960,MERCHANT006,34199.64,UPI,2026-08-21 06:04:06.848634,SUCCESS,,1,15,0,False
TXN005692,CUST1730,MERCHANT006,30192.39,CARD,2026-08-21 10:47:13.848634,SUCCESS,,1,19,2,False
TXN005693,CUST0873,MERCHANT001,22639.7,UPI,2026-08-22 06:22:34.848634,SUCCESS,,1,0,2,False
TXN005694,CUST0255,MERCHANT005,43366.82,UPI,2026-08-18 22:48:41.848634,SUCCESS,,1,0,1,False
TXN005695,CUST0517,MERCHANT009,43177.38,CARD,2026-08-24 07:27:11.848634,SUCCESS,,1,14,5,False
TXN005696,CUST0785,MERCHANT004,3682.66,UPI,2026-08-23 04:54:19.848634,SUCCESS,,1,2,5,False
TXN005697,CUST1097,MERCHANT002,15801.01,UPI,2026-08-21 21:08:29.848634,SUCCESS,,1,4,3,False
TXN005698,CUST0291,MERCHANT003,32564.74,CARD,2026-08-20 11:17:22.848634,SUCCESS,,1,1,3,False
TXN005699,CUST0299,MERCHANT002,2498.29,WALLET,2026-08-24 05:42:25.848634,SUCCESS,,1,16,5,False
TXN005700,CUST1611,MERCHANT008,39326.2,NETBANKING,2026-08-23 03:37:09.848634,SUCCESS,,1,18,2,False
TXN005701,CUST1070,MERCHANT007,14686.73,UPI,2026-08-23 16:21:48.848634,SUCCESS,,1,9,4,False
TXN005702,CUST1501,MERCHANT001,42563.32,UPI,2026-08-22 04:28:07.848634,SUCCESS,,1,18,2,False
TXN005703,CUST0337,MERCHANT004,18730.42,CARD,2026-08-19 11:39:53.848634,SUCCESS,,1,10,5,False
TXN005704,CUST0507,MERCHANT003,37193.58,NETBANKING,2026-08-22 19:17:45.848634,SUCCESS,,1,14,5,False
TXN005705,CUST0312,MERCHANT007,32151.64,UPI,2026-08-22 11:34:41.848634,SUCCESS,,1,9,1,False
TXN005706,CUST1144,MERCHANT004,12969.97,CARD,2026-08-19 01:09:39.848634,SUCCESS,,1,8,1,False
TXN005707,CUST0958,MERCHANT010,12902.15,CARD,2026-08-20 06:58:02.848634,SUCCESS,,1,13,5,False
TXN005708,CUST1607,MERCHANT006,48039.83,WALLET,2026-08-21 11:15:36.848634,SUCCESS,,1,10,0,False
TXN005709,CUST1577,MERCHANT005,7879.39,WALLET,2026-08-22 08:20:58.848634,SUCCESS,,1,4,1,False
TXN005710,CUST0997,MERCHANT007,11712.12,WALLET,2026-08-18 07:19:27.848634,SUCCESS,,1,14,4,False
TXN005711,CUST0426,MERCHANT004,46455.22,WALLET,2026-08-24 19:23:09.848634,SUCCESS,,1,2,4,False
TXN005712,CUST0173,MERCHANT009,45909.43,WALLET,2026-08-23 19:46:56.848634,SUCCESS,,1,18,1,False
TXN005713,CUST1361,MERCHANT009,5958.76,UPI,2026-08-24 01:19:57.848634,SUCCESS,,1,14,5,False
TXN005714,CUST0563,MERCHANT003,34133.04,WALLET,2026-08-21 10:22:37.848634,SUCCESS,,1,14,2,False
TXN005715,CUST0944,MERCHANT008,36274.33,UPI,2026-08-20 23:57:37.848634,SUCCESS,,1,5,4,False
TXN005716,CUST0690,MERCHANT001,45401.49,WALLET,2026-08-22 02:50:53.848634,SUCCESS,,1,16,0,False
TXN005717,CUST1176,MERCHANT001,18014.74,UPI,2026-08-18 20:35:29.848634,SUCCESS,,1,13,2,False
TXN005718,CUST1753,MERCHANT008,22879.23,UPI,2026-08-23 14:58:30.848634,SUCCESS,,1,1,4,False
TXN005719,CUST1213,MERCHANT010,9522.44,NETBANKING,2026-08-19 09:56:16.848634,SUCCESS,,1,7,1,False
TXN005720,CUST1924,MERCHANT006,7860.25,WALLET,2026-08-24 01:09:52.848634,SUCCESS,,1,10,4,False
TXN005721,CUST1680,MERCHANT008,5267.21,CARD,2026-08-22 12:53:14.848634,FAILED,Insufficient Funds,3,10,2,False
TXN005722,CUST1885,MERCHANT005,35887.78,UPI,2026-08-19 09:16:23.848634,SUCCESS,,1,4,5,False
TXN005723,CUST0749,MERCHANT002,38404.64,NETBANKING,2026-08-20 19:52:01.848634,SUCCESS,,1,15,0,False
TXN005724,CUST1236,MERCHANT004,1070.23,NETBANKING,2026-08-24 17:48:00.848634,SUCCESS,,1,7,3,False
TXN005725,CUST1987,MERCHANT009,35111.61,UPI,2026-08-18 23:01:11.848634,SUCCESS,,1,17,1,False
TXN005726,CUST0636,MERCHANT004,7475.87,NETBANKING,2026-08-18 04:11:44.848634,SUCCESS,,1,17,0,False
TXN005727,CUST0266,MERCHANT001,17139.76,NETBANKING,2026-08-23 18:40:57.848634,SUCCESS,,1,7,1,False
TXN005728,CUST0006,MERCHANT006,41303.35,UPI,2026-08-23 14:54:36.848634,SUCCESS,,1,12,5,False
TXN005729,CUST1982,MERCHANT002,43467.87,WALLET,2026-08-23 16:26:01.848634,SUCCESS,,1,15,3,False
TXN005730,CUST0386,MERCHANT004,19955.61,UPI,2026-08-19 03:29:03.848634,SUCCESS,,1,18,3,False
TXN005731,CUST1260,MERCHANT004,25650.08,WALLET,2026-08-24 20:02:12.848634,FAILED,Technical Error,3,11,1,False
TXN005732,CUST0150,MERCHANT002,13721.94,CARD,2026-08-20 21:37:49.848634,SUCCESS,,1,19,1,False
TXN005733,CUST1172,MERCHANT008,37468.64,UPI,2026-08-24 16:15:51.848634,SUCCESS,,1,17,5,False
TXN005734,CUST1733,MERCHANT005,17817.3,NETBANKING,2026-08-23 00:38:03.848634,SUCCESS,,1,16,5,False
TXN005735,CUST1222,MERCHANT010,22423.85,UPI,2026-08-20 02:38:22.848634,SUCCESS,,1,16,0,False
TXN005736,CUST1579,MERCHANT005,7769.36,WALLET,2026-08-19 03:02:07.848634,SUCCESS,,1,12,4,False
TXN005737,CUST1318,MERCHANT007,6195.72,CARD,2026-08-20 01:30:07.848634,SUCCESS,,1,15,2,False
TXN005738,CUST0120,MERCHANT008,12041.33,UPI,2026-08-20 15:07:03.848634,SUCCESS,,1,12,1,False
TXN005739,CUST0608,MERCHANT009,43455.07,CARD,2026-08-20 14:52:21.848634,SUCCESS,,1,1,5,False
TXN005740,CUST1111,MERCHANT002,19575.33,CARD,2026-08-19 15:39:13.848634,SUCCESS,,1,1,3,False
TXN005741,CUST1661,MERCHANT009,43419.44,CARD,2026-08-22 10:09:55.848634,SUCCESS,,1,13,4,False
TXN005742,CUST0453,MERCHANT006,11771.42,UPI,2026-08-21 10:06:06.848634,SUCCESS,,1,1,1,False
TXN005743,CUST1019,MERCHANT006,33292.56,WALLET,2026-08-19 09:03:45.848634,SUCCESS,,1,19,4,False
TXN005744,CUST0307,MERCHANT003,2024.51,WALLET,2026-08-24 17:22:11.848634,SUCCESS,,1,20,3,False
TXN005745,CUST1898,MERCHANT009,9832.76,WALLET,2026-08-22 09:21:05.848634,SUCCESS,,1,13,4,False
TXN005746,CUST0773,MERCHANT002,46519.49,CARD,2026-08-19 15:16:30.848634,SUCCESS,,1,15,5,False
TXN005747,CUST0059,MERCHANT001,32505.74,NETBANKING,2026-08-23 03:28:14.848634,SUCCESS,,1,17,3,False
TXN005748,CUST1512,MERCHANT001,3963.21,UPI,2026-08-22 05:20:15.848634,SUCCESS,,1,7,4,False
TXN005749,CUST0367,MERCHANT004,2022.95,UPI,2026-08-21 03:56:26.848634,SUCCESS,,1,18,3,False
TXN005750,CUST0361,MERCHANT004,44735.61,UPI,2026-08-21 04:08:44.848634,FAILED,Timeout,1,2,4,True
TXN005751,CUST1645,MERCHANT010,12518.03,CARD,2026-08-18 08:00:12.848634,SUCCESS,,1,2,5,False
TXN005752,CUST1031,MERCHANT010,35556.58,WALLET,2026-08-24 10:23:02.848634,SUCCESS,,1,3,5,False
TXN005753,CUST1215,MERCHANT002,47812.44,CARD,2026-08-21 00:35:46.848634,SUCCESS,,1,16,2,False
TXN005754,CUST0305,MERCHANT009,42889.46,CARD,2026-08-22 17:51:19.848634,SUCCESS,,1,2,0,False
TXN005755,CUST1931,MERCHANT007,454.01,CARD,2026-08-20 06:30:05.848634,SUCCESS,,1,10,2,False
TXN005756,CUST0837,MERCHANT010,6380.99,UPI,2026-08-24 11:01:05.848634,SUCCESS,,1,10,2,False
TXN005757,CUST1798,MERCHANT004,23043.37,UPI,2026-08-19 03:40:08.848634,SUCCESS,,1,0,2,False
TXN005758,CUST0151,MERCHANT010,4838.02,CARD,2026-08-23 03:41:14.848634,SUCCESS,,1,10,2,False
TXN005759,CUST1988,MERCHANT002,23593.8,NETBANKING,2026-08-24 11:19:13.848634,SUCCESS,,1,2,4,False
TXN005760,CUST1534,MERCHANT003,26098.51,NETBANKING,2026-08-21 23:19:10.848634,SUCCESS,,1,4,5,False
TXN005761,CUST1963,MERCHANT008,35768.69,WALLET,2026-08-20 04:43:26.848634,SUCCESS,,1,0,2,False
TXN005762,CUST1803,MERCHANT002,17025.57,WALLET,2026-08-23 15:08:54.848634,SUCCESS,,1,11,2,False
TXN005763,CUST0455,MERCHANT008,24236.81,UPI,2026-08-18 23:19:19.848634,SUCCESS,,1,7,1,False
TXN005764,CUST1419,MERCHANT002,38788.98,NETBANKING,2026-08-21 14:37:04.848634,SUCCESS,,1,19,0,False
TXN005765,CUST0946,MERCHANT004,36548.72,CARD,2026-08-18 20:25:45.848634,SUCCESS,,1,13,1,False
TXN005766,CUST0060,MERCHANT008,10891.51,CARD,2026-08-21 03:29:07.848634,SUCCESS,,1,8,1,False
TXN005767,CUST1688,MERCHANT002,28458.3,NETBANKING,2026-08-20 10:44:04.848634,FAILED,Network Error,2,1,1,True
TXN005768,CUST0784,MERCHANT004,8905.95,CARD,2026-08-23 15:21:14.848634,SUCCESS,,1,3,1,False
TXN005769,CUST1977,MERCHANT010,38596.95,NETBANKING,2026-08-21 22:50:49.848634,SUCCESS,,1,5,1,False
TXN005770,CUST0425,MERCHANT005,48515.7,NETBANKING,2026-08-24 16:40:47.848634,FAILED,Insufficient Funds,1,8,2,True
TXN005771,CUST0859,MERCHANT001,24504.16,WALLET,2026-08-19 12:14:57.848634,SUCCESS,,1,4,2,False
TXN005772,CUST1665,MERCHANT008,4445.52,CARD,2026-08-18 23:45:18.848634,SUCCESS,,1,2,3,False
TXN005773,CUST1793,MERCHANT008,20137.88,NETBANKING,2026-08-19 21:21:15.848634,SUCCESS,,1,2,4,False
TXN005774,CUST0960,MERCHANT001,44194.75,WALLET,2026-08-21 21:00:37.848634,SUCCESS,,1,0,1,False
TXN005775,CUST1436,MERCHANT009,9888.55,NETBANKING,2026-08-24 18:06:30.848634,SUCCESS,,1,3,4,False
TXN005776,CUST1329,MERCHANT010,15468.5,CARD,2026-08-19 21:53:58.848634,SUCCESS,,1,1,3,False
TXN005777,CUST0837,MERCHANT009,10032.38,WALLET,2026-08-20 11:08:56.848634,SUCCESS,,1,14,1,False
TXN005778,CUST0673,MERCHANT010,29276.28,NETBANKING,2026-08-18 19:16:12.848634,SUCCESS,,1,15,1,False
TXN005779,CUST1402,MERCHANT007,3252.32,UPI,2026-08-24 07:38:23.848634,SUCCESS,,1,19,1,False
TXN005780,CUST0546,MERCHANT001,968.36,UPI,2026-08-20 04:47:04.848634,SUCCESS,,1,10,5,False
TXN005781,CUST1134,MERCHANT008,32045.0,NETBANKING,2026-08-18 22:48:36.848634,SUCCESS,,1,5,0,False
TXN005782,CUST0871,MERCHANT004,8877.94,WALLET,2026-08-24 18:16:34.848634,SUCCESS,,1,13,2,False
TXN005783,CUST0325,MERCHANT004,10208.92,CARD,2026-08-19 01:44:42.848634,SUCCESS,,1,20,0,False
TXN005784,CUST0370,MERCHANT003,16908.22,UPI,2026-08-20 05:15:18.848634,SUCCESS,,1,13,5,False
TXN005785,CUST1560,MERCHANT004,24450.18,WALLET,2026-08-20 16:25:50.848634,SUCCESS,,1,8,1,False
TXN005786,CUST1231,MERCHANT010,8422.95,UPI,2026-08-24 06:32:19.848634,SUCCESS,,1,16,0,False
TXN005787,CUST1250,MERCHANT002,48483.19,NETBANKING,2026-08-25 00:20:07.848634,SUCCESS,,1,2,5,False
TXN005788,CUST0968,MERCHANT007,44023.54,NETBANKING,2026-08-23 21:48:53.848634,SUCCESS,,1,1,1,False
TXN005789,CUST1790,MERCHANT008,28443.86,NETBANKING,2026-08-20 22:43:09.848634,SUCCESS,,1,9,2,False
TXN005790,CUST1623,MERCHANT002,152.28,CARD,2026-08-23 21:38:19.848634,SUCCESS,,1,2,2,False
TXN005791,CUST1129,MERCHANT008,2579.01,CARD,2026-08-22 09:56:37.848634,SUCCESS,,1,6,1,False
TXN005792,CUST1913,MERCHANT003,6396.53,UPI,2026-08-20 22:46:44.848634,FAILED,Technical Error,1,12,0,True
TXN005793,CUST1668,MERCHANT006,39739.82,UPI,2026-08-24 05:15:38.848634,FAILED,Bank Declined,3,5,4,False
TXN005794,CUST0196,MERCHANT007,31604.4,NETBANKING,2026-08-19 15:24:04.848634,SUCCESS,,1,5,2,False
TXN005795,CUST0089,MERCHANT009,41731.62,WALLET,2026-08-20 03:04:09.848634,SUCCESS,,1,3,3,False
TXN005796,CUST0432,MERCHANT006,38274.38,CARD,2026-08-24 02:44:44.848634,SUCCESS,,1,3,1,False
TXN005797,CUST1410,MERCHANT003,6103.08,UPI,2026-08-23 16:47:49.848634,SUCCESS,,1,19,0,False
TXN005798,CUST1215,MERCHANT006,44591.17,UPI,2026-08-20 15:08:54.848634,SUCCESS,,1,14,1,False
TXN005799,CUST1132,MERCHANT007,19390.15,CARD,2026-08-19 15:27:02.848634,SUCCESS,,1,1,4,False
TXN005800,CUST0497,MERCHANT010,32062.27,NETBANKING,2026-08-20 18:39:38.848634,SUCCESS,,1,1,4,False
TXN005801,CUST0888,MERCHANT010,44448.64,CARD,2026-08-19 23:04:57.848634,SUCCESS,,1,1,3,False
TXN005802,CUST1693,MERCHANT004,49697.71,UPI,2026-08-23 05:35:42.848634,SUCCESS,,1,7,0,False
TXN005803,CUST0936,MERCHANT010,38990.84,CARD,2026-08-23 07:47:59.848634,SUCCESS,,1,18,4,False
TXN005804,CUST0896,MERCHANT010,18840.38,CARD,2026-08-25 00:50:52.848634,SUCCESS,,1,17,2,False
TXN005805,CUST0726,MERCHANT007,19198.79,NETBANKING,2026-08-18 21:46:31.848634,SUCCESS,,1,11,4,False
TXN005806,CUST1402,MERCHANT010,40079.81,CARD,2026-08-19 19:51:11.848634,SUCCESS,,1,5,2,False
TXN005807,CUST1117,MERCHANT004,21082.84,UPI,2026-08-18 03:35:34.848634,SUCCESS,,1,6,1,False
TXN005808,CUST0417,MERCHANT001,19393.48,WALLET,2026-08-19 09:00:23.848634,SUCCESS,,1,6,2,False
TXN005809,CUST0464,MERCHANT001,47843.06,CARD,2026-08-20 22:14:43.848634,SUCCESS,,1,4,3,False
TXN005810,CUST0390,MERCHANT010,44085.37,NETBANKING,2026-08-19 06:25:40.848634,FAILED,Network Error,3,14,2,False
TXN005811,CUST0279,MERCHANT007,47437.83,WALLET,2026-08-20 04:00:12.848634,SUCCESS,,1,9,5,False
TXN005812,CUST0331,MERCHANT009,18784.99,WALLET,2026-08-20 07:55:40.848634,SUCCESS,,1,1,5,False
TXN005813,CUST0588,MERCHANT006,2265.37,CARD,2026-08-20 20:42:55.848634,SUCCESS,,1,6,2,False
TXN005814,CUST1716,MERCHANT007,31348.13,CARD,2026-08-20 15:09:12.848634,SUCCESS,,1,2,2,False
TXN005815,CUST0080,MERCHANT006,29446.6,CARD,2026-08-22 04:33:29.848634,SUCCESS,,1,10,0,False
TXN005816,CUST0125,MERCHANT004,12738.22,UPI,2026-08-18 09:56:56.848634,SUCCESS,,1,9,0,False
TXN005817,CUST0071,MERCHANT008,2031.01,NETBANKING,2026-08-21 12:50:56.848634,SUCCESS,,1,19,0,False
TXN005818,CUST0914,MERCHANT002,26171.27,CARD,2026-08-24 12:22:49.848634,SUCCESS,,1,8,3,False
TXN005819,CUST0697,MERCHANT006,24220.49,NETBANKING,2026-08-22 02:56:56.848634,SUCCESS,,1,11,0,False
TXN005820,CUST1242,MERCHANT008,12513.05,NETBANKING,2026-08-20 12:34:28.848634,SUCCESS,,1,14,4,False
TXN005821,CUST0524,MERCHANT004,32505.41,CARD,2026-08-20 22:43:55.848634,SUCCESS,,1,2,0,False
TXN005822,CUST1703,MERCHANT001,22403.77,WALLET,2026-08-24 18:18:38.848634,SUCCESS,,1,7,0,False
TXN005823,CUST0375,MERCHANT009,15960.87,UPI,2026-08-20 14:03:38.848634,SUCCESS,,1,13,4,False
TXN005824,CUST1747,MERCHANT001,3618.64,WALLET,2026-08-19 18:15:27.848634,SUCCESS,,1,9,3,False
TXN005825,CUST1672,MERCHANT004,25489.37,CARD,2026-08-22 18:50:59.848634,SUCCESS,,1,3,5,False
TXN005826,CUST1885,MERCHANT002,17392.5,UPI,2026-08-25 01:08:37.848634,SUCCESS,,1,1,0,False
TXN005827,CUST1323,MERCHANT006,4406.64,UPI,2026-08-23 19:07:46.848634,SUCCESS,,1,14,1,False
TXN005828,CUST1119,MERCHANT008,31185.9,NETBANKING,2026-08-22 15:47:39.848634,SUCCESS,,1,6,1,False
TXN005829,CUST1526,MERCHANT010,12920.52,UPI,2026-08-19 09:14:00.848634,SUCCESS,,1,7,3,False
TXN005830,CUST1920,MERCHANT008,2493.21,UPI,2026-08-19 18:46:17.848634,SUCCESS,,1,20,3,False
TXN005831,CUST0475,MERCHANT006,43685.07,CARD,2026-08-23 03:54:05.848634,SUCCESS,,1,6,1,False
TXN005832,CUST0101,MERCHANT008,492.33,UPI,2026-08-21 03:05:08.848634,SUCCESS,,1,4,0,False
TXN005833,CUST1392,MERCHANT006,40375.72,WALLET,2026-08-23 13:03:52.848634,SUCCESS,,1,4,1,False
TXN005834,CUST0058,MERCHANT005,531.09,UPI,2026-08-19 18:35:18.848634,SUCCESS,,1,0,1,False
TXN005835,CUST0129,MERCHANT005,18746.35,WALLET,2026-08-21 05:25:27.848634,FAILED,Network Error,1,6,0,True
TXN005836,CUST0216,MERCHANT001,39603.49,UPI,2026-08-23 00:54:16.848634,SUCCESS,,1,12,2,False
TXN005837,CUST0835,MERCHANT010,45913.18,WALLET,2026-08-19 09:01:03.848634,SUCCESS,,1,15,2,False
TXN005838,CUST0545,MERCHANT002,42494.6,NETBANKING,2026-08-20 13:07:26.848634,SUCCESS,,1,3,2,False
TXN005839,CUST0461,MERCHANT005,30957.63,WALLET,2026-08-18 02:43:35.848634,SUCCESS,,1,0,0,False
TXN005840,CUST0694,MERCHANT006,12551.63,NETBANKING,2026-08-22 15:42:20.848634,SUCCESS,,1,3,2,False
TXN005841,CUST0640,MERCHANT009,19210.23,CARD,2026-08-18 03:16:04.848634,SUCCESS,,1,6,3,False
TXN005842,CUST0237,MERCHANT009,33315.45,NETBANKING,2026-08-22 10:51:09.848634,SUCCESS,,1,13,0,False
TXN005843,CUST0385,MERCHANT009,31395.84,UPI,2026-08-21 20:46:46.848634,SUCCESS,,1,3,4,False
TXN005844,CUST1835,MERCHANT002,33423.22,CARD,2026-08-24 08:28:23.848634,SUCCESS,,1,0,4,False
TXN005845,CUST0902,MERCHANT010,995.43,WALLET,2026-08-20 16:29:50.848634,SUCCESS,,1,15,3,False
TXN005846,CUST0359,MERCHANT010,15954.41,NETBANKING,2026-08-18 05:59:15.848634,SUCCESS,,1,6,3,False
TXN005847,CUST0989,MERCHANT009,15537.2,NETBANKING,2026-08-19 16:12:15.848634,SUCCESS,,1,5,2,False
TXN005848,CUST0766,MERCHANT009,35654.69,CARD,2026-08-21 14:47:01.848634,SUCCESS,,1,9,5,False
TXN005849,CUST0703,MERCHANT010,6919.92,WALLET,2026-08-21 00:54:27.848634,SUCCESS,,1,3,0,False
TXN005850,CUST0860,MERCHANT004,29840.01,WALLET,2026-08-24 01:29:41.848634,SUCCESS,,1,14,4,False
TXN005851,CUST0004,MERCHANT006,18730.36,NETBANKING,2026-08-18 12:52:30.848634,SUCCESS,,1,13,2,False
TXN005852,CUST0547,MERCHANT003,33306.58,CARD,2026-08-18 12:10:28.848634,FAILED,Technical Error,3,20,0,False
TXN005853,CUST1229,MERCHANT003,9259.28,NETBANKING,2026-08-23 06:33:55.848634,SUCCESS,,1,3,3,False
TXN005854,CUST0361,MERCHANT009,3293.02,UPI,2026-08-20 01:54:56.848634,FAILED,Bank Declined,1,10,2,True
TXN005855,CUST0312,MERCHANT009,15467.08,UPI,2026-08-18 06:55:07.848634,SUCCESS,,1,18,3,False
TXN005856,CUST1737,MERCHANT003,41392.32,WALLET,2026-08-21 14:00:43.848634,SUCCESS,,1,9,5,False
TXN005857,CUST1865,MERCHANT010,37004.82,WALLET,2026-08-21 05:49:31.848634,SUCCESS,,1,11,4,False
TXN005858,CUST1673,MERCHANT010,10204.86,WALLET,2026-08-18 15:51:21.848634,SUCCESS,,1,15,5,False
TXN005859,CUST1682,MERCHANT008,17340.93,WALLET,2026-08-24 23:31:16.848634,SUCCESS,,1,3,3,False
TXN005860,CUST0920,MERCHANT004,16552.49,NETBANKING,2026-08-20 21:05:07.848634,SUCCESS,,1,18,2,False
TXN005861,CUST1872,MERCHANT005,26506.55,UPI,2026-08-22 17:12:02.848634,SUCCESS,,1,19,4,False
TXN005862,CUST1965,MERCHANT006,6771.4,WALLET,2026-08-20 02:02:03.848634,FAILED,Technical Error,1,16,1,True
TXN005863,CUST1862,MERCHANT003,22970.95,NETBANKING,2026-08-18 19:15:58.848634,SUCCESS,,1,1,5,False
TXN005864,CUST1090,MERCHANT007,16080.62,CARD,2026-08-23 14:27:51.848634,SUCCESS,,1,5,5,False
TXN005865,CUST1089,MERCHANT002,43201.68,UPI,2026-08-24 23:07:42.848634,SUCCESS,,1,13,2,False
TXN005866,CUST1393,MERCHANT008,26178.63,WALLET,2026-08-24 11:20:42.848634,SUCCESS,,1,15,2,False
TXN005867,CUST1058,MERCHANT003,14657.13,NETBANKING,2026-08-21 18:26:17.848634,SUCCESS,,1,4,0,False
TXN005868,CUST1397,MERCHANT007,48209.36,CARD,2026-08-20 08:11:45.848634,SUCCESS,,1,2,3,False
TXN005869,CUST0940,MERCHANT006,21381.49,WALLET,2026-08-23 19:42:36.848634,SUCCESS,,1,20,0,False
TXN005870,CUST0585,MERCHANT008,18715.68,NETBANKING,2026-08-22 14:27:43.848634,SUCCESS,,1,17,2,False
TXN005871,CUST1541,MERCHANT009,47564.09,CARD,2026-08-22 20:40:23.848634,SUCCESS,,1,16,1,False
TXN005872,CUST0951,MERCHANT002,19966.74,UPI,2026-08-22 18:41:06.848634,SUCCESS,,1,14,3,False
TXN005873,CUST0102,MERCHANT009,2328.82,NETBANKING,2026-08-18 06:03:40.848634,SUCCESS,,1,18,0,False
TXN005874,CUST0760,MERCHANT007,14993.09,CARD,2026-08-21 16:38:36.848634,SUCCESS,,1,8,1,False
TXN005875,CUST1689,MERCHANT003,33083.29,CARD,2026-08-21 09:21:10.848634,SUCCESS,,1,18,5,False
TXN005876,CUST0862,MERCHANT004,32184.91,UPI,2026-08-18 18:43:19.848634,SUCCESS,,1,16,4,False
TXN005877,CUST0486,MERCHANT010,35932.14,CARD,2026-08-21 08:52:32.848634,SUCCESS,,1,20,5,False
TXN005878,CUST0994,MERCHANT002,32047.23,CARD,2026-08-24 16:05:14.848634,SUCCESS,,1,17,3,False
TXN005879,CUST0022,MERCHANT006,3638.76,WALLET,2026-08-23 00:38:34.848634,SUCCESS,,1,0,1,False
TXN005880,CUST1407,MERCHANT009,19165.84,WALLET,2026-08-20 12:56:41.848634,SUCCESS,,1,8,0,False
TXN005881,CUST1205,MERCHANT006,24242.62,NETBANKING,2026-08-20 22:13:38.848634,SUCCESS,,1,2,3,False
TXN005882,CUST1514,MERCHANT010,20164.64,CARD,2026-08-18 08:57:15.848634,SUCCESS,,1,12,2,False
TXN005883,CUST0250,MERCHANT007,45213.09,NETBANKING,2026-08-19 23:27:46.848634,SUCCESS,,1,14,3,False
TXN005884,CUST0412,MERCHANT010,45944.93,CARD,2026-08-21 06:34:16.848634,SUCCESS,,1,15,0,False
TXN005885,CUST0369,MERCHANT009,14674.06,WALLET,2026-08-22 00:15:16.848634,SUCCESS,,1,3,0,False
TXN005886,CUST0360,MERCHANT006,40101.49,CARD,2026-08-24 07:28:43.848634,SUCCESS,,1,5,3,False
TXN005887,CUST1415,MERCHANT002,24115.15,UPI,2026-08-23 03:32:43.848634,SUCCESS,,1,16,0,False
TXN005888,CUST0477,MERCHANT002,25742.69,UPI,2026-08-24 00:10:55.848634,SUCCESS,,1,4,3,False
TXN005889,CUST0910,MERCHANT001,5158.23,NETBANKING,2026-08-23 19:37:08.848634,SUCCESS,,1,1,4,False
TXN005890,CUST1506,MERCHANT003,6319.07,CARD,2026-08-22 03:58:53.848634,SUCCESS,,1,1,4,False
TXN005891,CUST1637,MERCHANT002,42791.53,UPI,2026-08-21 10:08:14.848634,SUCCESS,,1,7,5,False
TXN005892,CUST1737,MERCHANT003,43616.46,UPI,2026-08-19 04:31:43.848634,SUCCESS,,1,4,2,False
TXN005893,CUST0643,MERCHANT009,22304.28,UPI,2026-08-20 10:33:45.848634,SUCCESS,,1,5,4,False
TXN005894,CUST1776,MERCHANT010,43201.04,UPI,2026-08-20 18:47:56.848634,SUCCESS,,1,15,0,False
TXN005895,CUST1852,MERCHANT006,7028.82,NETBANKING,2026-08-19 18:42:18.848634,SUCCESS,,1,12,1,False
TXN005896,CUST1994,MERCHANT007,33854.06,NETBANKING,2026-08-24 08:05:39.848634,SUCCESS,,1,14,2,False
TXN005897,CUST1885,MERCHANT002,47340.54,UPI,2026-08-20 02:17:22.848634,SUCCESS,,1,12,2,False
TXN005898,CUST0610,MERCHANT003,34346.56,NETBANKING,2026-08-19 18:01:50.848634,SUCCESS,,1,10,2,False
TXN005899,CUST0898,MERCHANT007,44996.23,UPI,2026-08-20 05:22:46.848634,SUCCESS,,1,20,0,False
TXN005900,CUST1939,MERCHANT003,45407.04,CARD,2026-08-19 06:50:54.848634,SUCCESS,,1,10,1,False
TXN005901,CUST0463,MERCHANT002,20870.82,NETBANKING,2026-08-24 03:09:48.848634,SUCCESS,,1,10,1,False
TXN005902,CUST0457,MERCHANT008,16313.02,NETBANKING,2026-08-24 17:38:06.848634,SUCCESS,,1,18,2,False
TXN005903,CUST0809,MERCHANT008,39289.31,UPI,2026-08-18 05:36:24.848634,SUCCESS,,1,13,0,False
TXN005904,CUST1026,MERCHANT010,28484.37,CARD,2026-08-22 20:23:26.848634,SUCCESS,,1,18,0,False
TXN005905,CUST0781,MERCHANT009,5442.73,WALLET,2026-08-23 10:31:48.848634,SUCCESS,,1,5,5,False
TXN005906,CUST1311,MERCHANT006,10489.71,NETBANKING,2026-08-21 15:19:45.848634,SUCCESS,,1,13,3,False
TXN005907,CUST0403,MERCHANT006,47904.28,NETBANKING,2026-08-24 02:48:57.848634,SUCCESS,,1,13,3,False
TXN005908,CUST1620,MERCHANT003,17136.92,WALLET,2026-08-18 12:17:58.848634,SUCCESS,,1,10,1,False
TXN005909,CUST1933,MERCHANT008,26735.83,NETBANKING,2026-08-19 01:25:58.848634,SUCCESS,,1,10,4,False
TXN005910,CUST0110,MERCHANT010,3729.7,CARD,2026-08-23 04:44:58.848634,SUCCESS,,1,2,3,False
TXN005911,CUST1889,MERCHANT001,47773.73,NETBANKING,2026-08-24 12:56:31.848634,SUCCESS,,1,17,3,False
TXN005912,CUST1538,MERCHANT002,13686.76,NETBANKING,2026-08-24 21:37:34.848634,FAILED,Network Error,3,3,2,False
TXN005913,CUST0951,MERCHANT009,45510.06,CARD,2026-08-23 04:51:28.848634,SUCCESS,,1,12,0,False
TXN005914,CUST1190,MERCHANT004,8013.44,WALLET,2026-08-22 03:51:54.848634,SUCCESS,,1,1,5,False
TXN005915,CUST0918,MERCHANT008,46779.07,UPI,2026-08-21 01:20:59.848634,SUCCESS,,1,11,1,False
TXN005916,CUST0146,MERCHANT008,9632.87,UPI,2026-08-24 19:59:49.848634,SUCCESS,,1,16,0,False
TXN005917,CUST1038,MERCHANT010,24502.78,NETBANKING,2026-08-18 14:55:55.848634,SUCCESS,,1,6,2,False
TXN005918,CUST1069,MERCHANT004,30999.24,WALLET,2026-08-23 14:53:35.848634,SUCCESS,,1,8,1,False
TXN005919,CUST1008,MERCHANT001,34840.77,NETBANKING,2026-08-24 03:01:12.848634,SUCCESS,,1,7,5,False
TXN005920,CUST0460,MERCHANT005,13650.23,UPI,2026-08-23 05:31:03.848634,SUCCESS,,1,0,4,False
TXN005921,CUST1881,MERCHANT004,1358.6,CARD,2026-08-20 14:33:52.848634,SUCCESS,,1,20,3,False
TXN005922,CUST1885,MERCHANT009,21541.19,UPI,2026-08-20 13:32:59.848634,SUCCESS,,1,7,2,False
TXN005923,CUST1676,MERCHANT004,4413.22,UPI,2026-08-19 21:53:55.848634,SUCCESS,,1,10,1,False
TXN005924,CUST1734,MERCHANT002,17657.05,CARD,2026-08-22 06:56:18.848634,SUCCESS,,1,14,5,False
TXN005925,CUST1139,MERCHANT003,44645.59,WALLET,2026-08-24 08:25:26.848634,SUCCESS,,1,12,4,False
TXN005926,CUST1778,MERCHANT009,8038.77,NETBANKING,2026-08-22 06:58:14.848634,SUCCESS,,1,9,5,False
TXN005927,CUST0028,MERCHANT005,24116.1,UPI,2026-08-20 20:37:12.848634,SUCCESS,,1,2,4,False
TXN005928,CUST0102,MERCHANT005,31347.5,NETBANKING,2026-08-19 05:49:06.848634,SUCCESS,,1,12,4,False
TXN005929,CUST1308,MERCHANT004,28225.89,CARD,2026-08-23 21:01:04.848634,SUCCESS,,1,3,0,False
TXN005930,CUST0787,MERCHANT002,49822.84,WALLET,2026-08-23 11:55:55.848634,SUCCESS,,1,7,1,False
TXN005931,CUST1885,MERCHANT009,49324.98,WALLET,2026-08-23 14:36:04.848634,SUCCESS,,1,8,1,False
TXN005932,CUST0839,MERCHANT008,34506.48,WALLET,2026-08-20 02:07:21.848634,SUCCESS,,1,12,1,False
TXN005933,CUST1666,MERCHANT003,35430.07,WALLET,2026-08-23 04:00:20.848634,SUCCESS,,1,8,0,False
TXN005934,CUST0677,MERCHANT005,913.98,CARD,2026-08-18 11:52:17.848634,SUCCESS,,1,0,1,False
TXN005935,CUST0492,MERCHANT010,25199.65,UPI,2026-08-23 04:10:29.848634,SUCCESS,,1,10,5,False
TXN005936,CUST1251,MERCHANT009,9220.69,WALLET,2026-08-18 19:29:19.848634,FAILED,Timeout,2,9,0,True
TXN005937,CUST0315,MERCHANT008,39144.47,UPI,2026-08-23 11:12:11.848634,SUCCESS,,1,4,0,False
TXN005938,CUST1987,MERCHANT003,23661.38,UPI,2026-08-24 21:39:46.848634,SUCCESS,,1,5,3,False
TXN005939,CUST0917,MERCHANT009,14277.94,UPI,2026-08-24 11:27:36.848634,SUCCESS,,1,0,4,False
TXN005940,CUST1322,MERCHANT008,4037.2,CARD,2026-08-24 22:01:33.848634,SUCCESS,,1,13,2,False
TXN005941,CUST1193,MERCHANT004,46453.27,CARD,2026-08-24 13:30:07.848634,SUCCESS,,1,3,1,False
TXN005942,CUST1793,MERCHANT002,5400.25,NETBANKING,2026-08-23 04:26:34.848634,SUCCESS,,1,3,1,False
TXN005943,CUST0431,MERCHANT009,22197.26,WALLET,2026-08-19 09:07:59.848634,SUCCESS,,1,16,3,False
TXN005944,CUST0013,MERCHANT005,7859.24,NETBANKING,2026-08-22 23:53:42.848634,SUCCESS,,1,4,4,False
TXN005945,CUST0939,MERCHANT006,46047.51,NETBANKING,2026-08-20 09:23:36.848634,SUCCESS,,1,17,1,False
TXN005946,CUST1734,MERCHANT004,10144.25,CARD,2026-08-22 06:48:21.848634,SUCCESS,,1,20,0,False
TXN005947,CUST1803,MERCHANT007,10273.26,WALLET,2026-08-20 23:01:56.848634,SUCCESS,,1,7,0,False
TXN005948,CUST0787,MERCHANT003,26524.51,UPI,2026-08-23 03:04:36.848634,SUCCESS,,1,11,2,False
TXN005949,CUST0368,MERCHANT006,46011.48,UPI,2026-08-18 22:22:44.848634,SUCCESS,,1,4,1,False
TXN005950,CUST0162,MERCHANT010,21538.66,CARD,2026-08-22 09:38:05.848634,FAILED,Bank Declined,2,6,3,True
TXN005951,CUST0805,MERCHANT003,40815.86,CARD,2026-08-23 23:45:13.848634,SUCCESS,,1,13,1,False
TXN005952,CUST0309,MERCHANT005,3022.64,CARD,2026-08-21 06:34:56.848634,SUCCESS,,1,2,1,False
TXN005953,CUST0376,MERCHANT004,24908.41,WALLET,2026-08-24 22:52:47.848634,SUCCESS,,1,20,4,False
TXN005954,CUST1285,MERCHANT004,6874.67,NETBANKING,2026-08-23 14:34:25.848634,SUCCESS,,1,15,5,False
TXN005955,CUST0866,MERCHANT003,22471.75,NETBANKING,2026-08-21 17:03:53.848634,SUCCESS,,1,15,5,False
TXN005956,CUST0786,MERCHANT008,12645.32,UPI,2026-08-20 21:09:29.848634,SUCCESS,,1,2,5,False
TXN005957,CUST1001,MERCHANT004,30034.87,CARD,2026-08-20 17:32:46.848634,SUCCESS,,1,20,5,False
TXN005958,CUST1964,MERCHANT004,18735.98,WALLET,2026-08-24 20:36:09.848634,SUCCESS,,1,7,0,False
TXN005959,CUST0602,MERCHANT002,972.7,UPI,2026-08-22 16:14:04.848634,SUCCESS,,1,15,2,False
TXN005960,CUST1080,MERCHANT002,42429.24,WALLET,2026-08-21 01:55:55.848634,SUCCESS,,1,6,0,False
TXN005961,CUST1464,MERCHANT001,41948.29,NETBANKING,2026-08-23 00:14:18.848634,FAILED,Insufficient Funds,2,2,4,True
TXN005962,CUST0011,MERCHANT004,3967.54,UPI,2026-08-23 09:39:37.848634,SUCCESS,,1,18,0,False
TXN005963,CUST1955,MERCHANT005,13094.33,NETBANKING,2026-08-19 14:14:47.848634,SUCCESS,,1,5,1,False
TXN005964,CUST1269,MERCHANT006,20562.56,WALLET,2026-08-22 10:39:59.848634,SUCCESS,,1,19,0,False
TXN005965,CUST0217,MERCHANT009,40700.64,WALLET,2026-08-21 03:16:33.848634,SUCCESS,,1,16,1,False
TXN005966,CUST1280,MERCHANT009,578.49,CARD,2026-08-19 22:31:44.848634,SUCCESS,,1,19,4,False
TXN005967,CUST1060,MERCHANT010,5819.56,CARD,2026-08-18 07:00:59.848634,SUCCESS,,1,8,3,False
TXN005968,CUST0448,MERCHANT002,17012.83,CARD,2026-08-18 11:58:35.848634,FAILED,Insufficient Funds,1,8,2,True
TXN005969,CUST1465,MERCHANT008,3574.61,WALLET,2026-08-20 00:27:18.848634,SUCCESS,,1,8,1,False
TXN005970,CUST1079,MERCHANT001,40976.86,CARD,2026-08-21 17:01:36.848634,SUCCESS,,1,17,1,False
TXN005971,CUST1939,MERCHANT006,47366.59,WALLET,2026-08-23 06:26:33.848634,SUCCESS,,1,17,5,False
TXN005972,CUST0912,MERCHANT009,10499.82,NETBANKING,2026-08-19 00:31:48.848634,SUCCESS,,1,5,2,False
TXN005973,CUST1150,MERCHANT009,16458.62,UPI,2026-08-19 02:49:10.848634,SUCCESS,,1,19,4,False
TXN005974,CUST0412,MERCHANT003,35577.76,NETBANKING,2026-08-20 15:38:33.848634,SUCCESS,,1,5,1,False
TXN005975,CUST1296,MERCHANT004,14617.67,CARD,2026-08-19 07:47:25.848634,SUCCESS,,1,12,1,False
TXN005976,CUST0213,MERCHANT003,19437.1,NETBANKING,2026-08-20 05:27:42.848634,SUCCESS,,1,1,3,False
TXN005977,CUST0801,MERCHANT008,49895.72,UPI,2026-08-21 20:54:35.848634,SUCCESS,,1,9,2,False
TXN005978,CUST0164,MERCHANT007,41552.18,WALLET,2026-08-22 09:30:15.848634,SUCCESS,,1,15,1,False
TXN005979,CUST0019,MERCHANT001,33675.4,CARD,2026-08-19 16:32:31.848634,SUCCESS,,1,8,1,False
TXN005980,CUST0027,MERCHANT009,34509.13,WALLET,2026-08-24 11:23:04.848634,SUCCESS,,1,14,0,False
TXN005981,CUST0645,MERCHANT007,18144.02,CARD,2026-08-23 08:14:05.848634,SUCCESS,,1,19,1,False
TXN005982,CUST1667,MERCHANT008,35639.87,WALLET,2026-08-22 22:09:55.848634,SUCCESS,,1,18,0,False
TXN005983,CUST0810,MERCHANT010,26628.95,WALLET,2026-08-21 20:00:09.848634,SUCCESS,,1,10,1,False
TXN005984,CUST1046,MERCHANT002,28496.5,CARD,2026-08-22 16:31:40.848634,SUCCESS,,1,3,2,False
TXN005985,CUST1782,MERCHANT003,33466.8,CARD,2026-08-21 02:13:04.848634,SUCCESS,,1,3,5,False
TXN005986,CUST1005,MERCHANT008,29837.13,NETBANKING,2026-08-19 18:05:25.848634,SUCCESS,,1,14,5,False
TXN005987,CUST0615,MERCHANT009,7925.26,CARD,2026-08-24 19:33:58.848634,SUCCESS,,1,2,5,False
TXN005988,CUST0484,MERCHANT006,643.12,CARD,2026-08-18 11:54:17.848634,SUCCESS,,1,18,1,False
TXN005989,CUST0556,MERCHANT010,12943.51,CARD,2026-08-23 00:36:17.848634,SUCCESS,,1,1,3,False
TXN005990,CUST1667,MERCHANT006,16307.77,CARD,2026-08-22 09:29:56.848634,SUCCESS,,1,18,1,False
TXN005991,CUST1412,MERCHANT008,35298.95,NETBANKING,2026-08-20 13:39:18.848634,SUCCESS,,1,4,5,False
TXN005992,CUST1283,MERCHANT002,28468.16,UPI,2026-08-24 19:47:07.848634,SUCCESS,,1,0,0,False
TXN005993,CUST1365,MERCHANT007,46645.9,WALLET,2026-08-24 07:28:25.848634,SUCCESS,,1,8,2,False
TXN005994,CUST1151,MERCHANT006,46704.86,UPI,2026-08-24 00:57:41.848634,FAILED,Network Error,1,15,5,True
TXN005995,CUST0885,MERCHANT007,46335.96,WALLET,2026-08-24 01:36:20.848634,SUCCESS,,1,19,4,False
TXN005996,CUST0633,MERCHANT002,11058.5,WALLET,2026-08-22 08:55:19.848634,SUCCESS,,1,5,3,False
TXN005997,CUST0380,MERCHANT005,23377.73,CARD,2026-08-24 08:16:33.848634,SUCCESS,,1,2,2,False
TXN005998,CUST0397,MERCHANT009,41000.47,WALLET,2026-08-19 07:51:12.848634,SUCCESS,,1,8,5,False
TXN005999,CUST0947,MERCHANT004,7434.33,WALLET,2026-08-22 03:16:23.848634,SUCCESS,,1,14,3,False
TXN006000,CUST1388,MERCHANT007,21517.04,CARD,2026-08-19 03:43:38.848634,SUCCESS,,1,1,1,False
TXN006001,CUST1475,MERCHANT006,23431.24,UPI,2026-08-23 22:06:02.848634,SUCCESS,,1,20,3,False
TXN006002,CUST0099,MERCHANT002,33514.88,CARD,2026-08-22 06:05:42.848634,SUCCESS,,1,19,2,False
TXN006003,CUST0323,MERCHANT004,2095.94,CARD,2026-08-21 01:58:32.848634,SUCCESS,,1,11,0,False
TXN006004,CUST0277,MERCHANT004,46004.61,NETBANKING,2026-08-19 06:57:14.848634,SUCCESS,,1,14,4,False
TXN006005,CUST1523,MERCHANT001,19512.46,NETBANKING,2026-08-24 16:35:43.848634,SUCCESS,,1,12,2,False
TXN006006,CUST1521,MERCHANT009,11522.21,CARD,2026-08-19 04:23:36.848634,SUCCESS,,1,17,0,False
TXN006007,CUST1132,MERCHANT002,3365.95,UPI,2026-08-18 16:17:51.848634,SUCCESS,,1,13,2,False
TXN006008,CUST0224,MERCHANT009,26794.3,NETBANKING,2026-08-22 10:01:47.848634,SUCCESS,,1,7,4,False
TXN006009,CUST0575,MERCHANT005,46496.77,UPI,2026-08-18 08:51:38.848634,SUCCESS,,1,5,4,False
TXN006010,CUST0899,MERCHANT003,45487.32,CARD,2026-08-18 13:44:56.848634,SUCCESS,,1,16,1,False
TXN006011,CUST0860,MERCHANT008,43092.18,CARD,2026-08-23 17:22:27.848634,SUCCESS,,1,16,4,False
TXN006012,CUST0582,MERCHANT008,32247.45,NETBANKING,2026-08-24 13:07:12.848634,SUCCESS,,1,4,3,False
TXN006013,CUST0648,MERCHANT003,33681.6,CARD,2026-08-20 05:37:14.848634,SUCCESS,,1,13,3,False
TXN006014,CUST0112,MERCHANT002,3494.28,UPI,2026-08-18 12:17:16.848634,SUCCESS,,1,9,0,False
TXN006015,CUST1300,MERCHANT008,25531.04,CARD,2026-08-23 11:08:17.848634,SUCCESS,,1,9,1,False
TXN006016,CUST0920,MERCHANT003,2162.84,CARD,2026-08-18 22:45:17.848634,SUCCESS,,1,9,5,False
TXN006017,CUST1601,MERCHANT006,35662.93,UPI,2026-08-23 02:41:57.848634,SUCCESS,,1,3,1,False
TXN006018,CUST1936,MERCHANT006,29640.65,CARD,2026-08-20 23:03:47.848634,SUCCESS,,1,3,1,False
TXN006019,CUST1750,MERCHANT002,6309.91,UPI,2026-08-22 14:42:29.848634,SUCCESS,,1,2,2,False
TXN006020,CUST0560,MERCHANT005,7369.4,NETBANKING,2026-08-23 13:10:44.848634,SUCCESS,,1,15,0,False
TXN006021,CUST1478,MERCHANT006,46815.05,UPI,2026-08-24 22:35:53.848634,SUCCESS,,1,0,2,False
TXN006022,CUST0346,MERCHANT001,41222.62,UPI,2026-08-24 13:10:03.848634,SUCCESS,,1,10,3,False
TXN006023,CUST1632,MERCHANT010,1306.1,UPI,2026-08-18 11:06:30.848634,SUCCESS,,1,12,4,False
TXN006024,CUST0927,MERCHANT006,23827.14,WALLET,2026-08-23 06:14:03.848634,SUCCESS,,1,20,1,False
TXN006025,CUST1721,MERCHANT010,41802.11,CARD,2026-08-24 21:08:03.848634,SUCCESS,,1,15,5,False
TXN006026,CUST0642,MERCHANT002,23024.8,NETBANKING,2026-08-22 13:31:33.848634,SUCCESS,,1,8,3,False
TXN006027,CUST0190,MERCHANT010,27313.46,CARD,2026-08-20 00:33:10.848634,SUCCESS,,1,5,2,False
TXN006028,CUST1337,MERCHANT003,9791.58,CARD,2026-08-18 20:42:30.848634,SUCCESS,,1,15,0,False
TXN006029,CUST0442,MERCHANT003,14172.87,CARD,2026-08-20 02:41:13.848634,SUCCESS,,1,2,4,False
TXN006030,CUST1232,MERCHANT004,16589.51,UPI,2026-08-22 00:26:04.848634,SUCCESS,,1,10,2,False
TXN006031,CUST0801,MERCHANT009,42820.13,UPI,2026-08-18 18:32:32.848634,SUCCESS,,1,12,1,False
TXN006032,CUST1753,MERCHANT003,23423.87,WALLET,2026-08-18 08:56:11.848634,SUCCESS,,1,11,5,False
TXN006033,CUST0240,MERCHANT001,18400.57,UPI,2026-08-24 01:12:08.848634,SUCCESS,,1,19,2,False
TXN006034,CUST0334,MERCHANT007,7545.91,CARD,2026-08-20 13:13:09.848634,SUCCESS,,1,9,0,False
TXN006035,CUST0976,MERCHANT003,21882.74,WALLET,2026-08-23 00:09:15.848634,SUCCESS,,1,8,0,False
TXN006036,CUST0637,MERCHANT010,30378.44,WALLET,2026-08-24 12:00:52.848634,SUCCESS,,1,16,1,False
TXN006037,CUST1895,MERCHANT004,39343.44,UPI,2026-08-18 05:52:01.848634,SUCCESS,,1,8,4,False
TXN006038,CUST0791,MERCHANT007,16541.98,WALLET,2026-08-18 14:42:58.848634,SUCCESS,,1,6,3,False
TXN006039,CUST1105,MERCHANT006,27879.02,UPI,2026-08-18 05:37:11.848634,SUCCESS,,1,15,4,False
TXN006040,CUST1613,MERCHANT006,21074.6,NETBANKING,2026-08-21 21:10:32.848634,SUCCESS,,1,17,2,False
TXN006041,CUST0969,MERCHANT009,29917.78,NETBANKING,2026-08-18 09:49:16.848634,SUCCESS,,1,14,0,False
TXN006042,CUST1490,MERCHANT009,46888.75,NETBANKING,2026-08-19 21:48:32.848634,SUCCESS,,1,7,5,False
TXN006043,CUST1214,MERCHANT008,13589.87,NETBANKING,2026-08-23 19:53:33.848634,SUCCESS,,1,0,5,False
TXN006044,CUST0947,MERCHANT004,12264.37,WALLET,2026-08-21 17:15:37.848634,SUCCESS,,1,17,3,False
TXN006045,CUST1894,MERCHANT009,20117.65,WALLET,2026-08-23 16:24:10.848634,FAILED,Bank Declined,3,7,4,False
TXN006046,CUST1238,MERCHANT007,18950.34,NETBANKING,2026-08-19 04:21:31.848634,SUCCESS,,1,13,0,False
TXN006047,CUST1334,MERCHANT005,45893.97,WALLET,2026-08-18 19:03:16.848634,SUCCESS,,1,19,4,False
TXN006048,CUST1384,MERCHANT003,46368.94,UPI,2026-08-24 15:50:56.848634,SUCCESS,,1,1,3,False
TXN006049,CUST1507,MERCHANT005,49904.82,NETBANKING,2026-08-25 01:35:04.848634,SUCCESS,,1,3,3,False
TXN006050,CUST0178,MERCHANT009,18180.89,WALLET,2026-08-23 23:36:04.848634,SUCCESS,,1,10,3,False
TXN006051,CUST0541,MERCHANT007,46559.13,NETBANKING,2026-08-22 05:53:55.848634,SUCCESS,,1,19,1,False
TXN006052,CUST1510,MERCHANT009,7974.3,WALLET,2026-08-24 08:32:46.848634,SUCCESS,,1,8,4,False
TXN006053,CUST0133,MERCHANT003,38864.43,CARD,2026-08-21 12:07:26.848634,SUCCESS,,1,16,3,False
TXN006054,CUST1592,MERCHANT003,20569.16,NETBANKING,2026-08-20 19:13:48.848634,SUCCESS,,1,16,5,False
TXN006055,CUST0942,MERCHANT007,48996.07,WALLET,2026-08-19 02:21:34.848634,SUCCESS,,1,1,3,False
TXN006056,CUST0448,MERCHANT009,34901.21,WALLET,2026-08-25 01:07:51.848634,SUCCESS,,1,6,0,False
TXN006057,CUST0510,MERCHANT006,39880.82,WALLET,2026-08-22 01:39:08.848634,SUCCESS,,1,17,4,False
TXN006058,CUST0824,MERCHANT008,10506.05,CARD,2026-08-21 20:03:20.848634,SUCCESS,,1,6,5,False
TXN006059,CUST1893,MERCHANT005,28232.1,UPI,2026-08-19 17:34:57.848634,SUCCESS,,1,3,3,False
TXN006060,CUST1003,MERCHANT001,45642.79,WALLET,2026-08-24 20:44:10.848634,SUCCESS,,1,9,1,False
TXN006061,CUST1463,MERCHANT002,33569.58,NETBANKING,2026-08-18 21:48:29.848634,SUCCESS,,1,17,4,False
TXN006062,CUST0031,MERCHANT007,37897.38,CARD,2026-08-20 04:37:39.848634,SUCCESS,,1,10,5,False
TXN006063,CUST1631,MERCHANT006,31806.08,NETBANKING,2026-08-20 09:38:28.848634,SUCCESS,,1,9,3,False
TXN006064,CUST1183,MERCHANT007,13074.42,UPI,2026-08-21 00:21:28.848634,SUCCESS,,1,20,5,False
TXN006065,CUST1228,MERCHANT007,34851.8,CARD,2026-08-22 12:10:30.848634,SUCCESS,,1,17,1,False
TXN006066,CUST1529,MERCHANT005,4342.03,WALLET,2026-08-20 21:24:13.848634,SUCCESS,,1,10,0,False
TXN006067,CUST0850,MERCHANT005,28439.28,NETBANKING,2026-08-21 13:58:32.848634,SUCCESS,,1,18,3,False
TXN006068,CUST1358,MERCHANT004,24862.62,CARD,2026-08-22 11:47:19.848634,SUCCESS,,1,16,1,False
TXN006069,CUST1972,MERCHANT008,12165.01,CARD,2026-08-23 19:32:49.848634,SUCCESS,,1,6,3,False
TXN006070,CUST1244,MERCHANT004,11586.58,UPI,2026-08-24 10:37:48.848634,SUCCESS,,1,0,4,False
TXN006071,CUST0539,MERCHANT001,17095.41,UPI,2026-08-23 02:39:12.848634,SUCCESS,,1,12,0,False
TXN006072,CUST1974,MERCHANT007,39812.5,UPI,2026-08-18 15:52:17.848634,SUCCESS,,1,6,1,False
TXN006073,CUST1118,MERCHANT004,49501.48,UPI,2026-08-24 12:42:51.848634,SUCCESS,,1,14,4,False
TXN006074,CUST1997,MERCHANT006,41530.12,WALLET,2026-08-19 09:07:58.848634,SUCCESS,,1,0,4,False
TXN006075,CUST1434,MERCHANT007,13422.14,CARD,2026-08-24 02:31:15.848634,SUCCESS,,1,17,5,False
TXN006076,CUST1271,MERCHANT007,46642.98,UPI,2026-08-22 22:45:04.848634,SUCCESS,,1,10,2,False
TXN006077,CUST1967,MERCHANT003,36415.92,NETBANKING,2026-08-18 19:19:24.848634,SUCCESS,,1,1,2,False
TXN006078,CUST1416,MERCHANT002,40299.2,NETBANKING,2026-08-24 13:54:40.848634,SUCCESS,,1,18,0,False
TXN006079,CUST1762,MERCHANT004,41226.83,CARD,2026-08-24 22:20:28.848634,SUCCESS,,1,10,4,False
TXN006080,CUST0770,MERCHANT001,46205.85,CARD,2026-08-19 23:09:29.848634,SUCCESS,,1,18,0,False
TXN006081,CUST0977,MERCHANT010,26013.38,WALLET,2026-08-23 11:04:19.848634,SUCCESS,,1,3,0,False
TXN006082,CUST1872,MERCHANT009,876.64,CARD,2026-08-22 19:11:32.848634,SUCCESS,,1,14,0,False
TXN006083,CUST1516,MERCHANT003,40259.64,NETBANKING,2026-08-24 20:44:32.848634,FAILED,Technical Error,2,4,1,True
TXN006084,CUST1062,MERCHANT006,47008.35,UPI,2026-08-23 05:52:57.848634,FAILED,Bank Declined,2,20,2,True
TXN006085,CUST1825,MERCHANT010,27021.89,CARD,2026-08-18 04:05:20.848634,SUCCESS,,1,9,5,False
TXN006086,CUST0637,MERCHANT004,46986.65,NETBANKING,2026-08-18 21:45:20.848634,SUCCESS,,1,0,5,False
TXN006087,CUST0464,MERCHANT003,8721.7,NETBANKING,2026-08-20 00:52:09.848634,SUCCESS,,1,19,5,False
TXN006088,CUST0250,MERCHANT010,33065.58,UPI,2026-08-22 19:46:22.848634,SUCCESS,,1,15,2,False
TXN006089,CUST0434,MERCHANT009,49430.95,CARD,2026-08-22 06:49:26.848634,SUCCESS,,1,1,2,False
TXN006090,CUST1549,MERCHANT004,43444.6,NETBANKING,2026-08-22 10:57:51.848634,SUCCESS,,1,12,3,False
TXN006091,CUST0792,MERCHANT008,5777.78,NETBANKING,2026-08-21 12:25:51.848634,SUCCESS,,1,10,3,False
TXN006092,CUST0505,MERCHANT007,11826.55,NETBANKING,2026-08-22 17:05:00.848634,SUCCESS,,1,0,0,False
TXN006093,CUST0819,MERCHANT001,3280.14,NETBANKING,2026-08-23 12:02:10.848634,SUCCESS,,1,17,3,False
TXN006094,CUST1431,MERCHANT006,423.73,UPI,2026-08-21 12:25:00.848634,SUCCESS,,1,5,3,False
TXN006095,CUST0140,MERCHANT001,18760.1,UPI,2026-08-24 09:02:44.848634,SUCCESS,,1,6,1,False
TXN006096,CUST0709,MERCHANT005,14308.77,NETBANKING,2026-08-19 06:39:33.848634,SUCCESS,,1,14,5,False
TXN006097,CUST0184,MERCHANT010,35641.82,UPI,2026-08-20 07:22:19.848634,SUCCESS,,1,19,2,False
TXN006098,CUST1222,MERCHANT009,16491.88,UPI,2026-08-21 23:56:51.848634,SUCCESS,,1,18,0,False
TXN006099,CUST1425,MERCHANT007,48185.63,WALLET,2026-08-22 00:34:04.848634,SUCCESS,,1,11,1,False
TXN006100,CUST0501,MERCHANT010,6581.87,CARD,2026-08-22 19:50:58.848634,SUCCESS,,1,1,2,False
TXN006101,CUST0200,MERCHANT002,11567.18,CARD,2026-08-25 00:21:15.848634,SUCCESS,,1,11,1,False
TXN006102,CUST0608,MERCHANT003,406.25,WALLET,2026-08-19 15:49:13.848634,SUCCESS,,1,0,0,False
TXN006103,CUST1060,MERCHANT009,36742.03,NETBANKING,2026-08-24 00:28:07.848634,SUCCESS,,1,12,0,False
TXN006104,CUST1267,MERCHANT008,10535.96,NETBANKING,2026-08-19 12:53:29.848634,SUCCESS,,1,7,0,False
TXN006105,CUST1970,MERCHANT004,49477.74,UPI,2026-08-21 14:15:54.848634,FAILED,Timeout,1,19,0,True
TXN006106,CUST0653,MERCHANT001,21487.77,CARD,2026-08-18 10:57:25.848634,SUCCESS,,1,13,3,False
TXN006107,CUST0196,MERCHANT006,25413.98,CARD,2026-08-18 14:30:26.848634,SUCCESS,,1,16,1,False
TXN006108,CUST0264,MERCHANT006,4056.61,CARD,2026-08-18 07:31:21.848634,SUCCESS,,1,6,5,False
TXN006109,CUST0667,MERCHANT003,5754.03,UPI,2026-08-24 08:23:19.848634,SUCCESS,,1,8,2,False
TXN006110,CUST0766,MERCHANT008,26960.08,UPI,2026-08-22 10:33:31.848634,SUCCESS,,1,1,0,False
TXN006111,CUST1933,MERCHANT009,45981.31,NETBANKING,2026-08-23 04:20:04.848634,SUCCESS,,1,9,0,False
TXN006112,CUST0288,MERCHANT007,26464.92,CARD,2026-08-19 13:22:06.848634,SUCCESS,,1,9,0,False
TXN006113,CUST0502,MERCHANT001,37059.52,UPI,2026-08-20 17:07:29.848634,SUCCESS,,1,2,4,False
TXN006114,CUST0853,MERCHANT001,6385.36,NETBANKING,2026-08-23 12:07:11.848634,SUCCESS,,1,16,4,False
TXN006115,CUST1459,MERCHANT009,47063.45,UPI,2026-08-24 18:45:08.848634,SUCCESS,,1,3,3,False
TXN006116,CUST1414,MERCHANT007,7112.95,CARD,2026-08-19 03:07:09.848634,SUCCESS,,1,17,3,False
TXN006117,CUST1586,MERCHANT007,28127.88,CARD,2026-08-19 03:41:40.848634,SUCCESS,,1,17,2,False
TXN006118,CUST0548,MERCHANT004,20346.82,NETBANKING,2026-08-20 16:20:47.848634,SUCCESS,,1,10,5,False
TXN006119,CUST1175,MERCHANT005,17652.93,WALLET,2026-08-20 16:53:39.848634,FAILED,Network Error,3,11,0,False
TXN006120,CUST1704,MERCHANT009,12558.64,CARD,2026-08-23 19:30:58.848634,SUCCESS,,1,14,1,False
TXN006121,CUST0993,MERCHANT009,25073.42,WALLET,2026-08-18 18:26:51.848634,SUCCESS,,1,8,4,False
TXN006122,CUST1590,MERCHANT002,10909.04,CARD,2026-08-21 06:12:31.848634,SUCCESS,,1,10,5,False
TXN006123,CUST0402,MERCHANT008,15673.28,NETBANKING,2026-08-22 02:57:54.848634,SUCCESS,,1,11,4,False
TXN006124,CUST1198,MERCHANT001,44209.05,WALLET,2026-08-18 15:50:08.848634,SUCCESS,,1,10,0,False
TXN006125,CUST0527,MERCHANT009,171.81,WALLET,2026-08-24 14:10:38.848634,SUCCESS,,1,0,3,False
TXN006126,CUST0261,MERCHANT002,7326.91,NETBANKING,2026-08-20 23:57:40.848634,SUCCESS,,1,18,1,False
TXN006127,CUST1704,MERCHANT007,18711.02,NETBANKING,2026-08-18 17:00:38.848634,SUCCESS,,1,20,2,False
TXN006128,CUST1862,MERCHANT007,3773.39,WALLET,2026-08-22 22:48:56.848634,SUCCESS,,1,9,4,False
TXN006129,CUST1133,MERCHANT007,27038.89,CARD,2026-08-23 08:07:54.848634,SUCCESS,,1,10,0,False
TXN006130,CUST1686,MERCHANT002,25271.27,NETBANKING,2026-08-20 17:05:09.848634,FAILED,Network Error,1,5,3,True
TXN006131,CUST1147,MERCHANT003,47571.81,UPI,2026-08-19 20:56:28.848634,SUCCESS,,1,0,3,False
TXN006132,CUST1828,MERCHANT009,31909.54,CARD,2026-08-18 16:19:06.848634,SUCCESS,,1,1,3,False
TXN006133,CUST0420,MERCHANT005,37771.64,CARD,2026-08-22 17:22:19.848634,FAILED,Network Error,2,4,5,True
TXN006134,CUST1849,MERCHANT001,36051.64,NETBANKING,2026-08-18 23:28:33.848634,SUCCESS,,1,1,0,False
TXN006135,CUST1129,MERCHANT006,3812.31,CARD,2026-08-20 17:14:19.848634,SUCCESS,,1,4,5,False
TXN006136,CUST1050,MERCHANT002,8592.29,CARD,2026-08-18 11:07:53.848634,FAILED,Insufficient Funds,1,7,5,True
TXN006137,CUST0901,MERCHANT006,25396.62,WALLET,2026-08-19 20:07:21.848634,SUCCESS,,1,2,0,False
TXN006138,CUST1874,MERCHANT002,24681.49,CARD,2026-08-19 23:17:21.848634,SUCCESS,,1,6,2,False
TXN006139,CUST0070,MERCHANT006,10516.34,NETBANKING,2026-08-19 10:01:17.848634,SUCCESS,,1,17,5,False
TXN006140,CUST0760,MERCHANT004,33881.64,CARD,2026-08-24 04:53:46.848634,SUCCESS,,1,0,1,False
TXN006141,CUST0024,MERCHANT008,6067.75,WALLET,2026-08-19 16:15:24.848634,SUCCESS,,1,5,0,False
TXN006142,CUST1650,MERCHANT010,41818.39,WALLET,2026-08-20 12:10:33.848634,SUCCESS,,1,18,0,False
TXN006143,CUST0017,MERCHANT007,8005.46,CARD,2026-08-20 11:50:07.848634,SUCCESS,,1,14,1,False
TXN006144,CUST0657,MERCHANT002,13692.72,UPI,2026-08-23 22:07:19.848634,SUCCESS,,1,5,1,False
TXN006145,CUST1587,MERCHANT007,34224.66,WALLET,2026-08-18 07:43:35.848634,FAILED,Bank Declined,2,12,4,True
TXN006146,CUST0701,MERCHANT002,22393.13,NETBANKING,2026-08-23 01:54:07.848634,SUCCESS,,1,17,3,False
TXN006147,CUST0309,MERCHANT005,30998.66,UPI,2026-08-20 16:04:34.848634,SUCCESS,,1,7,1,False
TXN006148,CUST0815,MERCHANT003,9630.22,NETBANKING,2026-08-20 15:30:43.848634,SUCCESS,,1,4,2,False
TXN006149,CUST1919,MERCHANT009,23916.19,UPI,2026-08-22 07:05:57.848634,SUCCESS,,1,18,0,False
TXN006150,CUST1417,MERCHANT004,9111.83,NETBANKING,2026-08-20 11:41:16.848634,SUCCESS,,1,4,0,False
TXN006151,CUST1476,MERCHANT008,6907.9,WALLET,2026-08-22 18:13:58.848634,SUCCESS,,1,7,5,False
TXN006152,CUST1862,MERCHANT009,49993.23,UPI,2026-08-23 08:12:21.848634,SUCCESS,,1,15,3,False
TXN006153,CUST1716,MERCHANT008,5245.4,UPI,2026-08-18 17:42:06.848634,SUCCESS,,1,20,4,False
TXN006154,CUST1461,MERCHANT009,10552.99,NETBANKING,2026-08-23 10:31:49.848634,FAILED,Bank Declined,3,4,3,False
TXN006155,CUST1715,MERCHANT005,3166.07,CARD,2026-08-23 13:14:12.848634,SUCCESS,,1,20,3,False
TXN006156,CUST1813,MERCHANT008,34113.3,UPI,2026-08-21 23:59:35.848634,SUCCESS,,1,18,0,False
TXN006157,CUST1988,MERCHANT003,39384.56,WALLET,2026-08-24 06:58:35.848634,SUCCESS,,1,17,4,False
TXN006158,CUST1122,MERCHANT007,11720.16,UPI,2026-08-20 10:32:52.848634,SUCCESS,,1,3,5,False
TXN006159,CUST0962,MERCHANT002,24474.46,CARD,2026-08-21 15:22:33.848634,SUCCESS,,1,13,0,False
TXN006160,CUST1313,MERCHANT002,22069.82,WALLET,2026-08-24 15:26:00.848634,SUCCESS,,1,19,4,False
TXN006161,CUST1017,MERCHANT006,26206.13,CARD,2026-08-24 17:19:10.848634,SUCCESS,,1,10,5,False
TXN006162,CUST0855,MERCHANT001,2732.76,NETBANKING,2026-08-20 11:35:32.848634,SUCCESS,,1,0,5,False
TXN006163,CUST1729,MERCHANT003,28208.36,CARD,2026-08-24 03:30:16.848634,SUCCESS,,1,7,1,False
TXN006164,CUST1639,MERCHANT002,8104.86,NETBANKING,2026-08-18 09:26:59.848634,FAILED,Bank Declined,3,1,4,False
TXN006165,CUST1203,MERCHANT002,2623.23,NETBANKING,2026-08-20 16:50:37.848634,SUCCESS,,1,10,5,False
TXN006166,CUST0262,MERCHANT005,49680.31,NETBANKING,2026-08-21 20:14:21.848634,SUCCESS,,1,20,0,False
TXN006167,CUST0649,MERCHANT007,9762.8,WALLET,2026-08-22 08:02:31.848634,FAILED,Technical Error,1,15,4,True
TXN006168,CUST0380,MERCHANT005,31975.98,WALLET,2026-08-20 07:44:32.848634,SUCCESS,,1,5,2,False
TXN006169,CUST0353,MERCHANT003,39368.33,WALLET,2026-08-22 14:42:17.848634,FAILED,Bank Declined,1,4,2,True
TXN006170,CUST0356,MERCHANT002,49503.16,NETBANKING,2026-08-22 13:29:37.848634,SUCCESS,,1,9,2,False
TXN006171,CUST0037,MERCHANT004,8492.97,NETBANKING,2026-08-24 17:25:39.848634,SUCCESS,,1,20,5,False
TXN006172,CUST0466,MERCHANT006,2894.34,CARD,2026-08-18 21:01:43.848634,SUCCESS,,1,1,3,False
TXN006173,CUST1927,MERCHANT002,42275.83,WALLET,2026-08-22 12:48:26.848634,SUCCESS,,1,15,5,False
TXN006174,CUST1094,MERCHANT002,16836.63,UPI,2026-08-24 10:30:55.848634,SUCCESS,,1,14,3,False
TXN006175,CUST0864,MERCHANT008,25874.72,WALLET,2026-08-22 13:23:43.848634,SUCCESS,,1,15,3,False
TXN006176,CUST0211,MERCHANT007,32277.31,UPI,2026-08-19 21:13:59.848634,SUCCESS,,1,3,4,False
TXN006177,CUST1856,MERCHANT007,22262.65,NETBANKING,2026-08-19 19:52:38.848634,SUCCESS,,1,20,3,False
TXN006178,CUST1406,MERCHANT008,47341.44,CARD,2026-08-22 12:49:31.848634,SUCCESS,,1,4,2,False
TXN006179,CUST0257,MERCHANT007,28763.87,CARD,2026-08-22 03:22:41.848634,SUCCESS,,1,20,0,False
TXN006180,CUST0708,MERCHANT003,17734.64,WALLET,2026-08-21 14:05:28.848634,SUCCESS,,1,16,2,False
TXN006181,CUST1895,MERCHANT001,1338.8,CARD,2026-08-23 05:40:55.848634,SUCCESS,,1,14,1,False
TXN006182,CUST0968,MERCHANT004,12964.54,NETBANKING,2026-08-22 11:39:52.848634,FAILED,Network Error,1,17,3,True
TXN006183,CUST0508,MERCHANT001,43176.9,WALLET,2026-08-18 12:40:21.848634,SUCCESS,,1,3,2,False
TXN006184,CUST0246,MERCHANT001,8694.68,UPI,2026-08-21 17:29:08.848634,SUCCESS,,1,3,3,False
TXN006185,CUST1545,MERCHANT005,48863.0,UPI,2026-08-24 07:36:31.848634,SUCCESS,,1,8,3,False
TXN006186,CUST1506,MERCHANT007,19003.99,NETBANKING,2026-08-22 18:07:41.848634,SUCCESS,,1,16,3,False
TXN006187,CUST1463,MERCHANT001,8447.22,NETBANKING,2026-08-19 03:56:43.848634,SUCCESS,,1,7,2,False
TXN006188,CUST1827,MERCHANT010,13932.83,UPI,2026-08-19 22:37:35.848634,SUCCESS,,1,1,1,False
TXN006189,CUST0834,MERCHANT008,4560.17,UPI,2026-08-24 20:54:56.848634,FAILED,Network Error,2,8,5,True
TXN006190,CUST0489,MERCHANT008,27744.33,UPI,2026-08-24 19:19:39.848634,SUCCESS,,1,5,3,False
TXN006191,CUST0978,MERCHANT007,44220.0,CARD,2026-08-20 06:03:23.848634,SUCCESS,,1,7,0,False
TXN006192,CUST1401,MERCHANT009,37309.12,WALLET,2026-08-20 06:04:46.848634,SUCCESS,,1,19,5,False
TXN006193,CUST0729,MERCHANT003,42186.17,UPI,2026-08-22 14:55:02.848634,SUCCESS,,1,17,4,False
TXN006194,CUST0445,MERCHANT003,3364.37,UPI,2026-08-24 23:41:16.848634,SUCCESS,,1,15,3,False
TXN006195,CUST0684,MERCHANT006,35857.94,UPI,2026-08-22 18:59:39.848634,SUCCESS,,1,0,2,False
TXN006196,CUST1849,MERCHANT002,3075.38,CARD,2026-08-24 08:23:31.848634,SUCCESS,,1,19,0,False
TXN006197,CUST0071,MERCHANT003,8357.54,WALLET,2026-08-19 03:37:15.848634,SUCCESS,,1,12,1,False
TXN006198,CUST1369,MERCHANT008,49228.41,CARD,2026-08-21 15:27:46.848634,SUCCESS,,1,11,1,False
TXN006199,CUST1435,MERCHANT001,27062.55,NETBANKING,2026-08-20 08:42:15.848634,FAILED,Timeout,2,10,0,True
TXN006200,CUST0927,MERCHANT004,13175.57,NETBANKING,2026-08-20 23:36:30.848634,SUCCESS,,1,5,3,False
TXN006201,CUST0290,MERCHANT010,29178.38,NETBANKING,2026-08-23 11:06:59.848634,FAILED,Network Error,1,10,3,True
TXN006202,CUST1507,MERCHANT003,46991.63,WALLET,2026-08-21 23:10:59.848634,SUCCESS,,1,7,4,False
TXN006203,CUST1795,MERCHANT009,26626.29,CARD,2026-08-24 07:09:57.848634,SUCCESS,,1,6,1,False
TXN006204,CUST0302,MERCHANT006,16325.1,CARD,2026-08-24 10:51:54.848634,FAILED,Technical Error,3,13,1,False
TXN006205,CUST1558,MERCHANT001,11971.47,UPI,2026-08-19 09:22:10.848634,SUCCESS,,1,6,4,False
TXN006206,CUST0840,MERCHANT005,17519.39,NETBANKING,2026-08-19 10:10:20.848634,SUCCESS,,1,9,4,False
TXN006207,CUST0180,MERCHANT010,26305.78,NETBANKING,2026-08-24 23:08:56.848634,SUCCESS,,1,11,4,False
TXN006208,CUST1811,MERCHANT008,7760.25,NETBANKING,2026-08-19 06:06:16.848634,SUCCESS,,1,7,0,False
TXN006209,CUST0747,MERCHANT002,8576.81,UPI,2026-08-23 09:29:01.848634,SUCCESS,,1,20,4,False
TXN006210,CUST1919,MERCHANT009,39183.01,WALLET,2026-08-21 02:15:39.848634,SUCCESS,,1,14,5,False
TXN006211,CUST1255,MERCHANT003,22304.28,WALLET,2026-08-19 10:46:43.848634,SUCCESS,,1,6,3,False
TXN006212,CUST0128,MERCHANT010,14301.7,NETBANKING,2026-08-21 11:29:51.848634,SUCCESS,,1,17,4,False
TXN006213,CUST0517,MERCHANT004,47560.54,NETBANKING,2026-08-20 07:10:27.848634,SUCCESS,,1,14,0,False
TXN006214,CUST1023,MERCHANT006,4658.78,CARD,2026-08-19 20:27:56.848634,SUCCESS,,1,2,5,False
TXN006215,CUST0507,MERCHANT003,44998.23,WALLET,2026-08-22 13:44:13.848634,SUCCESS,,1,10,4,False
TXN006216,CUST1364,MERCHANT009,45798.31,WALLET,2026-08-23 12:08:07.848634,SUCCESS,,1,5,0,False
TXN006217,CUST0945,MERCHANT002,23125.56,WALLET,2026-08-23 00:37:42.848634,SUCCESS,,1,17,2,False
TXN006218,CUST0696,MERCHANT007,32722.17,NETBANKING,2026-08-18 08:40:49.848634,SUCCESS,,1,20,3,False
TXN006219,CUST0021,MERCHANT001,23123.73,UPI,2026-08-23 00:48:57.848634,SUCCESS,,1,15,4,False
TXN006220,CUST0433,MERCHANT003,41187.14,WALLET,2026-08-18 21:31:45.848634,SUCCESS,,1,11,4,False
TXN006221,CUST1644,MERCHANT008,31970.05,WALLET,2026-08-18 18:14:01.848634,SUCCESS,,1,17,4,False
TXN006222,CUST1886,MERCHANT010,48694.65,NETBANKING,2026-08-21 21:55:32.848634,SUCCESS,,1,5,0,False
TXN006223,CUST0851,MERCHANT010,37216.86,CARD,2026-08-20 18:04:05.848634,SUCCESS,,1,17,4,False
TXN006224,CUST0969,MERCHANT010,47151.28,CARD,2026-08-23 17:04:08.848634,SUCCESS,,1,12,1,False
TXN006225,CUST1757,MERCHANT001,40564.45,WALLET,2026-08-23 09:52:38.848634,FAILED,Technical Error,3,14,1,False
TXN006226,CUST1079,MERCHANT002,45701.46,UPI,2026-08-18 03:57:43.848634,SUCCESS,,1,11,3,False
TXN006227,CUST0875,MERCHANT001,40002.66,NETBANKING,2026-08-22 00:39:32.848634,SUCCESS,,1,14,1,False
TXN006228,CUST1157,MERCHANT009,26265.52,CARD,2026-08-19 14:43:28.848634,SUCCESS,,1,3,0,False
TXN006229,CUST0590,MERCHANT010,44871.4,NETBANKING,2026-08-22 16:32:36.848634,SUCCESS,,1,10,3,False
TXN006230,CUST0474,MERCHANT006,24953.36,NETBANKING,2026-08-25 01:20:22.848634,SUCCESS,,1,19,1,False
TXN006231,CUST0178,MERCHANT008,28183.95,NETBANKING,2026-08-20 13:08:33.848634,SUCCESS,,1,11,0,False
TXN006232,CUST0721,MERCHANT005,37151.26,UPI,2026-08-21 09:42:48.848634,SUCCESS,,1,13,1,False
TXN006233,CUST0322,MERCHANT008,43030.4,CARD,2026-08-20 04:50:11.848634,SUCCESS,,1,9,4,False
TXN006234,CUST0626,MERCHANT005,25265.62,UPI,2026-08-22 04:46:25.848634,SUCCESS,,1,6,5,False
TXN006235,CUST1925,MERCHANT009,45122.47,NETBANKING,2026-08-19 07:44:08.848634,FAILED,Bank Declined,1,14,5,True
TXN006236,CUST1633,MERCHANT005,15475.9,UPI,2026-08-21 16:09:53.848634,SUCCESS,,1,11,2,False
TXN006237,CUST1433,MERCHANT008,12720.64,WALLET,2026-08-21 06:10:22.848634,SUCCESS,,1,1,0,False
TXN006238,CUST1584,MERCHANT010,43196.38,CARD,2026-08-18 19:25:38.848634,SUCCESS,,1,8,5,False
TXN006239,CUST1455,MERCHANT009,27194.52,CARD,2026-08-18 05:46:33.848634,SUCCESS,,1,1,2,False
TXN006240,CUST0221,MERCHANT005,6327.81,UPI,2026-08-19 06:18:30.848634,SUCCESS,,1,14,5,False
TXN006241,CUST0762,MERCHANT007,2521.34,WALLET,2026-08-20 17:29:21.848634,SUCCESS,,1,1,2,False
TXN006242,CUST1574,MERCHANT005,18540.8,NETBANKING,2026-08-20 12:18:58.848634,SUCCESS,,1,10,1,False
TXN006243,CUST1552,MERCHANT003,35238.24,WALLET,2026-08-19 10:09:51.848634,FAILED,Technical Error,2,2,2,True
TXN006244,CUST1683,MERCHANT005,13878.59,NETBANKING,2026-08-23 03:43:12.848634,SUCCESS,,1,8,4,False
TXN006245,CUST0709,MERCHANT009,41797.45,CARD,2026-08-23 02:41:28.848634,SUCCESS,,1,17,3,False
TXN006246,CUST0602,MERCHANT003,49415.12,WALLET,2026-08-21 14:22:42.848634,SUCCESS,,1,20,5,False
TXN006247,CUST1214,MERCHANT010,1186.43,UPI,2026-08-20 08:00:24.848634,SUCCESS,,1,20,3,False
TXN006248,CUST1089,MERCHANT006,49099.61,WALLET,2026-08-20 22:20:51.848634,SUCCESS,,1,20,4,False
TXN006249,CUST0173,MERCHANT005,18872.42,WALLET,2026-08-24 22:08:12.848634,SUCCESS,,1,7,1,False
TXN006250,CUST0912,MERCHANT010,14719.17,WALLET,2026-08-24 18:38:14.848634,SUCCESS,,1,0,1,False
TXN006251,CUST1805,MERCHANT003,47165.86,NETBANKING,2026-08-18 10:48:05.848634,SUCCESS,,1,12,1,False
TXN006252,CUST0190,MERCHANT009,3029.96,NETBANKING,2026-08-19 09:01:35.848634,SUCCESS,,1,19,0,False
TXN006253,CUST0113,MERCHANT006,24631.37,CARD,2026-08-23 05:20:10.848634,SUCCESS,,1,4,1,False
TXN006254,CUST1815,MERCHANT007,589.51,NETBANKING,2026-08-20 20:23:32.848634,SUCCESS,,1,7,2,False
TXN006255,CUST1188,MERCHANT004,3285.37,NETBANKING,2026-08-21 11:11:32.848634,SUCCESS,,1,19,1,False
TXN006256,CUST0738,MERCHANT008,751.76,UPI,2026-08-23 06:09:17.848634,SUCCESS,,1,8,3,False
TXN006257,CUST0170,MERCHANT009,11948.22,CARD,2026-08-21 10:45:21.848634,SUCCESS,,1,15,4,False
TXN006258,CUST1272,MERCHANT002,14710.26,UPI,2026-08-24 11:18:19.848634,SUCCESS,,1,18,4,False
TXN006259,CUST1196,MERCHANT004,6318.17,WALLET,2026-08-22 06:15:28.848634,SUCCESS,,1,3,4,False
TXN006260,CUST0365,MERCHANT007,15771.55,WALLET,2026-08-23 22:05:45.848634,SUCCESS,,1,2,5,False
TXN006261,CUST1717,MERCHANT007,47292.53,UPI,2026-08-19 12:22:44.848634,FAILED,Network Error,3,1,0,False
TXN006262,CUST1462,MERCHANT004,42463.37,NETBANKING,2026-08-18 21:34:30.848634,SUCCESS,,1,9,3,False
TXN006263,CUST1830,MERCHANT007,49235.8,CARD,2026-08-22 23:03:07.848634,SUCCESS,,1,14,2,False
TXN006264,CUST0218,MERCHANT001,25231.63,CARD,2026-08-19 13:29:27.848634,SUCCESS,,1,10,5,False
TXN006265,CUST1164,MERCHANT007,3312.59,CARD,2026-08-18 12:41:21.848634,SUCCESS,,1,7,2,False
TXN006266,CUST1335,MERCHANT007,38346.88,NETBANKING,2026-08-24 19:13:37.848634,SUCCESS,,1,19,0,False
TXN006267,CUST1853,MERCHANT005,8415.91,WALLET,2026-08-21 03:25:10.848634,SUCCESS,,1,1,5,False
TXN006268,CUST1246,MERCHANT010,29881.81,CARD,2026-08-19 12:42:29.848634,SUCCESS,,1,15,2,False
TXN006269,CUST1228,MERCHANT008,30005.21,NETBANKING,2026-08-18 08:37:16.848634,SUCCESS,,1,9,1,False
TXN006270,CUST0964,MERCHANT004,5213.73,WALLET,2026-08-20 04:47:52.848634,SUCCESS,,1,2,4,False
TXN006271,CUST1179,MERCHANT007,27252.36,NETBANKING,2026-08-22 19:15:28.848634,SUCCESS,,1,1,5,False
TXN006272,CUST1413,MERCHANT010,26413.32,WALLET,2026-08-21 11:31:06.848634,SUCCESS,,1,13,2,False
TXN006273,CUST0668,MERCHANT007,39695.35,NETBANKING,2026-08-24 21:49:44.848634,SUCCESS,,1,10,1,False
TXN006274,CUST1896,MERCHANT001,25657.31,UPI,2026-08-24 15:16:04.848634,SUCCESS,,1,13,2,False
TXN006275,CUST1529,MERCHANT009,49527.53,WALLET,2026-08-19 23:00:54.848634,SUCCESS,,1,7,0,False
TXN006276,CUST1714,MERCHANT005,40256.39,CARD,2026-08-18 23:38:37.848634,SUCCESS,,1,18,1,False
TXN006277,CUST1617,MERCHANT008,28507.26,NETBANKING,2026-08-23 12:41:11.848634,SUCCESS,,1,15,3,False
TXN006278,CUST0132,MERCHANT010,23801.53,WALLET,2026-08-20 20:37:35.848634,SUCCESS,,1,8,3,False
TXN006279,CUST0952,MERCHANT004,18945.78,UPI,2026-08-24 07:04:32.848634,SUCCESS,,1,0,5,False
TXN006280,CUST1623,MERCHANT005,40362.41,NETBANKING,2026-08-21 20:14:55.848634,SUCCESS,,1,16,1,False
TXN006281,CUST0407,MERCHANT008,1528.96,UPI,2026-08-20 05:34:46.848634,SUCCESS,,1,1,3,False
TXN006282,CUST1991,MERCHANT006,47095.43,NETBANKING,2026-08-18 08:33:54.848634,SUCCESS,,1,12,2,False
TXN006283,CUST0092,MERCHANT009,34871.32,NETBANKING,2026-08-20 06:20:58.848634,SUCCESS,,1,20,5,False
TXN006284,CUST0511,MERCHANT007,20062.5,WALLET,2026-08-25 01:51:08.848634,SUCCESS,,1,4,1,False
TXN006285,CUST1947,MERCHANT010,46049.6,UPI,2026-08-18 11:02:16.848634,SUCCESS,,1,12,5,False
TXN006286,CUST1877,MERCHANT008,22384.06,WALLET,2026-08-18 10:13:53.848634,SUCCESS,,1,10,2,False
TXN006287,CUST0676,MERCHANT010,11538.77,NETBANKING,2026-08-21 09:14:38.848634,SUCCESS,,1,6,2,False
TXN006288,CUST0605,MERCHANT009,43924.59,NETBANKING,2026-08-18 13:57:07.848634,SUCCESS,,1,6,5,False
TXN006289,CUST0599,MERCHANT008,45366.54,NETBANKING,2026-08-23 17:14:20.848634,SUCCESS,,1,18,0,False
TXN006290,CUST0656,MERCHANT003,3663.69,CARD,2026-08-19 13:49:41.848634,SUCCESS,,1,12,5,False
TXN006291,CUST0317,MERCHANT003,13071.33,UPI,2026-08-23 04:58:13.848634,SUCCESS,,1,20,5,False
TXN006292,CUST0290,MERCHANT007,32682.28,UPI,2026-08-22 05:36:59.848634,SUCCESS,,1,20,1,False
TXN006293,CUST0004,MERCHANT003,15015.53,NETBANKING,2026-08-19 13:41:10.848634,SUCCESS,,1,0,5,False
TXN006294,CUST0697,MERCHANT004,17378.51,NETBANKING,2026-08-22 09:56:03.848634,SUCCESS,,1,9,4,False
TXN006295,CUST0828,MERCHANT005,1211.17,UPI,2026-08-20 11:14:06.848634,SUCCESS,,1,18,4,False
TXN006296,CUST0924,MERCHANT006,49992.55,CARD,2026-08-18 11:50:54.848634,SUCCESS,,1,7,1,False
TXN006297,CUST0867,MERCHANT008,35118.8,WALLET,2026-08-21 06:16:36.848634,SUCCESS,,1,19,3,False
TXN006298,CUST1070,MERCHANT004,45611.02,NETBANKING,2026-08-20 11:12:40.848634,SUCCESS,,1,14,3,False
TXN006299,CUST1832,MERCHANT001,11211.23,CARD,2026-08-22 10:41:42.848634,SUCCESS,,1,15,3,False
TXN006300,CUST1949,MERCHANT010,957.34,CARD,2026-08-25 00:30:38.848634,SUCCESS,,1,10,1,False
TXN006301,CUST0990,MERCHANT010,9640.54,WALLET,2026-08-23 09:31:10.848634,SUCCESS,,1,8,5,False
TXN006302,CUST1538,MERCHANT005,36090.8,CARD,2026-08-20 15:53:15.848634,SUCCESS,,1,6,3,False
TXN006303,CUST1103,MERCHANT010,42702.0,WALLET,2026-08-22 11:23:18.848634,SUCCESS,,1,4,4,False
TXN006304,CUST1712,MERCHANT007,33525.19,CARD,2026-08-20 03:43:30.848634,SUCCESS,,1,6,2,False
TXN006305,CUST1051,MERCHANT006,41567.75,UPI,2026-08-24 23:25:40.848634,SUCCESS,,1,14,2,False
TXN006306,CUST1284,MERCHANT003,39389.67,UPI,2026-08-22 23:43:54.848634,SUCCESS,,1,18,1,False
TXN006307,CUST0506,MERCHANT009,49913.48,NETBANKING,2026-08-24 19:15:12.848634,SUCCESS,,1,0,1,False
TXN006308,CUST0193,MERCHANT010,45922.66,CARD,2026-08-19 22:55:04.848634,SUCCESS,,1,18,3,False
TXN006309,CUST0733,MERCHANT005,9642.21,CARD,2026-08-20 21:59:04.848634,SUCCESS,,1,2,4,False
TXN006310,CUST0783,MERCHANT008,42236.1,CARD,2026-08-22 01:13:58.848634,SUCCESS,,1,7,3,False
TXN006311,CUST1260,MERCHANT003,10376.16,NETBANKING,2026-08-21 16:40:54.848634,SUCCESS,,1,3,1,False
TXN006312,CUST0260,MERCHANT003,21330.88,UPI,2026-08-20 09:09:49.848634,SUCCESS,,1,16,5,False
TXN006313,CUST1664,MERCHANT008,41813.48,UPI,2026-08-23 11:11:09.848634,SUCCESS,,1,16,3,False
TXN006314,CUST1907,MERCHANT010,19104.18,NETBANKING,2026-08-20 13:47:57.848634,SUCCESS,,1,13,5,False
TXN006315,CUST0943,MERCHANT004,377.64,CARD,2026-08-20 17:43:00.848634,SUCCESS,,1,7,2,False
TXN006316,CUST1614,MERCHANT008,10675.33,NETBANKING,2026-08-24 23:41:32.848634,SUCCESS,,1,8,3,False
TXN006317,CUST0985,MERCHANT009,19884.07,UPI,2026-08-23 14:26:23.848634,SUCCESS,,1,0,4,False
TXN006318,CUST0888,MERCHANT006,9280.57,CARD,2026-08-23 20:18:42.848634,SUCCESS,,1,5,1,False
TXN006319,CUST1971,MERCHANT010,43428.72,UPI,2026-08-24 11:55:45.848634,SUCCESS,,1,10,2,False
TXN006320,CUST0369,MERCHANT009,9722.13,WALLET,2026-08-20 12:00:43.848634,SUCCESS,,1,15,2,False
TXN006321,CUST0379,MERCHANT009,2327.02,WALLET,2026-08-24 08:27:00.848634,SUCCESS,,1,4,1,False
TXN006322,CUST0862,MERCHANT010,13832.51,NETBANKING,2026-08-19 08:12:15.848634,SUCCESS,,1,20,3,False
TXN006323,CUST1247,MERCHANT009,13663.94,NETBANKING,2026-08-21 18:46:25.848634,SUCCESS,,1,20,1,False
TXN006324,CUST1168,MERCHANT001,36978.69,CARD,2026-08-20 14:55:10.848634,SUCCESS,,1,20,5,False
TXN006325,CUST1145,MERCHANT006,47372.92,WALLET,2026-08-18 17:09:54.848634,SUCCESS,,1,13,3,False
TXN006326,CUST1690,MERCHANT004,5058.45,NETBANKING,2026-08-23 15:37:42.848634,SUCCESS,,1,9,3,False
TXN006327,CUST0070,MERCHANT004,31835.58,CARD,2026-08-20 07:19:09.848634,SUCCESS,,1,12,4,False
TXN006328,CUST0917,MERCHANT005,5972.11,CARD,2026-08-22 06:27:01.848634,SUCCESS,,1,9,5,False
TXN006329,CUST0970,MERCHANT004,7384.32,UPI,2026-08-24 08:07:09.848634,SUCCESS,,1,19,0,False
TXN006330,CUST1064,MERCHANT002,440.36,WALLET,2026-08-21 21:35:55.848634,SUCCESS,,1,10,0,False
TXN006331,CUST0314,MERCHANT005,836.21,NETBANKING,2026-08-20 01:57:44.848634,SUCCESS,,1,6,0,False
TXN006332,CUST1300,MERCHANT005,44749.12,CARD,2026-08-23 09:58:54.848634,SUCCESS,,1,10,5,False
TXN006333,CUST0072,MERCHANT001,610.24,NETBANKING,2026-08-21 09:25:20.848634,SUCCESS,,1,14,3,False
TXN006334,CUST0005,MERCHANT005,27060.02,CARD,2026-08-21 03:37:52.848634,SUCCESS,,1,16,3,False
TXN006335,CUST0593,MERCHANT008,15036.43,UPI,2026-08-21 14:20:03.848634,SUCCESS,,1,0,0,False
TXN006336,CUST1621,MERCHANT001,34551.93,CARD,2026-08-21 16:08:03.848634,SUCCESS,,1,20,2,False
TXN006337,CUST1037,MERCHANT007,12050.7,WALLET,2026-08-22 05:39:39.848634,SUCCESS,,1,1,4,False
TXN006338,CUST1612,MERCHANT006,6478.25,UPI,2026-08-23 06:41:31.848634,FAILED,Technical Error,3,15,1,False
TXN006339,CUST0298,MERCHANT003,29457.54,UPI,2026-08-19 02:07:39.848634,SUCCESS,,1,16,4,False
TXN006340,CUST1976,MERCHANT004,1749.09,NETBANKING,2026-08-19 16:30:09.848634,SUCCESS,,1,11,0,False
TXN006341,CUST1689,MERCHANT009,40352.2,WALLET,2026-08-21 09:23:50.848634,SUCCESS,,1,11,4,False
TXN006342,CUST1217,MERCHANT001,37343.76,NETBANKING,2026-08-23 06:57:48.848634,SUCCESS,,1,18,1,False
TXN006343,CUST0538,MERCHANT005,26948.63,UPI,2026-08-20 00:12:13.848634,SUCCESS,,1,1,3,False
TXN006344,CUST0965,MERCHANT001,33338.45,WALLET,2026-08-19 04:24:50.848634,SUCCESS,,1,0,2,False
TXN006345,CUST0465,MERCHANT003,48183.92,WALLET,2026-08-22 06:35:33.848634,SUCCESS,,1,8,4,False
TXN006346,CUST1078,MERCHANT002,36132.92,CARD,2026-08-21 11:02:33.848634,SUCCESS,,1,12,3,False
TXN006347,CUST1054,MERCHANT004,27932.71,WALLET,2026-08-24 10:34:47.848634,SUCCESS,,1,2,0,False
TXN006348,CUST0535,MERCHANT001,10130.54,NETBANKING,2026-08-20 04:57:48.848634,FAILED,Timeout,3,11,2,False
TXN006349,CUST1228,MERCHANT004,35478.39,UPI,2026-08-20 13:26:16.848634,SUCCESS,,1,14,1,False
TXN006350,CUST1456,MERCHANT006,36181.53,UPI,2026-08-22 03:56:17.848634,SUCCESS,,1,14,3,False
TXN006351,CUST0986,MERCHANT004,35526.17,UPI,2026-08-19 19:00:09.848634,SUCCESS,,1,6,5,False
TXN006352,CUST0430,MERCHANT010,49167.73,WALLET,2026-08-24 12:48:46.848634,SUCCESS,,1,0,0,False
TXN006353,CUST1313,MERCHANT009,13228.07,UPI,2026-08-23 03:01:28.848634,SUCCESS,,1,0,3,False
TXN006354,CUST0066,MERCHANT003,38577.5,NETBANKING,2026-08-18 10:52:20.848634,SUCCESS,,1,5,3,False
TXN006355,CUST1186,MERCHANT009,20639.79,WALLET,2026-08-24 12:36:40.848634,SUCCESS,,1,2,0,False
TXN006356,CUST0903,MERCHANT002,48070.9,UPI,2026-08-24 07:12:38.848634,SUCCESS,,1,9,3,False
TXN006357,CUST1745,MERCHANT007,12773.51,NETBANKING,2026-08-21 06:18:08.848634,SUCCESS,,1,19,0,False
TXN006358,CUST0893,MERCHANT009,37013.28,UPI,2026-08-22 10:29:27.848634,SUCCESS,,1,6,0,False
TXN006359,CUST0771,MERCHANT008,24880.96,WALLET,2026-08-24 21:24:43.848634,SUCCESS,,1,10,4,False
TXN006360,CUST0710,MERCHANT007,30041.93,CARD,2026-08-23 04:08:30.848634,SUCCESS,,1,17,0,False
TXN006361,CUST0093,MERCHANT010,11225.66,CARD,2026-08-24 01:47:47.848634,SUCCESS,,1,16,5,False
TXN006362,CUST0449,MERCHANT008,22044.39,WALLET,2026-08-21 22:35:05.848634,SUCCESS,,1,5,5,False
TXN006363,CUST0306,MERCHANT004,15678.81,CARD,2026-08-21 07:51:35.848634,SUCCESS,,1,10,1,False
TXN006364,CUST1311,MERCHANT007,17800.71,NETBANKING,2026-08-23 06:57:22.848634,SUCCESS,,1,14,5,False
TXN006365,CUST1249,MERCHANT008,35931.48,CARD,2026-08-20 07:20:13.848634,SUCCESS,,1,9,2,False
TXN006366,CUST0650,MERCHANT007,13226.2,CARD,2026-08-24 12:17:48.848634,SUCCESS,,1,19,5,False
TXN006367,CUST0112,MERCHANT006,4979.66,UPI,2026-08-24 07:52:54.848634,SUCCESS,,1,13,5,False
TXN006368,CUST1748,MERCHANT008,48126.02,UPI,2026-08-22 14:58:27.848634,SUCCESS,,1,15,2,False
TXN006369,CUST1280,MERCHANT009,39480.76,WALLET,2026-08-20 20:29:28.848634,SUCCESS,,1,3,1,False
TXN006370,CUST1679,MERCHANT007,38956.23,CARD,2026-08-22 15:52:53.848634,SUCCESS,,1,0,3,False
TXN006371,CUST1978,MERCHANT003,19788.55,NETBANKING,2026-08-19 13:47:39.848634,SUCCESS,,1,13,3,False
TXN006372,CUST1928,MERCHANT007,48340.02,CARD,2026-08-23 21:19:30.848634,SUCCESS,,1,17,3,False
TXN006373,CUST1384,MERCHANT008,1409.55,WALLET,2026-08-19 20:57:40.848634,SUCCESS,,1,5,4,False
TXN006374,CUST0567,MERCHANT001,25434.69,NETBANKING,2026-08-18 15:53:53.848634,SUCCESS,,1,12,4,False
TXN006375,CUST1313,MERCHANT006,18279.26,CARD,2026-08-20 13:11:16.848634,SUCCESS,,1,19,2,False
TXN006376,CUST0012,MERCHANT004,448.02,UPI,2026-08-21 20:28:05.848634,SUCCESS,,1,9,2,False
TXN006377,CUST1399,MERCHANT007,17050.45,NETBANKING,2026-08-22 09:58:12.848634,SUCCESS,,1,16,4,False
TXN006378,CUST0560,MERCHANT008,4879.97,CARD,2026-08-21 01:31:07.848634,SUCCESS,,1,16,5,False
TXN006379,CUST1663,MERCHANT008,38421.54,WALLET,2026-08-18 12:08:09.848634,SUCCESS,,1,16,0,False
TXN006380,CUST1023,MERCHANT003,46031.3,UPI,2026-08-20 10:57:39.848634,FAILED,Timeout,2,7,5,True
TXN006381,CUST0426,MERCHANT007,31093.89,WALLET,2026-08-21 02:27:06.848634,SUCCESS,,1,0,3,False
TXN006382,CUST0786,MERCHANT010,163.38,NETBANKING,2026-08-20 09:37:11.848634,SUCCESS,,1,5,4,False
TXN006383,CUST1157,MERCHANT004,40363.72,NETBANKING,2026-08-23 20:38:14.848634,SUCCESS,,1,14,1,False
TXN006384,CUST0374,MERCHANT009,41042.07,CARD,2026-08-19 14:39:38.848634,SUCCESS,,1,18,0,False
TXN006385,CUST1737,MERCHANT003,30557.07,UPI,2026-08-24 06:23:15.848634,SUCCESS,,1,12,5,False
TXN006386,CUST0787,MERCHANT004,17606.62,NETBANKING,2026-08-24 21:31:35.848634,SUCCESS,,1,16,4,False
TXN006387,CUST1762,MERCHANT001,5862.99,CARD,2026-08-21 02:09:31.848634,SUCCESS,,1,14,0,False
TXN006388,CUST1074,MERCHANT004,4611.95,WALLET,2026-08-21 21:59:58.848634,SUCCESS,,1,14,2,False
TXN006389,CUST0801,MERCHANT010,10192.82,CARD,2026-08-24 12:37:15.848634,FAILED,Timeout,1,17,3,True
TXN006390,CUST1879,MERCHANT007,34342.67,WALLET,2026-08-23 14:40:37.848634,SUCCESS,,1,1,1,False
TXN006391,CUST1097,MERCHANT007,14799.8,WALLET,2026-08-23 04:29:05.848634,SUCCESS,,1,3,5,False
TXN006392,CUST1027,MERCHANT005,21133.31,NETBANKING,2026-08-19 02:52:13.848634,SUCCESS,,1,5,0,False
TXN006393,CUST0209,MERCHANT003,12125.8,CARD,2026-08-18 17:13:05.848634,SUCCESS,,1,3,5,False
TXN006394,CUST1335,MERCHANT005,11357.59,UPI,2026-08-23 22:45:28.848634,SUCCESS,,1,10,0,False
TXN006395,CUST1094,MERCHANT007,24052.97,UPI,2026-08-20 11:45:04.848634,SUCCESS,,1,1,4,False
TXN006396,CUST0260,MERCHANT005,40096.21,WALLET,2026-08-18 11:28:51.848634,FAILED,Timeout,3,10,0,False
TXN006397,CUST0535,MERCHANT002,8650.07,WALLET,2026-08-22 03:12:56.848634,SUCCESS,,1,8,2,False
TXN006398,CUST0659,MERCHANT007,10917.02,WALLET,2026-08-21 11:05:43.848634,SUCCESS,,1,2,2,False
TXN006399,CUST0165,MERCHANT008,14026.34,UPI,2026-08-21 14:41:24.848634,SUCCESS,,1,8,2,False
TXN006400,CUST0589,MERCHANT007,47802.37,WALLET,2026-08-18 20:23:29.848634,SUCCESS,,1,16,1,False
TXN006401,CUST0077,MERCHANT002,44968.42,NETBANKING,2026-08-21 18:18:47.848634,SUCCESS,,1,16,5,False
TXN006402,CUST1789,MERCHANT010,25916.81,WALLET,2026-08-22 16:21:41.848634,SUCCESS,,1,19,1,False
TXN006403,CUST1560,MERCHANT005,29771.65,UPI,2026-08-24 05:08:34.848634,SUCCESS,,1,14,5,False
TXN006404,CUST1112,MERCHANT006,22006.48,UPI,2026-08-22 19:48:59.848634,SUCCESS,,1,5,1,False
TXN006405,CUST0614,MERCHANT003,15323.26,CARD,2026-08-19 18:51:35.848634,SUCCESS,,1,13,3,False
TXN006406,CUST1634,MERCHANT007,4988.98,CARD,2026-08-19 11:06:06.848634,SUCCESS,,1,13,4,False
TXN006407,CUST0698,MERCHANT004,510.78,UPI,2026-08-20 01:23:53.848634,SUCCESS,,1,3,3,False
TXN006408,CUST1548,MERCHANT007,46515.39,NETBANKING,2026-08-19 02:34:19.848634,SUCCESS,,1,2,4,False
TXN006409,CUST1426,MERCHANT003,43437.89,NETBANKING,2026-08-21 10:58:01.848634,SUCCESS,,1,1,3,False
TXN006410,CUST0910,MERCHANT004,35925.69,CARD,2026-08-25 01:13:31.848634,SUCCESS,,1,11,3,False
TXN006411,CUST0585,MERCHANT010,29189.81,CARD,2026-08-23 08:50:52.848634,SUCCESS,,1,0,1,False
TXN006412,CUST1453,MERCHANT006,39505.96,WALLET,2026-08-23 17:18:25.848634,SUCCESS,,1,15,5,False
TXN006413,CUST0714,MERCHANT002,6574.18,NETBANKING,2026-08-20 06:59:59.848634,SUCCESS,,1,3,5,False
TXN006414,CUST0619,MERCHANT009,44417.3,UPI,2026-08-24 22:06:05.848634,SUCCESS,,1,6,4,False
TXN006415,CUST0224,MERCHANT010,13671.16,UPI,2026-08-24 06:59:32.848634,SUCCESS,,1,12,2,False
TXN006416,CUST0790,MERCHANT001,22259.52,NETBANKING,2026-08-22 22:16:03.848634,SUCCESS,,1,19,3,False
TXN006417,CUST1045,MERCHANT006,2502.23,WALLET,2026-08-19 05:43:54.848634,SUCCESS,,1,15,5,False
TXN006418,CUST1943,MERCHANT003,45310.6,WALLET,2026-08-22 21:38:01.848634,SUCCESS,,1,0,3,False
TXN006419,CUST0892,MERCHANT005,12689.89,WALLET,2026-08-22 20:26:31.848634,SUCCESS,,1,10,0,False
TXN006420,CUST1621,MERCHANT008,42693.39,WALLET,2026-08-19 14:42:25.848634,SUCCESS,,1,8,2,False
TXN006421,CUST0975,MERCHANT008,25650.42,WALLET,2026-08-20 21:03:47.848634,SUCCESS,,1,19,0,False
TXN006422,CUST0671,MERCHANT006,21283.27,UPI,2026-08-23 06:55:46.848634,SUCCESS,,1,11,4,False
TXN006423,CUST0151,MERCHANT004,32546.0,CARD,2026-08-23 22:48:39.848634,SUCCESS,,1,3,1,False
TXN006424,CUST0520,MERCHANT007,35600.71,WALLET,2026-08-20 23:14:34.848634,SUCCESS,,1,15,4,False
TXN006425,CUST1067,MERCHANT008,43001.62,WALLET,2026-08-22 15:39:11.848634,SUCCESS,,1,2,5,False
TXN006426,CUST1651,MERCHANT001,1938.38,UPI,2026-08-21 14:30:11.848634,SUCCESS,,1,20,5,False
TXN006427,CUST1676,MERCHANT010,792.86,NETBANKING,2026-08-20 02:52:35.848634,SUCCESS,,1,10,0,False
TXN006428,CUST1989,MERCHANT001,17983.65,CARD,2026-08-23 16:32:39.848634,SUCCESS,,1,0,0,False
TXN006429,CUST0653,MERCHANT004,36360.91,CARD,2026-08-22 16:48:58.848634,SUCCESS,,1,7,4,False
TXN006430,CUST0402,MERCHANT009,42841.23,CARD,2026-08-24 04:20:17.848634,SUCCESS,,1,1,0,False
TXN006431,CUST0200,MERCHANT002,13866.46,CARD,2026-08-22 23:48:51.848634,SUCCESS,,1,16,2,False
TXN006432,CUST1199,MERCHANT006,40474.05,NETBANKING,2026-08-23 05:21:26.848634,SUCCESS,,1,4,4,False
TXN006433,CUST0319,MERCHANT005,40913.63,NETBANKING,2026-08-21 18:07:22.848634,SUCCESS,,1,11,1,False
TXN006434,CUST0071,MERCHANT003,47289.0,WALLET,2026-08-19 00:20:15.848634,SUCCESS,,1,9,5,False
TXN006435,CUST1340,MERCHANT010,19739.87,NETBANKING,2026-08-21 01:06:43.848634,SUCCESS,,1,1,4,False
TXN006436,CUST0468,MERCHANT004,42214.8,CARD,2026-08-19 15:37:57.848634,SUCCESS,,1,0,2,False
TXN006437,CUST1205,MERCHANT005,49188.02,CARD,2026-08-22 03:37:15.848634,SUCCESS,,1,12,3,False
TXN006438,CUST0009,MERCHANT004,17720.01,WALLET,2026-08-23 16:25:37.848634,SUCCESS,,1,19,5,False
TXN006439,CUST1077,MERCHANT010,16184.75,CARD,2026-08-23 02:04:20.848634,SUCCESS,,1,17,1,False
TXN006440,CUST0680,MERCHANT008,1085.58,WALLET,2026-08-22 15:51:32.848634,FAILED,Bank Declined,2,15,3,True
TXN006441,CUST1377,MERCHANT003,9505.76,NETBANKING,2026-08-22 10:35:46.848634,SUCCESS,,1,19,2,False
TXN006442,CUST0143,MERCHANT002,47075.33,CARD,2026-08-18 06:12:50.848634,SUCCESS,,1,11,1,False
TXN006443,CUST1911,MERCHANT004,30495.77,CARD,2026-08-18 09:50:09.848634,SUCCESS,,1,9,4,False
TXN006444,CUST0597,MERCHANT003,6708.55,WALLET,2026-08-24 22:23:52.848634,SUCCESS,,1,4,0,False
TXN006445,CUST0139,MERCHANT010,47984.1,NETBANKING,2026-08-19 09:00:51.848634,SUCCESS,,1,9,3,False
TXN006446,CUST0516,MERCHANT010,37766.71,WALLET,2026-08-24 11:39:21.848634,SUCCESS,,1,18,3,False
TXN006447,CUST1956,MERCHANT008,22875.84,WALLET,2026-08-21 11:20:36.848634,FAILED,Technical Error,1,8,5,True
TXN006448,CUST0784,MERCHANT002,30790.81,NETBANKING,2026-08-19 13:19:10.848634,SUCCESS,,1,19,1,False
TXN006449,CUST0116,MERCHANT006,42157.37,CARD,2026-08-22 13:33:44.848634,SUCCESS,,1,20,5,False
TXN006450,CUST1320,MERCHANT007,29479.54,UPI,2026-08-18 04:16:22.848634,SUCCESS,,1,19,3,False
TXN006451,CUST1400,MERCHANT007,31072.77,UPI,2026-08-19 09:32:47.848634,SUCCESS,,1,17,2,False
TXN006452,CUST0072,MERCHANT010,2470.23,UPI,2026-08-23 15:24:50.848634,SUCCESS,,1,3,2,False
TXN006453,CUST1336,MERCHANT005,26824.89,CARD,2026-08-20 07:34:28.848634,SUCCESS,,1,15,4,False
TXN006454,CUST0148,MERCHANT009,18522.42,CARD,2026-08-20 16:43:29.848634,SUCCESS,,1,12,3,False
TXN006455,CUST0295,MERCHANT010,48030.6,UPI,2026-08-23 08:58:39.848634,SUCCESS,,1,11,0,False
TXN006456,CUST1998,MERCHANT008,2152.92,UPI,2026-08-24 14:51:31.848634,SUCCESS,,1,7,0,False
TXN006457,CUST1135,MERCHANT001,13416.91,NETBANKING,2026-08-19 14:09:54.848634,SUCCESS,,1,17,2,False
TXN006458,CUST0819,MERCHANT001,39167.42,UPI,2026-08-22 08:51:51.848634,SUCCESS,,1,19,0,False
TXN006459,CUST0769,MERCHANT008,41221.85,WALLET,2026-08-21 03:34:35.848634,SUCCESS,,1,3,1,False
TXN006460,CUST1984,MERCHANT004,48270.22,CARD,2026-08-18 22:07:18.848634,SUCCESS,,1,0,4,False
TXN006461,CUST1984,MERCHANT002,48726.92,NETBANKING,2026-08-22 14:38:25.848634,SUCCESS,,1,11,1,False
TXN006462,CUST0005,MERCHANT001,48043.21,NETBANKING,2026-08-24 11:31:41.848634,SUCCESS,,1,18,1,False
TXN006463,CUST1156,MERCHANT004,16239.33,WALLET,2026-08-20 02:31:04.848634,SUCCESS,,1,11,4,False
TXN006464,CUST0651,MERCHANT007,41391.77,CARD,2026-08-18 14:32:42.848634,SUCCESS,,1,9,4,False
TXN006465,CUST1770,MERCHANT006,16531.53,CARD,2026-08-18 10:17:08.848634,SUCCESS,,1,17,4,False
TXN006466,CUST0966,MERCHANT010,1908.88,WALLET,2026-08-19 15:05:38.848634,SUCCESS,,1,5,3,False
TXN006467,CUST0039,MERCHANT003,26150.24,UPI,2026-08-21 00:06:51.848634,SUCCESS,,1,14,3,False
TXN006468,CUST1847,MERCHANT008,46255.19,CARD,2026-08-19 06:29:09.848634,SUCCESS,,1,3,2,False
TXN006469,CUST0903,MERCHANT005,14652.91,UPI,2026-08-21 15:01:25.848634,SUCCESS,,1,15,1,False
TXN006470,CUST1121,MERCHANT005,9095.26,CARD,2026-08-23 08:14:31.848634,SUCCESS,,1,5,4,False
TXN006471,CUST0682,MERCHANT007,14479.19,UPI,2026-08-23 09:47:05.848634,SUCCESS,,1,7,3,False
TXN006472,CUST1531,MERCHANT001,20235.82,CARD,2026-08-19 09:45:23.848634,FAILED,Network Error,3,3,3,False
TXN006473,CUST0272,MERCHANT004,30258.04,WALLET,2026-08-22 19:18:11.848634,SUCCESS,,1,0,1,False
TXN006474,CUST0602,MERCHANT006,40164.78,NETBANKING,2026-08-23 00:12:09.848634,SUCCESS,,1,8,2,False
TXN006475,CUST0500,MERCHANT006,35111.12,WALLET,2026-08-21 23:41:19.848634,SUCCESS,,1,3,0,False
TXN006476,CUST0746,MERCHANT007,6699.29,CARD,2026-08-18 07:16:45.848634,FAILED,Insufficient Funds,3,8,1,False
TXN006477,CUST0513,MERCHANT010,16060.57,WALLET,2026-08-20 16:57:29.848634,SUCCESS,,1,20,2,False
TXN006478,CUST0292,MERCHANT007,26949.4,WALLET,2026-08-24 08:57:22.848634,SUCCESS,,1,6,2,False
TXN006479,CUST1835,MERCHANT007,39851.16,WALLET,2026-08-23 10:46:59.848634,SUCCESS,,1,19,4,False
TXN006480,CUST1726,MERCHANT001,10871.92,CARD,2026-08-22 08:00:02.848634,SUCCESS,,1,17,4,False
TXN006481,CUST1344,MERCHANT002,38342.73,CARD,2026-08-21 13:04:16.848634,SUCCESS,,1,6,3,False
TXN006482,CUST0273,MERCHANT010,34621.8,WALLET,2026-08-24 23:03:21.848634,SUCCESS,,1,4,1,False
TXN006483,CUST0725,MERCHANT004,28704.4,UPI,2026-08-18 11:32:20.848634,SUCCESS,,1,3,4,False
TXN006484,CUST1793,MERCHANT008,6544.53,UPI,2026-08-20 10:03:26.848634,SUCCESS,,1,15,0,False
TXN006485,CUST1916,MERCHANT009,38018.76,CARD,2026-08-18 22:48:00.848634,SUCCESS,,1,11,3,False
TXN006486,CUST1620,MERCHANT005,39705.46,NETBANKING,2026-08-18 03:59:11.848634,SUCCESS,,1,16,4,False
TXN006487,CUST0232,MERCHANT008,47034.57,NETBANKING,2026-08-24 01:01:12.848634,SUCCESS,,1,16,3,False
TXN006488,CUST1755,MERCHANT008,40666.09,CARD,2026-08-21 02:05:52.848634,SUCCESS,,1,4,3,False
TXN006489,CUST0042,MERCHANT004,29962.11,UPI,2026-08-22 16:03:34.848634,SUCCESS,,1,9,4,False
TXN006490,CUST0012,MERCHANT005,2522.11,UPI,2026-08-24 18:31:51.848634,FAILED,Bank Declined,3,11,3,False
TXN006491,CUST1385,MERCHANT007,28982.22,CARD,2026-08-19 10:07:39.848634,SUCCESS,,1,13,1,False
TXN006492,CUST1059,MERCHANT004,45776.44,WALLET,2026-08-21 21:45:39.848634,SUCCESS,,1,20,0,False
TXN006493,CUST1013,MERCHANT010,32782.26,WALLET,2026-08-21 18:36:49.848634,SUCCESS,,1,15,0,False
TXN006494,CUST0554,MERCHANT010,24486.75,UPI,2026-08-20 14:47:13.848634,SUCCESS,,1,5,4,False
TXN006495,CUST0953,MERCHANT009,47146.63,NETBANKING,2026-08-21 17:50:16.848634,FAILED,Bank Declined,3,8,5,False
TXN006496,CUST1891,MERCHANT002,10938.6,NETBANKING,2026-08-21 07:48:08.848634,SUCCESS,,1,4,1,False
TXN006497,CUST1932,MERCHANT001,1847.18,WALLET,2026-08-21 15:56:42.848634,SUCCESS,,1,3,4,False
TXN006498,CUST0039,MERCHANT006,10319.86,WALLET,2026-08-18 08:52:28.848634,SUCCESS,,1,7,1,False
TXN006499,CUST1517,MERCHANT003,39262.21,WALLET,2026-08-19 09:55:15.848634,SUCCESS,,1,5,0,False
TXN006500,CUST1541,MERCHANT006,33326.2,CARD,2026-08-19 08:25:50.848634,SUCCESS,,1,3,0,False
TXN006501,CUST0223,MERCHANT003,8685.92,UPI,2026-08-18 23:25:58.848634,SUCCESS,,1,3,1,False
TXN006502,CUST0530,MERCHANT006,18796.04,WALLET,2026-08-18 19:12:57.848634,SUCCESS,,1,5,2,False
TXN006503,CUST1175,MERCHANT002,45811.33,UPI,2026-08-22 01:22:39.848634,SUCCESS,,1,0,5,False
TXN006504,CUST1129,MERCHANT006,5377.2,WALLET,2026-08-18 06:22:53.848634,SUCCESS,,1,11,4,False
TXN006505,CUST1824,MERCHANT006,2326.89,CARD,2026-08-24 23:02:58.848634,SUCCESS,,1,15,5,False
TXN006506,CUST0110,MERCHANT002,46580.03,NETBANKING,2026-08-20 16:19:39.848634,SUCCESS,,1,16,2,False
TXN006507,CUST0933,MERCHANT005,45662.28,WALLET,2026-08-18 20:04:26.848634,SUCCESS,,1,6,5,False
TXN006508,CUST0186,MERCHANT008,15018.14,UPI,2026-08-21 16:43:13.848634,SUCCESS,,1,14,2,False
TXN006509,CUST1175,MERCHANT006,152.33,NETBANKING,2026-08-19 00:22:08.848634,SUCCESS,,1,4,2,False
TXN006510,CUST1990,MERCHANT005,14632.56,WALLET,2026-08-19 02:35:02.848634,SUCCESS,,1,17,1,False
TXN006511,CUST1527,MERCHANT001,38074.65,WALLET,2026-08-20 02:44:43.848634,SUCCESS,,1,6,4,False
TXN006512,CUST0061,MERCHANT006,13003.19,CARD,2026-08-18 14:33:58.848634,SUCCESS,,1,18,5,False
TXN006513,CUST1107,MERCHANT005,25863.27,WALLET,2026-08-24 02:40:29.848634,SUCCESS,,1,19,1,False
TXN006514,CUST1404,MERCHANT006,41756.29,WALLET,2026-08-23 02:30:23.848634,SUCCESS,,1,17,0,False
TXN006515,CUST1363,MERCHANT003,44194.65,WALLET,2026-08-21 01:47:21.848634,SUCCESS,,1,1,2,False
TXN006516,CUST1337,MERCHANT003,6867.72,CARD,2026-08-19 13:39:32.848634,SUCCESS,,1,7,4,False
TXN006517,CUST0243,MERCHANT009,24792.77,NETBANKING,2026-08-22 14:05:43.848634,SUCCESS,,1,8,1,False
TXN006518,CUST0860,MERCHANT010,24047.52,WALLET,2026-08-21 00:13:26.848634,SUCCESS,,1,16,4,False
TXN006519,CUST0672,MERCHANT008,11229.46,CARD,2026-08-19 11:08:36.848634,SUCCESS,,1,11,3,False
TXN006520,CUST1670,MERCHANT005,42339.11,UPI,2026-08-21 10:52:36.848634,SUCCESS,,1,8,2,False
TXN006521,CUST0781,MERCHANT006,44292.36,WALLET,2026-08-23 20:06:33.848634,FAILED,Bank Declined,3,8,5,False
TXN006522,CUST1633,MERCHANT001,36574.09,WALLET,2026-08-19 18:15:24.848634,SUCCESS,,1,3,4,False
TXN006523,CUST0375,MERCHANT003,40647.93,CARD,2026-08-21 12:09:04.848634,SUCCESS,,1,5,2,False
TXN006524,CUST1983,MERCHANT003,47947.24,CARD,2026-08-23 07:05:10.848634,SUCCESS,,1,13,1,False
TXN006525,CUST1034,MERCHANT008,12051.85,NETBANKING,2026-08-19 18:35:28.848634,SUCCESS,,1,11,1,False
TXN006526,CUST0141,MERCHANT009,44991.49,NETBANKING,2026-08-25 01:12:51.848634,SUCCESS,,1,1,0,False
TXN006527,CUST1720,MERCHANT003,45755.3,WALLET,2026-08-19 05:41:18.848634,SUCCESS,,1,14,2,False
TXN006528,CUST1347,MERCHANT006,43717.22,NETBANKING,2026-08-24 05:59:57.848634,SUCCESS,,1,4,5,False
TXN006529,CUST0712,MERCHANT001,37508.12,UPI,2026-08-23 13:15:56.848634,SUCCESS,,1,10,2,False
TXN006530,CUST0685,MERCHANT005,15637.62,WALLET,2026-08-22 19:49:48.848634,SUCCESS,,1,19,3,False
TXN006531,CUST1942,MERCHANT001,38071.84,WALLET,2026-08-19 09:22:23.848634,SUCCESS,,1,16,3,False
TXN006532,CUST1967,MERCHANT001,33917.34,NETBANKING,2026-08-21 21:44:07.848634,SUCCESS,,1,18,5,False
TXN006533,CUST0011,MERCHANT002,12006.25,UPI,2026-08-23 05:19:56.848634,SUCCESS,,1,14,2,False
TXN006534,CUST0703,MERCHANT007,35586.27,WALLET,2026-08-23 21:47:09.848634,SUCCESS,,1,18,4,False
TXN006535,CUST0010,MERCHANT003,4959.33,NETBANKING,2026-08-18 23:08:40.848634,SUCCESS,,1,14,1,False
TXN006536,CUST1446,MERCHANT010,6630.91,UPI,2026-08-18 11:48:54.848634,SUCCESS,,1,17,5,False
TXN006537,CUST1712,MERCHANT009,49756.03,WALLET,2026-08-20 09:15:50.848634,SUCCESS,,1,3,2,False
TXN006538,CUST1155,MERCHANT008,2874.0,CARD,2026-08-23 06:31:37.848634,SUCCESS,,1,15,0,False
TXN006539,CUST1976,MERCHANT003,11827.22,NETBANKING,2026-08-21 05:39:22.848634,SUCCESS,,1,15,5,False
TXN006540,CUST1227,MERCHANT005,11199.83,NETBANKING,2026-08-20 16:06:18.848634,SUCCESS,,1,4,0,False
TXN006541,CUST1117,MERCHANT004,49900.08,UPI,2026-08-24 12:39:54.848634,SUCCESS,,1,2,0,False
TXN006542,CUST0365,MERCHANT009,12297.14,NETBANKING,2026-08-21 21:29:10.848634,SUCCESS,,1,17,1,False
TXN006543,CUST1438,MERCHANT008,23317.84,NETBANKING,2026-08-21 22:41:20.848634,SUCCESS,,1,9,2,False
TXN006544,CUST0023,MERCHANT006,20062.17,WALLET,2026-08-21 11:03:01.848634,SUCCESS,,1,2,3,False
TXN006545,CUST1012,MERCHANT002,6510.76,NETBANKING,2026-08-23 14:17:30.848634,SUCCESS,,1,16,2,False
TXN006546,CUST0744,MERCHANT008,36908.17,NETBANKING,2026-08-23 15:57:40.848634,SUCCESS,,1,16,5,False
TXN006547,CUST1725,MERCHANT008,13520.13,NETBANKING,2026-08-23 15:38:16.848634,SUCCESS,,1,3,3,False
TXN006548,CUST1999,MERCHANT009,47262.78,CARD,2026-08-23 03:34:16.848634,SUCCESS,,1,16,4,False
TXN006549,CUST0321,MERCHANT004,21639.41,WALLET,2026-08-20 03:46:03.848634,SUCCESS,,1,19,0,False
TXN006550,CUST0799,MERCHANT004,29684.01,WALLET,2026-08-20 13:04:00.848634,SUCCESS,,1,7,1,False
TXN006551,CUST0859,MERCHANT007,12766.4,NETBANKING,2026-08-23 21:37:42.848634,SUCCESS,,1,4,2,False
TXN006552,CUST0902,MERCHANT002,7363.64,UPI,2026-08-21 06:19:47.848634,SUCCESS,,1,19,2,False
TXN006553,CUST1777,MERCHANT005,7753.9,NETBANKING,2026-08-20 06:09:44.848634,SUCCESS,,1,7,1,False
TXN006554,CUST1172,MERCHANT009,1760.17,WALLET,2026-08-19 06:02:29.848634,SUCCESS,,1,17,4,False
TXN006555,CUST0817,MERCHANT009,374.21,WALLET,2026-08-22 19:10:02.848634,SUCCESS,,1,14,1,False
TXN006556,CUST0532,MERCHANT008,46033.05,NETBANKING,2026-08-23 05:20:45.848634,SUCCESS,,1,14,3,False
TXN006557,CUST1258,MERCHANT010,21721.42,WALLET,2026-08-24 07:32:12.848634,SUCCESS,,1,19,5,False
TXN006558,CUST1192,MERCHANT006,29445.76,NETBANKING,2026-08-21 04:35:04.848634,SUCCESS,,1,15,2,False
TXN006559,CUST0173,MERCHANT002,11316.43,UPI,2026-08-22 12:27:47.848634,SUCCESS,,1,8,5,False
TXN006560,CUST1400,MERCHANT010,13474.03,UPI,2026-08-20 11:54:30.848634,SUCCESS,,1,14,3,False
TXN006561,CUST0128,MERCHANT006,14785.64,WALLET,2026-08-24 16:58:13.848634,SUCCESS,,1,18,2,False
TXN006562,CUST0701,MERCHANT006,35890.08,WALLET,2026-08-19 11:13:03.848634,SUCCESS,,1,16,4,False
TXN006563,CUST1435,MERCHANT005,1908.86,CARD,2026-08-23 13:49:54.848634,SUCCESS,,1,17,2,False
TXN006564,CUST1657,MERCHANT002,17205.72,WALLET,2026-08-21 13:47:50.848634,SUCCESS,,1,0,4,False
TXN006565,CUST1955,MERCHANT006,6316.33,CARD,2026-08-22 01:45:01.848634,SUCCESS,,1,17,0,False
TXN006566,CUST0113,MERCHANT001,32778.87,WALLET,2026-08-19 12:54:05.848634,SUCCESS,,1,11,4,False
TXN006567,CUST0674,MERCHANT003,10145.82,NETBANKING,2026-08-20 09:34:27.848634,SUCCESS,,1,3,0,False
TXN006568,CUST0600,MERCHANT005,46647.43,WALLET,2026-08-18 09:51:10.848634,SUCCESS,,1,3,3,False
TXN006569,CUST1189,MERCHANT009,29702.28,NETBANKING,2026-08-22 13:24:10.848634,SUCCESS,,1,2,5,False
TXN006570,CUST0967,MERCHANT005,754.1,WALLET,2026-08-23 06:41:59.848634,SUCCESS,,1,20,5,False
TXN006571,CUST1017,MERCHANT010,6536.63,CARD,2026-08-19 13:46:42.848634,SUCCESS,,1,16,5,False
TXN006572,CUST0247,MERCHANT006,49448.2,NETBANKING,2026-08-19 05:49:23.848634,SUCCESS,,1,12,2,False
TXN006573,CUST1651,MERCHANT007,1656.49,NETBANKING,2026-08-24 23:09:51.848634,SUCCESS,,1,16,1,False
TXN006574,CUST1433,MERCHANT006,32750.79,WALLET,2026-08-18 17:27:21.848634,SUCCESS,,1,8,0,False
TXN006575,CUST0351,MERCHANT003,8562.39,UPI,2026-08-23 14:26:08.848634,SUCCESS,,1,15,1,False
TXN006576,CUST0510,MERCHANT003,15132.53,WALLET,2026-08-24 21:11:43.848634,SUCCESS,,1,18,4,False
TXN006577,CUST0677,MERCHANT009,30664.81,WALLET,2026-08-19 09:44:11.848634,SUCCESS,,1,18,3,False
TXN006578,CUST0747,MERCHANT006,32178.1,NETBANKING,2026-08-19 12:00:57.848634,SUCCESS,,1,13,4,False
TXN006579,CUST0552,MERCHANT003,12035.38,WALLET,2026-08-24 11:19:43.848634,SUCCESS,,1,2,4,False
TXN006580,CUST0836,MERCHANT001,30937.62,WALLET,2026-08-23 19:38:51.848634,FAILED,Timeout,1,15,2,True
TXN006581,CUST1582,MERCHANT004,1021.79,NETBANKING,2026-08-20 20:10:08.848634,SUCCESS,,1,14,0,False
TXN006582,CUST1435,MERCHANT009,31995.41,NETBANKING,2026-08-22 03:40:52.848634,SUCCESS,,1,1,0,False
TXN006583,CUST0993,MERCHANT001,46566.39,UPI,2026-08-20 21:29:49.848634,SUCCESS,,1,6,4,False
TXN006584,CUST1987,MERCHANT006,6807.24,CARD,2026-08-23 12:29:19.848634,SUCCESS,,1,13,3,False
TXN006585,CUST0865,MERCHANT007,12725.74,UPI,2026-08-23 19:31:39.848634,SUCCESS,,1,9,1,False
TXN006586,CUST1253,MERCHANT005,49302.41,WALLET,2026-08-22 15:22:49.848634,SUCCESS,,1,20,5,False
TXN006587,CUST0571,MERCHANT003,35352.7,UPI,2026-08-20 10:51:22.848634,SUCCESS,,1,13,3,False
TXN006588,CUST0761,MERCHANT002,4186.52,NETBANKING,2026-08-20 02:38:10.848634,SUCCESS,,1,5,4,False
TXN006589,CUST0858,MERCHANT006,17931.41,UPI,2026-08-24 03:43:35.848634,SUCCESS,,1,1,3,False
TXN006590,CUST1597,MERCHANT010,45254.47,CARD,2026-08-18 03:11:55.848634,SUCCESS,,1,15,2,False
TXN006591,CUST1592,MERCHANT008,15470.0,NETBANKING,2026-08-19 07:53:26.848634,SUCCESS,,1,14,0,False
TXN006592,CUST1711,MERCHANT008,5905.76,NETBANKING,2026-08-18 18:20:48.848634,SUCCESS,,1,1,1,False
TXN006593,CUST0658,MERCHANT004,11031.11,UPI,2026-08-20 06:07:53.848634,SUCCESS,,1,13,4,False
TXN006594,CUST1183,MERCHANT005,34478.83,UPI,2026-08-20 20:48:01.848634,SUCCESS,,1,5,4,False
TXN006595,CUST1973,MERCHANT008,33478.68,WALLET,2026-08-19 18:14:50.848634,SUCCESS,,1,10,5,False
TXN006596,CUST0185,MERCHANT010,25897.93,WALLET,2026-08-20 19:34:28.848634,SUCCESS,,1,4,3,False
TXN006597,CUST0901,MERCHANT004,16303.51,WALLET,2026-08-22 10:15:18.848634,SUCCESS,,1,13,1,False
TXN006598,CUST0809,MERCHANT008,16199.01,NETBANKING,2026-08-24 10:03:02.848634,SUCCESS,,1,1,4,False
TXN006599,CUST1657,MERCHANT008,42893.33,UPI,2026-08-21 03:51:17.848634,SUCCESS,,1,4,4,False
TXN006600,CUST1067,MERCHANT006,17817.05,UPI,2026-08-23 12:11:51.848634,SUCCESS,,1,15,1,False
TXN006601,CUST1427,MERCHANT004,37982.49,CARD,2026-08-23 09:03:47.848634,SUCCESS,,1,14,5,False
TXN006602,CUST1169,MERCHANT003,48942.86,CARD,2026-08-22 08:41:44.848634,SUCCESS,,1,6,1,False
TXN006603,CUST1622,MERCHANT009,32741.7,UPI,2026-08-23 14:43:26.848634,FAILED,Technical Error,1,2,3,True
TXN006604,CUST1362,MERCHANT002,16640.73,UPI,2026-08-24 13:29:50.848634,SUCCESS,,1,3,3,False
TXN006605,CUST0230,MERCHANT008,14026.38,UPI,2026-08-18 14:45:48.848634,SUCCESS,,1,8,2,False
TXN006606,CUST1620,MERCHANT003,45561.11,UPI,2026-08-24 13:16:07.848634,SUCCESS,,1,14,0,False
TXN006607,CUST0658,MERCHANT004,25015.15,WALLET,2026-08-19 10:58:06.848634,SUCCESS,,1,6,5,False
TXN006608,CUST1062,MERCHANT003,26411.91,CARD,2026-08-21 16:37:23.848634,SUCCESS,,1,18,1,False
TXN006609,CUST1699,MERCHANT010,42525.05,NETBANKING,2026-08-21 06:12:50.848634,SUCCESS,,1,12,3,False
TXN006610,CUST1271,MERCHANT003,17388.6,NETBANKING,2026-08-19 08:53:51.848634,SUCCESS,,1,8,0,False
TXN006611,CUST1209,MERCHANT007,36664.75,NETBANKING,2026-08-21 11:18:26.848634,SUCCESS,,1,19,0,False
TXN006612,CUST0555,MERCHANT007,47055.01,CARD,2026-08-23 00:00:36.848634,SUCCESS,,1,12,2,False
TXN006613,CUST0591,MERCHANT001,7911.11,NETBANKING,2026-08-21 19:52:02.848634,SUCCESS,,1,16,5,False
TXN006614,CUST0894,MERCHANT004,49704.4,WALLET,2026-08-21 14:42:20.848634,SUCCESS,,1,10,3,False
TXN006615,CUST1562,MERCHANT009,30845.81,UPI,2026-08-22 03:10:16.848634,SUCCESS,,1,8,2,False
TXN006616,CUST0852,MERCHANT001,4205.54,UPI,2026-08-21 11:33:53.848634,SUCCESS,,1,16,3,False
TXN006617,CUST0818,MERCHANT003,21106.22,CARD,2026-08-21 06:37:46.848634,SUCCESS,,1,5,1,False
TXN006618,CUST1958,MERCHANT008,4821.37,NETBANKING,2026-08-21 21:15:13.848634,SUCCESS,,1,11,2,False
TXN006619,CUST0820,MERCHANT003,43689.84,CARD,2026-08-20 00:04:05.848634,SUCCESS,,1,20,4,False
TXN006620,CUST1409,MERCHANT008,8254.73,NETBANKING,2026-08-19 17:03:35.848634,SUCCESS,,1,12,1,False
TXN006621,CUST1998,MERCHANT007,7639.02,NETBANKING,2026-08-24 07:37:00.848634,SUCCESS,,1,20,0,False
TXN006622,CUST0387,MERCHANT004,29315.55,WALLET,2026-08-22 04:21:52.848634,SUCCESS,,1,2,5,False
TXN006623,CUST1582,MERCHANT002,48277.29,UPI,2026-08-21 10:02:39.848634,SUCCESS,,1,13,5,False
TXN006624,CUST1415,MERCHANT001,9708.92,WALLET,2026-08-19 12:27:31.848634,SUCCESS,,1,16,3,False
TXN006625,CUST0395,MERCHANT007,35317.13,WALLET,2026-08-23 20:06:14.848634,SUCCESS,,1,8,5,False
TXN006626,CUST0366,MERCHANT009,4582.95,CARD,2026-08-20 02:26:12.848634,FAILED,Technical Error,1,7,4,True
TXN006627,CUST0466,MERCHANT005,32294.51,UPI,2026-08-24 18:37:26.848634,SUCCESS,,1,15,5,False
TXN006628,CUST0913,MERCHANT005,18443.79,CARD,2026-08-21 22:09:48.848634,SUCCESS,,1,11,5,False
TXN006629,CUST1060,MERCHANT006,43015.59,UPI,2026-08-24 03:23:05.848634,SUCCESS,,1,19,4,False
TXN006630,CUST0261,MERCHANT003,18455.99,WALLET,2026-08-21 09:26:07.848634,SUCCESS,,1,10,3,False
TXN006631,CUST1056,MERCHANT010,42312.38,WALLET,2026-08-24 16:56:05.848634,SUCCESS,,1,2,5,False
TXN006632,CUST1940,MERCHANT005,48760.81,UPI,2026-08-18 18:52:33.848634,SUCCESS,,1,20,3,False
TXN006633,CUST2000,MERCHANT002,28923.93,UPI,2026-08-21 16:53:55.848634,SUCCESS,,1,9,5,False
TXN006634,CUST1678,MERCHANT007,42223.98,NETBANKING,2026-08-20 20:46:12.848634,SUCCESS,,1,8,5,False
TXN006635,CUST0601,MERCHANT005,36326.68,CARD,2026-08-23 08:33:22.848634,SUCCESS,,1,20,2,False
TXN006636,CUST1512,MERCHANT008,40134.83,UPI,2026-08-18 19:36:28.848634,SUCCESS,,1,5,2,False
TXN006637,CUST1382,MERCHANT008,30039.11,WALLET,2026-08-24 22:52:33.848634,SUCCESS,,1,1,2,False
TXN006638,CUST0622,MERCHANT010,48171.55,NETBANKING,2026-08-23 07:05:22.848634,SUCCESS,,1,0,5,False
TXN006639,CUST1512,MERCHANT006,34440.03,CARD,2026-08-20 01:48:57.848634,SUCCESS,,1,14,2,False
TXN006640,CUST0413,MERCHANT009,36436.87,NETBANKING,2026-08-21 03:49:20.848634,SUCCESS,,1,8,2,False
TXN006641,CUST1049,MERCHANT005,1821.77,CARD,2026-08-24 11:08:08.848634,SUCCESS,,1,8,2,False
TXN006642,CUST0925,MERCHANT003,29715.73,UPI,2026-08-21 10:57:45.848634,SUCCESS,,1,19,2,False
TXN006643,CUST0772,MERCHANT008,31159.38,CARD,2026-08-19 18:12:17.848634,SUCCESS,,1,20,1,False
TXN006644,CUST1889,MERCHANT010,17097.94,UPI,2026-08-20 04:34:18.848634,SUCCESS,,1,14,1,False
TXN006645,CUST1493,MERCHANT008,7413.2,WALLET,2026-08-23 23:12:34.848634,SUCCESS,,1,7,2,False
TXN006646,CUST0980,MERCHANT007,14768.42,WALLET,2026-08-19 20:49:29.848634,SUCCESS,,1,13,5,False
TXN006647,CUST0580,MERCHANT007,5985.66,NETBANKING,2026-08-20 16:21:21.848634,SUCCESS,,1,4,3,False
TXN006648,CUST0882,MERCHANT003,6260.24,WALLET,2026-08-20 05:34:07.848634,SUCCESS,,1,9,3,False
TXN006649,CUST0408,MERCHANT003,3207.45,NETBANKING,2026-08-25 01:08:22.848634,SUCCESS,,1,2,3,False
TXN006650,CUST0644,MERCHANT006,9069.16,CARD,2026-08-21 13:50:54.848634,SUCCESS,,1,15,1,False
TXN006651,CUST0461,MERCHANT009,34516.25,UPI,2026-08-25 00:55:02.848634,SUCCESS,,1,10,2,False
TXN006652,CUST0414,MERCHANT004,1083.15,WALLET,2026-08-22 06:46:35.848634,SUCCESS,,1,8,5,False
TXN006653,CUST1419,MERCHANT005,14451.25,WALLET,2026-08-18 16:50:19.848634,SUCCESS,,1,4,4,False
TXN006654,CUST1033,MERCHANT005,49159.72,CARD,2026-08-21 02:38:21.848634,SUCCESS,,1,6,3,False
TXN006655,CUST0712,MERCHANT005,9001.88,WALLET,2026-08-23 09:01:11.848634,SUCCESS,,1,0,4,False
TXN006656,CUST0203,MERCHANT005,13198.65,UPI,2026-08-21 22:01:55.848634,SUCCESS,,1,8,2,False
TXN006657,CUST0262,MERCHANT010,33701.65,CARD,2026-08-18 02:56:09.848634,SUCCESS,,1,17,3,False
TXN006658,CUST1140,MERCHANT009,32312.34,CARD,2026-08-20 10:53:56.848634,SUCCESS,,1,5,5,False
TXN006659,CUST0989,MERCHANT005,5121.11,NETBANKING,2026-08-22 20:40:43.848634,SUCCESS,,1,17,3,False
TXN006660,CUST1964,MERCHANT005,10007.65,UPI,2026-08-22 17:46:43.848634,SUCCESS,,1,0,4,False
TXN006661,CUST1487,MERCHANT005,31191.42,CARD,2026-08-21 19:25:35.848634,SUCCESS,,1,18,2,False
TXN006662,CUST0256,MERCHANT007,42561.64,NETBANKING,2026-08-18 18:40:29.848634,SUCCESS,,1,11,4,False
TXN006663,CUST1060,MERCHANT007,19232.94,WALLET,2026-08-24 19:21:54.848634,SUCCESS,,1,11,4,False
TXN006664,CUST1249,MERCHANT005,10012.41,WALLET,2026-08-23 05:20:22.848634,FAILED,Bank Declined,1,18,1,True
TXN006665,CUST1044,MERCHANT003,25805.82,NETBANKING,2026-08-19 06:23:55.848634,SUCCESS,,1,18,5,False
TXN006666,CUST1827,MERCHANT004,1410.91,CARD,2026-08-19 19:25:57.848634,SUCCESS,,1,3,2,False
TXN006667,CUST1870,MERCHANT004,27222.07,CARD,2026-08-22 03:42:21.848634,SUCCESS,,1,7,5,False
TXN006668,CUST1509,MERCHANT001,46462.43,WALLET,2026-08-18 22:43:49.848634,SUCCESS,,1,6,4,False
TXN006669,CUST1183,MERCHANT003,33672.54,NETBANKING,2026-08-24 10:35:49.848634,SUCCESS,,1,19,3,False
TXN006670,CUST1087,MERCHANT004,25819.36,CARD,2026-08-20 11:41:51.848634,SUCCESS,,1,12,2,False
TXN006671,CUST0310,MERCHANT010,28584.0,CARD,2026-08-19 01:08:30.848634,SUCCESS,,1,0,3,False
TXN006672,CUST0566,MERCHANT005,22297.1,UPI,2026-08-18 12:51:44.848634,SUCCESS,,1,6,3,False
TXN006673,CUST0826,MERCHANT010,35786.75,CARD,2026-08-20 20:55:43.848634,SUCCESS,,1,8,5,False
TXN006674,CUST1581,MERCHANT003,37344.24,UPI,2026-08-24 08:42:03.848634,SUCCESS,,1,16,1,False
TXN006675,CUST1636,MERCHANT001,27108.65,NETBANKING,2026-08-20 11:04:38.848634,SUCCESS,,1,15,4,False
TXN006676,CUST1179,MERCHANT005,13853.97,NETBANKING,2026-08-20 15:09:44.848634,SUCCESS,,1,0,5,False
TXN006677,CUST0123,MERCHANT007,27055.31,CARD,2026-08-22 22:01:21.848634,SUCCESS,,1,15,0,False
TXN006678,CUST1728,MERCHANT006,15613.68,CARD,2026-08-18 11:46:35.848634,SUCCESS,,1,10,3,False
TXN006679,CUST1111,MERCHANT008,33623.76,UPI,2026-08-23 03:51:21.848634,SUCCESS,,1,15,5,False
TXN006680,CUST1629,MERCHANT010,7314.61,UPI,2026-08-22 21:07:15.848634,SUCCESS,,1,15,4,False
TXN006681,CUST0043,MERCHANT010,2608.19,CARD,2026-08-21 04:48:06.848634,SUCCESS,,1,4,2,False
TXN006682,CUST0802,MERCHANT002,34598.63,WALLET,2026-08-19 15:04:55.848634,SUCCESS,,1,7,2,False
TXN006683,CUST0062,MERCHANT007,49404.93,WALLET,2026-08-21 13:50:38.848634,SUCCESS,,1,0,2,False
TXN006684,CUST1684,MERCHANT005,44341.26,UPI,2026-08-21 01:32:21.848634,SUCCESS,,1,6,3,False
TXN006685,CUST1059,MERCHANT010,40408.85,WALLET,2026-08-20 18:09:25.848634,SUCCESS,,1,6,3,False
TXN006686,CUST0167,MERCHANT008,23246.35,NETBANKING,2026-08-24 09:52:37.848634,FAILED,Timeout,2,6,3,True
TXN006687,CUST1997,MERCHANT004,32895.53,UPI,2026-08-23 01:10:46.848634,FAILED,Bank Declined,2,6,1,True
TXN006688,CUST0557,MERCHANT010,22959.4,NETBANKING,2026-08-18 22:03:02.848634,SUCCESS,,1,19,2,False
TXN006689,CUST1226,MERCHANT008,26112.92,UPI,2026-08-18 11:00:19.848634,SUCCESS,,1,6,0,False
TXN006690,CUST0781,MERCHANT001,47172.49,WALLET,2026-08-19 21:42:05.848634,SUCCESS,,1,6,5,False
TXN006691,CUST0828,MERCHANT007,19719.18,WALLET,2026-08-19 15:13:57.848634,SUCCESS,,1,9,5,False
TXN006692,CUST0409,MERCHANT002,24334.19,CARD,2026-08-22 13:43:39.848634,SUCCESS,,1,9,0,False
TXN006693,CUST1957,MERCHANT006,28560.42,WALLET,2026-08-24 22:58:15.848634,SUCCESS,,1,18,1,False
TXN006694,CUST1464,MERCHANT010,782.46,UPI,2026-08-22 15:51:43.848634,SUCCESS,,1,19,3,False
TXN006695,CUST0306,MERCHANT001,30802.32,CARD,2026-08-20 04:59:49.848634,FAILED,Network Error,2,10,0,True
TXN006696,CUST1916,MERCHANT005,31987.32,UPI,2026-08-24 13:06:21.848634,SUCCESS,,1,8,0,False
TXN006697,CUST1297,MERCHANT006,24668.94,UPI,2026-08-21 13:11:04.848634,SUCCESS,,1,4,4,False
TXN006698,CUST0391,MERCHANT006,43078.45,NETBANKING,2026-08-20 05:11:04.848634,SUCCESS,,1,5,1,False
TXN006699,CUST0296,MERCHANT009,19591.51,WALLET,2026-08-23 11:36:49.848634,SUCCESS,,1,4,2,False
TXN006700,CUST0413,MERCHANT004,17616.32,UPI,2026-08-19 17:05:24.848634,SUCCESS,,1,4,5,False
TXN006701,CUST1166,MERCHANT008,15249.41,NETBANKING,2026-08-23 06:03:21.848634,SUCCESS,,1,3,0,False
TXN006702,CUST0546,MERCHANT009,12429.57,WALLET,2026-08-19 06:32:02.848634,SUCCESS,,1,5,2,False
TXN006703,CUST1726,MERCHANT008,29068.9,NETBANKING,2026-08-23 02:39:14.848634,SUCCESS,,1,15,3,False
TXN006704,CUST1634,MERCHANT002,2619.14,CARD,2026-08-21 21:33:13.848634,FAILED,Bank Declined,3,9,0,False
TXN006705,CUST0713,MERCHANT008,29654.15,NETBANKING,2026-08-19 14:01:00.848634,SUCCESS,,1,18,5,False
TXN006706,CUST1871,MERCHANT010,14915.9,CARD,2026-08-23 19:58:13.848634,SUCCESS,,1,12,3,False
TXN006707,CUST0166,MERCHANT003,29225.14,UPI,2026-08-24 10:45:09.848634,SUCCESS,,1,3,2,False
TXN006708,CUST1416,MERCHANT010,14587.0,WALLET,2026-08-22 04:28:27.848634,SUCCESS,,1,4,0,False
TXN006709,CUST1728,MERCHANT007,7080.07,UPI,2026-08-25 00:34:21.848634,SUCCESS,,1,14,3,False
TXN006710,CUST0299,MERCHANT008,38807.72,NETBANKING,2026-08-19 10:56:49.848634,SUCCESS,,1,3,4,False
TXN006711,CUST1998,MERCHANT006,1084.04,WALLET,2026-08-21 20:08:44.848634,SUCCESS,,1,8,3,False
TXN006712,CUST1433,MERCHANT008,47397.89,NETBANKING,2026-08-20 16:57:35.848634,SUCCESS,,1,2,5,False
TXN006713,CUST0454,MERCHANT006,12986.07,UPI,2026-08-20 06:41:56.848634,SUCCESS,,1,9,1,False
TXN006714,CUST0112,MERCHANT004,8301.06,CARD,2026-08-23 13:29:57.848634,SUCCESS,,1,13,1,False
TXN006715,CUST0894,MERCHANT003,27824.43,NETBANKING,2026-08-18 18:29:11.848634,SUCCESS,,1,15,0,False
TXN006716,CUST1544,MERCHANT007,32680.15,CARD,2026-08-21 14:58:59.848634,SUCCESS,,1,11,2,False
TXN006717,CUST0439,MERCHANT003,44885.95,NETBANKING,2026-08-22 00:39:47.848634,SUCCESS,,1,13,0,False
TXN006718,CUST1815,MERCHANT003,31608.54,UPI,2026-08-22 20:42:53.848634,SUCCESS,,1,19,4,False
TXN006719,CUST0948,MERCHANT003,46365.51,UPI,2026-08-18 14:32:47.848634,SUCCESS,,1,13,5,False
TXN006720,CUST0387,MERCHANT004,11141.03,UPI,2026-08-20 09:01:53.848634,SUCCESS,,1,14,2,False
TXN006721,CUST0961,MERCHANT010,7833.67,WALLET,2026-08-23 11:02:21.848634,SUCCESS,,1,14,3,False
TXN006722,CUST0958,MERCHANT009,48712.04,NETBANKING,2026-08-20 09:32:04.848634,SUCCESS,,1,10,3,False
TXN006723,CUST0198,MERCHANT006,25769.11,UPI,2026-08-23 16:30:27.848634,SUCCESS,,1,10,4,False
TXN006724,CUST0471,MERCHANT006,11390.85,WALLET,2026-08-19 06:04:49.848634,SUCCESS,,1,12,0,False
TXN006725,CUST0206,MERCHANT008,44234.12,UPI,2026-08-21 23:09:08.848634,SUCCESS,,1,19,2,False
TXN006726,CUST0838,MERCHANT003,26398.31,NETBANKING,2026-08-19 03:57:05.848634,SUCCESS,,1,6,3,False
TXN006727,CUST0915,MERCHANT007,38201.64,NETBANKING,2026-08-23 00:33:01.848634,SUCCESS,,1,8,2,False
TXN006728,CUST0124,MERCHANT010,28487.41,CARD,2026-08-23 00:30:43.848634,SUCCESS,,1,9,1,False
TXN006729,CUST1631,MERCHANT005,3227.17,NETBANKING,2026-08-22 15:15:53.848634,SUCCESS,,1,12,1,False
TXN006730,CUST1926,MERCHANT007,43004.06,NETBANKING,2026-08-18 03:21:32.848634,SUCCESS,,1,3,2,False
TXN006731,CUST1534,MERCHANT010,24344.97,WALLET,2026-08-23 16:00:27.848634,SUCCESS,,1,12,5,False
TXN006732,CUST1644,MERCHANT001,3645.23,CARD,2026-08-19 01:03:44.848634,SUCCESS,,1,3,1,False
TXN006733,CUST1279,MERCHANT009,9777.5,WALLET,2026-08-19 03:13:24.848634,SUCCESS,,1,14,0,False
TXN006734,CUST1601,MERCHANT010,37650.29,CARD,2026-08-20 06:56:31.848634,SUCCESS,,1,1,3,False
TXN006735,CUST1854,MERCHANT008,34584.64,WALLET,2026-08-24 22:00:51.848634,SUCCESS,,1,20,4,False
TXN006736,CUST1816,MERCHANT001,47117.48,NETBANKING,2026-08-22 03:54:46.848634,SUCCESS,,1,15,5,False
TXN006737,CUST0438,MERCHANT003,16464.71,WALLET,2026-08-23 11:51:25.848634,SUCCESS,,1,16,0,False
TXN006738,CUST0563,MERCHANT001,31052.36,UPI,2026-08-24 00:19:39.848634,SUCCESS,,1,6,3,False
TXN006739,CUST0681,MERCHANT001,37584.05,CARD,2026-08-23 11:00:10.848634,SUCCESS,,1,5,5,False
TXN006740,CUST0636,MERCHANT006,31320.75,UPI,2026-08-23 21:58:09.848634,SUCCESS,,1,5,2,False
TXN006741,CUST0826,MERCHANT010,29005.99,CARD,2026-08-24 14:20:24.848634,SUCCESS,,1,12,0,False
TXN006742,CUST0297,MERCHANT003,12016.98,CARD,2026-08-21 05:03:42.848634,SUCCESS,,1,15,0,False
TXN006743,CUST0186,MERCHANT007,28643.5,WALLET,2026-08-24 04:42:54.848634,SUCCESS,,1,19,3,False
TXN006744,CUST1875,MERCHANT001,17242.65,CARD,2026-08-22 00:46:25.848634,SUCCESS,,1,11,3,False
TXN006745,CUST1958,MERCHANT010,47112.4,NETBANKING,2026-08-23 04:55:21.848634,SUCCESS,,1,13,2,False
TXN006746,CUST0381,MERCHANT009,33566.98,NETBANKING,2026-08-22 12:56:46.848634,SUCCESS,,1,7,3,False
TXN006747,CUST1550,MERCHANT004,41140.57,WALLET,2026-08-18 10:58:39.848634,SUCCESS,,1,10,3,False
TXN006748,CUST1331,MERCHANT005,7556.5,WALLET,2026-08-19 07:15:53.848634,SUCCESS,,1,3,3,False
TXN006749,CUST1563,MERCHANT001,45879.3,UPI,2026-08-20 03:17:31.848634,SUCCESS,,1,19,1,False
TXN006750,CUST0475,MERCHANT001,31763.65,CARD,2026-08-21 00:55:03.848634,SUCCESS,,1,0,0,False
TXN006751,CUST0579,MERCHANT010,14083.39,CARD,2026-08-20 16:47:11.848634,FAILED,Bank Declined,2,6,4,True
TXN006752,CUST0889,MERCHANT006,6738.3,UPI,2026-08-21 21:04:56.848634,SUCCESS,,1,16,0,False
TXN006753,CUST1994,MERCHANT001,3787.77,CARD,2026-08-18 10:29:11.848634,SUCCESS,,1,11,4,False
TXN006754,CUST0458,MERCHANT006,26908.22,CARD,2026-08-23 14:17:13.848634,SUCCESS,,1,13,2,False
TXN006755,CUST0757,MERCHANT002,1973.95,WALLET,2026-08-18 23:11:56.848634,SUCCESS,,1,1,2,False
TXN006756,CUST0519,MERCHANT006,10908.26,WALLET,2026-08-23 10:41:18.848634,FAILED,Bank Declined,1,18,2,True
TXN006757,CUST1939,MERCHANT010,15419.53,CARD,2026-08-18 22:55:49.848634,SUCCESS,,1,9,3,False
TXN006758,CUST1140,MERCHANT001,47840.39,WALLET,2026-08-22 09:31:27.848634,SUCCESS,,1,13,5,False
TXN006759,CUST0166,MERCHANT010,24089.96,WALLET,2026-08-21 23:05:14.848634,SUCCESS,,1,2,1,False
TXN006760,CUST0843,MERCHANT004,8359.04,CARD,2026-08-20 15:02:15.848634,SUCCESS,,1,18,1,False
TXN006761,CUST0669,MERCHANT002,28393.65,UPI,2026-08-24 03:27:39.848634,SUCCESS,,1,11,5,False
TXN006762,CUST0837,MERCHANT001,18099.13,WALLET,2026-08-23 02:12:42.848634,SUCCESS,,1,10,2,False
TXN006763,CUST0690,MERCHANT010,43948.11,NETBANKING,2026-08-21 21:57:24.848634,SUCCESS,,1,7,4,False
TXN006764,CUST1122,MERCHANT006,20897.54,CARD,2026-08-21 06:59:14.848634,SUCCESS,,1,0,5,False
TXN006765,CUST0385,MERCHANT006,36000.98,WALLET,2026-08-21 20:47:55.848634,SUCCESS,,1,0,5,False
TXN006766,CUST1842,MERCHANT003,34223.98,CARD,2026-08-20 21:33:45.848634,SUCCESS,,1,18,3,False
TXN006767,CUST1731,MERCHANT001,28348.06,NETBANKING,2026-08-23 19:50:08.848634,SUCCESS,,1,12,5,False
TXN006768,CUST0463,MERCHANT008,5930.56,WALLET,2026-08-23 12:49:14.848634,SUCCESS,,1,6,3,False
TXN006769,CUST1042,MERCHANT007,7967.68,CARD,2026-08-21 03:54:05.848634,SUCCESS,,1,2,3,False
TXN006770,CUST0926,MERCHANT008,21472.11,NETBANKING,2026-08-20 13:54:52.848634,SUCCESS,,1,11,1,False
TXN006771,CUST0848,MERCHANT010,9858.57,WALLET,2026-08-20 10:32:46.848634,SUCCESS,,1,13,4,False
TXN006772,CUST1824,MERCHANT001,24312.05,UPI,2026-08-24 10:17:01.848634,SUCCESS,,1,19,1,False
TXN006773,CUST1492,MERCHANT003,32271.59,UPI,2026-08-24 09:17:36.848634,SUCCESS,,1,7,2,False
TXN006774,CUST0594,MERCHANT009,17127.47,UPI,2026-08-24 10:26:27.848634,SUCCESS,,1,7,5,False
TXN006775,CUST0784,MERCHANT001,39802.82,CARD,2026-08-20 17:56:23.848634,SUCCESS,,1,5,5,False
TXN006776,CUST1732,MERCHANT006,2057.91,NETBANKING,2026-08-24 15:03:14.848634,SUCCESS,,1,0,0,False
TXN006777,CUST0358,MERCHANT001,22678.43,CARD,2026-08-24 10:31:08.848634,SUCCESS,,1,16,2,False
TXN006778,CUST0893,MERCHANT006,34006.86,NETBANKING,2026-08-20 22:38:13.848634,SUCCESS,,1,9,0,False
TXN006779,CUST1478,MERCHANT006,37647.18,NETBANKING,2026-08-24 05:11:38.848634,SUCCESS,,1,13,1,False
TXN006780,CUST0270,MERCHANT006,15852.26,CARD,2026-08-23 05:03:41.848634,FAILED,Technical Error,1,13,0,True
TXN006781,CUST0098,MERCHANT009,39928.84,UPI,2026-08-20 01:22:20.848634,SUCCESS,,1,7,1,False
TXN006782,CUST1993,MERCHANT001,49252.26,UPI,2026-08-23 08:27:09.848634,SUCCESS,,1,16,2,False
TXN006783,CUST1973,MERCHANT008,19698.71,NETBANKING,2026-08-19 06:00:00.848634,SUCCESS,,1,20,1,False
TXN006784,CUST1015,MERCHANT009,7369.93,NETBANKING,2026-08-22 17:35:36.848634,SUCCESS,,1,19,5,False
TXN006785,CUST0513,MERCHANT007,31185.35,NETBANKING,2026-08-21 02:25:26.848634,SUCCESS,,1,12,1,False
TXN006786,CUST1644,MERCHANT004,28518.75,NETBANKING,2026-08-22 18:07:55.848634,SUCCESS,,1,7,5,False
TXN006787,CUST1164,MERCHANT009,7703.6,CARD,2026-08-18 19:51:09.848634,SUCCESS,,1,5,3,False
TXN006788,CUST0234,MERCHANT008,6015.55,CARD,2026-08-22 13:00:14.848634,SUCCESS,,1,14,2,False
TXN006789,CUST0565,MERCHANT006,7299.49,WALLET,2026-08-19 23:38:13.848634,SUCCESS,,1,17,3,False
TXN006790,CUST1424,MERCHANT003,42844.55,UPI,2026-08-24 18:31:51.848634,SUCCESS,,1,19,3,False
TXN006791,CUST1811,MERCHANT003,1902.2,WALLET,2026-08-22 04:38:41.848634,SUCCESS,,1,7,4,False
TXN006792,CUST1240,MERCHANT004,33881.89,NETBANKING,2026-08-19 22:36:59.848634,SUCCESS,,1,4,4,False
TXN006793,CUST0397,MERCHANT005,20309.91,NETBANKING,2026-08-19 16:39:12.848634,SUCCESS,,1,15,1,False
TXN006794,CUST1213,MERCHANT001,15942.74,UPI,2026-08-23 19:53:17.848634,SUCCESS,,1,3,3,False
TXN006795,CUST1938,MERCHANT004,37561.9,WALLET,2026-08-20 23:40:57.848634,SUCCESS,,1,18,4,False
TXN006796,CUST1690,MERCHANT002,28101.3,NETBANKING,2026-08-19 03:39:17.848634,SUCCESS,,1,6,0,False
TXN006797,CUST0295,MERCHANT006,10458.78,CARD,2026-08-21 12:29:46.848634,SUCCESS,,1,4,5,False
TXN006798,CUST1471,MERCHANT003,44547.44,NETBANKING,2026-08-24 20:52:52.848634,SUCCESS,,1,0,3,False
TXN006799,CUST1611,MERCHANT007,4715.75,UPI,2026-08-22 15:35:28.848634,SUCCESS,,1,13,0,False
TXN006800,CUST0610,MERCHANT006,32165.45,CARD,2026-08-18 18:02:51.848634,SUCCESS,,1,10,2,False
TXN006801,CUST1354,MERCHANT010,29811.95,WALLET,2026-08-24 12:03:39.848634,SUCCESS,,1,8,5,False
TXN006802,CUST0992,MERCHANT005,39115.4,NETBANKING,2026-08-23 09:56:56.848634,SUCCESS,,1,12,1,False
TXN006803,CUST1399,MERCHANT002,18442.08,CARD,2026-08-18 11:04:20.848634,SUCCESS,,1,10,5,False
TXN006804,CUST0233,MERCHANT007,27933.27,CARD,2026-08-20 17:36:56.848634,SUCCESS,,1,13,3,False
TXN006805,CUST0071,MERCHANT006,18078.27,WALLET,2026-08-21 16:50:54.848634,SUCCESS,,1,8,1,False
TXN006806,CUST1980,MERCHANT003,19978.2,WALLET,2026-08-23 20:50:27.848634,SUCCESS,,1,19,2,False
TXN006807,CUST1951,MERCHANT002,39259.83,CARD,2026-08-20 17:01:36.848634,SUCCESS,,1,12,4,False
TXN006808,CUST0670,MERCHANT010,8590.26,NETBANKING,2026-08-20 16:29:57.848634,SUCCESS,,1,3,4,False
TXN006809,CUST0362,MERCHANT009,38411.33,UPI,2026-08-19 06:26:32.848634,SUCCESS,,1,4,2,False
TXN006810,CUST1756,MERCHANT001,38002.48,NETBANKING,2026-08-20 03:12:16.848634,SUCCESS,,1,0,2,False
TXN006811,CUST0080,MERCHANT008,47801.43,WALLET,2026-08-23 07:41:22.848634,SUCCESS,,1,6,4,False
TXN006812,CUST0775,MERCHANT003,6943.44,UPI,2026-08-21 11:09:53.848634,SUCCESS,,1,17,2,False
TXN006813,CUST1476,MERCHANT007,4063.21,UPI,2026-08-23 09:06:09.848634,SUCCESS,,1,6,1,False
TXN006814,CUST1946,MERCHANT009,10665.51,NETBANKING,2026-08-21 16:03:07.848634,SUCCESS,,1,16,4,False
TXN006815,CUST1642,MERCHANT008,44992.53,WALLET,2026-08-24 09:20:08.848634,SUCCESS,,1,10,1,False
TXN006816,CUST0291,MERCHANT009,18325.88,WALLET,2026-08-22 08:13:43.848634,SUCCESS,,1,11,1,False
TXN006817,CUST0138,MERCHANT004,45774.95,NETBANKING,2026-08-24 21:30:36.848634,SUCCESS,,1,6,5,False
TXN006818,CUST0119,MERCHANT010,45118.01,UPI,2026-08-21 06:12:03.848634,SUCCESS,,1,2,3,False
TXN006819,CUST1716,MERCHANT005,17259.98,CARD,2026-08-24 03:06:51.848634,SUCCESS,,1,10,3,False
TXN006820,CUST0089,MERCHANT001,37030.78,CARD,2026-08-22 14:05:00.848634,SUCCESS,,1,18,1,False
TXN006821,CUST1960,MERCHANT002,3763.1,NETBANKING,2026-08-24 19:14:11.848634,FAILED,Network Error,1,18,3,True
TXN006822,CUST1448,MERCHANT003,13507.02,WALLET,2026-08-18 03:26:45.848634,SUCCESS,,1,12,4,False
TXN006823,CUST1847,MERCHANT005,25008.31,UPI,2026-08-21 14:12:44.848634,SUCCESS,,1,10,4,False
TXN006824,CUST1657,MERCHANT002,41812.91,NETBANKING,2026-08-23 06:48:55.848634,SUCCESS,,1,17,5,False
TXN006825,CUST0512,MERCHANT002,21434.24,NETBANKING,2026-08-24 15:10:37.848634,SUCCESS,,1,10,0,False
TXN006826,CUST1189,MERCHANT009,35623.89,NETBANKING,2026-08-20 01:00:21.848634,SUCCESS,,1,4,5,False
TXN006827,CUST1323,MERCHANT007,1521.64,CARD,2026-08-20 18:06:34.848634,SUCCESS,,1,14,2,False
TXN006828,CUST1931,MERCHANT002,37553.49,CARD,2026-08-21 08:32:59.848634,FAILED,Timeout,2,1,4,True
TXN006829,CUST0774,MERCHANT007,48916.16,NETBANKING,2026-08-24 05:19:46.848634,SUCCESS,,1,20,0,False
TXN006830,CUST0416,MERCHANT006,18858.88,NETBANKING,2026-08-18 09:39:14.848634,SUCCESS,,1,0,1,False
TXN006831,CUST0152,MERCHANT002,40967.86,UPI,2026-08-19 12:14:04.848634,SUCCESS,,1,11,5,False
TXN006832,CUST1551,MERCHANT009,44805.09,CARD,2026-08-21 23:02:36.848634,SUCCESS,,1,9,3,False
TXN006833,CUST0768,MERCHANT001,21012.91,WALLET,2026-08-24 04:44:54.848634,SUCCESS,,1,19,2,False
TXN006834,CUST0691,MERCHANT007,12935.21,UPI,2026-08-19 21:06:05.848634,SUCCESS,,1,4,0,False
TXN006835,CUST1228,MERCHANT006,3292.6,WALLET,2026-08-21 04:51:00.848634,SUCCESS,,1,8,5,False
TXN006836,CUST0001,MERCHANT007,12209.7,NETBANKING,2026-08-22 10:18:47.848634,SUCCESS,,1,8,1,False
TXN006837,CUST1295,MERCHANT001,8865.09,NETBANKING,2026-08-24 18:22:48.848634,SUCCESS,,1,12,0,False
TXN006838,CUST1524,MERCHANT007,7683.12,UPI,2026-08-20 15:20:06.848634,SUCCESS,,1,17,4,False
TXN006839,CUST1206,MERCHANT005,26976.18,WALLET,2026-08-20 22:30:07.848634,SUCCESS,,1,1,2,False
TXN006840,CUST0917,MERCHANT010,39194.51,UPI,2026-08-18 13:37:54.848634,SUCCESS,,1,2,5,False
TXN006841,CUST0495,MERCHANT008,11040.71,CARD,2026-08-19 12:26:57.848634,SUCCESS,,1,0,1,False
TXN006842,CUST1104,MERCHANT003,25874.03,NETBANKING,2026-08-18 09:28:55.848634,SUCCESS,,1,8,3,False
TXN006843,CUST1554,MERCHANT002,13356.02,UPI,2026-08-21 05:51:12.848634,SUCCESS,,1,12,0,False
TXN006844,CUST0870,MERCHANT004,30924.51,WALLET,2026-08-23 15:43:53.848634,SUCCESS,,1,3,1,False
TXN006845,CUST1811,MERCHANT010,45563.79,CARD,2026-08-23 04:49:28.848634,SUCCESS,,1,5,0,False
TXN006846,CUST0394,MERCHANT001,31473.91,NETBANKING,2026-08-18 12:02:21.848634,SUCCESS,,1,16,1,False
TXN006847,CUST0669,MERCHANT003,40895.15,WALLET,2026-08-24 09:56:35.848634,SUCCESS,,1,1,2,False
TXN006848,CUST1628,MERCHANT002,29546.77,CARD,2026-08-18 08:24:13.848634,SUCCESS,,1,17,4,False
TXN006849,CUST0327,MERCHANT003,9769.99,NETBANKING,2026-08-19 14:00:23.848634,SUCCESS,,1,16,0,False
TXN006850,CUST0749,MERCHANT008,34165.82,CARD,2026-08-19 07:25:12.848634,SUCCESS,,1,1,3,False
TXN006851,CUST0716,MERCHANT010,20724.55,UPI,2026-08-21 21:41:50.848634,SUCCESS,,1,2,0,False
TXN006852,CUST0377,MERCHANT002,42264.85,UPI,2026-08-23 23:14:56.848634,FAILED,Bank Declined,3,2,0,False
TXN006853,CUST0119,MERCHANT003,3950.94,UPI,2026-08-24 19:50:45.848634,SUCCESS,,1,7,4,False
TXN006854,CUST0380,MERCHANT008,23170.67,WALLET,2026-08-18 12:15:41.848634,SUCCESS,,1,1,5,False
TXN006855,CUST0103,MERCHANT008,10113.19,NETBANKING,2026-08-19 23:11:48.848634,SUCCESS,,1,17,4,False
TXN006856,CUST1258,MERCHANT007,18377.06,UPI,2026-08-23 13:07:27.848634,SUCCESS,,1,13,4,False
TXN006857,CUST0770,MERCHANT003,37418.99,WALLET,2026-08-22 13:50:58.848634,SUCCESS,,1,7,2,False
TXN006858,CUST0122,MERCHANT002,4115.68,WALLET,2026-08-20 20:18:53.848634,SUCCESS,,1,17,4,False
TXN006859,CUST1642,MERCHANT005,47615.94,CARD,2026-08-22 05:23:45.848634,SUCCESS,,1,5,1,False
TXN006860,CUST0818,MERCHANT008,11330.02,UPI,2026-08-21 00:01:41.848634,SUCCESS,,1,16,5,False
TXN006861,CUST0280,MERCHANT006,39183.32,UPI,2026-08-24 17:28:20.848634,SUCCESS,,1,5,5,False
TXN006862,CUST1075,MERCHANT002,49872.18,WALLET,2026-08-20 19:57:40.848634,SUCCESS,,1,20,4,False
TXN006863,CUST0891,MERCHANT010,25294.62,WALLET,2026-08-22 03:34:40.848634,SUCCESS,,1,11,1,False
TXN006864,CUST1500,MERCHANT008,7708.94,CARD,2026-08-24 00:31:35.848634,SUCCESS,,1,2,4,False
TXN006865,CUST1559,MERCHANT010,22422.36,UPI,2026-08-20 03:37:29.848634,SUCCESS,,1,0,2,False
TXN006866,CUST0388,MERCHANT008,4646.47,NETBANKING,2026-08-18 09:36:21.848634,SUCCESS,,1,10,0,False
TXN006867,CUST0716,MERCHANT001,14276.43,NETBANKING,2026-08-20 03:13:15.848634,SUCCESS,,1,18,5,False
TXN006868,CUST0720,MERCHANT005,23291.77,UPI,2026-08-21 13:57:36.848634,SUCCESS,,1,9,5,False
TXN006869,CUST0948,MERCHANT002,2437.13,NETBANKING,2026-08-20 15:52:46.848634,SUCCESS,,1,17,4,False
TXN006870,CUST1803,MERCHANT005,42781.9,CARD,2026-08-22 16:42:44.848634,SUCCESS,,1,13,5,False
TXN006871,CUST1994,MERCHANT003,39281.28,CARD,2026-08-22 07:01:12.848634,SUCCESS,,1,14,5,False
TXN006872,CUST0996,MERCHANT005,7220.59,WALLET,2026-08-24 09:51:03.848634,SUCCESS,,1,6,4,False
TXN006873,CUST0252,MERCHANT002,6809.27,CARD,2026-08-18 16:38:34.848634,SUCCESS,,1,6,0,False
TXN006874,CUST0268,MERCHANT006,26825.04,NETBANKING,2026-08-22 10:02:44.848634,SUCCESS,,1,12,5,False
TXN006875,CUST0819,MERCHANT006,48049.64,UPI,2026-08-23 12:48:02.848634,FAILED,Network Error,3,6,3,False
TXN006876,CUST1020,MERCHANT007,12017.46,UPI,2026-08-24 00:22:20.848634,SUCCESS,,1,16,5,False
TXN006877,CUST0748,MERCHANT010,35916.33,UPI,2026-08-19 04:49:25.848634,SUCCESS,,1,3,2,False
TXN006878,CUST0765,MERCHANT005,24431.54,NETBANKING,2026-08-20 07:49:24.848634,SUCCESS,,1,2,5,False
TXN006879,CUST1832,MERCHANT003,38616.0,UPI,2026-08-18 15:55:30.848634,SUCCESS,,1,18,4,False
TXN006880,CUST0937,MERCHANT004,21962.48,CARD,2026-08-20 04:56:14.848634,SUCCESS,,1,12,0,False
TXN006881,CUST0038,MERCHANT010,33465.19,CARD,2026-08-24 18:01:54.848634,SUCCESS,,1,20,1,False
TXN006882,CUST0411,MERCHANT006,31441.74,UPI,2026-08-21 12:52:48.848634,SUCCESS,,1,3,1,False
TXN006883,CUST0579,MERCHANT003,11926.72,WALLET,2026-08-24 01:01:02.848634,SUCCESS,,1,12,5,False
TXN006884,CUST1061,MERCHANT009,43823.9,WALLET,2026-08-21 11:08:24.848634,SUCCESS,,1,12,3,False
TXN006885,CUST1164,MERCHANT007,49242.29,WALLET,2026-08-23 21:42:09.848634,SUCCESS,,1,20,1,False
TXN006886,CUST1271,MERCHANT010,31937.12,CARD,2026-08-18 06:01:45.848634,SUCCESS,,1,3,4,False
TXN006887,CUST0879,MERCHANT009,34524.94,CARD,2026-08-19 11:26:27.848634,SUCCESS,,1,7,4,False
TXN006888,CUST1169,MERCHANT004,30383.28,UPI,2026-08-24 10:58:51.848634,SUCCESS,,1,11,0,False
TXN006889,CUST1699,MERCHANT010,22775.33,UPI,2026-08-20 04:10:55.848634,SUCCESS,,1,7,2,False
TXN006890,CUST1414,MERCHANT003,19945.85,NETBANKING,2026-08-21 08:31:15.848634,SUCCESS,,1,17,2,False
TXN006891,CUST0589,MERCHANT008,13922.1,WALLET,2026-08-20 10:55:24.848634,SUCCESS,,1,3,4,False
TXN006892,CUST0118,MERCHANT007,45691.15,UPI,2026-08-20 23:39:25.848634,SUCCESS,,1,17,1,False
TXN006893,CUST1796,MERCHANT008,4937.39,CARD,2026-08-20 00:36:15.848634,SUCCESS,,1,0,5,False
TXN006894,CUST0233,MERCHANT010,26693.61,WALLET,2026-08-23 00:04:52.848634,SUCCESS,,1,17,3,False
TXN006895,CUST0565,MERCHANT002,23461.36,UPI,2026-08-19 17:09:10.848634,SUCCESS,,1,16,4,False
TXN006896,CUST0605,MERCHANT005,39853.96,CARD,2026-08-19 19:11:06.848634,SUCCESS,,1,4,1,False
TXN006897,CUST0638,MERCHANT004,7434.38,CARD,2026-08-21 13:04:25.848634,SUCCESS,,1,13,0,False
TXN006898,CUST1414,MERCHANT006,29241.33,NETBANKING,2026-08-20 07:01:41.848634,SUCCESS,,1,1,5,False
TXN006899,CUST0748,MERCHANT005,19988.86,CARD,2026-08-23 12:13:11.848634,SUCCESS,,1,2,0,False
TXN006900,CUST0316,MERCHANT010,49591.25,CARD,2026-08-19 05:53:47.848634,SUCCESS,,1,4,2,False
TXN006901,CUST1918,MERCHANT004,43667.26,NETBANKING,2026-08-20 16:36:44.848634,SUCCESS,,1,20,1,False
TXN006902,CUST0809,MERCHANT005,38264.9,CARD,2026-08-23 12:50:49.848634,SUCCESS,,1,2,0,False
TXN006903,CUST1498,MERCHANT003,30758.43,NETBANKING,2026-08-20 11:34:36.848634,SUCCESS,,1,16,5,False
TXN006904,CUST0380,MERCHANT005,16370.78,WALLET,2026-08-21 13:56:07.848634,SUCCESS,,1,13,4,False
TXN006905,CUST1914,MERCHANT008,32109.12,CARD,2026-08-21 20:40:51.848634,SUCCESS,,1,13,4,False
TXN006906,CUST0123,MERCHANT003,1200.55,CARD,2026-08-19 05:32:15.848634,SUCCESS,,1,17,0,False
TXN006907,CUST1152,MERCHANT004,29256.17,NETBANKING,2026-08-20 08:39:51.848634,SUCCESS,,1,9,0,False
TXN006908,CUST1983,MERCHANT010,9809.07,UPI,2026-08-21 06:32:30.848634,SUCCESS,,1,6,0,False
TXN006909,CUST1290,MERCHANT003,18966.23,NETBANKING,2026-08-21 00:16:44.848634,SUCCESS,,1,19,4,False
TXN006910,CUST0374,MERCHANT004,30977.73,UPI,2026-08-22 22:52:43.848634,SUCCESS,,1,6,0,False
TXN006911,CUST0340,MERCHANT001,33061.35,NETBANKING,2026-08-20 16:15:13.848634,SUCCESS,,1,2,2,False
TXN006912,CUST1696,MERCHANT001,13078.25,UPI,2026-08-22 06:38:10.848634,SUCCESS,,1,19,1,False
TXN006913,CUST0481,MERCHANT002,10168.56,UPI,2026-08-20 23:16:06.848634,SUCCESS,,1,13,5,False
TXN006914,CUST1003,MERCHANT001,34868.71,NETBANKING,2026-08-21 21:58:18.848634,SUCCESS,,1,19,0,False
TXN006915,CUST0847,MERCHANT001,30928.5,CARD,2026-08-23 08:24:08.848634,SUCCESS,,1,12,0,False
TXN006916,CUST0584,MERCHANT010,11066.9,WALLET,2026-08-19 14:05:09.848634,SUCCESS,,1,18,3,False
TXN006917,CUST1530,MERCHANT007,44448.85,CARD,2026-08-21 11:25:52.848634,SUCCESS,,1,9,4,False
TXN006918,CUST1282,MERCHANT001,20694.68,WALLET,2026-08-23 02:16:39.848634,SUCCESS,,1,20,4,False
TXN006919,CUST0097,MERCHANT002,25728.32,NETBANKING,2026-08-19 11:42:01.848634,SUCCESS,,1,19,2,False
TXN006920,CUST1684,MERCHANT009,21001.49,CARD,2026-08-21 00:46:48.848634,SUCCESS,,1,13,1,False
TXN006921,CUST1394,MERCHANT009,18952.18,CARD,2026-08-19 22:12:20.848634,SUCCESS,,1,12,4,False
TXN006922,CUST1901,MERCHANT002,37861.52,UPI,2026-08-23 06:58:57.848634,SUCCESS,,1,2,3,False
TXN006923,CUST0410,MERCHANT006,39401.83,CARD,2026-08-24 13:53:37.848634,SUCCESS,,1,12,0,False
TXN006924,CUST1799,MERCHANT007,19597.32,WALLET,2026-08-18 03:12:35.848634,SUCCESS,,1,5,1,False
TXN006925,CUST1512,MERCHANT003,28431.31,NETBANKING,2026-08-18 18:14:52.848634,SUCCESS,,1,13,0,False
TXN006926,CUST0336,MERCHANT002,9831.86,WALLET,2026-08-21 04:18:34.848634,SUCCESS,,1,3,4,False
TXN006927,CUST0596,MERCHANT009,19173.1,UPI,2026-08-22 21:38:34.848634,SUCCESS,,1,20,2,False
TXN006928,CUST1477,MERCHANT005,33141.63,WALLET,2026-08-24 09:46:09.848634,SUCCESS,,1,18,1,False
TXN006929,CUST0412,MERCHANT003,32352.49,CARD,2026-08-21 11:59:40.848634,SUCCESS,,1,7,3,False
TXN006930,CUST0007,MERCHANT004,19312.5,CARD,2026-08-20 16:57:50.848634,SUCCESS,,1,2,3,False
TXN006931,CUST0641,MERCHANT002,22103.27,NETBANKING,2026-08-19 16:10:59.848634,SUCCESS,,1,1,0,False
TXN006932,CUST1059,MERCHANT004,31559.72,CARD,2026-08-20 03:10:54.848634,SUCCESS,,1,15,2,False
TXN006933,CUST0527,MERCHANT002,11551.7,NETBANKING,2026-08-22 23:54:51.848634,SUCCESS,,1,14,2,False
TXN006934,CUST0931,MERCHANT007,37201.52,UPI,2026-08-21 05:08:53.848634,SUCCESS,,1,0,2,False
TXN006935,CUST0454,MERCHANT003,821.43,WALLET,2026-08-20 02:09:07.848634,SUCCESS,,1,11,1,False
TXN006936,CUST0882,MERCHANT008,33230.41,WALLET,2026-08-22 16:51:18.848634,SUCCESS,,1,14,0,False
TXN006937,CUST1811,MERCHANT010,1162.79,WALLET,2026-08-18 06:18:45.848634,SUCCESS,,1,10,4,False
TXN006938,CUST1535,MERCHANT010,16158.82,CARD,2026-08-23 07:09:18.848634,SUCCESS,,1,14,3,False
TXN006939,CUST0582,MERCHANT001,39565.66,WALLET,2026-08-22 00:11:21.848634,SUCCESS,,1,19,2,False
TXN006940,CUST0401,MERCHANT005,47317.06,CARD,2026-08-20 06:25:43.848634,SUCCESS,,1,5,3,False
TXN006941,CUST1872,MERCHANT001,29273.04,WALLET,2026-08-21 16:30:55.848634,FAILED,Timeout,1,10,1,True
TXN006942,CUST1319,MERCHANT004,19626.19,WALLET,2026-08-20 23:13:12.848634,SUCCESS,,1,4,3,False
TXN006943,CUST0908,MERCHANT005,5207.53,CARD,2026-08-24 16:15:04.848634,SUCCESS,,1,20,3,False
TXN006944,CUST0135,MERCHANT008,23478.32,CARD,2026-08-19 11:27:17.848634,SUCCESS,,1,11,2,False
TXN006945,CUST0576,MERCHANT010,24910.16,NETBANKING,2026-08-22 00:55:58.848634,SUCCESS,,1,17,3,False
TXN006946,CUST1106,MERCHANT008,27398.27,UPI,2026-08-18 07:04:42.848634,SUCCESS,,1,16,2,False
TXN006947,CUST0943,MERCHANT001,43060.51,CARD,2026-08-19 08:51:44.848634,SUCCESS,,1,19,5,False
TXN006948,CUST0684,MERCHANT009,9154.09,WALLET,2026-08-21 09:31:00.848634,SUCCESS,,1,8,1,False
TXN006949,CUST1183,MERCHANT007,29514.21,NETBANKING,2026-08-21 18:11:36.848634,SUCCESS,,1,4,4,False
TXN006950,CUST1884,MERCHANT009,18073.75,WALLET,2026-08-21 23:31:07.848634,SUCCESS,,1,17,3,False
TXN006951,CUST1717,MERCHANT009,38815.07,UPI,2026-08-19 01:28:14.848634,SUCCESS,,1,4,1,False
TXN006952,CUST0745,MERCHANT002,20606.27,NETBANKING,2026-08-22 18:39:34.848634,SUCCESS,,1,5,0,False
TXN006953,CUST0755,MERCHANT005,23706.02,NETBANKING,2026-08-20 13:00:02.848634,SUCCESS,,1,4,1,False
TXN006954,CUST1284,MERCHANT007,2887.73,NETBANKING,2026-08-23 17:26:12.848634,SUCCESS,,1,0,4,False
TXN006955,CUST0382,MERCHANT007,17420.94,CARD,2026-08-19 11:47:30.848634,SUCCESS,,1,20,5,False
TXN006956,CUST1008,MERCHANT001,23520.41,UPI,2026-08-23 18:28:43.848634,SUCCESS,,1,8,2,False
TXN006957,CUST1294,MERCHANT003,8824.35,NETBANKING,2026-08-18 03:15:01.848634,SUCCESS,,1,5,4,False
TXN006958,CUST0294,MERCHANT001,49175.77,CARD,2026-08-24 17:14:14.848634,SUCCESS,,1,13,5,False
TXN006959,CUST1555,MERCHANT007,37489.76,UPI,2026-08-18 21:27:58.848634,SUCCESS,,1,2,1,False
TXN006960,CUST0726,MERCHANT003,30849.38,CARD,2026-08-23 11:13:09.848634,SUCCESS,,1,18,0,False
TXN006961,CUST1941,MERCHANT002,11542.84,CARD,2026-08-19 01:53:13.848634,SUCCESS,,1,14,2,False
TXN006962,CUST0003,MERCHANT010,42975.42,NETBANKING,2026-08-22 01:00:41.848634,SUCCESS,,1,5,0,False
TXN006963,CUST1746,MERCHANT006,41409.36,NETBANKING,2026-08-23 00:13:06.848634,SUCCESS,,1,0,4,False
TXN006964,CUST0440,MERCHANT010,13702.02,NETBANKING,2026-08-24 21:31:05.848634,SUCCESS,,1,14,1,False
TXN006965,CUST1888,MERCHANT007,11761.33,CARD,2026-08-21 08:27:48.848634,SUCCESS,,1,20,4,False
TXN006966,CUST1095,MERCHANT006,27936.58,CARD,2026-08-20 17:36:38.848634,SUCCESS,,1,17,4,False
TXN006967,CUST1090,MERCHANT003,10606.5,UPI,2026-08-18 08:23:01.848634,SUCCESS,,1,12,3,False
TXN006968,CUST1419,MERCHANT006,48971.84,CARD,2026-08-24 19:47:47.848634,SUCCESS,,1,18,5,False
TXN006969,CUST1521,MERCHANT007,18627.39,UPI,2026-08-18 22:31:13.848634,SUCCESS,,1,5,3,False
TXN006970,CUST1044,MERCHANT004,32179.52,CARD,2026-08-22 04:35:56.848634,SUCCESS,,1,1,4,False
TXN006971,CUST0369,MERCHANT002,49035.45,CARD,2026-08-21 23:09:16.848634,SUCCESS,,1,2,4,False
TXN006972,CUST0923,MERCHANT005,17005.57,NETBANKING,2026-08-21 18:47:32.848634,SUCCESS,,1,8,1,False
TXN006973,CUST0730,MERCHANT008,9866.3,CARD,2026-08-22 19:39:19.848634,SUCCESS,,1,3,5,False
TXN006974,CUST1984,MERCHANT007,16719.45,UPI,2026-08-24 13:58:24.848634,SUCCESS,,1,19,3,False
TXN006975,CUST0251,MERCHANT002,45116.36,UPI,2026-08-20 03:16:37.848634,SUCCESS,,1,13,2,False
TXN006976,CUST0326,MERCHANT003,42616.44,CARD,2026-08-24 00:04:19.848634,SUCCESS,,1,0,5,False
TXN006977,CUST1077,MERCHANT010,10271.48,NETBANKING,2026-08-21 09:56:38.848634,SUCCESS,,1,6,3,False
TXN006978,CUST0795,MERCHANT007,10376.3,WALLET,2026-08-24 15:30:45.848634,SUCCESS,,1,1,2,False
TXN006979,CUST0382,MERCHANT008,38126.01,WALLET,2026-08-18 17:38:52.848634,SUCCESS,,1,20,0,False
TXN006980,CUST1235,MERCHANT001,10113.65,WALLET,2026-08-19 11:12:54.848634,SUCCESS,,1,6,3,False
TXN006981,CUST1601,MERCHANT010,22560.8,UPI,2026-08-19 00:45:24.848634,SUCCESS,,1,8,3,False
TXN006982,CUST0087,MERCHANT009,9398.16,WALLET,2026-08-19 07:26:54.848634,SUCCESS,,1,8,2,False
TXN006983,CUST1410,MERCHANT010,14368.13,CARD,2026-08-20 07:21:46.848634,SUCCESS,,1,14,2,False
TXN006984,CUST0163,MERCHANT008,29485.98,CARD,2026-08-18 07:48:42.848634,SUCCESS,,1,6,4,False
TXN006985,CUST0994,MERCHANT007,38261.45,UPI,2026-08-19 19:15:07.848634,SUCCESS,,1,19,2,False
TXN006986,CUST1939,MERCHANT008,8008.58,UPI,2026-08-19 21:04:43.848634,SUCCESS,,1,3,2,False
TXN006987,CUST1542,MERCHANT007,42402.15,WALLET,2026-08-20 17:54:16.848634,SUCCESS,,1,13,4,False
TXN006988,CUST1980,MERCHANT008,47462.62,NETBANKING,2026-08-24 19:19:22.848634,SUCCESS,,1,8,5,False
TXN006989,CUST1511,MERCHANT010,6692.43,NETBANKING,2026-08-20 20:45:14.848634,SUCCESS,,1,4,5,False
TXN006990,CUST1821,MERCHANT010,21671.28,NETBANKING,2026-08-25 02:31:53.848634,SUCCESS,,1,13,4,False
TXN006991,CUST1857,MERCHANT009,9141.32,NETBANKING,2026-08-22 03:20:14.848634,SUCCESS,,1,8,4,False
TXN006992,CUST1037,MERCHANT009,19494.92,CARD,2026-08-21 11:05:20.848634,SUCCESS,,1,8,5,False
TXN006993,CUST0774,MERCHANT010,43587.41,NETBANKING,2026-08-22 12:36:40.848634,SUCCESS,,1,9,5,False
TXN006994,CUST0551,MERCHANT010,45048.6,WALLET,2026-08-24 06:41:52.848634,FAILED,Timeout,2,11,3,True
TXN006995,CUST1812,MERCHANT005,3974.2,NETBANKING,2026-08-23 08:59:05.848634,SUCCESS,,1,9,5,False
TXN006996,CUST1131,MERCHANT005,15880.44,CARD,2026-08-18 21:42:11.848634,SUCCESS,,1,20,5,False
TXN006997,CUST1157,MERCHANT010,15577.82,NETBANKING,2026-08-24 10:47:30.848634,SUCCESS,,1,15,2,False
TXN006998,CUST0633,MERCHANT005,28168.6,UPI,2026-08-20 07:57:04.848634,SUCCESS,,1,15,0,False
TXN006999,CUST0619,MERCHANT010,20651.42,CARD,2026-08-23 15:00:30.848634,SUCCESS,,1,14,2,False
TXN007000,CUST0910,MERCHANT006,28583.27,CARD,2026-08-23 21:09:44.848634,SUCCESS,,1,14,4,False
TXN007001,CUST1623,MERCHANT007,25543.32,WALLET,2026-08-18 05:11:52.848634,SUCCESS,,1,20,1,False
TXN007002,CUST1029,MERCHANT001,27472.72,NETBANKING,2026-08-24 02:51:28.848634,SUCCESS,,1,8,0,False
TXN007003,CUST0349,MERCHANT002,27500.85,WALLET,2026-08-23 16:36:46.848634,SUCCESS,,1,15,0,False
TXN007004,CUST1458,MERCHANT003,44127.29,NETBANKING,2026-08-22 01:33:09.848634,SUCCESS,,1,14,4,False
TXN007005,CUST0397,MERCHANT006,22323.65,NETBANKING,2026-08-24 16:10:36.848634,SUCCESS,,1,18,5,False
TXN007006,CUST1673,MERCHANT010,14367.03,NETBANKING,2026-08-21 18:48:22.848634,SUCCESS,,1,5,0,False
TXN007007,CUST1834,MERCHANT001,48637.73,UPI,2026-08-20 08:23:49.848634,SUCCESS,,1,15,0,False
TXN007008,CUST1143,MERCHANT006,40309.26,CARD,2026-08-21 00:25:03.848634,SUCCESS,,1,16,5,False
TXN007009,CUST1206,MERCHANT005,38802.72,CARD,2026-08-22 10:52:01.848634,SUCCESS,,1,19,3,False
TXN007010,CUST1913,MERCHANT004,40050.57,NETBANKING,2026-08-19 00:14:00.848634,SUCCESS,,1,13,1,False
TXN007011,CUST0306,MERCHANT001,9503.33,WALLET,2026-08-19 08:04:20.848634,SUCCESS,,1,12,0,False
TXN007012,CUST1501,MERCHANT002,10101.42,NETBANKING,2026-08-19 07:43:11.848634,SUCCESS,,1,2,5,False
TXN007013,CUST0114,MERCHANT007,33494.91,WALLET,2026-08-22 09:10:07.848634,SUCCESS,,1,4,5,False
TXN007014,CUST0412,MERCHANT001,15347.18,WALLET,2026-08-23 12:24:14.848634,SUCCESS,,1,13,0,False
TXN007015,CUST1840,MERCHANT005,13288.38,CARD,2026-08-23 08:33:40.848634,SUCCESS,,1,0,0,False
TXN007016,CUST0251,MERCHANT004,13605.05,WALLET,2026-08-20 07:24:31.848634,FAILED,Network Error,3,8,2,False
TXN007017,CUST1491,MERCHANT008,15359.69,WALLET,2026-08-25 00:45:25.848634,SUCCESS,,1,12,3,False
TXN007018,CUST1561,MERCHANT010,28519.27,UPI,2026-08-21 06:19:14.848634,SUCCESS,,1,18,4,False
TXN007019,CUST1668,MERCHANT002,5280.3,CARD,2026-08-21 13:50:24.848634,SUCCESS,,1,0,4,False
TXN007020,CUST1883,MERCHANT007,1255.5,NETBANKING,2026-08-18 19:43:05.848634,SUCCESS,,1,17,1,False
TXN007021,CUST0473,MERCHANT003,3638.83,CARD,2026-08-22 10:08:58.848634,SUCCESS,,1,9,0,False
TXN007022,CUST0710,MERCHANT008,7293.37,WALLET,2026-08-19 16:54:47.848634,FAILED,Insufficient Funds,1,7,0,True
TXN007023,CUST0082,MERCHANT005,42319.54,CARD,2026-08-22 19:01:48.848634,SUCCESS,,1,10,4,False
TXN007024,CUST0763,MERCHANT001,1565.23,UPI,2026-08-19 08:52:11.848634,SUCCESS,,1,4,5,False
TXN007025,CUST1138,MERCHANT006,19303.95,CARD,2026-08-18 21:05:35.848634,SUCCESS,,1,20,1,False
TXN007026,CUST1469,MERCHANT001,35768.23,NETBANKING,2026-08-18 10:10:01.848634,FAILED,Insufficient Funds,2,14,3,True
TXN007027,CUST0393,MERCHANT003,27657.49,UPI,2026-08-19 03:30:40.848634,SUCCESS,,1,5,3,False
TXN007028,CUST0405,MERCHANT008,35465.84,CARD,2026-08-23 00:48:58.848634,SUCCESS,,1,17,5,False
TXN007029,CUST1704,MERCHANT004,41014.67,WALLET,2026-08-23 20:21:59.848634,SUCCESS,,1,12,5,False
TXN007030,CUST1388,MERCHANT008,33595.37,WALLET,2026-08-21 06:50:46.848634,SUCCESS,,1,7,5,False
TXN007031,CUST1767,MERCHANT002,49486.31,UPI,2026-08-24 17:41:04.848634,SUCCESS,,1,19,2,False
TXN007032,CUST1011,MERCHANT006,24611.45,UPI,2026-08-24 20:53:02.848634,SUCCESS,,1,1,2,False
TXN007033,CUST0745,MERCHANT007,44543.24,NETBANKING,2026-08-19 14:05:22.848634,SUCCESS,,1,2,4,False
TXN007034,CUST1626,MERCHANT005,21574.37,CARD,2026-08-19 04:23:29.848634,SUCCESS,,1,12,5,False
TXN007035,CUST0451,MERCHANT001,29380.99,NETBANKING,2026-08-22 22:07:41.848634,SUCCESS,,1,4,0,False
TXN007036,CUST0983,MERCHANT004,30746.81,UPI,2026-08-18 11:34:27.848634,SUCCESS,,1,1,5,False
TXN007037,CUST1056,MERCHANT009,37020.63,CARD,2026-08-22 00:33:21.848634,SUCCESS,,1,5,1,False
TXN007038,CUST1947,MERCHANT009,4990.4,CARD,2026-08-21 17:53:42.848634,SUCCESS,,1,3,2,False
TXN007039,CUST0931,MERCHANT004,34120.3,CARD,2026-08-18 19:54:24.848634,SUCCESS,,1,13,0,False
TXN007040,CUST1381,MERCHANT006,33645.94,UPI,2026-08-18 13:11:54.848634,SUCCESS,,1,5,4,False
TXN007041,CUST1471,MERCHANT007,41491.41,NETBANKING,2026-08-24 19:57:20.848634,SUCCESS,,1,13,5,False
TXN007042,CUST1692,MERCHANT007,7171.07,WALLET,2026-08-21 23:21:38.848634,SUCCESS,,1,14,4,False
TXN007043,CUST0384,MERCHANT009,3950.38,WALLET,2026-08-22 15:24:20.848634,SUCCESS,,1,17,1,False
TXN007044,CUST1272,MERCHANT010,23866.54,UPI,2026-08-18 20:29:53.848634,SUCCESS,,1,15,5,False
TXN007045,CUST1450,MERCHANT002,1628.43,CARD,2026-08-20 17:06:54.848634,SUCCESS,,1,19,2,False
TXN007046,CUST0629,MERCHANT004,15221.98,CARD,2026-08-24 13:59:15.848634,SUCCESS,,1,15,0,False
TXN007047,CUST1479,MERCHANT007,44396.27,WALLET,2026-08-20 04:18:39.848634,FAILED,Bank Declined,3,6,3,False
TXN007048,CUST1147,MERCHANT001,24538.37,UPI,2026-08-21 22:34:54.848634,SUCCESS,,1,20,4,False
TXN007049,CUST1699,MERCHANT004,48865.81,UPI,2026-08-21 15:43:57.848634,SUCCESS,,1,3,4,False
TXN007050,CUST1648,MERCHANT005,29650.72,CARD,2026-08-22 04:29:50.848634,SUCCESS,,1,6,1,False
TXN007051,CUST1486,MERCHANT008,14113.99,NETBANKING,2026-08-23 00:26:43.848634,SUCCESS,,1,10,0,False
TXN007052,CUST1034,MERCHANT003,21144.12,CARD,2026-08-22 17:01:20.848634,SUCCESS,,1,7,2,False
TXN007053,CUST1936,MERCHANT009,22662.58,WALLET,2026-08-19 10:25:59.848634,SUCCESS,,1,16,5,False
TXN007054,CUST0066,MERCHANT003,6694.78,NETBANKING,2026-08-19 18:57:54.848634,SUCCESS,,1,7,3,False
TXN007055,CUST0897,MERCHANT010,49727.93,UPI,2026-08-19 01:01:33.848634,SUCCESS,,1,13,1,False
TXN007056,CUST1989,MERCHANT005,36740.07,UPI,2026-08-24 20:03:18.848634,SUCCESS,,1,3,5,False
TXN007057,CUST1010,MERCHANT005,13250.78,NETBANKING,2026-08-22 21:41:38.848634,SUCCESS,,1,17,4,False
TXN007058,CUST1262,MERCHANT007,7688.18,NETBANKING,2026-08-23 08:19:51.848634,SUCCESS,,1,7,0,False
TXN007059,CUST1859,MERCHANT001,28553.1,NETBANKING,2026-08-19 05:30:58.848634,SUCCESS,,1,4,4,False
TXN007060,CUST0288,MERCHANT001,18332.48,NETBANKING,2026-08-21 20:33:08.848634,SUCCESS,,1,15,5,False
TXN007061,CUST1184,MERCHANT001,31291.87,WALLET,2026-08-18 08:10:05.848634,SUCCESS,,1,18,5,False
TXN007062,CUST1256,MERCHANT002,21145.46,CARD,2026-08-23 06:44:34.848634,SUCCESS,,1,20,4,False
TXN007063,CUST0402,MERCHANT008,17395.3,UPI,2026-08-21 16:07:09.848634,SUCCESS,,1,12,5,False
TXN007064,CUST0830,MERCHANT003,17778.22,NETBANKING,2026-08-22 17:55:51.848634,SUCCESS,,1,13,3,False
TXN007065,CUST0419,MERCHANT004,37189.21,WALLET,2026-08-24 13:24:25.848634,SUCCESS,,1,0,2,False
TXN007066,CUST1934,MERCHANT003,17793.33,WALLET,2026-08-22 12:14:24.848634,SUCCESS,,1,3,5,False
TXN007067,CUST0464,MERCHANT010,1922.76,NETBANKING,2026-08-20 12:52:43.848634,SUCCESS,,1,11,5,False
TXN007068,CUST0870,MERCHANT010,49576.49,WALLET,2026-08-22 20:45:53.848634,SUCCESS,,1,20,4,False
TXN007069,CUST0382,MERCHANT004,10860.3,NETBANKING,2026-08-18 10:26:59.848634,SUCCESS,,1,1,5,False
TXN007070,CUST0765,MERCHANT002,47347.06,WALLET,2026-08-24 17:15:21.848634,SUCCESS,,1,5,3,False
TXN007071,CUST1330,MERCHANT004,20771.97,CARD,2026-08-20 06:30:42.848634,SUCCESS,,1,3,3,False
TXN007072,CUST1097,MERCHANT006,19696.53,CARD,2026-08-23 04:35:00.848634,SUCCESS,,1,7,5,False
TXN007073,CUST0479,MERCHANT009,45447.58,NETBANKING,2026-08-22 04:47:12.848634,SUCCESS,,1,10,2,False
TXN007074,CUST0648,MERCHANT007,45375.82,CARD,2026-08-20 11:46:47.848634,SUCCESS,,1,2,1,False
TXN007075,CUST0061,MERCHANT009,28440.59,NETBANKING,2026-08-20 23:14:31.848634,SUCCESS,,1,6,3,False
TXN007076,CUST0610,MERCHANT007,12580.32,CARD,2026-08-20 21:13:27.848634,SUCCESS,,1,11,3,False
TXN007077,CUST1521,MERCHANT003,19682.09,NETBANKING,2026-08-18 17:44:06.848634,SUCCESS,,1,17,3,False
TXN007078,CUST0070,MERCHANT004,27676.26,CARD,2026-08-18 14:46:51.848634,SUCCESS,,1,12,2,False
TXN007079,CUST0529,MERCHANT002,44835.27,NETBANKING,2026-08-20 00:16:02.848634,SUCCESS,,1,12,2,False
TXN007080,CUST0644,MERCHANT001,36478.77,CARD,2026-08-19 10:38:12.848634,SUCCESS,,1,14,4,False
TXN007081,CUST1454,MERCHANT008,38525.53,WALLET,2026-08-21 21:48:36.848634,SUCCESS,,1,19,1,False
TXN007082,CUST1953,MERCHANT006,20640.1,UPI,2026-08-23 18:51:22.848634,SUCCESS,,1,18,1,False
TXN007083,CUST0931,MERCHANT001,36981.54,WALLET,2026-08-23 12:22:55.848634,SUCCESS,,1,14,1,False
TXN007084,CUST0846,MERCHANT008,47514.53,CARD,2026-08-20 12:43:04.848634,SUCCESS,,1,13,4,False
TXN007085,CUST0675,MERCHANT003,35169.03,NETBANKING,2026-08-22 16:19:10.848634,SUCCESS,,1,2,4,False
TXN007086,CUST1587,MERCHANT002,39063.21,NETBANKING,2026-08-23 05:14:50.848634,SUCCESS,,1,8,2,False
TXN007087,CUST1896,MERCHANT007,9515.44,NETBANKING,2026-08-20 10:44:08.848634,SUCCESS,,1,0,1,False
TXN007088,CUST1770,MERCHANT005,37593.9,NETBANKING,2026-08-20 06:24:46.848634,SUCCESS,,1,18,1,False
TXN007089,CUST0564,MERCHANT005,44907.32,WALLET,2026-08-18 22:31:55.848634,SUCCESS,,1,8,0,False
TXN007090,CUST0389,MERCHANT007,41652.68,WALLET,2026-08-23 02:34:16.848634,FAILED,Bank Declined,2,8,3,True
TXN007091,CUST1701,MERCHANT001,30069.18,UPI,2026-08-20 03:10:20.848634,SUCCESS,,1,20,2,False
TXN007092,CUST1284,MERCHANT007,9497.19,NETBANKING,2026-08-21 08:43:36.848634,SUCCESS,,1,16,3,False
TXN007093,CUST0506,MERCHANT007,6131.99,NETBANKING,2026-08-22 04:33:26.848634,SUCCESS,,1,13,2,False
TXN007094,CUST0054,MERCHANT003,27260.33,CARD,2026-08-23 21:51:15.848634,SUCCESS,,1,18,0,False
TXN007095,CUST0659,MERCHANT007,28683.01,WALLET,2026-08-20 23:40:49.848634,SUCCESS,,1,13,3,False
TXN007096,CUST0363,MERCHANT004,5208.96,NETBANKING,2026-08-20 00:58:51.848634,SUCCESS,,1,14,1,False
TXN007097,CUST0994,MERCHANT010,3165.2,CARD,2026-08-19 13:49:50.848634,SUCCESS,,1,10,3,False
TXN007098,CUST1844,MERCHANT007,45276.2,UPI,2026-08-18 22:27:55.848634,SUCCESS,,1,6,0,False
TXN007099,CUST1348,MERCHANT005,20860.49,NETBANKING,2026-08-18 05:45:21.848634,SUCCESS,,1,20,5,False
TXN007100,CUST1635,MERCHANT005,13263.81,WALLET,2026-08-19 12:47:27.848634,SUCCESS,,1,13,1,False
TXN007101,CUST1103,MERCHANT001,34254.58,WALLET,2026-08-21 08:35:05.848634,SUCCESS,,1,6,3,False
TXN007102,CUST1890,MERCHANT009,45016.93,WALLET,2026-08-20 10:02:52.848634,SUCCESS,,1,4,1,False
TXN007103,CUST1963,MERCHANT008,1355.56,NETBANKING,2026-08-22 06:44:04.848634,SUCCESS,,1,5,0,False
TXN007104,CUST1135,MERCHANT010,16353.46,UPI,2026-08-19 04:58:52.848634,SUCCESS,,1,1,4,False
TXN007105,CUST0763,MERCHANT009,17076.48,NETBANKING,2026-08-24 02:54:25.848634,SUCCESS,,1,8,5,False
TXN007106,CUST0332,MERCHANT006,13299.1,UPI,2026-08-19 03:46:14.848634,SUCCESS,,1,0,4,False
TXN007107,CUST0671,MERCHANT006,10079.59,CARD,2026-08-24 02:03:05.848634,SUCCESS,,1,12,3,False
TXN007108,CUST1566,MERCHANT003,11584.47,NETBANKING,2026-08-18 20:28:10.848634,SUCCESS,,1,8,2,False
TXN007109,CUST0470,MERCHANT010,24107.98,CARD,2026-08-21 23:25:33.848634,SUCCESS,,1,3,2,False
TXN007110,CUST0934,MERCHANT004,21786.68,CARD,2026-08-24 09:07:33.848634,SUCCESS,,1,14,2,False
TXN007111,CUST0743,MERCHANT009,37573.42,WALLET,2026-08-22 05:00:28.848634,SUCCESS,,1,15,3,False
TXN007112,CUST0112,MERCHANT002,18710.96,WALLET,2026-08-23 07:17:21.848634,SUCCESS,,1,12,5,False
TXN007113,CUST0826,MERCHANT007,34080.56,UPI,2026-08-23 23:01:36.848634,SUCCESS,,1,10,2,False
TXN007114,CUST0981,MERCHANT008,4242.05,UPI,2026-08-24 01:15:16.848634,SUCCESS,,1,7,1,False
TXN007115,CUST1755,MERCHANT004,14327.37,CARD,2026-08-24 17:38:32.848634,SUCCESS,,1,8,1,False
TXN007116,CUST0591,MERCHANT001,9952.49,NETBANKING,2026-08-24 17:08:54.848634,SUCCESS,,1,12,1,False
TXN007117,CUST0069,MERCHANT001,38554.35,NETBANKING,2026-08-21 01:45:08.848634,SUCCESS,,1,15,4,False
TXN007118,CUST0920,MERCHANT001,16847.62,CARD,2026-08-20 20:43:05.848634,SUCCESS,,1,0,1,False
TXN007119,CUST1368,MERCHANT005,46630.81,UPI,2026-08-23 12:32:17.848634,SUCCESS,,1,6,1,False
TXN007120,CUST0202,MERCHANT008,20964.95,CARD,2026-08-22 20:18:04.848634,SUCCESS,,1,5,0,False
TXN007121,CUST0988,MERCHANT008,4941.02,CARD,2026-08-20 01:19:33.848634,SUCCESS,,1,4,3,False
TXN007122,CUST0819,MERCHANT002,30329.8,WALLET,2026-08-21 19:49:35.848634,SUCCESS,,1,14,1,False
TXN007123,CUST0866,MERCHANT007,33408.35,CARD,2026-08-23 05:37:59.848634,SUCCESS,,1,8,4,False
TXN007124,CUST0178,MERCHANT004,28193.34,WALLET,2026-08-21 09:41:12.848634,SUCCESS,,1,6,0,False
TXN007125,CUST0374,MERCHANT009,26347.43,UPI,2026-08-22 23:50:29.848634,SUCCESS,,1,7,5,False
TXN007126,CUST0857,MERCHANT001,10580.9,WALLET,2026-08-21 09:44:34.848634,SUCCESS,,1,5,1,False
TXN007127,CUST0095,MERCHANT010,24130.31,CARD,2026-08-24 17:16:55.848634,SUCCESS,,1,6,4,False
TXN007128,CUST1766,MERCHANT004,33149.41,NETBANKING,2026-08-22 08:51:34.848634,SUCCESS,,1,0,1,False
TXN007129,CUST1517,MERCHANT008,11148.26,WALLET,2026-08-18 18:09:56.848634,SUCCESS,,1,5,1,False
TXN007130,CUST1046,MERCHANT008,46385.43,WALLET,2026-08-20 12:19:05.848634,SUCCESS,,1,7,5,False
TXN007131,CUST0639,MERCHANT003,4490.48,NETBANKING,2026-08-23 04:35:03.848634,SUCCESS,,1,20,4,False
TXN007132,CUST1214,MERCHANT006,45798.7,WALLET,2026-08-18 06:10:37.848634,SUCCESS,,1,17,0,False
TXN007133,CUST1629,MERCHANT008,17728.65,CARD,2026-08-23 17:44:37.848634,SUCCESS,,1,13,5,False
TXN007134,CUST1246,MERCHANT006,19139.57,WALLET,2026-08-19 05:29:27.848634,SUCCESS,,1,18,0,False
TXN007135,CUST0702,MERCHANT003,41967.48,UPI,2026-08-21 11:19:20.848634,SUCCESS,,1,3,1,False
TXN007136,CUST2000,MERCHANT007,13161.01,CARD,2026-08-24 21:05:41.848634,SUCCESS,,1,14,0,False
TXN007137,CUST0835,MERCHANT008,8520.04,WALLET,2026-08-24 22:16:05.848634,SUCCESS,,1,4,3,False
TXN007138,CUST0841,MERCHANT007,48579.46,WALLET,2026-08-20 05:22:56.848634,SUCCESS,,1,14,5,False
TXN007139,CUST0563,MERCHANT006,47449.38,CARD,2026-08-21 01:45:39.848634,SUCCESS,,1,9,0,False
TXN007140,CUST1562,MERCHANT010,19885.31,CARD,2026-08-19 18:04:00.848634,SUCCESS,,1,4,2,False
TXN007141,CUST1584,MERCHANT007,25858.57,UPI,2026-08-24 04:06:10.848634,SUCCESS,,1,19,0,False
TXN007142,CUST1850,MERCHANT008,37571.88,WALLET,2026-08-21 11:04:25.848634,SUCCESS,,1,10,4,False
TXN007143,CUST1931,MERCHANT002,47358.78,CARD,2026-08-24 05:07:58.848634,SUCCESS,,1,6,5,False
TXN007144,CUST0064,MERCHANT007,14807.01,UPI,2026-08-18 02:47:37.848634,SUCCESS,,1,16,0,False
TXN007145,CUST0781,MERCHANT006,44562.97,CARD,2026-08-23 19:21:40.848634,SUCCESS,,1,1,3,False
TXN007146,CUST1929,MERCHANT001,35466.57,UPI,2026-08-19 10:13:40.848634,SUCCESS,,1,18,4,False
TXN007147,CUST0200,MERCHANT006,28328.7,UPI,2026-08-23 10:01:28.848634,SUCCESS,,1,17,0,False
TXN007148,CUST0877,MERCHANT001,26415.07,UPI,2026-08-21 12:52:04.848634,SUCCESS,,1,12,0,False
TXN007149,CUST1788,MERCHANT010,25487.5,WALLET,2026-08-22 10:47:08.848634,SUCCESS,,1,19,5,False
TXN007150,CUST1241,MERCHANT005,5539.94,WALLET,2026-08-24 04:01:59.848634,SUCCESS,,1,5,0,False
TXN007151,CUST1862,MERCHANT003,23626.14,NETBANKING,2026-08-24 21:22:46.848634,SUCCESS,,1,3,5,False
TXN007152,CUST0065,MERCHANT005,40845.59,WALLET,2026-08-22 03:41:47.848634,SUCCESS,,1,7,3,False
TXN007153,CUST0828,MERCHANT003,44957.9,UPI,2026-08-19 06:28:03.848634,SUCCESS,,1,9,3,False
TXN007154,CUST1583,MERCHANT010,40106.92,WALLET,2026-08-23 11:28:31.848634,SUCCESS,,1,4,4,False
TXN007155,CUST0169,MERCHANT005,12482.36,UPI,2026-08-19 17:20:54.848634,SUCCESS,,1,13,0,False
TXN007156,CUST1432,MERCHANT005,48068.95,NETBANKING,2026-08-20 00:05:39.848634,SUCCESS,,1,10,4,False
TXN007157,CUST1868,MERCHANT003,29575.04,UPI,2026-08-24 11:08:43.848634,SUCCESS,,1,12,3,False
TXN007158,CUST1653,MERCHANT006,45238.09,WALLET,2026-08-18 07:07:42.848634,SUCCESS,,1,9,2,False
TXN007159,CUST0198,MERCHANT002,44142.38,WALLET,2026-08-22 03:27:25.848634,SUCCESS,,1,16,2,False
TXN007160,CUST1337,MERCHANT007,43418.97,NETBANKING,2026-08-19 17:58:23.848634,SUCCESS,,1,14,1,False
TXN007161,CUST0693,MERCHANT006,19773.94,CARD,2026-08-24 12:54:57.848634,FAILED,Network Error,3,14,0,False
TXN007162,CUST0181,MERCHANT009,24637.49,UPI,2026-08-22 10:19:15.848634,SUCCESS,,1,14,5,False
TXN007163,CUST1985,MERCHANT007,43797.22,NETBANKING,2026-08-18 04:35:55.848634,SUCCESS,,1,4,5,False
TXN007164,CUST0657,MERCHANT001,10244.77,WALLET,2026-08-19 09:53:36.848634,SUCCESS,,1,4,4,False
TXN007165,CUST1026,MERCHANT002,46213.75,UPI,2026-08-19 01:35:13.848634,SUCCESS,,1,10,4,False
TXN007166,CUST0509,MERCHANT009,6981.15,NETBANKING,2026-08-21 21:42:19.848634,SUCCESS,,1,12,3,False
TXN007167,CUST0703,MERCHANT010,14541.89,NETBANKING,2026-08-25 01:42:16.848634,SUCCESS,,1,10,4,False
TXN007168,CUST1877,MERCHANT009,12625.82,CARD,2026-08-23 23:39:11.848634,SUCCESS,,1,16,4,False
TXN007169,CUST0500,MERCHANT005,12518.88,NETBANKING,2026-08-24 21:25:52.848634,SUCCESS,,1,16,3,False
TXN007170,CUST1858,MERCHANT003,25098.33,CARD,2026-08-20 09:52:18.848634,SUCCESS,,1,16,1,False
TXN007171,CUST1086,MERCHANT002,12680.56,UPI,2026-08-24 23:11:32.848634,SUCCESS,,1,5,5,False
TXN007172,CUST0827,MERCHANT007,11187.94,UPI,2026-08-19 22:53:00.848634,SUCCESS,,1,13,3,False
TXN007173,CUST1898,MERCHANT003,23529.35,CARD,2026-08-21 20:33:55.848634,SUCCESS,,1,6,3,False
TXN007174,CUST1342,MERCHANT005,46412.85,WALLET,2026-08-22 00:23:27.848634,SUCCESS,,1,12,3,False
TXN007175,CUST0276,MERCHANT003,26204.46,UPI,2026-08-19 14:34:34.848634,SUCCESS,,1,7,4,False
TXN007176,CUST1906,MERCHANT001,13936.77,CARD,2026-08-20 01:29:17.848634,SUCCESS,,1,16,2,False
TXN007177,CUST0426,MERCHANT009,31898.55,WALLET,2026-08-20 11:23:04.848634,SUCCESS,,1,19,1,False
TXN007178,CUST1631,MERCHANT004,37556.6,NETBANKING,2026-08-22 18:50:10.848634,SUCCESS,,1,5,4,False
TXN007179,CUST1149,MERCHANT009,31693.48,UPI,2026-08-20 17:39:19.848634,SUCCESS,,1,13,1,False
TXN007180,CUST1104,MERCHANT001,29701.45,NETBANKING,2026-08-21 23:46:58.848634,SUCCESS,,1,18,2,False
TXN007181,CUST1840,MERCHANT003,27273.44,UPI,2026-08-20 21:19:30.848634,SUCCESS,,1,18,5,False
TXN007182,CUST0257,MERCHANT005,49550.15,UPI,2026-08-23 01:12:12.848634,FAILED,Technical Error,1,0,4,True
TXN007183,CUST0125,MERCHANT010,40766.25,CARD,2026-08-18 07:45:16.848634,SUCCESS,,1,13,3,False
TXN007184,CUST0684,MERCHANT002,45415.13,UPI,2026-08-18 22:08:42.848634,SUCCESS,,1,17,1,False
TXN007185,CUST1668,MERCHANT008,19445.38,UPI,2026-08-24 23:37:16.848634,SUCCESS,,1,13,1,False
TXN007186,CUST1729,MERCHANT009,40340.29,CARD,2026-08-23 07:06:13.848634,SUCCESS,,1,16,4,False
TXN007187,CUST1811,MERCHANT006,48244.42,CARD,2026-08-24 14:58:32.848634,SUCCESS,,1,6,1,False
TXN007188,CUST1753,MERCHANT001,26994.21,CARD,2026-08-18 18:09:29.848634,SUCCESS,,1,14,4,False
TXN007189,CUST1612,MERCHANT004,39782.97,CARD,2026-08-19 14:49:50.848634,SUCCESS,,1,15,1,False
TXN007190,CUST1045,MERCHANT002,34608.42,NETBANKING,2026-08-22 23:19:18.848634,SUCCESS,,1,9,4,False
TXN007191,CUST1251,MERCHANT002,5325.76,WALLET,2026-08-24 03:39:27.848634,SUCCESS,,1,20,5,False
TXN007192,CUST1692,MERCHANT005,39500.46,CARD,2026-08-19 02:21:49.848634,SUCCESS,,1,4,2,False
TXN007193,CUST1880,MERCHANT009,2960.06,UPI,2026-08-25 02:18:01.848634,SUCCESS,,1,2,1,False
TXN007194,CUST1869,MERCHANT008,33708.65,UPI,2026-08-20 03:37:50.848634,SUCCESS,,1,0,5,False
TXN007195,CUST1578,MERCHANT010,49404.29,NETBANKING,2026-08-22 14:12:05.848634,SUCCESS,,1,10,4,False
TXN007196,CUST0588,MERCHANT003,9021.12,WALLET,2026-08-19 03:35:15.848634,SUCCESS,,1,12,3,False
TXN007197,CUST1003,MERCHANT008,48733.16,WALLET,2026-08-19 08:20:58.848634,SUCCESS,,1,3,0,False
TXN007198,CUST1824,MERCHANT007,1208.35,CARD,2026-08-22 17:21:59.848634,SUCCESS,,1,5,4,False
TXN007199,CUST0067,MERCHANT006,22549.91,UPI,2026-08-24 01:20:45.848634,SUCCESS,,1,12,1,False
TXN007200,CUST1802,MERCHANT006,30875.53,CARD,2026-08-21 20:20:31.848634,SUCCESS,,1,19,4,False
TXN007201,CUST1204,MERCHANT002,45555.36,NETBANKING,2026-08-23 12:45:52.848634,FAILED,Insufficient Funds,3,4,3,False
TXN007202,CUST1093,MERCHANT008,32011.89,CARD,2026-08-21 21:56:50.848634,SUCCESS,,1,13,4,False
TXN007203,CUST1711,MERCHANT003,20283.37,CARD,2026-08-22 08:40:44.848634,SUCCESS,,1,18,2,False
TXN007204,CUST0444,MERCHANT009,38325.68,CARD,2026-08-18 20:03:20.848634,SUCCESS,,1,16,2,False
TXN007205,CUST0003,MERCHANT010,42477.99,WALLET,2026-08-22 01:20:23.848634,SUCCESS,,1,17,2,False
TXN007206,CUST0644,MERCHANT010,801.78,CARD,2026-08-21 12:32:42.848634,SUCCESS,,1,0,2,False
TXN007207,CUST1046,MERCHANT004,39305.7,WALLET,2026-08-21 12:10:57.848634,SUCCESS,,1,14,1,False
TXN007208,CUST1861,MERCHANT003,34892.9,WALLET,2026-08-23 18:14:15.848634,SUCCESS,,1,19,0,False
TXN007209,CUST1929,MERCHANT008,42448.5,NETBANKING,2026-08-20 18:43:03.848634,SUCCESS,,1,10,3,False
TXN007210,CUST0328,MERCHANT006,37175.79,NETBANKING,2026-08-24 11:00:24.848634,SUCCESS,,1,12,0,False
TXN007211,CUST1113,MERCHANT005,880.72,WALLET,2026-08-22 16:24:01.848634,SUCCESS,,1,18,4,False
TXN007212,CUST0032,MERCHANT004,20562.64,CARD,2026-08-20 11:21:03.848634,SUCCESS,,1,19,5,False
TXN007213,CUST0865,MERCHANT006,36784.6,UPI,2026-08-22 02:44:53.848634,SUCCESS,,1,16,1,False
TXN007214,CUST0251,MERCHANT001,450.92,WALLET,2026-08-22 21:29:24.848634,SUCCESS,,1,13,1,False
TXN007215,CUST1048,MERCHANT010,28808.23,UPI,2026-08-20 17:49:02.848634,SUCCESS,,1,11,1,False
TXN007216,CUST1486,MERCHANT002,23810.72,NETBANKING,2026-08-19 15:29:30.848634,SUCCESS,,1,9,1,False
TXN007217,CUST1984,MERCHANT008,35825.77,NETBANKING,2026-08-24 06:32:21.848634,SUCCESS,,1,8,5,False
TXN007218,CUST0409,MERCHANT002,14048.08,CARD,2026-08-24 02:26:37.848634,SUCCESS,,1,4,3,False
TXN007219,CUST0338,MERCHANT007,48598.96,CARD,2026-08-21 06:52:37.848634,SUCCESS,,1,9,4,False
TXN007220,CUST0597,MERCHANT002,9295.69,NETBANKING,2026-08-20 17:50:26.848634,SUCCESS,,1,9,5,False
TXN007221,CUST1323,MERCHANT009,43048.13,CARD,2026-08-22 20:08:42.848634,SUCCESS,,1,15,5,False
TXN007222,CUST0828,MERCHANT007,27124.99,CARD,2026-08-18 03:55:16.848634,SUCCESS,,1,12,1,False
TXN007223,CUST1621,MERCHANT007,28221.34,WALLET,2026-08-22 19:14:37.848634,SUCCESS,,1,1,1,False
TXN007224,CUST0067,MERCHANT006,4614.06,CARD,2026-08-24 10:08:55.848634,SUCCESS,,1,1,0,False
TXN007225,CUST0897,MERCHANT009,23966.47,WALLET,2026-08-20 12:45:16.848634,SUCCESS,,1,6,4,False
TXN007226,CUST1458,MERCHANT010,27696.34,CARD,2026-08-22 17:00:18.848634,SUCCESS,,1,17,5,False
TXN007227,CUST0795,MERCHANT007,28085.09,WALLET,2026-08-20 17:16:55.848634,SUCCESS,,1,13,5,False
TXN007228,CUST1574,MERCHANT010,1802.43,NETBANKING,2026-08-22 12:32:29.848634,SUCCESS,,1,18,3,False
TXN007229,CUST1823,MERCHANT009,48653.83,UPI,2026-08-20 05:34:40.848634,SUCCESS,,1,10,2,False
TXN007230,CUST0491,MERCHANT007,45187.12,NETBANKING,2026-08-23 22:20:40.848634,FAILED,Timeout,1,18,1,True
TXN007231,CUST0463,MERCHANT010,34134.12,NETBANKING,2026-08-23 16:03:52.848634,SUCCESS,,1,0,4,False
TXN007232,CUST1574,MERCHANT002,49409.21,NETBANKING,2026-08-24 19:08:51.848634,SUCCESS,,1,17,5,False
TXN007233,CUST1089,MERCHANT005,34377.45,UPI,2026-08-20 17:53:04.848634,SUCCESS,,1,2,1,False
TXN007234,CUST0562,MERCHANT009,22383.72,CARD,2026-08-21 05:47:48.848634,SUCCESS,,1,12,4,False
TXN007235,CUST0978,MERCHANT002,27819.71,NETBANKING,2026-08-19 21:59:00.848634,SUCCESS,,1,7,3,False
TXN007236,CUST0279,MERCHANT002,12254.41,UPI,2026-08-21 05:06:39.848634,SUCCESS,,1,17,5,False
TXN007237,CUST1805,MERCHANT001,17956.96,UPI,2026-08-22 02:10:20.848634,SUCCESS,,1,4,0,False
TXN007238,CUST0590,MERCHANT003,30441.81,NETBANKING,2026-08-18 03:26:29.848634,SUCCESS,,1,8,0,False
TXN007239,CUST1724,MERCHANT005,39352.93,UPI,2026-08-24 08:49:52.848634,SUCCESS,,1,13,5,False
TXN007240,CUST0964,MERCHANT010,12564.96,WALLET,2026-08-19 16:02:22.848634,SUCCESS,,1,16,2,False
TXN007241,CUST1685,MERCHANT003,5761.9,WALLET,2026-08-23 11:24:47.848634,SUCCESS,,1,13,0,False
TXN007242,CUST0893,MERCHANT006,6858.66,CARD,2026-08-20 12:18:35.848634,SUCCESS,,1,17,5,False
TXN007243,CUST0056,MERCHANT007,27693.57,WALLET,2026-08-21 21:52:33.848634,SUCCESS,,1,4,4,False
TXN007244,CUST0538,MERCHANT002,44252.34,CARD,2026-08-19 06:45:19.848634,SUCCESS,,1,10,1,False
TXN007245,CUST1505,MERCHANT010,10434.06,UPI,2026-08-19 01:37:24.848634,SUCCESS,,1,13,3,False
TXN007246,CUST1532,MERCHANT003,29931.47,CARD,2026-08-24 13:42:35.848634,FAILED,Technical Error,1,16,0,True
TXN007247,CUST0283,MERCHANT010,17110.95,CARD,2026-08-19 09:39:57.848634,SUCCESS,,1,17,2,False
TXN007248,CUST0364,MERCHANT010,28821.84,UPI,2026-08-23 00:08:11.848634,SUCCESS,,1,15,3,False
TXN007249,CUST0690,MERCHANT009,45638.69,WALLET,2026-08-23 04:27:41.848634,SUCCESS,,1,10,0,False
TXN007250,CUST1244,MERCHANT003,25922.02,UPI,2026-08-23 21:51:33.848634,SUCCESS,,1,7,3,False
TXN007251,CUST0032,MERCHANT001,26064.93,CARD,2026-08-22 17:43:34.848634,SUCCESS,,1,13,3,False
TXN007252,CUST0476,MERCHANT003,10459.45,NETBANKING,2026-08-24 14:42:33.848634,SUCCESS,,1,14,3,False
TXN007253,CUST0533,MERCHANT008,27794.1,CARD,2026-08-20 20:35:43.848634,SUCCESS,,1,4,3,False
TXN007254,CUST0276,MERCHANT002,20862.14,NETBANKING,2026-08-23 15:50:19.848634,SUCCESS,,1,14,4,False
TXN007255,CUST0411,MERCHANT005,8513.84,UPI,2026-08-22 15:50:04.848634,SUCCESS,,1,10,0,False
TXN007256,CUST1419,MERCHANT004,461.37,NETBANKING,2026-08-18 21:43:33.848634,SUCCESS,,1,11,1,False
TXN007257,CUST1533,MERCHANT001,5916.47,WALLET,2026-08-22 14:44:53.848634,SUCCESS,,1,6,5,False
TXN007258,CUST0575,MERCHANT008,11405.13,CARD,2026-08-22 18:25:58.848634,SUCCESS,,1,5,4,False
TXN007259,CUST0840,MERCHANT001,14624.53,UPI,2026-08-20 12:17:15.848634,SUCCESS,,1,18,1,False
TXN007260,CUST1294,MERCHANT003,18249.07,WALLET,2026-08-24 18:49:28.848634,SUCCESS,,1,17,2,False
TXN007261,CUST0271,MERCHANT010,43838.85,CARD,2026-08-23 13:14:51.848634,SUCCESS,,1,4,0,False
TXN007262,CUST0238,MERCHANT010,16449.16,CARD,2026-08-22 14:04:02.848634,SUCCESS,,1,20,5,False
TXN007263,CUST0543,MERCHANT009,38710.09,NETBANKING,2026-08-19 05:58:51.848634,SUCCESS,,1,6,1,False
TXN007264,CUST1654,MERCHANT006,35022.89,CARD,2026-08-19 22:52:03.848634,SUCCESS,,1,20,4,False
TXN007265,CUST1401,MERCHANT008,42915.14,UPI,2026-08-20 22:56:50.848634,SUCCESS,,1,10,4,False
TXN007266,CUST0941,MERCHANT007,44023.58,NETBANKING,2026-08-19 05:31:02.848634,SUCCESS,,1,19,2,False
TXN007267,CUST1594,MERCHANT004,33744.75,CARD,2026-08-19 20:19:04.848634,FAILED,Technical Error,1,18,4,True
TXN007268,CUST0729,MERCHANT010,3131.96,NETBANKING,2026-08-23 00:42:55.848634,SUCCESS,,1,0,5,False
TXN007269,CUST1974,MERCHANT003,41834.83,UPI,2026-08-18 14:05:36.848634,SUCCESS,,1,15,4,False
TXN007270,CUST0898,MERCHANT008,41346.08,WALLET,2026-08-21 19:50:10.848634,SUCCESS,,1,7,0,False
TXN007271,CUST0082,MERCHANT008,39300.37,UPI,2026-08-19 17:53:41.848634,SUCCESS,,1,0,0,False
TXN007272,CUST0654,MERCHANT007,7464.21,CARD,2026-08-19 20:06:28.848634,SUCCESS,,1,8,0,False
TXN007273,CUST0803,MERCHANT002,28184.6,CARD,2026-08-20 21:38:24.848634,SUCCESS,,1,16,2,False
TXN007274,CUST0179,MERCHANT005,4596.38,UPI,2026-08-19 22:15:36.848634,SUCCESS,,1,16,3,False
TXN007275,CUST1285,MERCHANT009,20165.95,WALLET,2026-08-19 14:05:59.848634,SUCCESS,,1,12,2,False
TXN007276,CUST1433,MERCHANT003,45868.07,NETBANKING,2026-08-20 02:54:32.848634,SUCCESS,,1,14,2,False
TXN007277,CUST0779,MERCHANT004,25264.78,NETBANKING,2026-08-22 19:37:26.848634,SUCCESS,,1,5,5,False
TXN007278,CUST0067,MERCHANT005,43725.09,WALLET,2026-08-22 11:32:16.848634,SUCCESS,,1,11,3,False
TXN007279,CUST1039,MERCHANT007,47867.07,NETBANKING,2026-08-18 15:46:26.848634,SUCCESS,,1,16,3,False
TXN007280,CUST0983,MERCHANT009,16098.23,NETBANKING,2026-08-24 14:52:34.848634,SUCCESS,,1,18,3,False
TXN007281,CUST1289,MERCHANT006,7053.09,WALLET,2026-08-23 08:24:13.848634,SUCCESS,,1,16,5,False
TXN007282,CUST0323,MERCHANT002,20127.81,CARD,2026-08-22 23:57:36.848634,SUCCESS,,1,14,0,False
TXN007283,CUST0732,MERCHANT009,13756.13,UPI,2026-08-24 15:02:37.848634,SUCCESS,,1,15,0,False
TXN007284,CUST0896,MERCHANT007,33920.1,CARD,2026-08-21 19:47:08.848634,SUCCESS,,1,7,4,False
TXN007285,CUST0023,MERCHANT004,43073.62,WALLET,2026-08-24 14:01:36.848634,SUCCESS,,1,3,5,False
TXN007286,CUST1682,MERCHANT001,5020.53,NETBANKING,2026-08-20 15:09:32.848634,SUCCESS,,1,14,0,False
TXN007287,CUST1068,MERCHANT008,44656.56,CARD,2026-08-22 16:51:45.848634,SUCCESS,,1,5,2,False
TXN007288,CUST0768,MERCHANT005,18919.1,NETBANKING,2026-08-21 00:35:10.848634,SUCCESS,,1,8,1,False
TXN007289,CUST0080,MERCHANT009,32955.81,NETBANKING,2026-08-21 09:29:31.848634,SUCCESS,,1,0,5,False
TXN007290,CUST0611,MERCHANT003,36023.61,UPI,2026-08-20 17:36:39.848634,SUCCESS,,1,3,3,False
TXN007291,CUST1486,MERCHANT003,11648.14,UPI,2026-08-24 10:52:43.848634,SUCCESS,,1,0,2,False
TXN007292,CUST1275,MERCHANT008,37974.58,WALLET,2026-08-23 08:09:53.848634,FAILED,Insufficient Funds,1,12,2,True
TXN007293,CUST0514,MERCHANT002,36740.7,CARD,2026-08-19 08:43:28.848634,SUCCESS,,1,10,0,False
TXN007294,CUST1306,MERCHANT003,1584.68,CARD,2026-08-21 10:31:54.848634,SUCCESS,,1,20,0,False
TXN007295,CUST1722,MERCHANT007,19757.15,WALLET,2026-08-20 16:44:22.848634,SUCCESS,,1,3,2,False
TXN007296,CUST1109,MERCHANT008,5282.74,CARD,2026-08-18 11:08:44.848634,SUCCESS,,1,14,5,False
TXN007297,CUST0948,MERCHANT002,4417.32,WALLET,2026-08-25 00:58:42.848634,SUCCESS,,1,11,1,False
TXN007298,CUST1181,MERCHANT002,2200.02,NETBANKING,2026-08-23 06:08:13.848634,SUCCESS,,1,11,1,False
TXN007299,CUST1037,MERCHANT005,31562.19,NETBANKING,2026-08-23 16:54:03.848634,SUCCESS,,1,3,3,False
TXN007300,CUST1736,MERCHANT007,47650.26,UPI,2026-08-19 19:47:48.848634,SUCCESS,,1,1,0,False
TXN007301,CUST0155,MERCHANT005,18421.12,UPI,2026-08-19 11:42:29.848634,SUCCESS,,1,3,3,False
TXN007302,CUST1424,MERCHANT005,8958.95,NETBANKING,2026-08-22 20:01:32.848634,SUCCESS,,1,4,2,False
TXN007303,CUST1836,MERCHANT003,16374.86,CARD,2026-08-18 13:36:25.848634,SUCCESS,,1,8,4,False
TXN007304,CUST0376,MERCHANT003,27471.47,WALLET,2026-08-18 03:07:23.848634,SUCCESS,,1,14,0,False
TXN007305,CUST1748,MERCHANT006,48362.0,WALLET,2026-08-19 13:08:30.848634,SUCCESS,,1,18,2,False
TXN007306,CUST0738,MERCHANT002,44858.11,CARD,2026-08-24 15:31:27.848634,SUCCESS,,1,5,4,False
TXN007307,CUST1548,MERCHANT009,27012.58,NETBANKING,2026-08-23 22:49:28.848634,SUCCESS,,1,11,0,False
TXN007308,CUST1136,MERCHANT003,38956.03,WALLET,2026-08-22 23:29:42.848634,SUCCESS,,1,1,2,False
TXN007309,CUST1255,MERCHANT004,46668.59,UPI,2026-08-23 07:08:48.848634,SUCCESS,,1,4,1,False
TXN007310,CUST0966,MERCHANT009,35376.58,WALLET,2026-08-22 22:26:17.848634,SUCCESS,,1,3,3,False
TXN007311,CUST0240,MERCHANT009,49909.84,UPI,2026-08-19 01:09:59.848634,SUCCESS,,1,9,3,False
TXN007312,CUST0076,MERCHANT005,1392.89,UPI,2026-08-21 02:32:08.848634,SUCCESS,,1,4,1,False
TXN007313,CUST0877,MERCHANT001,25310.82,UPI,2026-08-19 12:25:34.848634,SUCCESS,,1,14,5,False
TXN007314,CUST1904,MERCHANT001,41515.93,CARD,2026-08-22 00:00:11.848634,SUCCESS,,1,1,3,False
TXN007315,CUST1482,MERCHANT009,46756.24,CARD,2026-08-24 05:22:48.848634,SUCCESS,,1,0,0,False
TXN007316,CUST1748,MERCHANT005,23007.44,WALLET,2026-08-23 00:48:21.848634,SUCCESS,,1,1,2,False
TXN007317,CUST1234,MERCHANT003,20300.42,CARD,2026-08-22 03:48:54.848634,SUCCESS,,1,10,5,False
TXN007318,CUST1137,MERCHANT008,1660.64,CARD,2026-08-19 04:08:49.848634,SUCCESS,,1,12,5,False
TXN007319,CUST1111,MERCHANT007,17237.22,WALLET,2026-08-23 14:51:17.848634,SUCCESS,,1,3,5,False
TXN007320,CUST1104,MERCHANT002,17460.93,WALLET,2026-08-21 16:34:58.848634,SUCCESS,,1,0,0,False
TXN007321,CUST0030,MERCHANT007,29729.6,CARD,2026-08-23 08:56:00.848634,SUCCESS,,1,11,4,False
TXN007322,CUST1387,MERCHANT009,22250.03,UPI,2026-08-19 06:41:19.848634,SUCCESS,,1,13,2,False
TXN007323,CUST0322,MERCHANT002,14140.34,NETBANKING,2026-08-23 04:55:57.848634,SUCCESS,,1,9,5,False
TXN007324,CUST1775,MERCHANT001,25829.04,NETBANKING,2026-08-20 14:32:43.848634,SUCCESS,,1,20,1,False
TXN007325,CUST0495,MERCHANT002,35309.42,CARD,2026-08-19 03:43:05.848634,SUCCESS,,1,2,5,False
TXN007326,CUST1279,MERCHANT004,41006.62,NETBANKING,2026-08-20 01:04:15.848634,SUCCESS,,1,20,1,False
TXN007327,CUST1395,MERCHANT006,32470.86,NETBANKING,2026-08-23 00:04:02.848634,SUCCESS,,1,11,1,False
TXN007328,CUST0536,MERCHANT005,208.89,CARD,2026-08-20 16:01:42.848634,SUCCESS,,1,5,5,False
TXN007329,CUST0849,MERCHANT005,28007.59,CARD,2026-08-24 08:18:31.848634,SUCCESS,,1,8,4,False
TXN007330,CUST0355,MERCHANT007,35857.6,CARD,2026-08-19 21:26:12.848634,SUCCESS,,1,16,2,False
TXN007331,CUST0832,MERCHANT003,35029.28,NETBANKING,2026-08-24 15:35:21.848634,SUCCESS,,1,13,0,False
TXN007332,CUST0786,MERCHANT001,5567.12,UPI,2026-08-20 05:38:17.848634,SUCCESS,,1,11,2,False
TXN007333,CUST0715,MERCHANT004,8342.42,UPI,2026-08-18 10:31:56.848634,SUCCESS,,1,3,0,False
TXN007334,CUST1441,MERCHANT006,1514.04,CARD,2026-08-24 15:01:43.848634,SUCCESS,,1,10,3,False
TXN007335,CUST1254,MERCHANT010,44141.01,WALLET,2026-08-22 11:59:37.848634,SUCCESS,,1,8,0,False
TXN007336,CUST0124,MERCHANT007,49174.74,NETBANKING,2026-08-21 06:40:15.848634,SUCCESS,,1,18,0,False
TXN007337,CUST1818,MERCHANT003,42491.48,NETBANKING,2026-08-23 18:25:19.848634,SUCCESS,,1,20,5,False
TXN007338,CUST0484,MERCHANT008,22523.42,CARD,2026-08-22 02:23:19.848634,SUCCESS,,1,10,5,False
TXN007339,CUST0765,MERCHANT004,31017.81,CARD,2026-08-22 00:34:06.848634,SUCCESS,,1,7,3,False
TXN007340,CUST0582,MERCHANT001,29285.2,UPI,2026-08-20 03:12:05.848634,SUCCESS,,1,5,0,False
TXN007341,CUST1548,MERCHANT008,25746.98,NETBANKING,2026-08-20 13:28:01.848634,SUCCESS,,1,10,1,False
TXN007342,CUST0873,MERCHANT008,39673.38,NETBANKING,2026-08-19 09:18:40.848634,SUCCESS,,1,15,1,False
TXN007343,CUST1645,MERCHANT008,15391.09,CARD,2026-08-21 00:04:18.848634,SUCCESS,,1,16,4,False
TXN007344,CUST1852,MERCHANT009,8983.7,NETBANKING,2026-08-22 09:09:15.848634,SUCCESS,,1,2,0,False
TXN007345,CUST1613,MERCHANT001,10625.79,UPI,2026-08-19 19:42:59.848634,SUCCESS,,1,3,1,False
TXN007346,CUST1899,MERCHANT010,35283.32,UPI,2026-08-20 12:24:33.848634,SUCCESS,,1,7,3,False
TXN007347,CUST0367,MERCHANT009,42775.05,UPI,2026-08-22 01:55:19.848634,SUCCESS,,1,16,5,False
TXN007348,CUST1158,MERCHANT006,49913.6,WALLET,2026-08-21 03:57:48.848634,SUCCESS,,1,12,5,False
TXN007349,CUST1847,MERCHANT008,8073.73,WALLET,2026-08-24 09:06:26.848634,SUCCESS,,1,10,0,False
TXN007350,CUST1441,MERCHANT001,29725.74,CARD,2026-08-23 23:17:21.848634,SUCCESS,,1,5,4,False
TXN007351,CUST0285,MERCHANT010,42458.93,WALLET,2026-08-19 08:59:04.848634,SUCCESS,,1,4,3,False
TXN007352,CUST1782,MERCHANT009,16957.69,UPI,2026-08-22 18:14:00.848634,SUCCESS,,1,0,2,False
TXN007353,CUST0438,MERCHANT010,19363.84,UPI,2026-08-25 00:07:05.848634,SUCCESS,,1,8,0,False
TXN007354,CUST1578,MERCHANT001,7560.84,WALLET,2026-08-19 21:59:59.848634,SUCCESS,,1,12,1,False
TXN007355,CUST1157,MERCHANT004,44390.73,CARD,2026-08-19 15:44:25.848634,SUCCESS,,1,14,2,False
TXN007356,CUST1766,MERCHANT005,15821.35,CARD,2026-08-20 01:03:29.848634,SUCCESS,,1,16,5,False
TXN007357,CUST0351,MERCHANT002,9350.04,UPI,2026-08-21 18:38:13.848634,SUCCESS,,1,4,1,False
TXN007358,CUST1628,MERCHANT001,12751.27,WALLET,2026-08-18 09:31:50.848634,SUCCESS,,1,17,2,False
TXN007359,CUST0914,MERCHANT010,46680.05,CARD,2026-08-18 11:23:23.848634,SUCCESS,,1,5,2,False
TXN007360,CUST1919,MERCHANT007,12455.19,CARD,2026-08-22 13:21:26.848634,FAILED,Insufficient Funds,3,20,2,False
TXN007361,CUST1638,MERCHANT006,14345.81,CARD,2026-08-19 21:02:29.848634,SUCCESS,,1,4,3,False
TXN007362,CUST1129,MERCHANT006,37976.36,NETBANKING,2026-08-20 23:38:40.848634,SUCCESS,,1,7,0,False
TXN007363,CUST0372,MERCHANT010,42955.93,WALLET,2026-08-22 10:55:27.848634,SUCCESS,,1,7,3,False
TXN007364,CUST0473,MERCHANT001,46545.55,CARD,2026-08-20 17:56:52.848634,SUCCESS,,1,14,5,False
TXN007365,CUST1830,MERCHANT001,923.87,UPI,2026-08-21 06:02:19.848634,SUCCESS,,1,4,4,False
TXN007366,CUST0525,MERCHANT008,26323.32,WALLET,2026-08-21 23:58:40.848634,SUCCESS,,1,17,3,False
TXN007367,CUST1070,MERCHANT006,37365.2,CARD,2026-08-22 01:30:31.848634,SUCCESS,,1,2,1,False
TXN007368,CUST0369,MERCHANT002,18828.66,WALLET,2026-08-22 14:53:14.848634,SUCCESS,,1,14,1,False
TXN007369,CUST0135,MERCHANT007,25965.62,CARD,2026-08-18 17:20:23.848634,SUCCESS,,1,7,1,False
TXN007370,CUST1669,MERCHANT002,28206.59,UPI,2026-08-19 18:06:36.848634,SUCCESS,,1,1,1,False
TXN007371,CUST1524,MERCHANT005,40103.42,NETBANKING,2026-08-18 18:09:35.848634,FAILED,Insufficient Funds,3,12,1,False
TXN007372,CUST1417,MERCHANT006,26323.56,UPI,2026-08-21 17:44:41.848634,SUCCESS,,1,5,1,False
TXN007373,CUST0107,MERCHANT006,48390.19,WALLET,2026-08-19 03:35:11.848634,SUCCESS,,1,0,2,False
TXN007374,CUST0581,MERCHANT002,8569.39,NETBANKING,2026-08-19 11:04:32.848634,SUCCESS,,1,9,1,False
TXN007375,CUST0697,MERCHANT006,26722.48,CARD,2026-08-18 18:35:27.848634,SUCCESS,,1,17,5,False
TXN007376,CUST0940,MERCHANT010,16942.89,UPI,2026-08-19 10:30:40.848634,SUCCESS,,1,19,2,False
TXN007377,CUST1602,MERCHANT008,43740.93,WALLET,2026-08-19 14:10:09.848634,SUCCESS,,1,0,2,False
TXN007378,CUST1532,MERCHANT007,48875.11,WALLET,2026-08-22 15:17:28.848634,SUCCESS,,1,7,2,False
TXN007379,CUST0887,MERCHANT002,48086.75,NETBANKING,2026-08-19 03:04:57.848634,SUCCESS,,1,18,4,False
TXN007380,CUST0477,MERCHANT009,13081.74,UPI,2026-08-23 01:24:31.848634,SUCCESS,,1,19,2,False
TXN007381,CUST1256,MERCHANT001,32914.25,NETBANKING,2026-08-18 05:26:13.848634,SUCCESS,,1,19,0,False
TXN007382,CUST0880,MERCHANT001,16589.45,CARD,2026-08-23 05:13:42.848634,SUCCESS,,1,0,4,False
TXN007383,CUST1805,MERCHANT005,20730.96,NETBANKING,2026-08-23 20:24:05.848634,SUCCESS,,1,7,3,False
TXN007384,CUST1779,MERCHANT010,34425.22,UPI,2026-08-20 12:57:56.848634,SUCCESS,,1,0,0,False
TXN007385,CUST1450,MERCHANT002,9163.55,WALLET,2026-08-24 02:55:31.848634,SUCCESS,,1,10,4,False
TXN007386,CUST0551,MERCHANT007,47257.35,UPI,2026-08-22 01:10:17.848634,SUCCESS,,1,19,3,False
TXN007387,CUST0789,MERCHANT001,14078.75,UPI,2026-08-18 10:30:16.848634,SUCCESS,,1,17,0,False
TXN007388,CUST0882,MERCHANT001,1908.29,UPI,2026-08-18 16:43:21.848634,SUCCESS,,1,8,0,False
TXN007389,CUST1402,MERCHANT010,3561.66,CARD,2026-08-18 13:10:00.848634,SUCCESS,,1,7,5,False
TXN007390,CUST1869,MERCHANT002,13008.04,NETBANKING,2026-08-24 17:30:14.848634,SUCCESS,,1,18,4,False
TXN007391,CUST1165,MERCHANT004,7681.0,CARD,2026-08-23 17:10:59.848634,SUCCESS,,1,13,5,False
TXN007392,CUST0858,MERCHANT010,36557.53,CARD,2026-08-24 12:45:55.848634,SUCCESS,,1,10,3,False
TXN007393,CUST0862,MERCHANT008,22011.76,WALLET,2026-08-24 10:24:57.848634,SUCCESS,,1,2,2,False
TXN007394,CUST1857,MERCHANT008,48857.86,NETBANKING,2026-08-20 19:42:52.848634,SUCCESS,,1,4,1,False
TXN007395,CUST0629,MERCHANT007,7147.67,WALLET,2026-08-18 03:52:04.848634,SUCCESS,,1,15,2,False
TXN007396,CUST1785,MERCHANT010,8859.99,CARD,2026-08-24 14:10:46.848634,SUCCESS,,1,19,3,False
TXN007397,CUST1471,MERCHANT008,17248.39,CARD,2026-08-20 02:51:40.848634,SUCCESS,,1,16,5,False
TXN007398,CUST0737,MERCHANT003,40486.47,CARD,2026-08-19 08:23:24.848634,SUCCESS,,1,3,2,False
TXN007399,CUST1940,MERCHANT006,28363.4,CARD,2026-08-19 13:34:50.848634,SUCCESS,,1,16,1,False
TXN007400,CUST1999,MERCHANT004,44987.67,NETBANKING,2026-08-18 12:33:13.848634,SUCCESS,,1,6,4,False
TXN007401,CUST1983,MERCHANT002,44191.68,CARD,2026-08-24 04:21:22.848634,SUCCESS,,1,15,3,False
TXN007402,CUST0749,MERCHANT007,43892.63,UPI,2026-08-19 02:03:30.848634,SUCCESS,,1,16,2,False
TXN007403,CUST0438,MERCHANT003,46759.31,WALLET,2026-08-22 15:00:02.848634,SUCCESS,,1,2,2,False
TXN007404,CUST1774,MERCHANT001,35455.36,WALLET,2026-08-24 03:34:47.848634,SUCCESS,,1,10,4,False
TXN007405,CUST1011,MERCHANT006,16024.52,WALLET,2026-08-21 15:53:23.848634,SUCCESS,,1,12,3,False
TXN007406,CUST0311,MERCHANT006,15035.22,NETBANKING,2026-08-21 04:52:12.848634,SUCCESS,,1,0,2,False
TXN007407,CUST0838,MERCHANT006,14612.84,CARD,2026-08-23 03:44:24.848634,SUCCESS,,1,6,0,False
TXN007408,CUST1378,MERCHANT003,8338.74,UPI,2026-08-21 07:40:10.848634,FAILED,Bank Declined,1,18,0,True
TXN007409,CUST1825,MERCHANT002,26427.07,NETBANKING,2026-08-19 18:49:51.848634,SUCCESS,,1,17,2,False
TXN007410,CUST0548,MERCHANT004,24343.2,CARD,2026-08-18 16:38:55.848634,FAILED,Network Error,2,1,4,True
TXN007411,CUST1892,MERCHANT001,14522.64,NETBANKING,2026-08-18 17:52:34.848634,SUCCESS,,1,3,0,False
TXN007412,CUST0274,MERCHANT002,12415.88,WALLET,2026-08-18 04:26:36.848634,SUCCESS,,1,4,1,False
TXN007413,CUST1755,MERCHANT002,28950.53,CARD,2026-08-20 20:37:52.848634,SUCCESS,,1,8,4,False
TXN007414,CUST1566,MERCHANT008,6553.2,WALLET,2026-08-24 07:47:36.848634,SUCCESS,,1,8,4,False
TXN007415,CUST0676,MERCHANT002,23958.02,UPI,2026-08-20 07:19:38.848634,SUCCESS,,1,12,5,False
TXN007416,CUST0753,MERCHANT003,24091.59,WALLET,2026-08-18 03:15:10.848634,SUCCESS,,1,8,4,False
TXN007417,CUST1146,MERCHANT007,23745.84,WALLET,2026-08-23 02:33:27.848634,SUCCESS,,1,14,2,False
TXN007418,CUST0854,MERCHANT002,43912.4,WALLET,2026-08-22 17:30:49.848634,SUCCESS,,1,18,1,False
TXN007419,CUST0854,MERCHANT003,18034.49,WALLET,2026-08-22 08:05:30.848634,SUCCESS,,1,13,5,False
TXN007420,CUST0920,MERCHANT003,3785.57,UPI,2026-08-18 14:17:59.848634,SUCCESS,,1,13,0,False
TXN007421,CUST0318,MERCHANT009,14573.2,WALLET,2026-08-22 22:39:17.848634,SUCCESS,,1,2,0,False
TXN007422,CUST1056,MERCHANT002,29402.58,UPI,2026-08-19 11:33:11.848634,SUCCESS,,1,6,4,False
TXN007423,CUST1843,MERCHANT009,38487.08,WALLET,2026-08-19 22:44:36.848634,SUCCESS,,1,20,4,False
TXN007424,CUST1270,MERCHANT009,16968.51,CARD,2026-08-24 23:34:57.848634,SUCCESS,,1,1,1,False
TXN007425,CUST0645,MERCHANT008,7832.71,UPI,2026-08-23 03:17:41.848634,SUCCESS,,1,14,3,False
TXN007426,CUST0154,MERCHANT004,48306.41,WALLET,2026-08-20 01:17:39.848634,SUCCESS,,1,6,4,False
TXN007427,CUST1076,MERCHANT007,4176.88,UPI,2026-08-18 11:51:31.848634,SUCCESS,,1,8,2,False
TXN007428,CUST1429,MERCHANT001,17953.91,UPI,2026-08-24 12:45:16.848634,SUCCESS,,1,16,3,False
TXN007429,CUST1341,MERCHANT006,16535.73,UPI,2026-08-18 23:53:23.848634,SUCCESS,,1,12,4,False
TXN007430,CUST1631,MERCHANT003,26344.54,WALLET,2026-08-22 19:18:54.848634,FAILED,Insufficient Funds,1,12,5,True
TXN007431,CUST0644,MERCHANT001,19209.77,UPI,2026-08-24 16:36:30.848634,SUCCESS,,1,15,3,False
TXN007432,CUST1439,MERCHANT004,29735.63,WALLET,2026-08-24 00:52:25.848634,SUCCESS,,1,3,3,False
TXN007433,CUST1640,MERCHANT003,34324.86,WALLET,2026-08-21 01:14:22.848634,SUCCESS,,1,13,0,False
TXN007434,CUST1873,MERCHANT006,3413.63,NETBANKING,2026-08-22 01:06:20.848634,SUCCESS,,1,5,0,False
TXN007435,CUST1427,MERCHANT009,17899.48,UPI,2026-08-21 01:29:51.848634,SUCCESS,,1,4,3,False
TXN007436,CUST0108,MERCHANT003,13716.45,CARD,2026-08-21 10:02:01.848634,SUCCESS,,1,4,5,False
TXN007437,CUST0422,MERCHANT009,21515.52,CARD,2026-08-18 03:33:56.848634,SUCCESS,,1,3,3,False
TXN007438,CUST1401,MERCHANT007,16583.97,CARD,2026-08-23 12:57:11.848634,SUCCESS,,1,14,1,False
TXN007439,CUST1452,MERCHANT006,20711.42,WALLET,2026-08-21 03:09:15.848634,SUCCESS,,1,2,4,False
TXN007440,CUST0055,MERCHANT009,31241.62,CARD,2026-08-21 04:20:29.848634,SUCCESS,,1,14,4,False
TXN007441,CUST0829,MERCHANT004,49359.74,NETBANKING,2026-08-19 18:00:36.848634,SUCCESS,,1,8,5,False
TXN007442,CUST1421,MERCHANT009,35176.71,WALLET,2026-08-22 23:10:42.848634,SUCCESS,,1,19,0,False
TXN007443,CUST1085,MERCHANT001,32045.48,WALLET,2026-08-19 13:46:03.848634,SUCCESS,,1,9,2,False
TXN007444,CUST1317,MERCHANT010,44959.64,UPI,2026-08-20 08:33:48.848634,SUCCESS,,1,5,2,False
TXN007445,CUST1930,MERCHANT008,27385.57,UPI,2026-08-20 10:03:19.848634,SUCCESS,,1,9,3,False
TXN007446,CUST1735,MERCHANT006,41907.13,NETBANKING,2026-08-25 01:35:31.848634,SUCCESS,,1,10,0,False
TXN007447,CUST0498,MERCHANT007,23455.71,UPI,2026-08-19 09:52:10.848634,SUCCESS,,1,18,5,False
TXN007448,CUST0384,MERCHANT006,32739.7,NETBANKING,2026-08-24 00:52:48.848634,SUCCESS,,1,12,5,False
TXN007449,CUST1731,MERCHANT007,43929.66,CARD,2026-08-19 19:01:54.848634,SUCCESS,,1,13,1,False
TXN007450,CUST0702,MERCHANT009,16962.96,WALLET,2026-08-23 08:47:59.848634,SUCCESS,,1,13,2,False
TXN007451,CUST1425,MERCHANT002,25173.64,WALLET,2026-08-22 07:48:58.848634,FAILED,Insufficient Funds,3,18,1,False
TXN007452,CUST0207,MERCHANT005,40670.76,WALLET,2026-08-21 22:42:34.848634,SUCCESS,,1,8,2,False
TXN007453,CUST1708,MERCHANT002,26705.17,CARD,2026-08-24 18:24:25.848634,SUCCESS,,1,19,4,False
TXN007454,CUST0273,MERCHANT007,44858.78,UPI,2026-08-24 22:18:24.848634,SUCCESS,,1,1,1,False
TXN007455,CUST1708,MERCHANT005,21463.07,UPI,2026-08-21 13:26:18.848634,SUCCESS,,1,5,2,False
TXN007456,CUST0178,MERCHANT010,23735.44,UPI,2026-08-18 13:35:03.848634,SUCCESS,,1,20,4,False
TXN007457,CUST0998,MERCHANT008,1891.54,WALLET,2026-08-19 00:12:48.848634,SUCCESS,,1,1,4,False
TXN007458,CUST1040,MERCHANT010,23437.5,WALLET,2026-08-18 23:38:57.848634,SUCCESS,,1,7,3,False
TXN007459,CUST0264,MERCHANT002,40890.7,UPI,2026-08-20 08:36:53.848634,SUCCESS,,1,4,3,False
TXN007460,CUST1450,MERCHANT003,10773.17,CARD,2026-08-19 03:55:05.848634,SUCCESS,,1,20,2,False
TXN007461,CUST1126,MERCHANT009,48257.47,NETBANKING,2026-08-24 23:31:32.848634,SUCCESS,,1,11,1,False
TXN007462,CUST0869,MERCHANT004,1949.9,NETBANKING,2026-08-24 01:45:31.848634,SUCCESS,,1,2,5,False
TXN007463,CUST0929,MERCHANT007,23233.06,WALLET,2026-08-24 01:35:05.848634,SUCCESS,,1,9,4,False
TXN007464,CUST1131,MERCHANT007,2707.63,CARD,2026-08-22 14:13:05.848634,SUCCESS,,1,8,4,False
TXN007465,CUST1216,MERCHANT002,42182.89,WALLET,2026-08-24 17:02:29.848634,SUCCESS,,1,19,3,False
TXN007466,CUST0161,MERCHANT003,45522.48,WALLET,2026-08-18 06:29:58.848634,SUCCESS,,1,13,0,False
TXN007467,CUST1485,MERCHANT003,12340.51,UPI,2026-08-24 19:15:15.848634,SUCCESS,,1,20,2,False
TXN007468,CUST0898,MERCHANT004,36801.17,WALLET,2026-08-20 04:01:42.848634,SUCCESS,,1,4,1,False
TXN007469,CUST1455,MERCHANT005,4129.06,CARD,2026-08-21 01:21:00.848634,SUCCESS,,1,16,2,False
TXN007470,CUST1419,MERCHANT010,48702.68,WALLET,2026-08-22 20:55:27.848634,SUCCESS,,1,11,4,False
TXN007471,CUST1383,MERCHANT008,28392.1,CARD,2026-08-23 18:09:27.848634,SUCCESS,,1,9,4,False
TXN007472,CUST1349,MERCHANT008,16532.5,WALLET,2026-08-22 05:11:45.848634,SUCCESS,,1,7,0,False
TXN007473,CUST1794,MERCHANT006,27168.59,UPI,2026-08-22 21:11:13.848634,SUCCESS,,1,14,3,False
TXN007474,CUST1285,MERCHANT005,11084.89,WALLET,2026-08-22 10:28:25.848634,SUCCESS,,1,2,0,False
TXN007475,CUST1653,MERCHANT001,6914.71,NETBANKING,2026-08-18 04:09:33.848634,SUCCESS,,1,19,3,False
TXN007476,CUST1852,MERCHANT008,21108.55,NETBANKING,2026-08-22 04:16:47.848634,SUCCESS,,1,20,4,False
TXN007477,CUST0079,MERCHANT010,33740.86,WALLET,2026-08-23 23:07:52.848634,SUCCESS,,1,7,4,False
TXN007478,CUST0037,MERCHANT009,2011.12,NETBANKING,2026-08-18 05:24:11.848634,SUCCESS,,1,19,2,False
TXN007479,CUST1862,MERCHANT004,8815.93,WALLET,2026-08-18 22:57:16.848634,SUCCESS,,1,19,5,False
TXN007480,CUST1125,MERCHANT001,5217.79,CARD,2026-08-24 01:19:42.848634,SUCCESS,,1,0,5,False
TXN007481,CUST1375,MERCHANT010,37330.35,WALLET,2026-08-20 10:26:25.848634,SUCCESS,,1,14,1,False
TXN007482,CUST0332,MERCHANT008,34504.06,UPI,2026-08-18 23:12:59.848634,SUCCESS,,1,12,0,False
TXN007483,CUST1646,MERCHANT004,16760.67,WALLET,2026-08-24 11:29:30.848634,SUCCESS,,1,17,0,False
TXN007484,CUST1917,MERCHANT003,20009.44,UPI,2026-08-18 13:39:20.848634,SUCCESS,,1,8,2,False
TXN007485,CUST1443,MERCHANT001,41610.46,NETBANKING,2026-08-22 01:31:51.848634,SUCCESS,,1,20,0,False
TXN007486,CUST1959,MERCHANT009,1692.72,CARD,2026-08-19 14:47:49.848634,SUCCESS,,1,7,3,False
TXN007487,CUST0815,MERCHANT005,35883.2,WALLET,2026-08-24 21:43:06.848634,SUCCESS,,1,9,3,False
TXN007488,CUST0521,MERCHANT002,32561.74,WALLET,2026-08-21 10:52:28.848634,SUCCESS,,1,12,5,False
TXN007489,CUST1480,MERCHANT009,31482.53,UPI,2026-08-20 19:03:16.848634,SUCCESS,,1,17,4,False
TXN007490,CUST0258,MERCHANT010,24055.35,NETBANKING,2026-08-18 08:53:33.848634,SUCCESS,,1,11,3,False
TXN007491,CUST0115,MERCHANT002,22573.79,CARD,2026-08-24 09:41:57.848634,SUCCESS,,1,15,3,False
TXN007492,CUST0042,MERCHANT009,2661.28,UPI,2026-08-19 09:34:48.848634,SUCCESS,,1,19,5,False
TXN007493,CUST0852,MERCHANT010,35167.84,WALLET,2026-08-20 10:40:48.848634,SUCCESS,,1,9,4,False
TXN007494,CUST0106,MERCHANT004,25392.77,WALLET,2026-08-22 20:04:29.848634,SUCCESS,,1,8,4,False
TXN007495,CUST0310,MERCHANT003,11945.39,WALLET,2026-08-18 05:17:21.848634,SUCCESS,,1,7,0,False
TXN007496,CUST1625,MERCHANT006,37167.4,WALLET,2026-08-18 04:49:21.848634,SUCCESS,,1,10,4,False
TXN007497,CUST0213,MERCHANT005,39540.7,CARD,2026-08-20 15:55:46.848634,FAILED,Insufficient Funds,1,7,4,True
TXN007498,CUST1192,MERCHANT004,49727.02,UPI,2026-08-19 06:47:22.848634,SUCCESS,,1,19,3,False
TXN007499,CUST0062,MERCHANT006,23084.87,UPI,2026-08-24 19:33:47.848634,SUCCESS,,1,5,1,False
TXN007500,CUST1431,MERCHANT003,924.2,UPI,2026-08-19 04:52:26.848634,SUCCESS,,1,8,0,False
TXN007501,CUST1962,MERCHANT009,2481.17,CARD,2026-08-23 03:07:41.848634,SUCCESS,,1,15,2,False
TXN007502,CUST0441,MERCHANT003,10740.29,NETBANKING,2026-08-20 13:53:10.848634,SUCCESS,,1,13,0,False
TXN007503,CUST1276,MERCHANT006,15318.37,NETBANKING,2026-08-23 16:33:36.848634,SUCCESS,,1,10,4,False
TXN007504,CUST1691,MERCHANT009,41627.61,WALLET,2026-08-21 11:24:17.848634,SUCCESS,,1,0,2,False
TXN007505,CUST0142,MERCHANT003,14550.66,UPI,2026-08-18 21:00:10.848634,SUCCESS,,1,5,3,False
TXN007506,CUST0927,MERCHANT008,2491.71,NETBANKING,2026-08-20 18:24:07.848634,SUCCESS,,1,3,1,False
TXN007507,CUST0890,MERCHANT004,9946.71,UPI,2026-08-22 16:48:40.848634,SUCCESS,,1,3,2,False
TXN007508,CUST1208,MERCHANT005,33760.74,CARD,2026-08-23 18:24:50.848634,SUCCESS,,1,15,3,False
TXN007509,CUST0071,MERCHANT010,48691.53,CARD,2026-08-21 12:02:42.848634,SUCCESS,,1,0,1,False
TXN007510,CUST0200,MERCHANT008,21585.35,WALLET,2026-08-21 19:21:44.848634,SUCCESS,,1,20,4,False
TXN007511,CUST0860,MERCHANT005,31289.99,UPI,2026-08-20 06:12:52.848634,SUCCESS,,1,12,2,False
TXN007512,CUST1242,MERCHANT003,40208.05,WALLET,2026-08-22 14:02:54.848634,SUCCESS,,1,17,0,False
TXN007513,CUST0953,MERCHANT006,46455.82,UPI,2026-08-20 07:58:59.848634,SUCCESS,,1,20,3,False
TXN007514,CUST0391,MERCHANT002,46694.76,WALLET,2026-08-18 05:48:05.848634,SUCCESS,,1,10,5,False
TXN007515,CUST1678,MERCHANT010,13995.92,NETBANKING,2026-08-20 18:24:31.848634,SUCCESS,,1,14,3,False
TXN007516,CUST0144,MERCHANT007,36521.02,WALLET,2026-08-18 17:16:15.848634,SUCCESS,,1,12,2,False
TXN007517,CUST0226,MERCHANT009,36420.1,NETBANKING,2026-08-20 05:09:03.848634,FAILED,Technical Error,2,11,1,True
TXN007518,CUST0422,MERCHANT008,22310.75,WALLET,2026-08-23 09:24:55.848634,SUCCESS,,1,0,0,False
TXN007519,CUST1920,MERCHANT004,18919.33,UPI,2026-08-22 01:10:58.848634,SUCCESS,,1,8,1,False
TXN007520,CUST1277,MERCHANT001,29043.95,NETBANKING,2026-08-19 21:14:38.848634,SUCCESS,,1,6,4,False
TXN007521,CUST1510,MERCHANT006,10291.08,CARD,2026-08-21 17:38:51.848634,SUCCESS,,1,0,2,False
TXN007522,CUST0780,MERCHANT002,39967.71,CARD,2026-08-18 17:26:29.848634,SUCCESS,,1,8,3,False
TXN007523,CUST0244,MERCHANT003,26742.05,WALLET,2026-08-18 19:13:14.848634,SUCCESS,,1,1,2,False
TXN007524,CUST1691,MERCHANT010,31824.47,NETBANKING,2026-08-20 12:44:04.848634,SUCCESS,,1,4,0,False
TXN007525,CUST1387,MERCHANT005,36291.11,CARD,2026-08-22 14:35:56.848634,SUCCESS,,1,13,3,False
TXN007526,CUST0150,MERCHANT010,33671.67,NETBANKING,2026-08-19 23:54:24.848634,SUCCESS,,1,7,2,False
TXN007527,CUST0117,MERCHANT002,20904.21,UPI,2026-08-24 10:20:10.848634,SUCCESS,,1,0,5,False
TXN007528,CUST1070,MERCHANT001,28669.1,UPI,2026-08-24 15:11:36.848634,SUCCESS,,1,1,1,False
TXN007529,CUST0687,MERCHANT010,44407.91,NETBANKING,2026-08-21 22:47:47.848634,SUCCESS,,1,19,2,False
TXN007530,CUST1908,MERCHANT008,31281.07,WALLET,2026-08-21 07:01:25.848634,SUCCESS,,1,9,1,False
TXN007531,CUST0680,MERCHANT008,1300.77,NETBANKING,2026-08-24 17:08:04.848634,SUCCESS,,1,6,2,False
TXN007532,CUST1402,MERCHANT002,31710.69,UPI,2026-08-19 06:42:46.848634,SUCCESS,,1,9,3,False
TXN007533,CUST0987,MERCHANT006,25311.88,WALLET,2026-08-22 15:49:09.848634,SUCCESS,,1,15,0,False
TXN007534,CUST1042,MERCHANT006,42602.19,CARD,2026-08-23 17:18:55.848634,SUCCESS,,1,12,1,False
TXN007535,CUST1236,MERCHANT008,17890.07,CARD,2026-08-24 13:21:41.848634,SUCCESS,,1,16,2,False
TXN007536,CUST1149,MERCHANT001,408.7,NETBANKING,2026-08-22 09:52:33.848634,SUCCESS,,1,10,3,False
TXN007537,CUST0943,MERCHANT004,5232.43,CARD,2026-08-23 14:15:28.848634,FAILED,Bank Declined,2,4,2,True
TXN007538,CUST1661,MERCHANT009,42206.18,CARD,2026-08-21 20:29:14.848634,SUCCESS,,1,8,2,False
TXN007539,CUST1651,MERCHANT003,40432.37,WALLET,2026-08-19 12:43:04.848634,SUCCESS,,1,16,1,False
TXN007540,CUST0139,MERCHANT006,23916.62,NETBANKING,2026-08-24 14:24:19.848634,SUCCESS,,1,6,5,False
TXN007541,CUST1427,MERCHANT003,11782.88,CARD,2026-08-19 04:51:21.848634,SUCCESS,,1,20,2,False
TXN007542,CUST0472,MERCHANT002,46569.18,CARD,2026-08-18 05:05:48.848634,SUCCESS,,1,1,4,False
TXN007543,CUST1863,MERCHANT004,40727.53,NETBANKING,2026-08-20 16:09:49.848634,SUCCESS,,1,8,3,False
TXN007544,CUST0222,MERCHANT010,49632.64,NETBANKING,2026-08-22 06:53:16.848634,SUCCESS,,1,5,0,False
TXN007545,CUST0960,MERCHANT009,21403.33,UPI,2026-08-20 18:48:35.848634,FAILED,Technical Error,2,7,4,True
TXN007546,CUST0256,MERCHANT009,19986.72,WALLET,2026-08-20 12:01:37.848634,SUCCESS,,1,5,3,False
TXN007547,CUST1368,MERCHANT007,48694.11,NETBANKING,2026-08-24 08:15:01.848634,SUCCESS,,1,3,2,False
TXN007548,CUST0891,MERCHANT003,13173.21,UPI,2026-08-19 22:47:58.848634,FAILED,Network Error,3,12,1,False
TXN007549,CUST0784,MERCHANT002,10891.72,CARD,2026-08-20 00:21:38.848634,SUCCESS,,1,5,3,False
TXN007550,CUST1965,MERCHANT001,18834.93,NETBANKING,2026-08-23 08:19:14.848634,SUCCESS,,1,15,4,False
TXN007551,CUST1575,MERCHANT006,12131.5,UPI,2026-08-19 05:00:18.848634,SUCCESS,,1,11,4,False
TXN007552,CUST0666,MERCHANT006,15329.45,CARD,2026-08-23 07:27:23.848634,SUCCESS,,1,17,1,False
TXN007553,CUST1765,MERCHANT002,47560.34,NETBANKING,2026-08-23 09:42:25.848634,FAILED,Network Error,1,12,0,True
TXN007554,CUST0084,MERCHANT010,21887.18,WALLET,2026-08-20 00:04:50.848634,SUCCESS,,1,14,0,False
TXN007555,CUST0364,MERCHANT001,25596.01,WALLET,2026-08-18 19:49:30.848634,SUCCESS,,1,13,4,False
TXN007556,CUST0716,MERCHANT006,47103.16,WALLET,2026-08-20 08:20:41.848634,FAILED,Technical Error,2,4,1,True
TXN007557,CUST1158,MERCHANT004,7769.28,WALLET,2026-08-21 02:15:19.848634,SUCCESS,,1,16,5,False
TXN007558,CUST1145,MERCHANT001,10113.82,WALLET,2026-08-19 23:25:16.848634,SUCCESS,,1,9,1,False
TXN007559,CUST0718,MERCHANT004,45366.32,WALLET,2026-08-19 12:53:09.848634,SUCCESS,,1,10,3,False
TXN007560,CUST1712,MERCHANT010,48831.61,CARD,2026-08-22 18:52:47.848634,SUCCESS,,1,9,0,False
TXN007561,CUST0466,MERCHANT008,25616.57,NETBANKING,2026-08-20 03:55:38.848634,SUCCESS,,1,20,3,False
TXN007562,CUST1354,MERCHANT005,22025.28,NETBANKING,2026-08-20 21:36:38.848634,SUCCESS,,1,12,4,False
TXN007563,CUST1165,MERCHANT009,28766.94,NETBANKING,2026-08-23 06:17:33.848634,SUCCESS,,1,4,0,False
TXN007564,CUST0535,MERCHANT003,41682.96,CARD,2026-08-21 21:23:08.848634,SUCCESS,,1,17,1,False
TXN007565,CUST0099,MERCHANT004,33756.84,CARD,2026-08-23 02:21:51.848634,SUCCESS,,1,15,2,False
TXN007566,CUST1596,MERCHANT004,2679.49,NETBANKING,2026-08-24 17:24:07.848634,SUCCESS,,1,17,1,False
TXN007567,CUST0645,MERCHANT007,32744.23,NETBANKING,2026-08-19 08:32:10.848634,SUCCESS,,1,7,0,False
TXN007568,CUST1635,MERCHANT004,41234.47,UPI,2026-08-23 16:35:59.848634,SUCCESS,,1,5,3,False
TXN007569,CUST1227,MERCHANT005,13242.97,UPI,2026-08-21 13:08:41.848634,SUCCESS,,1,5,5,False
TXN007570,CUST1291,MERCHANT001,13245.24,CARD,2026-08-18 12:09:16.848634,SUCCESS,,1,3,1,False
TXN007571,CUST0106,MERCHANT003,49515.77,NETBANKING,2026-08-18 06:09:05.848634,SUCCESS,,1,10,2,False
TXN007572,CUST1067,MERCHANT008,43523.68,WALLET,2026-08-22 02:59:14.848634,SUCCESS,,1,7,1,False
TXN007573,CUST0264,MERCHANT003,9486.19,UPI,2026-08-22 01:07:25.848634,SUCCESS,,1,19,3,False
TXN007574,CUST0925,MERCHANT005,800.75,NETBANKING,2026-08-23 02:31:20.848634,SUCCESS,,1,2,4,False
TXN007575,CUST1191,MERCHANT003,26223.12,NETBANKING,2026-08-21 22:15:52.848634,SUCCESS,,1,11,5,False
TXN007576,CUST1859,MERCHANT002,20427.83,CARD,2026-08-20 11:53:52.848634,SUCCESS,,1,4,4,False
TXN007577,CUST0109,MERCHANT010,41855.25,NETBANKING,2026-08-24 21:42:36.848634,SUCCESS,,1,17,4,False
TXN007578,CUST0059,MERCHANT006,30795.92,UPI,2026-08-22 14:04:17.848634,SUCCESS,,1,1,0,False
TXN007579,CUST1352,MERCHANT007,3288.46,NETBANKING,2026-08-18 03:40:01.848634,SUCCESS,,1,3,2,False
TXN007580,CUST0701,MERCHANT010,45975.19,UPI,2026-08-21 15:04:22.848634,SUCCESS,,1,4,2,False
TXN007581,CUST1687,MERCHANT002,43915.18,WALLET,2026-08-23 09:11:23.848634,SUCCESS,,1,1,3,False
TXN007582,CUST1271,MERCHANT006,48427.75,CARD,2026-08-20 18:44:25.848634,SUCCESS,,1,12,3,False
TXN007583,CUST1949,MERCHANT003,35231.37,CARD,2026-08-18 09:31:41.848634,SUCCESS,,1,6,1,False
TXN007584,CUST0043,MERCHANT005,22325.88,NETBANKING,2026-08-23 11:57:57.848634,SUCCESS,,1,1,0,False
TXN007585,CUST1618,MERCHANT003,16328.24,NETBANKING,2026-08-23 10:35:37.848634,SUCCESS,,1,17,0,False
TXN007586,CUST0323,MERCHANT005,37989.61,WALLET,2026-08-22 10:19:35.848634,SUCCESS,,1,7,3,False
TXN007587,CUST0163,MERCHANT002,48825.08,WALLET,2026-08-19 00:11:52.848634,SUCCESS,,1,2,5,False
TXN007588,CUST1100,MERCHANT006,4843.52,UPI,2026-08-19 05:41:32.848634,SUCCESS,,1,14,0,False
TXN007589,CUST0922,MERCHANT009,4867.12,WALLET,2026-08-19 20:56:32.848634,SUCCESS,,1,18,1,False
TXN007590,CUST0403,MERCHANT002,13234.36,UPI,2026-08-20 11:51:21.848634,SUCCESS,,1,7,3,False
TXN007591,CUST0648,MERCHANT008,35928.42,UPI,2026-08-21 21:17:53.848634,SUCCESS,,1,0,2,False
TXN007592,CUST1068,MERCHANT007,35073.72,NETBANKING,2026-08-21 04:03:40.848634,SUCCESS,,1,7,5,False
TXN007593,CUST1324,MERCHANT007,48220.72,CARD,2026-08-23 00:04:56.848634,SUCCESS,,1,16,4,False
TXN007594,CUST1030,MERCHANT008,22133.71,NETBANKING,2026-08-22 22:09:31.848634,SUCCESS,,1,13,2,False
TXN007595,CUST0109,MERCHANT006,41876.92,WALLET,2026-08-23 03:46:55.848634,SUCCESS,,1,11,2,False
TXN007596,CUST0609,MERCHANT005,6001.01,NETBANKING,2026-08-22 19:50:50.848634,SUCCESS,,1,8,4,False
TXN007597,CUST1802,MERCHANT004,38029.37,UPI,2026-08-19 12:02:39.848634,SUCCESS,,1,19,5,False
TXN007598,CUST1186,MERCHANT006,4391.03,CARD,2026-08-19 13:00:38.848634,SUCCESS,,1,17,4,False
TXN007599,CUST0818,MERCHANT008,28402.52,UPI,2026-08-23 22:14:15.848634,SUCCESS,,1,7,2,False
TXN007600,CUST0293,MERCHANT001,5083.14,NETBANKING,2026-08-20 00:43:16.848634,FAILED,Insufficient Funds,2,9,2,True
TXN007601,CUST0628,MERCHANT009,36275.0,NETBANKING,2026-08-23 12:05:19.848634,SUCCESS,,1,10,1,False
TXN007602,CUST1438,MERCHANT009,15338.5,UPI,2026-08-24 15:34:57.848634,SUCCESS,,1,17,4,False
TXN007603,CUST1326,MERCHANT004,16052.04,NETBANKING,2026-08-20 12:22:32.848634,SUCCESS,,1,14,3,False
TXN007604,CUST0165,MERCHANT005,19732.47,UPI,2026-08-19 17:23:58.848634,SUCCESS,,1,10,0,False
TXN007605,CUST1200,MERCHANT002,21450.94,UPI,2026-08-19 13:00:38.848634,SUCCESS,,1,17,4,False
TXN007606,CUST0841,MERCHANT009,2612.16,NETBANKING,2026-08-20 00:23:03.848634,SUCCESS,,1,0,1,False
TXN007607,CUST0245,MERCHANT007,36065.38,WALLET,2026-08-21 17:18:34.848634,SUCCESS,,1,11,1,False
TXN007608,CUST1743,MERCHANT003,19377.45,NETBANKING,2026-08-21 20:10:48.848634,SUCCESS,,1,15,5,False
TXN007609,CUST0189,MERCHANT003,30110.41,WALLET,2026-08-19 17:28:53.848634,SUCCESS,,1,19,5,False
TXN007610,CUST0899,MERCHANT008,6145.39,CARD,2026-08-20 14:46:25.848634,SUCCESS,,1,20,1,False
TXN007611,CUST1878,MERCHANT002,40882.63,UPI,2026-08-19 05:59:36.848634,SUCCESS,,1,19,0,False
TXN007612,CUST1385,MERCHANT010,9499.21,UPI,2026-08-21 04:33:20.848634,SUCCESS,,1,0,2,False
TXN007613,CUST0517,MERCHANT007,18756.76,CARD,2026-08-19 17:22:40.848634,SUCCESS,,1,8,0,False
TXN007614,CUST1419,MERCHANT009,4350.61,CARD,2026-08-18 23:03:21.848634,SUCCESS,,1,0,3,False
TXN007615,CUST1614,MERCHANT003,17478.1,CARD,2026-08-22 10:00:50.848634,SUCCESS,,1,14,0,False
TXN007616,CUST1121,MERCHANT005,32170.57,CARD,2026-08-21 22:27:45.848634,SUCCESS,,1,14,2,False
TXN007617,CUST1202,MERCHANT010,20160.81,NETBANKING,2026-08-22 22:58:26.848634,SUCCESS,,1,20,0,False
TXN007618,CUST1925,MERCHANT002,7036.23,NETBANKING,2026-08-21 05:28:07.848634,FAILED,Bank Declined,2,15,0,True
TXN007619,CUST1581,MERCHANT007,849.57,CARD,2026-08-24 12:19:01.848634,SUCCESS,,1,7,3,False
TXN007620,CUST0721,MERCHANT010,13932.51,UPI,2026-08-19 18:19:59.848634,SUCCESS,,1,9,0,False
TXN007621,CUST1689,MERCHANT009,17325.82,CARD,2026-08-24 23:33:20.848634,SUCCESS,,1,1,3,False
TXN007622,CUST1316,MERCHANT010,42592.4,NETBANKING,2026-08-20 00:25:20.848634,SUCCESS,,1,10,2,False
TXN007623,CUST0359,MERCHANT003,40312.15,CARD,2026-08-21 03:43:40.848634,SUCCESS,,1,7,3,False
TXN007624,CUST1536,MERCHANT009,21857.35,NETBANKING,2026-08-19 03:11:38.848634,SUCCESS,,1,10,2,False
TXN007625,CUST1590,MERCHANT004,18574.74,UPI,2026-08-21 12:53:43.848634,SUCCESS,,1,20,5,False
TXN007626,CUST0691,MERCHANT007,37162.87,UPI,2026-08-23 14:59:27.848634,SUCCESS,,1,12,3,False
TXN007627,CUST0043,MERCHANT009,30605.21,NETBANKING,2026-08-21 15:16:23.848634,SUCCESS,,1,1,5,False
TXN007628,CUST1637,MERCHANT001,18316.4,CARD,2026-08-21 06:49:04.848634,SUCCESS,,1,0,0,False
TXN007629,CUST1039,MERCHANT005,44256.88,NETBANKING,2026-08-22 23:37:43.848634,SUCCESS,,1,10,4,False
TXN007630,CUST0894,MERCHANT009,47721.21,NETBANKING,2026-08-23 15:25:59.848634,SUCCESS,,1,18,2,False
TXN007631,CUST1707,MERCHANT010,27584.58,NETBANKING,2026-08-20 22:27:09.848634,SUCCESS,,1,4,0,False
TXN007632,CUST0542,MERCHANT007,12007.9,CARD,2026-08-24 12:10:46.848634,SUCCESS,,1,12,3,False
TXN007633,CUST1333,MERCHANT008,39213.19,WALLET,2026-08-18 17:36:53.848634,SUCCESS,,1,15,2,False
TXN007634,CUST0056,MERCHANT004,19396.12,CARD,2026-08-20 11:24:38.848634,SUCCESS,,1,20,1,False
TXN007635,CUST0872,MERCHANT003,1402.53,UPI,2026-08-21 09:34:48.848634,SUCCESS,,1,13,4,False
TXN007636,CUST1948,MERCHANT001,13142.04,UPI,2026-08-19 21:34:28.848634,SUCCESS,,1,18,3,False
TXN007637,CUST1547,MERCHANT010,47295.83,WALLET,2026-08-22 20:11:55.848634,SUCCESS,,1,0,4,False
TXN007638,CUST0958,MERCHANT003,12053.22,UPI,2026-08-24 06:52:05.848634,SUCCESS,,1,5,5,False
TXN007639,CUST0004,MERCHANT010,34432.67,UPI,2026-08-23 18:02:07.848634,SUCCESS,,1,11,0,False
TXN007640,CUST0800,MERCHANT003,9160.99,UPI,2026-08-24 18:28:41.848634,SUCCESS,,1,17,0,False
TXN007641,CUST0891,MERCHANT005,19761.73,CARD,2026-08-20 22:00:21.848634,SUCCESS,,1,4,0,False
TXN007642,CUST0963,MERCHANT006,8938.43,WALLET,2026-08-23 18:12:25.848634,SUCCESS,,1,6,5,False
TXN007643,CUST1862,MERCHANT009,39577.11,WALLET,2026-08-21 14:23:41.848634,SUCCESS,,1,20,0,False
TXN007644,CUST1815,MERCHANT010,14675.36,CARD,2026-08-21 10:00:13.848634,SUCCESS,,1,12,4,False
TXN007645,CUST0262,MERCHANT001,44129.28,WALLET,2026-08-23 14:50:35.848634,SUCCESS,,1,15,1,False
TXN007646,CUST0614,MERCHANT007,28684.07,UPI,2026-08-21 05:12:14.848634,SUCCESS,,1,13,1,False
TXN007647,CUST1740,MERCHANT003,4875.24,WALLET,2026-08-22 00:51:58.848634,SUCCESS,,1,2,2,False
TXN007648,CUST0693,MERCHANT006,22145.04,CARD,2026-08-19 14:54:55.848634,SUCCESS,,1,11,2,False
TXN007649,CUST1931,MERCHANT008,37808.92,UPI,2026-08-23 18:41:40.848634,SUCCESS,,1,18,1,False
TXN007650,CUST1929,MERCHANT009,47711.44,UPI,2026-08-22 13:06:20.848634,SUCCESS,,1,12,3,False
TXN007651,CUST1857,MERCHANT003,13126.74,UPI,2026-08-24 08:22:35.848634,SUCCESS,,1,11,0,False
TXN007652,CUST1075,MERCHANT010,23242.37,CARD,2026-08-21 21:25:36.848634,SUCCESS,,1,12,0,False
TXN007653,CUST0613,MERCHANT004,37165.37,CARD,2026-08-21 17:56:42.848634,SUCCESS,,1,10,3,False
TXN007654,CUST1491,MERCHANT006,47357.8,WALLET,2026-08-23 06:59:14.848634,SUCCESS,,1,18,0,False
TXN007655,CUST1027,MERCHANT001,30859.79,CARD,2026-08-23 00:37:26.848634,FAILED,Insufficient Funds,3,6,2,False
TXN007656,CUST0427,MERCHANT003,19392.99,NETBANKING,2026-08-22 18:05:43.848634,SUCCESS,,1,0,1,False
TXN007657,CUST1193,MERCHANT005,32722.12,NETBANKING,2026-08-19 21:17:45.848634,FAILED,Bank Declined,3,19,4,False
TXN007658,CUST1666,MERCHANT008,42824.62,NETBANKING,2026-08-24 17:22:27.848634,SUCCESS,,1,0,5,False
TXN007659,CUST0399,MERCHANT001,45652.11,UPI,2026-08-22 22:52:16.848634,SUCCESS,,1,11,5,False
TXN007660,CUST1027,MERCHANT001,18347.27,CARD,2026-08-23 07:50:28.848634,SUCCESS,,1,12,0,False
TXN007661,CUST1668,MERCHANT005,5247.55,NETBANKING,2026-08-20 11:04:17.848634,SUCCESS,,1,17,0,False
TXN007662,CUST1966,MERCHANT006,47149.03,NETBANKING,2026-08-21 10:00:01.848634,SUCCESS,,1,17,1,False
TXN007663,CUST1697,MERCHANT008,28643.0,UPI,2026-08-23 09:53:27.848634,SUCCESS,,1,13,0,False
TXN007664,CUST0516,MERCHANT005,9610.99,CARD,2026-08-19 06:38:03.848634,SUCCESS,,1,5,3,False
TXN007665,CUST0102,MERCHANT006,6573.63,WALLET,2026-08-22 08:45:15.848634,SUCCESS,,1,19,4,False
TXN007666,CUST0182,MERCHANT004,35008.75,UPI,2026-08-20 04:41:46.848634,SUCCESS,,1,5,4,False
TXN007667,CUST0255,MERCHANT007,4159.09,WALLET,2026-08-23 18:04:40.848634,SUCCESS,,1,0,0,False
TXN007668,CUST1652,MERCHANT003,6980.83,CARD,2026-08-22 01:08:41.848634,SUCCESS,,1,10,5,False
TXN007669,CUST0179,MERCHANT003,27137.16,WALLET,2026-08-21 13:11:23.848634,SUCCESS,,1,10,1,False
TXN007670,CUST0076,MERCHANT007,16856.97,UPI,2026-08-23 19:29:53.848634,SUCCESS,,1,12,2,False
TXN007671,CUST0986,MERCHANT010,46172.22,NETBANKING,2026-08-18 13:24:52.848634,SUCCESS,,1,3,2,False
TXN007672,CUST1010,MERCHANT002,30115.45,UPI,2026-08-21 01:20:10.848634,SUCCESS,,1,8,4,False
TXN007673,CUST0963,MERCHANT003,39991.32,CARD,2026-08-22 16:18:46.848634,SUCCESS,,1,20,4,False
TXN007674,CUST0436,MERCHANT001,28851.07,UPI,2026-08-21 09:10:45.848634,SUCCESS,,1,13,4,False
TXN007675,CUST0934,MERCHANT006,19885.88,NETBANKING,2026-08-24 15:09:35.848634,SUCCESS,,1,3,0,False
TXN007676,CUST1031,MERCHANT009,21578.99,NETBANKING,2026-08-21 13:27:42.848634,SUCCESS,,1,5,3,False
TXN007677,CUST0372,MERCHANT005,1684.7,CARD,2026-08-22 23:45:17.848634,SUCCESS,,1,12,5,False
TXN007678,CUST1570,MERCHANT003,33821.44,CARD,2026-08-22 21:13:43.848634,SUCCESS,,1,14,3,False
TXN007679,CUST1841,MERCHANT004,26655.35,UPI,2026-08-20 23:22:53.848634,SUCCESS,,1,6,4,False
TXN007680,CUST0525,MERCHANT004,16931.16,NETBANKING,2026-08-24 19:40:12.848634,SUCCESS,,1,19,3,False
TXN007681,CUST1133,MERCHANT005,30961.31,CARD,2026-08-20 00:49:21.848634,SUCCESS,,1,9,3,False
TXN007682,CUST0491,MERCHANT006,25435.0,NETBANKING,2026-08-22 21:52:08.848634,SUCCESS,,1,13,4,False
TXN007683,CUST0812,MERCHANT009,22840.38,WALLET,2026-08-19 23:13:00.848634,SUCCESS,,1,10,3,False
TXN007684,CUST1165,MERCHANT008,31502.28,CARD,2026-08-24 10:59:35.848634,SUCCESS,,1,18,1,False
TXN007685,CUST1306,MERCHANT005,15125.33,NETBANKING,2026-08-19 10:47:49.848634,SUCCESS,,1,18,3,False
TXN007686,CUST1419,MERCHANT010,11203.04,NETBANKING,2026-08-21 19:02:08.848634,SUCCESS,,1,2,2,False
TXN007687,CUST1452,MERCHANT008,43811.23,CARD,2026-08-19 22:58:43.848634,SUCCESS,,1,3,4,False
TXN007688,CUST0419,MERCHANT003,14553.96,CARD,2026-08-20 05:23:23.848634,SUCCESS,,1,18,5,False
TXN007689,CUST1064,MERCHANT010,18458.34,UPI,2026-08-21 19:24:26.848634,SUCCESS,,1,2,1,False
TXN007690,CUST0797,MERCHANT008,35148.13,CARD,2026-08-21 05:10:08.848634,SUCCESS,,1,15,1,False
TXN007691,CUST0837,MERCHANT005,12676.28,UPI,2026-08-20 05:32:04.848634,SUCCESS,,1,19,5,False
TXN007692,CUST1886,MERCHANT010,32592.28,WALLET,2026-08-25 00:51:49.848634,SUCCESS,,1,4,2,False
TXN007693,CUST0399,MERCHANT010,40937.37,UPI,2026-08-23 10:50:49.848634,SUCCESS,,1,12,5,False
TXN007694,CUST1003,MERCHANT003,13920.79,CARD,2026-08-24 10:52:04.848634,SUCCESS,,1,18,3,False
TXN007695,CUST1256,MERCHANT004,6944.1,NETBANKING,2026-08-24 02:45:33.848634,SUCCESS,,1,0,0,False
TXN007696,CUST0160,MERCHANT010,12069.3,CARD,2026-08-23 06:47:06.848634,SUCCESS,,1,17,0,False
TXN007697,CUST1601,MERCHANT002,13839.5,CARD,2026-08-23 17:10:03.848634,SUCCESS,,1,0,1,False
TXN007698,CUST1666,MERCHANT004,42473.95,WALLET,2026-08-22 23:16:55.848634,FAILED,Insufficient Funds,2,3,5,True
TXN007699,CUST0070,MERCHANT002,34468.68,WALLET,2026-08-19 14:25:22.848634,SUCCESS,,1,8,4,False
TXN007700,CUST0729,MERCHANT006,32438.93,NETBANKING,2026-08-19 13:22:26.848634,SUCCESS,,1,0,2,False
TXN007701,CUST1272,MERCHANT006,9020.8,CARD,2026-08-22 05:07:27.848634,SUCCESS,,1,4,0,False
TXN007702,CUST1481,MERCHANT001,9124.55,UPI,2026-08-19 03:24:15.848634,SUCCESS,,1,16,2,False
TXN007703,CUST1414,MERCHANT004,21377.72,UPI,2026-08-24 23:51:30.848634,SUCCESS,,1,4,5,False
TXN007704,CUST0147,MERCHANT009,26997.31,UPI,2026-08-22 00:26:10.848634,SUCCESS,,1,1,2,False
TXN007705,CUST1711,MERCHANT008,38314.14,WALLET,2026-08-20 17:39:24.848634,SUCCESS,,1,16,4,False
TXN007706,CUST1894,MERCHANT008,8742.17,UPI,2026-08-18 15:23:19.848634,SUCCESS,,1,3,3,False
TXN007707,CUST0792,MERCHANT001,29039.8,UPI,2026-08-20 01:04:54.848634,SUCCESS,,1,4,0,False
TXN007708,CUST1642,MERCHANT008,627.93,NETBANKING,2026-08-20 07:29:11.848634,SUCCESS,,1,2,0,False
TXN007709,CUST0922,MERCHANT003,49151.95,CARD,2026-08-22 07:25:31.848634,SUCCESS,,1,19,1,False
TXN007710,CUST0908,MERCHANT002,29538.76,WALLET,2026-08-23 18:56:05.848634,SUCCESS,,1,14,5,False
TXN007711,CUST1641,MERCHANT003,30152.78,UPI,2026-08-24 05:39:26.848634,SUCCESS,,1,19,5,False
TXN007712,CUST0337,MERCHANT001,36008.54,NETBANKING,2026-08-18 07:02:00.848634,SUCCESS,,1,14,2,False
TXN007713,CUST0928,MERCHANT004,40316.81,CARD,2026-08-19 14:11:01.848634,SUCCESS,,1,12,2,False
TXN007714,CUST1710,MERCHANT001,8530.01,NETBANKING,2026-08-21 15:03:44.848634,SUCCESS,,1,6,0,False
TXN007715,CUST1727,MERCHANT009,38676.4,UPI,2026-08-23 23:31:06.848634,SUCCESS,,1,15,1,False
TXN007716,CUST0534,MERCHANT006,16518.26,CARD,2026-08-22 14:34:03.848634,SUCCESS,,1,20,5,False
TXN007717,CUST1786,MERCHANT002,10143.78,CARD,2026-08-23 08:27:05.848634,SUCCESS,,1,12,4,False
TXN007718,CUST0859,MERCHANT001,653.43,UPI,2026-08-21 18:30:46.848634,SUCCESS,,1,14,0,False
TXN007719,CUST0986,MERCHANT003,3611.42,NETBANKING,2026-08-21 20:29:52.848634,SUCCESS,,1,2,0,False
TXN007720,CUST1782,MERCHANT002,30954.31,WALLET,2026-08-18 04:37:40.848634,SUCCESS,,1,5,3,False
TXN007721,CUST0692,MERCHANT002,22438.56,NETBANKING,2026-08-24 15:15:20.848634,SUCCESS,,1,13,5,False
TXN007722,CUST1838,MERCHANT003,25639.89,NETBANKING,2026-08-21 11:44:57.848634,SUCCESS,,1,17,4,False
TXN007723,CUST0474,MERCHANT001,7069.75,WALLET,2026-08-19 18:26:53.848634,SUCCESS,,1,9,0,False
TXN007724,CUST1880,MERCHANT001,31339.81,CARD,2026-08-22 02:55:00.848634,SUCCESS,,1,17,2,False
TXN007725,CUST1221,MERCHANT010,38421.27,WALLET,2026-08-22 16:33:40.848634,SUCCESS,,1,12,3,False
TXN007726,CUST1686,MERCHANT009,37911.9,UPI,2026-08-20 19:12:50.848634,SUCCESS,,1,8,4,False
TXN007727,CUST0424,MERCHANT009,10276.89,CARD,2026-08-24 01:41:46.848634,SUCCESS,,1,7,1,False
TXN007728,CUST1329,MERCHANT005,41959.34,CARD,2026-08-19 04:21:09.848634,SUCCESS,,1,18,2,False
TXN007729,CUST1852,MERCHANT009,32602.59,UPI,2026-08-22 00:57:26.848634,SUCCESS,,1,15,4,False
TXN007730,CUST0670,MERCHANT003,11750.51,WALLET,2026-08-21 07:11:04.848634,SUCCESS,,1,11,0,False
TXN007731,CUST1051,MERCHANT009,13445.69,WALLET,2026-08-22 15:46:38.848634,FAILED,Insufficient Funds,1,1,0,True
TXN007732,CUST1422,MERCHANT004,2604.88,CARD,2026-08-24 02:06:21.848634,SUCCESS,,1,7,2,False
TXN007733,CUST1855,MERCHANT008,23736.62,NETBANKING,2026-08-22 01:25:07.848634,SUCCESS,,1,8,4,False
TXN007734,CUST1114,MERCHANT003,17649.15,UPI,2026-08-21 07:04:29.848634,SUCCESS,,1,2,3,False
TXN007735,CUST1895,MERCHANT004,2234.25,WALLET,2026-08-22 23:31:48.848634,SUCCESS,,1,9,0,False
TXN007736,CUST1390,MERCHANT005,13127.16,NETBANKING,2026-08-23 06:47:08.848634,SUCCESS,,1,2,5,False
TXN007737,CUST0577,MERCHANT004,13646.59,WALLET,2026-08-22 05:46:31.848634,SUCCESS,,1,16,3,False
TXN007738,CUST1906,MERCHANT006,8375.84,WALLET,2026-08-19 21:19:21.848634,SUCCESS,,1,17,3,False
TXN007739,CUST1226,MERCHANT004,33969.7,WALLET,2026-08-18 14:43:36.848634,SUCCESS,,1,12,2,False
TXN007740,CUST0706,MERCHANT007,25549.54,CARD,2026-08-24 14:37:34.848634,SUCCESS,,1,14,0,False
TXN007741,CUST1353,MERCHANT005,22403.56,UPI,2026-08-18 08:55:42.848634,SUCCESS,,1,16,3,False
TXN007742,CUST1323,MERCHANT006,20720.49,NETBANKING,2026-08-22 12:52:55.848634,SUCCESS,,1,2,1,False
TXN007743,CUST1944,MERCHANT005,43540.27,UPI,2026-08-24 05:41:17.848634,SUCCESS,,1,11,4,False
TXN007744,CUST0926,MERCHANT001,8094.28,CARD,2026-08-21 20:21:13.848634,SUCCESS,,1,3,0,False
TXN007745,CUST1780,MERCHANT001,31004.41,NETBANKING,2026-08-18 14:43:36.848634,SUCCESS,,1,6,4,False
TXN007746,CUST0211,MERCHANT003,38194.69,CARD,2026-08-20 08:21:22.848634,SUCCESS,,1,16,1,False
TXN007747,CUST1083,MERCHANT005,18429.38,NETBANKING,2026-08-19 19:34:34.848634,SUCCESS,,1,10,4,False
TXN007748,CUST1561,MERCHANT005,39745.85,CARD,2026-08-24 18:18:20.848634,SUCCESS,,1,17,1,False
TXN007749,CUST1138,MERCHANT009,34291.5,UPI,2026-08-20 11:43:36.848634,SUCCESS,,1,11,0,False
TXN007750,CUST0261,MERCHANT007,35887.73,NETBANKING,2026-08-22 18:14:10.848634,SUCCESS,,1,17,1,False
TXN007751,CUST0764,MERCHANT001,21515.85,UPI,2026-08-18 05:25:49.848634,SUCCESS,,1,1,0,False
TXN007752,CUST0198,MERCHANT007,42283.51,CARD,2026-08-18 13:15:38.848634,SUCCESS,,1,16,2,False
TXN007753,CUST1707,MERCHANT006,29916.55,NETBANKING,2026-08-20 12:10:40.848634,SUCCESS,,1,8,4,False
TXN007754,CUST1850,MERCHANT008,29259.18,NETBANKING,2026-08-22 08:55:07.848634,SUCCESS,,1,4,4,False
TXN007755,CUST0362,MERCHANT006,1538.73,UPI,2026-08-18 13:39:59.848634,SUCCESS,,1,8,2,False
TXN007756,CUST0589,MERCHANT006,11204.0,UPI,2026-08-24 03:41:36.848634,SUCCESS,,1,3,2,False
TXN007757,CUST0736,MERCHANT008,42063.39,CARD,2026-08-19 05:27:19.848634,SUCCESS,,1,6,5,False
TXN007758,CUST0915,MERCHANT004,47984.26,UPI,2026-08-24 10:52:45.848634,SUCCESS,,1,4,0,False
TXN007759,CUST0679,MERCHANT009,22017.25,CARD,2026-08-22 21:16:20.848634,SUCCESS,,1,9,3,False
TXN007760,CUST0218,MERCHANT002,15060.12,WALLET,2026-08-19 04:59:52.848634,SUCCESS,,1,20,4,False
TXN007761,CUST0172,MERCHANT008,18683.95,NETBANKING,2026-08-22 02:29:47.848634,SUCCESS,,1,13,2,False
TXN007762,CUST0324,MERCHANT005,20562.39,CARD,2026-08-24 10:28:04.848634,SUCCESS,,1,11,2,False
TXN007763,CUST0963,MERCHANT001,14190.07,NETBANKING,2026-08-24 15:57:00.848634,SUCCESS,,1,10,3,False
TXN007764,CUST0859,MERCHANT007,7994.93,UPI,2026-08-22 17:45:07.848634,SUCCESS,,1,17,2,False
TXN007765,CUST0413,MERCHANT003,19725.01,NETBANKING,2026-08-20 22:59:27.848634,SUCCESS,,1,18,4,False
TXN007766,CUST0802,MERCHANT009,6733.57,NETBANKING,2026-08-22 23:27:46.848634,SUCCESS,,1,9,2,False
TXN007767,CUST0402,MERCHANT006,17124.55,NETBANKING,2026-08-22 23:45:26.848634,SUCCESS,,1,5,0,False
TXN007768,CUST0386,MERCHANT004,1034.86,UPI,2026-08-21 05:09:37.848634,SUCCESS,,1,1,1,False
TXN007769,CUST1259,MERCHANT009,11670.72,CARD,2026-08-20 13:34:01.848634,SUCCESS,,1,0,4,False
TXN007770,CUST0026,MERCHANT001,45044.45,CARD,2026-08-19 09:01:13.848634,SUCCESS,,1,0,5,False
TXN007771,CUST0233,MERCHANT002,37711.54,CARD,2026-08-23 15:18:05.848634,SUCCESS,,1,8,5,False
TXN007772,CUST1596,MERCHANT002,21274.07,NETBANKING,2026-08-21 17:25:02.848634,SUCCESS,,1,15,5,False
TXN007773,CUST0041,MERCHANT005,4508.49,CARD,2026-08-22 13:32:41.848634,SUCCESS,,1,6,5,False
TXN007774,CUST0760,MERCHANT005,11243.75,WALLET,2026-08-19 06:04:55.848634,SUCCESS,,1,5,4,False
TXN007775,CUST1816,MERCHANT007,32712.56,NETBANKING,2026-08-19 01:35:19.848634,SUCCESS,,1,20,2,False
TXN007776,CUST1614,MERCHANT010,21256.92,NETBANKING,2026-08-20 14:12:19.848634,SUCCESS,,1,16,3,False
TXN007777,CUST1254,MERCHANT007,10966.75,NETBANKING,2026-08-22 13:28:05.848634,SUCCESS,,1,9,4,False
TXN007778,CUST1036,MERCHANT001,43047.28,CARD,2026-08-21 21:20:09.848634,SUCCESS,,1,20,3,False
TXN007779,CUST0531,MERCHANT008,25353.31,NETBANKING,2026-08-18 08:12:28.848634,SUCCESS,,1,9,5,False
TXN007780,CUST1975,MERCHANT006,20344.08,NETBANKING,2026-08-19 22:38:25.848634,SUCCESS,,1,20,4,False
TXN007781,CUST1506,MERCHANT010,14414.47,WALLET,2026-08-21 10:39:44.848634,SUCCESS,,1,20,4,False
TXN007782,CUST1156,MERCHANT010,32342.63,CARD,2026-08-18 23:52:47.848634,SUCCESS,,1,12,4,False
TXN007783,CUST1045,MERCHANT003,1786.72,NETBANKING,2026-08-19 02:52:16.848634,SUCCESS,,1,9,4,False
TXN007784,CUST0670,MERCHANT005,31731.49,CARD,2026-08-18 21:02:28.848634,SUCCESS,,1,0,3,False
TXN007785,CUST1602,MERCHANT007,40616.81,NETBANKING,2026-08-18 23:50:51.848634,SUCCESS,,1,19,5,False
TXN007786,CUST0695,MERCHANT008,18013.94,UPI,2026-08-23 02:31:32.848634,SUCCESS,,1,5,2,False
TXN007787,CUST1353,MERCHANT007,18613.2,UPI,2026-08-24 08:12:26.848634,SUCCESS,,1,6,2,False
TXN007788,CUST0651,MERCHANT007,40530.93,NETBANKING,2026-08-22 17:34:08.848634,SUCCESS,,1,7,3,False
TXN007789,CUST0962,MERCHANT010,13386.49,CARD,2026-08-19 09:00:03.848634,SUCCESS,,1,17,1,False
TXN007790,CUST1784,MERCHANT009,35384.58,WALLET,2026-08-19 14:04:57.848634,SUCCESS,,1,3,0,False
TXN007791,CUST0497,MERCHANT005,31630.18,UPI,2026-08-21 16:45:20.848634,SUCCESS,,1,19,2,False
TXN007792,CUST0820,MERCHANT004,1342.14,CARD,2026-08-19 05:45:51.848634,SUCCESS,,1,4,0,False
TXN007793,CUST0880,MERCHANT006,31767.06,UPI,2026-08-20 18:31:37.848634,SUCCESS,,1,6,2,False
TXN007794,CUST1694,MERCHANT003,32150.44,WALLET,2026-08-22 14:42:33.848634,SUCCESS,,1,1,5,False
TXN007795,CUST0029,MERCHANT002,38688.93,WALLET,2026-08-20 18:53:52.848634,SUCCESS,,1,15,2,False
TXN007796,CUST0101,MERCHANT002,975.76,WALLET,2026-08-18 13:57:42.848634,SUCCESS,,1,4,3,False
TXN007797,CUST0287,MERCHANT010,26240.07,WALLET,2026-08-18 04:04:23.848634,SUCCESS,,1,19,4,False
TXN007798,CUST1389,MERCHANT004,26826.49,WALLET,2026-08-21 10:04:08.848634,SUCCESS,,1,15,3,False
TXN007799,CUST1159,MERCHANT004,6378.65,NETBANKING,2026-08-23 23:57:50.848634,SUCCESS,,1,9,4,False
TXN007800,CUST1358,MERCHANT001,46916.91,UPI,2026-08-21 08:14:34.848634,SUCCESS,,1,3,3,False
TXN007801,CUST1869,MERCHANT006,38299.39,NETBANKING,2026-08-18 13:09:52.848634,SUCCESS,,1,18,2,False
TXN007802,CUST0806,MERCHANT007,2351.85,UPI,2026-08-23 15:06:36.848634,SUCCESS,,1,11,0,False
TXN007803,CUST1353,MERCHANT008,30797.08,CARD,2026-08-22 00:11:21.848634,SUCCESS,,1,8,3,False
TXN007804,CUST1963,MERCHANT003,379.32,WALLET,2026-08-19 06:40:23.848634,SUCCESS,,1,7,2,False
TXN007805,CUST1119,MERCHANT008,22649.69,NETBANKING,2026-08-20 09:21:05.848634,SUCCESS,,1,16,1,False
TXN007806,CUST0959,MERCHANT002,15594.46,WALLET,2026-08-22 17:32:39.848634,SUCCESS,,1,7,5,False
TXN007807,CUST1847,MERCHANT004,14910.43,UPI,2026-08-19 15:11:35.848634,SUCCESS,,1,4,3,False
TXN007808,CUST1115,MERCHANT001,49477.46,WALLET,2026-08-20 01:14:30.848634,SUCCESS,,1,12,4,False
TXN007809,CUST0309,MERCHANT004,26569.35,WALLET,2026-08-22 05:04:04.848634,SUCCESS,,1,12,3,False
TXN007810,CUST0371,MERCHANT001,20951.46,NETBANKING,2026-08-23 09:01:50.848634,SUCCESS,,1,16,2,False
TXN007811,CUST1517,MERCHANT002,39129.57,CARD,2026-08-20 18:16:44.848634,SUCCESS,,1,19,1,False
TXN007812,CUST1527,MERCHANT002,35778.17,UPI,2026-08-19 08:31:52.848634,SUCCESS,,1,19,0,False
TXN007813,CUST1629,MERCHANT008,34882.99,NETBANKING,2026-08-20 00:05:50.848634,SUCCESS,,1,10,1,False
TXN007814,CUST1321,MERCHANT005,16415.11,UPI,2026-08-23 23:17:52.848634,SUCCESS,,1,14,3,False
TXN007815,CUST1775,MERCHANT006,7255.99,NETBANKING,2026-08-21 22:21:47.848634,SUCCESS,,1,4,4,False
TXN007816,CUST1714,MERCHANT007,43965.89,UPI,2026-08-18 23:26:35.848634,SUCCESS,,1,5,1,False
TXN007817,CUST1227,MERCHANT003,37275.11,WALLET,2026-08-25 00:13:30.848634,SUCCESS,,1,8,2,False
TXN007818,CUST1070,MERCHANT004,46686.95,CARD,2026-08-23 00:32:24.848634,SUCCESS,,1,6,5,False
TXN007819,CUST0689,MERCHANT003,45057.52,NETBANKING,2026-08-20 09:40:59.848634,SUCCESS,,1,12,4,False
TXN007820,CUST1195,MERCHANT006,11931.28,UPI,2026-08-24 01:12:05.848634,SUCCESS,,1,18,1,False
TXN007821,CUST0029,MERCHANT003,48759.47,CARD,2026-08-18 23:20:15.848634,SUCCESS,,1,5,5,False
TXN007822,CUST0425,MERCHANT010,23331.4,CARD,2026-08-22 00:28:40.848634,SUCCESS,,1,17,4,False
TXN007823,CUST1335,MERCHANT004,25195.3,NETBANKING,2026-08-20 23:51:33.848634,SUCCESS,,1,11,2,False
TXN007824,CUST0039,MERCHANT008,14407.51,UPI,2026-08-22 20:35:22.848634,SUCCESS,,1,16,4,False
TXN007825,CUST0441,MERCHANT007,28765.41,NETBANKING,2026-08-24 22:28:40.848634,FAILED,Insufficient Funds,3,12,3,False
TXN007826,CUST1593,MERCHANT007,14785.16,UPI,2026-08-19 19:27:36.848634,SUCCESS,,1,13,1,False
TXN007827,CUST0544,MERCHANT010,1018.67,NETBANKING,2026-08-24 08:36:43.848634,SUCCESS,,1,9,4,False
TXN007828,CUST1003,MERCHANT009,12781.95,NETBANKING,2026-08-18 08:07:33.848634,SUCCESS,,1,0,2,False
TXN007829,CUST1308,MERCHANT008,16307.01,CARD,2026-08-21 05:58:00.848634,SUCCESS,,1,14,5,False
TXN007830,CUST1941,MERCHANT003,36558.32,WALLET,2026-08-24 07:21:40.848634,SUCCESS,,1,11,1,False
TXN007831,CUST1174,MERCHANT009,31328.4,CARD,2026-08-23 02:41:42.848634,SUCCESS,,1,18,5,False
TXN007832,CUST1129,MERCHANT010,29453.96,NETBANKING,2026-08-22 04:53:57.848634,SUCCESS,,1,18,3,False
TXN007833,CUST0207,MERCHANT001,41419.06,UPI,2026-08-24 18:56:22.848634,SUCCESS,,1,15,4,False
TXN007834,CUST0313,MERCHANT009,25000.84,UPI,2026-08-18 08:10:17.848634,SUCCESS,,1,8,5,False
TXN007835,CUST0876,MERCHANT002,21622.93,NETBANKING,2026-08-18 22:32:02.848634,SUCCESS,,1,1,4,False
TXN007836,CUST0706,MERCHANT009,5751.0,CARD,2026-08-20 09:47:46.848634,FAILED,Technical Error,2,16,1,True
TXN007837,CUST0968,MERCHANT002,32979.89,WALLET,2026-08-18 13:00:55.848634,FAILED,Technical Error,1,19,4,True
TXN007838,CUST1297,MERCHANT010,41192.05,NETBANKING,2026-08-23 00:45:18.848634,SUCCESS,,1,14,0,False
TXN007839,CUST1383,MERCHANT006,4605.88,UPI,2026-08-21 21:36:06.848634,SUCCESS,,1,9,0,False
TXN007840,CUST0230,MERCHANT001,44719.86,CARD,2026-08-21 09:03:01.848634,SUCCESS,,1,12,0,False
TXN007841,CUST1895,MERCHANT004,35458.81,WALLET,2026-08-19 02:16:14.848634,SUCCESS,,1,0,4,False
TXN007842,CUST0810,MERCHANT002,32649.36,WALLET,2026-08-18 14:28:18.848634,SUCCESS,,1,10,1,False
TXN007843,CUST1288,MERCHANT010,32850.09,CARD,2026-08-20 09:10:52.848634,SUCCESS,,1,0,3,False
TXN007844,CUST1179,MERCHANT007,30752.8,NETBANKING,2026-08-19 18:24:44.848634,FAILED,Network Error,2,9,3,True
TXN007845,CUST0360,MERCHANT005,29920.83,WALLET,2026-08-19 12:21:53.848634,SUCCESS,,1,13,3,False
TXN007846,CUST0864,MERCHANT008,33165.77,CARD,2026-08-21 00:04:56.848634,SUCCESS,,1,2,4,False
TXN007847,CUST0211,MERCHANT002,21054.92,WALLET,2026-08-22 20:02:54.848634,SUCCESS,,1,16,1,False
TXN007848,CUST1077,MERCHANT006,4804.05,CARD,2026-08-23 00:56:49.848634,SUCCESS,,1,17,4,False
TXN007849,CUST1740,MERCHANT006,23283.91,UPI,2026-08-24 03:50:41.848634,SUCCESS,,1,17,1,False
TXN007850,CUST1382,MERCHANT006,31937.25,NETBANKING,2026-08-19 08:26:31.848634,SUCCESS,,1,16,1,False
TXN007851,CUST0303,MERCHANT005,3142.92,WALLET,2026-08-21 03:01:25.848634,SUCCESS,,1,17,0,False
TXN007852,CUST1492,MERCHANT005,16227.35,UPI,2026-08-23 05:21:28.848634,SUCCESS,,1,14,4,False
TXN007853,CUST0845,MERCHANT009,11044.44,CARD,2026-08-25 00:59:58.848634,SUCCESS,,1,0,0,False
TXN007854,CUST0256,MERCHANT004,9076.28,WALLET,2026-08-22 20:48:59.848634,SUCCESS,,1,6,1,False
TXN007855,CUST1685,MERCHANT003,16565.11,CARD,2026-08-20 18:29:01.848634,SUCCESS,,1,7,0,False
TXN007856,CUST1742,MERCHANT009,47274.77,NETBANKING,2026-08-18 22:22:37.848634,SUCCESS,,1,19,2,False
TXN007857,CUST0379,MERCHANT001,15317.38,CARD,2026-08-23 01:43:24.848634,SUCCESS,,1,17,3,False
TXN007858,CUST0342,MERCHANT004,30024.44,NETBANKING,2026-08-22 13:34:26.848634,SUCCESS,,1,4,0,False
TXN007859,CUST0840,MERCHANT006,23703.7,WALLET,2026-08-19 13:42:56.848634,SUCCESS,,1,0,2,False
TXN007860,CUST1945,MERCHANT005,6074.24,UPI,2026-08-22 18:13:57.848634,SUCCESS,,1,8,4,False
TXN007861,CUST1381,MERCHANT007,6413.16,UPI,2026-08-19 08:13:50.848634,SUCCESS,,1,19,2,False
TXN007862,CUST1223,MERCHANT006,4030.65,UPI,2026-08-22 23:06:54.848634,SUCCESS,,1,11,2,False
TXN007863,CUST1880,MERCHANT004,4040.25,CARD,2026-08-24 23:15:49.848634,SUCCESS,,1,16,5,False
TXN007864,CUST1480,MERCHANT004,22216.3,WALLET,2026-08-24 21:14:17.848634,SUCCESS,,1,12,5,False
TXN007865,CUST0279,MERCHANT009,33114.37,WALLET,2026-08-22 04:12:28.848634,SUCCESS,,1,0,1,False
TXN007866,CUST0635,MERCHANT004,33020.05,WALLET,2026-08-24 11:14:09.848634,SUCCESS,,1,4,0,False
TXN007867,CUST0221,MERCHANT007,34722.58,UPI,2026-08-21 07:34:21.848634,SUCCESS,,1,14,3,False
TXN007868,CUST0931,MERCHANT009,18914.58,CARD,2026-08-18 17:00:54.848634,SUCCESS,,1,9,4,False
TXN007869,CUST0263,MERCHANT004,47172.06,CARD,2026-08-23 06:47:19.848634,SUCCESS,,1,18,3,False
TXN007870,CUST0135,MERCHANT003,32771.78,WALLET,2026-08-22 16:57:09.848634,SUCCESS,,1,1,5,False
TXN007871,CUST1387,MERCHANT005,47985.42,NETBANKING,2026-08-21 10:57:46.848634,SUCCESS,,1,5,4,False
TXN007872,CUST1842,MERCHANT002,40047.47,WALLET,2026-08-20 04:07:42.848634,SUCCESS,,1,14,4,False
TXN007873,CUST0014,MERCHANT001,48479.46,NETBANKING,2026-08-19 12:14:44.848634,SUCCESS,,1,16,3,False
TXN007874,CUST1292,MERCHANT007,39579.27,WALLET,2026-08-19 05:31:47.848634,SUCCESS,,1,9,1,False
TXN007875,CUST1968,MERCHANT008,10470.18,NETBANKING,2026-08-18 16:14:44.848634,SUCCESS,,1,20,5,False
TXN007876,CUST0054,MERCHANT010,11625.0,CARD,2026-08-18 06:12:57.848634,SUCCESS,,1,20,3,False
TXN007877,CUST0342,MERCHANT002,7651.64,NETBANKING,2026-08-19 19:41:10.848634,SUCCESS,,1,9,0,False
TXN007878,CUST1224,MERCHANT002,257.42,CARD,2026-08-18 11:55:26.848634,FAILED,Technical Error,1,4,2,True
TXN007879,CUST1636,MERCHANT001,34269.29,UPI,2026-08-22 14:46:28.848634,SUCCESS,,1,7,0,False
TXN007880,CUST0607,MERCHANT002,13702.35,CARD,2026-08-19 12:14:46.848634,SUCCESS,,1,11,2,False
TXN007881,CUST0384,MERCHANT001,26698.08,CARD,2026-08-21 07:19:13.848634,SUCCESS,,1,12,4,False
TXN007882,CUST0199,MERCHANT009,8152.47,CARD,2026-08-20 16:21:26.848634,SUCCESS,,1,10,1,False
TXN007883,CUST1055,MERCHANT010,9199.48,NETBANKING,2026-08-20 11:13:18.848634,SUCCESS,,1,19,2,False
TXN007884,CUST0590,MERCHANT010,39588.06,UPI,2026-08-24 23:32:58.848634,SUCCESS,,1,14,1,False
TXN007885,CUST1226,MERCHANT003,30964.43,NETBANKING,2026-08-21 23:46:54.848634,SUCCESS,,1,12,3,False
TXN007886,CUST0954,MERCHANT004,25831.96,UPI,2026-08-20 08:32:40.848634,SUCCESS,,1,11,5,False
TXN007887,CUST1705,MERCHANT007,24793.28,CARD,2026-08-23 22:52:12.848634,SUCCESS,,1,9,4,False
TXN007888,CUST1373,MERCHANT006,39836.23,UPI,2026-08-24 16:48:59.848634,SUCCESS,,1,0,4,False
TXN007889,CUST0602,MERCHANT005,29160.1,WALLET,2026-08-20 11:29:00.848634,SUCCESS,,1,14,5,False
TXN007890,CUST0480,MERCHANT001,21074.03,UPI,2026-08-24 00:06:31.848634,SUCCESS,,1,18,4,False
TXN007891,CUST1983,MERCHANT005,20054.67,UPI,2026-08-19 15:38:57.848634,SUCCESS,,1,19,5,False
TXN007892,CUST0514,MERCHANT003,47178.38,UPI,2026-08-23 07:11:24.848634,SUCCESS,,1,19,3,False
TXN007893,CUST1163,MERCHANT009,16408.38,UPI,2026-08-20 07:22:29.848634,SUCCESS,,1,8,4,False
TXN007894,CUST1788,MERCHANT006,168.91,WALLET,2026-08-21 09:48:30.848634,SUCCESS,,1,18,2,False
TXN007895,CUST1514,MERCHANT006,49496.36,WALLET,2026-08-24 18:05:47.848634,SUCCESS,,1,11,3,False
TXN007896,CUST1423,MERCHANT005,35876.33,WALLET,2026-08-25 00:17:46.848634,SUCCESS,,1,11,4,False
TXN007897,CUST0327,MERCHANT005,37587.99,UPI,2026-08-21 01:55:11.848634,SUCCESS,,1,14,4,False
TXN007898,CUST0668,MERCHANT009,1049.67,WALLET,2026-08-19 19:50:08.848634,SUCCESS,,1,11,1,False
TXN007899,CUST0697,MERCHANT001,32940.56,CARD,2026-08-21 10:01:41.848634,SUCCESS,,1,14,1,False
TXN007900,CUST1102,MERCHANT007,28654.17,NETBANKING,2026-08-22 16:13:36.848634,SUCCESS,,1,13,5,False
TXN007901,CUST0017,MERCHANT005,1917.58,CARD,2026-08-24 12:09:36.848634,SUCCESS,,1,18,2,False
TXN007902,CUST1354,MERCHANT004,33729.54,WALLET,2026-08-19 22:01:45.848634,FAILED,Technical Error,3,15,3,False
TXN007903,CUST0278,MERCHANT010,28989.55,WALLET,2026-08-24 02:36:19.848634,FAILED,Timeout,3,17,5,False
TXN007904,CUST0544,MERCHANT010,27289.32,CARD,2026-08-19 04:28:40.848634,SUCCESS,,1,20,5,False
TXN007905,CUST1212,MERCHANT003,16240.16,CARD,2026-08-21 08:23:12.848634,SUCCESS,,1,9,3,False
TXN007906,CUST1508,MERCHANT004,40750.23,CARD,2026-08-20 18:36:35.848634,SUCCESS,,1,20,1,False
TXN007907,CUST1905,MERCHANT006,43231.7,UPI,2026-08-24 21:58:42.848634,SUCCESS,,1,0,0,False
TXN007908,CUST0074,MERCHANT001,42027.76,UPI,2026-08-18 05:52:15.848634,SUCCESS,,1,9,4,False
TXN007909,CUST0741,MERCHANT002,667.65,NETBANKING,2026-08-22 20:32:29.848634,SUCCESS,,1,15,3,False
TXN007910,CUST1625,MERCHANT006,24091.16,CARD,2026-08-24 17:23:38.848634,SUCCESS,,1,9,4,False
TXN007911,CUST1978,MERCHANT002,48749.97,NETBANKING,2026-08-19 07:30:51.848634,SUCCESS,,1,8,0,False
TXN007912,CUST0152,MERCHANT004,28579.6,WALLET,2026-08-22 23:19:23.848634,SUCCESS,,1,13,0,False
TXN007913,CUST1023,MERCHANT007,49759.48,WALLET,2026-08-21 22:24:48.848634,SUCCESS,,1,18,2,False
TXN007914,CUST1891,MERCHANT005,46803.92,WALLET,2026-08-19 19:59:11.848634,SUCCESS,,1,15,2,False
TXN007915,CUST0898,MERCHANT002,27244.24,UPI,2026-08-24 17:05:41.848634,SUCCESS,,1,11,3,False
TXN007916,CUST0193,MERCHANT001,34845.04,CARD,2026-08-20 13:09:50.848634,SUCCESS,,1,17,0,False
TXN007917,CUST0458,MERCHANT009,34779.83,CARD,2026-08-23 14:50:52.848634,SUCCESS,,1,6,0,False
TXN007918,CUST1668,MERCHANT002,35316.75,WALLET,2026-08-24 23:15:17.848634,SUCCESS,,1,17,2,False
TXN007919,CUST0692,MERCHANT003,9527.92,CARD,2026-08-22 03:48:22.848634,SUCCESS,,1,15,1,False
TXN007920,CUST0031,MERCHANT001,3062.92,UPI,2026-08-24 22:48:52.848634,SUCCESS,,1,3,0,False
TXN007921,CUST1762,MERCHANT008,20890.58,WALLET,2026-08-20 00:37:40.848634,SUCCESS,,1,7,4,False
TXN007922,CUST1707,MERCHANT010,24296.32,WALLET,2026-08-23 20:51:37.848634,SUCCESS,,1,1,4,False
TXN007923,CUST0763,MERCHANT003,7879.61,WALLET,2026-08-18 10:35:43.848634,SUCCESS,,1,17,2,False
TXN007924,CUST1912,MERCHANT004,12429.5,NETBANKING,2026-08-21 21:28:10.848634,SUCCESS,,1,19,4,False
TXN007925,CUST1553,MERCHANT004,7151.11,UPI,2026-08-18 06:35:44.848634,SUCCESS,,1,0,0,False
TXN007926,CUST1616,MERCHANT009,41616.91,WALLET,2026-08-21 08:14:24.848634,SUCCESS,,1,14,0,False
TXN007927,CUST1654,MERCHANT004,15090.12,NETBANKING,2026-08-22 05:54:10.848634,SUCCESS,,1,12,2,False
TXN007928,CUST1164,MERCHANT007,11437.79,WALLET,2026-08-18 11:32:31.848634,SUCCESS,,1,12,3,False
TXN007929,CUST1014,MERCHANT005,3540.35,WALLET,2026-08-23 18:38:39.848634,SUCCESS,,1,12,0,False
TXN007930,CUST0076,MERCHANT005,36911.74,WALLET,2026-08-21 15:14:08.848634,SUCCESS,,1,2,1,False
TXN007931,CUST0949,MERCHANT008,37815.62,WALLET,2026-08-18 08:25:42.848634,SUCCESS,,1,12,3,False
TXN007932,CUST0261,MERCHANT006,10754.26,NETBANKING,2026-08-22 03:07:09.848634,SUCCESS,,1,5,3,False
TXN007933,CUST1026,MERCHANT007,1332.02,CARD,2026-08-20 11:20:08.848634,FAILED,Network Error,3,19,4,False
TXN007934,CUST0193,MERCHANT010,177.44,UPI,2026-08-24 21:32:37.848634,SUCCESS,,1,9,1,False
TXN007935,CUST0733,MERCHANT008,13845.2,UPI,2026-08-18 20:41:55.848634,FAILED,Technical Error,3,14,5,False
TXN007936,CUST0772,MERCHANT007,27432.07,CARD,2026-08-24 19:59:57.848634,FAILED,Technical Error,1,2,2,True
TXN007937,CUST1959,MERCHANT006,14179.32,NETBANKING,2026-08-18 05:07:13.848634,SUCCESS,,1,6,3,False
TXN007938,CUST1993,MERCHANT002,40641.38,NETBANKING,2026-08-20 16:25:33.848634,SUCCESS,,1,0,2,False
TXN007939,CUST0230,MERCHANT004,21497.28,UPI,2026-08-18 23:14:47.848634,SUCCESS,,1,11,0,False
TXN007940,CUST1791,MERCHANT003,23750.21,NETBANKING,2026-08-23 04:20:26.848634,SUCCESS,,1,19,1,False
TXN007941,CUST1663,MERCHANT010,15449.56,WALLET,2026-08-24 12:24:18.848634,SUCCESS,,1,12,4,False
TXN007942,CUST0957,MERCHANT009,37894.3,UPI,2026-08-19 04:45:05.848634,SUCCESS,,1,18,3,False
TXN007943,CUST0832,MERCHANT005,6924.92,CARD,2026-08-19 08:34:41.848634,SUCCESS,,1,17,2,False
TXN007944,CUST0474,MERCHANT006,14240.41,WALLET,2026-08-23 17:33:49.848634,SUCCESS,,1,4,3,False
TXN007945,CUST0353,MERCHANT007,8933.93,NETBANKING,2026-08-23 18:56:27.848634,SUCCESS,,1,20,0,False
TXN007946,CUST0280,MERCHANT001,24153.76,NETBANKING,2026-08-19 08:20:02.848634,SUCCESS,,1,2,2,False
TXN007947,CUST0868,MERCHANT010,33133.01,CARD,2026-08-19 09:39:17.848634,SUCCESS,,1,3,3,False
TXN007948,CUST1610,MERCHANT008,20864.11,WALLET,2026-08-19 00:59:50.848634,SUCCESS,,1,3,0,False
TXN007949,CUST0060,MERCHANT002,38421.15,NETBANKING,2026-08-24 02:00:50.848634,SUCCESS,,1,5,1,False
TXN007950,CUST1633,MERCHANT005,14983.82,CARD,2026-08-24 04:56:01.848634,SUCCESS,,1,9,2,False
TXN007951,CUST0313,MERCHANT005,39575.55,UPI,2026-08-19 02:42:28.848634,SUCCESS,,1,1,3,False
TXN007952,CUST0496,MERCHANT007,16840.54,WALLET,2026-08-20 01:27:37.848634,SUCCESS,,1,8,5,False
TXN007953,CUST1264,MERCHANT009,47784.35,CARD,2026-08-24 04:59:53.848634,SUCCESS,,1,13,5,False
TXN007954,CUST0848,MERCHANT006,39671.66,UPI,2026-08-24 00:54:34.848634,SUCCESS,,1,2,1,False
TXN007955,CUST1392,MERCHANT005,25297.17,CARD,2026-08-24 06:24:55.848634,SUCCESS,,1,15,5,False
TXN007956,CUST0277,MERCHANT003,7476.97,WALLET,2026-08-21 07:01:13.848634,SUCCESS,,1,14,4,False
TXN007957,CUST1945,MERCHANT005,45006.73,CARD,2026-08-24 01:48:42.848634,SUCCESS,,1,1,1,False
TXN007958,CUST1256,MERCHANT009,12471.46,CARD,2026-08-19 02:43:49.848634,SUCCESS,,1,15,0,False
TXN007959,CUST1373,MERCHANT008,27405.12,NETBANKING,2026-08-22 02:47:34.848634,SUCCESS,,1,17,3,False
TXN007960,CUST1560,MERCHANT001,45936.36,NETBANKING,2026-08-24 17:08:27.848634,SUCCESS,,1,3,5,False
TXN007961,CUST1308,MERCHANT003,38935.8,NETBANKING,2026-08-21 20:19:32.848634,SUCCESS,,1,1,5,False
TXN007962,CUST1330,MERCHANT007,31992.84,NETBANKING,2026-08-24 04:03:45.848634,SUCCESS,,1,11,5,False
TXN007963,CUST1966,MERCHANT002,29720.12,WALLET,2026-08-19 17:05:30.848634,SUCCESS,,1,8,5,False
TXN007964,CUST1765,MERCHANT002,16288.33,WALLET,2026-08-20 01:44:45.848634,SUCCESS,,1,20,1,False
TXN007965,CUST0158,MERCHANT005,1336.17,CARD,2026-08-19 12:20:35.848634,SUCCESS,,1,15,0,False
TXN007966,CUST0251,MERCHANT003,33207.95,WALLET,2026-08-19 04:47:17.848634,FAILED,Network Error,2,6,1,True
TXN007967,CUST0227,MERCHANT002,14127.19,NETBANKING,2026-08-19 16:47:23.848634,SUCCESS,,1,10,0,False
TXN007968,CUST0538,MERCHANT008,9779.36,WALLET,2026-08-22 12:00:16.848634,SUCCESS,,1,5,0,False
TXN007969,CUST1461,MERCHANT003,11585.24,NETBANKING,2026-08-21 02:34:31.848634,SUCCESS,,1,6,4,False
TXN007970,CUST0679,MERCHANT003,41844.92,CARD,2026-08-24 04:19:44.848634,SUCCESS,,1,1,2,False
TXN007971,CUST0957,MERCHANT004,43260.66,CARD,2026-08-23 05:47:25.848634,SUCCESS,,1,17,1,False
TXN007972,CUST0098,MERCHANT010,10804.02,UPI,2026-08-24 13:33:35.848634,SUCCESS,,1,15,3,False
TXN007973,CUST1975,MERCHANT002,3796.41,CARD,2026-08-24 00:29:05.848634,SUCCESS,,1,10,0,False
TXN007974,CUST1287,MERCHANT008,37190.45,CARD,2026-08-20 08:07:10.848634,FAILED,Network Error,3,8,3,False
TXN007975,CUST0302,MERCHANT009,1548.87,CARD,2026-08-24 05:17:29.848634,SUCCESS,,1,11,5,False
TXN007976,CUST0670,MERCHANT006,789.3,UPI,2026-08-20 08:13:00.848634,SUCCESS,,1,14,0,False
TXN007977,CUST0346,MERCHANT007,6491.48,NETBANKING,2026-08-21 10:42:55.848634,SUCCESS,,1,18,1,False
TXN007978,CUST1405,MERCHANT003,17421.79,NETBANKING,2026-08-22 18:56:41.848634,SUCCESS,,1,12,2,False
TXN007979,CUST0080,MERCHANT004,41465.25,UPI,2026-08-19 02:03:07.848634,SUCCESS,,1,7,3,False
TXN007980,CUST0887,MERCHANT006,32147.45,NETBANKING,2026-08-22 11:53:32.848634,SUCCESS,,1,13,5,False
TXN007981,CUST0889,MERCHANT006,12316.14,WALLET,2026-08-19 08:50:59.848634,SUCCESS,,1,12,3,False
TXN007982,CUST1089,MERCHANT004,42230.92,UPI,2026-08-21 22:38:35.848634,SUCCESS,,1,2,3,False
TXN007983,CUST1801,MERCHANT004,19291.64,UPI,2026-08-22 20:16:50.848634,SUCCESS,,1,17,2,False
TXN007984,CUST0094,MERCHANT002,42900.93,WALLET,2026-08-22 21:22:37.848634,SUCCESS,,1,9,3,False
TXN007985,CUST0003,MERCHANT009,5632.06,UPI,2026-08-19 10:55:19.848634,SUCCESS,,1,4,2,False
TXN007986,CUST1163,MERCHANT006,16550.06,NETBANKING,2026-08-22 12:19:55.848634,SUCCESS,,1,4,0,False
TXN007987,CUST0077,MERCHANT004,6463.08,CARD,2026-08-24 08:36:10.848634,SUCCESS,,1,3,0,False
TXN007988,CUST0393,MERCHANT004,43453.63,WALLET,2026-08-22 22:58:04.848634,SUCCESS,,1,10,2,False
TXN007989,CUST0832,MERCHANT008,21456.36,UPI,2026-08-20 00:58:47.848634,SUCCESS,,1,1,4,False
TXN007990,CUST0961,MERCHANT008,46018.66,NETBANKING,2026-08-20 13:18:14.848634,SUCCESS,,1,17,4,False
TXN007991,CUST1612,MERCHANT001,13900.48,UPI,2026-08-23 21:01:24.848634,SUCCESS,,1,19,0,False
TXN007992,CUST0199,MERCHANT005,30329.81,UPI,2026-08-20 21:49:01.848634,SUCCESS,,1,20,0,False
TXN007993,CUST0788,MERCHANT005,19969.75,UPI,2026-08-22 01:17:47.848634,SUCCESS,,1,16,5,False
TXN007994,CUST0115,MERCHANT003,4727.81,WALLET,2026-08-24 09:28:13.848634,SUCCESS,,1,1,2,False
TXN007995,CUST0295,MERCHANT005,10630.04,CARD,2026-08-24 19:18:27.848634,FAILED,Timeout,3,9,2,False
TXN007996,CUST0916,MERCHANT006,10898.96,NETBANKING,2026-08-18 12:47:13.848634,SUCCESS,,1,4,3,False
TXN007997,CUST0961,MERCHANT002,18692.63,CARD,2026-08-20 13:24:25.848634,FAILED,Network Error,1,14,4,True
TXN007998,CUST1316,MERCHANT003,43322.31,WALLET,2026-08-19 05:49:02.848634,SUCCESS,,1,3,2,False
TXN007999,CUST0605,MERCHANT005,19843.71,NETBANKING,2026-08-24 14:05:07.848634,SUCCESS,,1,13,4,False
TXN008000,CUST0064,MERCHANT009,1639.78,WALLET,2026-08-19 00:17:44.848634,SUCCESS,,1,17,0,False
TXN008001,CUST0834,MERCHANT008,46012.73,UPI,2026-08-19 07:17:53.848634,SUCCESS,,1,15,0,False
TXN008002,CUST1773,MERCHANT009,19336.37,CARD,2026-08-24 08:21:46.848634,SUCCESS,,1,8,4,False
TXN008003,CUST0306,MERCHANT008,46120.62,UPI,2026-08-20 07:11:27.848634,SUCCESS,,1,1,4,False
TXN008004,CUST1513,MERCHANT009,45663.45,WALLET,2026-08-24 13:56:32.848634,SUCCESS,,1,1,4,False
TXN008005,CUST1347,MERCHANT001,26281.63,CARD,2026-08-20 17:47:51.848634,SUCCESS,,1,15,2,False
TXN008006,CUST0322,MERCHANT001,21017.91,CARD,2026-08-21 15:32:18.848634,FAILED,Network Error,1,8,1,True
TXN008007,CUST0256,MERCHANT007,28087.28,CARD,2026-08-19 01:18:23.848634,SUCCESS,,1,16,2,False
TXN008008,CUST0621,MERCHANT003,29713.81,UPI,2026-08-23 10:45:50.848634,SUCCESS,,1,17,2,False
TXN008009,CUST1381,MERCHANT007,22147.5,UPI,2026-08-23 07:33:26.848634,SUCCESS,,1,1,3,False
TXN008010,CUST0783,MERCHANT003,23199.17,WALLET,2026-08-20 22:45:22.848634,SUCCESS,,1,5,3,False
TXN008011,CUST1297,MERCHANT010,5339.44,NETBANKING,2026-08-18 04:32:45.848634,SUCCESS,,1,3,4,False
TXN008012,CUST1102,MERCHANT010,36846.33,UPI,2026-08-24 11:33:23.848634,SUCCESS,,1,16,2,False
TXN008013,CUST1721,MERCHANT004,45555.13,WALLET,2026-08-22 07:25:49.848634,SUCCESS,,1,19,0,False
TXN008014,CUST0616,MERCHANT004,6953.13,NETBANKING,2026-08-21 15:00:22.848634,SUCCESS,,1,8,2,False
TXN008015,CUST1311,MERCHANT001,40292.45,WALLET,2026-08-19 00:41:37.848634,SUCCESS,,1,2,1,False
TXN008016,CUST1775,MERCHANT006,17706.72,CARD,2026-08-23 15:32:04.848634,SUCCESS,,1,14,4,False
TXN008017,CUST1523,MERCHANT001,34508.64,NETBANKING,2026-08-19 17:15:53.848634,SUCCESS,,1,12,5,False
TXN008018,CUST0862,MERCHANT009,38237.0,NETBANKING,2026-08-21 07:52:24.848634,SUCCESS,,1,2,4,False
TXN008019,CUST0794,MERCHANT003,46450.23,CARD,2026-08-21 17:00:44.848634,SUCCESS,,1,15,0,False
TXN008020,CUST1562,MERCHANT003,47741.7,WALLET,2026-08-23 11:16:55.848634,SUCCESS,,1,4,5,False
TXN008021,CUST0185,MERCHANT005,330.67,CARD,2026-08-22 19:17:35.848634,SUCCESS,,1,14,4,False
TXN008022,CUST1268,MERCHANT007,29617.17,UPI,2026-08-19 06:49:16.848634,SUCCESS,,1,9,1,False
TXN008023,CUST0937,MERCHANT007,44215.98,CARD,2026-08-18 20:24:01.848634,SUCCESS,,1,6,0,False
TXN008024,CUST1766,MERCHANT010,4371.96,UPI,2026-08-24 19:26:24.848634,SUCCESS,,1,10,2,False
TXN008025,CUST0517,MERCHANT009,14084.25,WALLET,2026-08-20 06:14:21.848634,SUCCESS,,1,4,4,False
TXN008026,CUST0665,MERCHANT002,44615.78,NETBANKING,2026-08-25 01:47:15.848634,SUCCESS,,1,13,3,False
TXN008027,CUST0169,MERCHANT005,39425.24,CARD,2026-08-21 08:08:21.848634,SUCCESS,,1,9,5,False
TXN008028,CUST1845,MERCHANT003,47398.81,UPI,2026-08-22 21:44:24.848634,SUCCESS,,1,14,4,False
TXN008029,CUST1174,MERCHANT008,26490.88,CARD,2026-08-24 19:36:04.848634,SUCCESS,,1,10,0,False
TXN008030,CUST1820,MERCHANT002,20623.85,CARD,2026-08-21 16:02:52.848634,SUCCESS,,1,9,3,False
TXN008031,CUST1875,MERCHANT002,33348.63,CARD,2026-08-21 18:27:02.848634,SUCCESS,,1,12,5,False
TXN008032,CUST0160,MERCHANT008,37272.64,UPI,2026-08-21 07:55:20.848634,SUCCESS,,1,8,1,False
TXN008033,CUST0368,MERCHANT006,29496.06,WALLET,2026-08-24 18:57:42.848634,SUCCESS,,1,14,0,False
TXN008034,CUST1054,MERCHANT008,16256.52,WALLET,2026-08-18 19:08:01.848634,SUCCESS,,1,13,4,False
TXN008035,CUST1412,MERCHANT003,48578.5,NETBANKING,2026-08-24 15:32:53.848634,SUCCESS,,1,20,5,False
TXN008036,CUST0821,MERCHANT010,26019.8,NETBANKING,2026-08-23 03:22:50.848634,SUCCESS,,1,19,0,False
TXN008037,CUST0332,MERCHANT010,46227.02,UPI,2026-08-19 17:04:09.848634,SUCCESS,,1,5,4,False
TXN008038,CUST1403,MERCHANT003,9482.86,UPI,2026-08-21 07:19:24.848634,SUCCESS,,1,15,4,False
TXN008039,CUST1293,MERCHANT005,15354.47,NETBANKING,2026-08-19 13:49:54.848634,SUCCESS,,1,0,1,False
TXN008040,CUST1429,MERCHANT008,22469.8,UPI,2026-08-19 00:06:55.848634,SUCCESS,,1,10,4,False
TXN008041,CUST0551,MERCHANT010,3209.31,WALLET,2026-08-19 17:04:37.848634,SUCCESS,,1,6,4,False
TXN008042,CUST1605,MERCHANT007,1356.25,NETBANKING,2026-08-24 04:17:27.848634,SUCCESS,,1,10,2,False
TXN008043,CUST0672,MERCHANT009,46277.25,NETBANKING,2026-08-19 20:53:15.848634,SUCCESS,,1,18,2,False
TXN008044,CUST1282,MERCHANT001,27214.7,NETBANKING,2026-08-21 11:16:37.848634,FAILED,Insufficient Funds,3,1,4,False
TXN008045,CUST1994,MERCHANT003,37804.8,WALLET,2026-08-18 21:41:55.848634,SUCCESS,,1,9,5,False
TXN008046,CUST0428,MERCHANT006,41733.51,WALLET,2026-08-22 16:31:07.848634,SUCCESS,,1,12,2,False
TXN008047,CUST0918,MERCHANT002,3800.96,WALLET,2026-08-20 12:16:14.848634,SUCCESS,,1,20,1,False
TXN008048,CUST0275,MERCHANT006,41892.13,UPI,2026-08-22 19:53:18.848634,SUCCESS,,1,4,2,False
TXN008049,CUST1156,MERCHANT006,2752.51,WALLET,2026-08-19 18:19:41.848634,FAILED,Insufficient Funds,2,14,3,True
TXN008050,CUST1855,MERCHANT006,19722.11,UPI,2026-08-24 11:40:20.848634,SUCCESS,,1,8,3,False
TXN008051,CUST0462,MERCHANT002,33801.61,CARD,2026-08-20 21:15:24.848634,SUCCESS,,1,2,5,False
TXN008052,CUST1770,MERCHANT006,9399.52,NETBANKING,2026-08-23 16:40:16.848634,SUCCESS,,1,4,3,False
TXN008053,CUST1187,MERCHANT007,17669.04,NETBANKING,2026-08-23 08:23:26.848634,FAILED,Insufficient Funds,3,3,3,False
TXN008054,CUST0237,MERCHANT001,46240.95,WALLET,2026-08-23 08:21:54.848634,SUCCESS,,1,10,0,False
TXN008055,CUST1719,MERCHANT005,11660.53,WALLET,2026-08-24 21:40:34.848634,SUCCESS,,1,20,3,False
TXN008056,CUST0511,MERCHANT007,15719.76,NETBANKING,2026-08-24 05:43:27.848634,SUCCESS,,1,2,4,False
TXN008057,CUST0595,MERCHANT009,39765.76,UPI,2026-08-20 09:29:39.848634,SUCCESS,,1,8,2,False
TXN008058,CUST1016,MERCHANT007,30276.0,CARD,2026-08-24 11:13:37.848634,SUCCESS,,1,7,2,False
TXN008059,CUST0239,MERCHANT002,49343.26,UPI,2026-08-18 20:28:06.848634,SUCCESS,,1,20,1,False
TXN008060,CUST0200,MERCHANT001,7953.48,CARD,2026-08-19 04:58:34.848634,SUCCESS,,1,19,0,False
TXN008061,CUST1826,MERCHANT008,14611.04,CARD,2026-08-24 03:18:01.848634,SUCCESS,,1,14,5,False
TXN008062,CUST1202,MERCHANT008,48585.94,WALLET,2026-08-21 14:38:31.848634,SUCCESS,,1,2,2,False
TXN008063,CUST1609,MERCHANT007,181.79,UPI,2026-08-25 00:48:35.848634,SUCCESS,,1,3,3,False
TXN008064,CUST1670,MERCHANT002,17752.6,NETBANKING,2026-08-23 22:29:58.848634,SUCCESS,,1,8,4,False
TXN008065,CUST0764,MERCHANT004,11488.57,WALLET,2026-08-22 05:10:38.848634,FAILED,Network Error,3,10,2,False
TXN008066,CUST0565,MERCHANT010,47553.58,WALLET,2026-08-22 11:01:15.848634,SUCCESS,,1,15,3,False
TXN008067,CUST1203,MERCHANT007,5901.16,UPI,2026-08-20 02:45:31.848634,FAILED,Network Error,2,13,0,True
TXN008068,CUST0091,MERCHANT005,1496.58,CARD,2026-08-23 13:31:17.848634,FAILED,Technical Error,2,9,3,True
TXN008069,CUST0250,MERCHANT008,44310.28,WALLET,2026-08-21 05:40:36.848634,SUCCESS,,1,10,2,False
TXN008070,CUST1100,MERCHANT004,33504.99,UPI,2026-08-21 02:46:20.848634,FAILED,Bank Declined,3,17,5,False
TXN008071,CUST0430,MERCHANT004,6887.51,WALLET,2026-08-23 07:14:23.848634,SUCCESS,,1,4,2,False
TXN008072,CUST1296,MERCHANT004,31710.99,NETBANKING,2026-08-24 10:21:25.848634,SUCCESS,,1,6,3,False
TXN008073,CUST1199,MERCHANT006,31992.2,UPI,2026-08-24 17:09:16.848634,SUCCESS,,1,10,2,False
TXN008074,CUST0884,MERCHANT005,9638.3,NETBANKING,2026-08-23 07:41:04.848634,SUCCESS,,1,12,3,False
TXN008075,CUST0787,MERCHANT003,27162.67,WALLET,2026-08-24 23:59:53.848634,SUCCESS,,1,16,0,False
TXN008076,CUST1139,MERCHANT002,7434.32,CARD,2026-08-23 11:49:06.848634,SUCCESS,,1,5,1,False
TXN008077,CUST0276,MERCHANT004,25518.92,WALLET,2026-08-20 03:15:18.848634,SUCCESS,,1,15,4,False
TXN008078,CUST0095,MERCHANT002,8278.25,UPI,2026-08-20 13:10:23.848634,SUCCESS,,1,15,4,False
TXN008079,CUST0296,MERCHANT006,22157.41,NETBANKING,2026-08-24 21:12:28.848634,FAILED,Network Error,3,3,0,False
TXN008080,CUST0316,MERCHANT005,34271.01,UPI,2026-08-23 03:56:46.848634,SUCCESS,,1,4,2,False
TXN008081,CUST1395,MERCHANT008,23311.73,CARD,2026-08-24 09:07:50.848634,SUCCESS,,1,12,2,False
TXN008082,CUST1390,MERCHANT007,39267.85,CARD,2026-08-20 23:39:54.848634,SUCCESS,,1,17,4,False
TXN008083,CUST1571,MERCHANT003,21047.67,WALLET,2026-08-24 12:39:31.848634,SUCCESS,,1,14,5,False
TXN008084,CUST0210,MERCHANT005,15667.45,NETBANKING,2026-08-23 10:52:33.848634,SUCCESS,,1,13,1,False
TXN008085,CUST1232,MERCHANT010,17096.78,CARD,2026-08-20 21:10:21.848634,SUCCESS,,1,18,2,False
TXN008086,CUST0624,MERCHANT010,25982.36,WALLET,2026-08-24 20:30:27.848634,SUCCESS,,1,18,3,False
TXN008087,CUST0716,MERCHANT005,30115.88,WALLET,2026-08-20 03:35:14.848634,SUCCESS,,1,18,4,False
TXN008088,CUST0225,MERCHANT010,6356.95,NETBANKING,2026-08-23 19:46:18.848634,SUCCESS,,1,20,3,False
TXN008089,CUST1047,MERCHANT006,41106.68,UPI,2026-08-25 02:26:34.848634,SUCCESS,,1,3,0,False
TXN008090,CUST0481,MERCHANT009,14311.16,CARD,2026-08-23 18:17:20.848634,FAILED,Technical Error,3,5,0,False
TXN008091,CUST1059,MERCHANT004,11604.22,CARD,2026-08-22 06:07:33.848634,SUCCESS,,1,6,2,False
TXN008092,CUST1459,MERCHANT003,22445.68,CARD,2026-08-20 08:40:47.848634,SUCCESS,,1,1,3,False
TXN008093,CUST0674,MERCHANT006,37704.42,CARD,2026-08-20 14:14:30.848634,SUCCESS,,1,16,1,False
TXN008094,CUST0177,MERCHANT006,30276.13,UPI,2026-08-18 23:53:43.848634,SUCCESS,,1,4,5,False
TXN008095,CUST1776,MERCHANT009,46769.4,WALLET,2026-08-22 23:55:55.848634,SUCCESS,,1,11,3,False
TXN008096,CUST0523,MERCHANT004,36877.23,WALLET,2026-08-24 11:37:43.848634,SUCCESS,,1,6,3,False
TXN008097,CUST0126,MERCHANT001,41393.79,CARD,2026-08-21 18:45:29.848634,SUCCESS,,1,15,0,False
TXN008098,CUST1059,MERCHANT008,43891.21,NETBANKING,2026-08-18 21:11:18.848634,SUCCESS,,1,13,0,False
TXN008099,CUST1203,MERCHANT001,39517.84,UPI,2026-08-22 13:11:41.848634,SUCCESS,,1,3,0,False
TXN008100,CUST0302,MERCHANT001,33154.32,UPI,2026-08-22 12:23:47.848634,SUCCESS,,1,13,2,False
TXN008101,CUST1517,MERCHANT005,40600.58,NETBANKING,2026-08-19 21:34:33.848634,SUCCESS,,1,2,3,False
TXN008102,CUST0076,MERCHANT010,8884.95,CARD,2026-08-23 16:28:11.848634,SUCCESS,,1,8,1,False
TXN008103,CUST0145,MERCHANT009,25805.09,CARD,2026-08-23 09:53:12.848634,SUCCESS,,1,18,1,False
TXN008104,CUST0284,MERCHANT001,22556.71,UPI,2026-08-23 21:08:57.848634,SUCCESS,,1,20,4,False
TXN008105,CUST0667,MERCHANT006,47224.14,UPI,2026-08-22 16:24:14.848634,SUCCESS,,1,17,5,False
TXN008106,CUST0402,MERCHANT007,24535.8,NETBANKING,2026-08-24 11:18:45.848634,SUCCESS,,1,7,3,False
TXN008107,CUST0224,MERCHANT002,10594.85,WALLET,2026-08-22 07:00:08.848634,SUCCESS,,1,8,5,False
TXN008108,CUST0142,MERCHANT010,45949.67,NETBANKING,2026-08-19 23:58:59.848634,SUCCESS,,1,19,4,False
TXN008109,CUST1961,MERCHANT001,14696.16,WALLET,2026-08-23 02:33:45.848634,SUCCESS,,1,6,1,False
TXN008110,CUST0495,MERCHANT003,758.46,NETBANKING,2026-08-22 14:19:15.848634,SUCCESS,,1,15,4,False
TXN008111,CUST0898,MERCHANT010,3562.8,WALLET,2026-08-23 04:40:31.848634,SUCCESS,,1,14,3,False
TXN008112,CUST0406,MERCHANT006,47854.96,UPI,2026-08-24 03:01:04.848634,SUCCESS,,1,20,0,False
TXN008113,CUST1854,MERCHANT004,13236.91,CARD,2026-08-18 09:19:58.848634,SUCCESS,,1,8,0,False
TXN008114,CUST1243,MERCHANT007,5023.98,CARD,2026-08-18 08:59:55.848634,FAILED,Network Error,3,6,0,False
TXN008115,CUST0299,MERCHANT001,15397.08,WALLET,2026-08-19 23:23:38.848634,SUCCESS,,1,13,0,False
TXN008116,CUST1274,MERCHANT007,5202.54,UPI,2026-08-19 12:38:07.848634,SUCCESS,,1,10,0,False
TXN008117,CUST1815,MERCHANT002,29412.72,WALLET,2026-08-18 13:18:24.848634,SUCCESS,,1,18,2,False
TXN008118,CUST1480,MERCHANT002,37277.21,CARD,2026-08-21 09:30:35.848634,SUCCESS,,1,12,4,False
TXN008119,CUST1393,MERCHANT003,47126.86,CARD,2026-08-24 16:23:48.848634,SUCCESS,,1,5,5,False
TXN008120,CUST0787,MERCHANT008,10210.69,NETBANKING,2026-08-22 07:37:45.848634,SUCCESS,,1,9,3,False
TXN008121,CUST0677,MERCHANT003,1498.69,UPI,2026-08-20 04:40:20.848634,SUCCESS,,1,7,3,False
TXN008122,CUST1968,MERCHANT005,28740.85,CARD,2026-08-21 10:56:24.848634,SUCCESS,,1,9,0,False
TXN008123,CUST0078,MERCHANT003,37715.87,WALLET,2026-08-21 08:15:01.848634,SUCCESS,,1,9,4,False
TXN008124,CUST1478,MERCHANT001,30211.05,NETBANKING,2026-08-18 11:22:22.848634,SUCCESS,,1,12,4,False
TXN008125,CUST0103,MERCHANT004,9431.68,UPI,2026-08-19 06:15:23.848634,SUCCESS,,1,13,4,False
TXN008126,CUST1935,MERCHANT002,30335.76,UPI,2026-08-18 08:20:09.848634,SUCCESS,,1,6,2,False
TXN008127,CUST1714,MERCHANT002,11888.79,CARD,2026-08-18 20:31:03.848634,SUCCESS,,1,15,0,False
TXN008128,CUST0132,MERCHANT009,43458.71,CARD,2026-08-22 16:47:59.848634,SUCCESS,,1,3,2,False
TXN008129,CUST0618,MERCHANT010,21295.49,CARD,2026-08-18 10:27:39.848634,SUCCESS,,1,1,5,False
TXN008130,CUST0307,MERCHANT004,20887.58,WALLET,2026-08-24 16:28:58.848634,SUCCESS,,1,1,2,False
TXN008131,CUST1150,MERCHANT006,36640.31,CARD,2026-08-20 20:56:38.848634,SUCCESS,,1,13,0,False
TXN008132,CUST1218,MERCHANT003,46003.7,CARD,2026-08-19 12:45:23.848634,SUCCESS,,1,18,5,False
TXN008133,CUST1597,MERCHANT008,22568.53,WALLET,2026-08-24 20:15:11.848634,SUCCESS,,1,10,0,False
TXN008134,CUST1267,MERCHANT008,14093.62,WALLET,2026-08-21 08:10:47.848634,SUCCESS,,1,6,4,False
TXN008135,CUST1849,MERCHANT006,20732.73,UPI,2026-08-19 21:11:06.848634,SUCCESS,,1,13,5,False
TXN008136,CUST1784,MERCHANT006,42586.31,NETBANKING,2026-08-18 13:55:38.848634,SUCCESS,,1,10,5,False
TXN008137,CUST1269,MERCHANT003,9809.25,UPI,2026-08-23 12:42:03.848634,SUCCESS,,1,12,3,False
TXN008138,CUST0510,MERCHANT008,12770.24,NETBANKING,2026-08-24 19:07:05.848634,SUCCESS,,1,14,0,False
TXN008139,CUST0873,MERCHANT008,950.74,NETBANKING,2026-08-23 04:59:17.848634,SUCCESS,,1,0,2,False
TXN008140,CUST0117,MERCHANT004,35381.76,CARD,2026-08-23 16:08:51.848634,SUCCESS,,1,18,4,False
TXN008141,CUST1274,MERCHANT004,35527.29,UPI,2026-08-22 21:34:36.848634,SUCCESS,,1,12,3,False
TXN008142,CUST0034,MERCHANT005,30795.74,WALLET,2026-08-23 09:52:33.848634,SUCCESS,,1,4,5,False
TXN008143,CUST0030,MERCHANT006,17935.54,CARD,2026-08-24 16:38:16.848634,SUCCESS,,1,19,1,False
TXN008144,CUST1604,MERCHANT002,1684.98,CARD,2026-08-20 01:18:44.848634,SUCCESS,,1,14,0,False
TXN008145,CUST0455,MERCHANT003,6180.76,UPI,2026-08-19 07:38:12.848634,SUCCESS,,1,15,3,False
TXN008146,CUST0027,MERCHANT010,23026.51,WALLET,2026-08-24 06:48:31.848634,SUCCESS,,1,3,3,False
TXN008147,CUST0315,MERCHANT003,39411.71,CARD,2026-08-24 19:17:40.848634,SUCCESS,,1,17,3,False
TXN008148,CUST0532,MERCHANT005,24693.45,WALLET,2026-08-22 21:29:45.848634,SUCCESS,,1,5,3,False
TXN008149,CUST0180,MERCHANT009,32176.02,NETBANKING,2026-08-21 12:43:20.848634,SUCCESS,,1,15,5,False
TXN008150,CUST0993,MERCHANT004,49764.7,UPI,2026-08-21 05:09:35.848634,SUCCESS,,1,5,0,False
TXN008151,CUST1624,MERCHANT002,26632.59,WALLET,2026-08-22 18:44:42.848634,SUCCESS,,1,4,2,False
TXN008152,CUST0686,MERCHANT006,21880.48,UPI,2026-08-20 14:26:58.848634,SUCCESS,,1,8,5,False
TXN008153,CUST0291,MERCHANT004,15687.62,WALLET,2026-08-19 09:37:55.848634,SUCCESS,,1,8,0,False
TXN008154,CUST1999,MERCHANT005,3720.19,NETBANKING,2026-08-20 07:49:05.848634,SUCCESS,,1,16,4,False
TXN008155,CUST0194,MERCHANT002,37067.26,UPI,2026-08-22 03:02:18.848634,SUCCESS,,1,1,3,False
TXN008156,CUST0670,MERCHANT001,24298.79,CARD,2026-08-20 22:11:26.848634,SUCCESS,,1,19,0,False
TXN008157,CUST0654,MERCHANT007,41247.1,UPI,2026-08-22 10:00:14.848634,SUCCESS,,1,17,1,False
TXN008158,CUST1135,MERCHANT004,27108.2,UPI,2026-08-21 19:44:38.848634,SUCCESS,,1,15,4,False
TXN008159,CUST0133,MERCHANT002,30232.49,CARD,2026-08-22 13:08:13.848634,SUCCESS,,1,20,4,False
TXN008160,CUST0127,MERCHANT001,36071.68,WALLET,2026-08-19 08:32:02.848634,SUCCESS,,1,1,4,False
TXN008161,CUST1524,MERCHANT007,17985.97,WALLET,2026-08-18 11:53:00.848634,SUCCESS,,1,5,0,False
TXN008162,CUST1443,MERCHANT009,3481.64,UPI,2026-08-19 02:43:26.848634,SUCCESS,,1,9,3,False
TXN008163,CUST1251,MERCHANT001,42651.74,NETBANKING,2026-08-23 23:40:58.848634,SUCCESS,,1,13,2,False
TXN008164,CUST0693,MERCHANT003,19094.65,NETBANKING,2026-08-19 10:37:56.848634,SUCCESS,,1,13,1,False
TXN008165,CUST1389,MERCHANT010,24238.92,UPI,2026-08-24 18:24:19.848634,SUCCESS,,1,12,4,False
TXN008166,CUST1806,MERCHANT002,42627.49,CARD,2026-08-24 05:26:28.848634,SUCCESS,,1,15,5,False
TXN008167,CUST1585,MERCHANT007,29233.62,CARD,2026-08-23 08:37:22.848634,SUCCESS,,1,18,2,False
TXN008168,CUST0006,MERCHANT005,43709.18,CARD,2026-08-24 09:20:19.848634,SUCCESS,,1,19,4,False
TXN008169,CUST0057,MERCHANT005,22378.21,WALLET,2026-08-21 00:11:51.848634,SUCCESS,,1,5,5,False
TXN008170,CUST1589,MERCHANT001,9703.58,WALLET,2026-08-22 19:51:33.848634,SUCCESS,,1,8,5,False
TXN008171,CUST0717,MERCHANT009,17548.04,WALLET,2026-08-24 09:49:27.848634,SUCCESS,,1,19,5,False
TXN008172,CUST1636,MERCHANT002,29469.55,CARD,2026-08-21 22:44:41.848634,SUCCESS,,1,12,0,False
TXN008173,CUST1052,MERCHANT008,27369.33,CARD,2026-08-19 04:20:00.848634,SUCCESS,,1,3,2,False
TXN008174,CUST0124,MERCHANT004,28542.83,WALLET,2026-08-22 19:45:43.848634,SUCCESS,,1,15,2,False
TXN008175,CUST1366,MERCHANT002,14861.13,UPI,2026-08-23 13:52:43.848634,SUCCESS,,1,8,4,False
TXN008176,CUST1663,MERCHANT001,28493.11,WALLET,2026-08-21 11:22:11.848634,SUCCESS,,1,5,5,False
TXN008177,CUST0329,MERCHANT008,36432.73,CARD,2026-08-20 22:05:27.848634,SUCCESS,,1,1,2,False
TXN008178,CUST1678,MERCHANT010,41094.45,UPI,2026-08-22 13:39:47.848634,SUCCESS,,1,6,3,False
TXN008179,CUST1589,MERCHANT002,16805.55,NETBANKING,2026-08-24 19:25:29.848634,SUCCESS,,1,6,2,False
TXN008180,CUST0346,MERCHANT006,44957.22,WALLET,2026-08-23 10:37:54.848634,SUCCESS,,1,10,5,False
TXN008181,CUST1835,MERCHANT010,27066.7,NETBANKING,2026-08-21 08:24:16.848634,FAILED,Timeout,1,3,5,True
TXN008182,CUST0593,MERCHANT002,17510.95,CARD,2026-08-25 00:22:58.848634,SUCCESS,,1,12,0,False
TXN008183,CUST1116,MERCHANT006,26188.71,CARD,2026-08-24 02:15:03.848634,SUCCESS,,1,12,0,False
TXN008184,CUST1015,MERCHANT003,31409.74,UPI,2026-08-19 16:38:04.848634,SUCCESS,,1,7,2,False
TXN008185,CUST0312,MERCHANT008,42464.02,UPI,2026-08-22 23:03:39.848634,SUCCESS,,1,1,3,False
TXN008186,CUST0369,MERCHANT004,44227.88,UPI,2026-08-24 04:06:23.848634,SUCCESS,,1,10,4,False
TXN008187,CUST1270,MERCHANT004,34078.0,CARD,2026-08-24 13:45:59.848634,SUCCESS,,1,4,5,False
TXN008188,CUST0580,MERCHANT001,19610.69,NETBANKING,2026-08-19 07:34:59.848634,SUCCESS,,1,5,1,False
TXN008189,CUST0547,MERCHANT007,33795.95,WALLET,2026-08-24 16:07:14.848634,SUCCESS,,1,5,2,False
TXN008190,CUST1215,MERCHANT004,29402.42,CARD,2026-08-25 01:57:40.848634,SUCCESS,,1,11,4,False
TXN008191,CUST1941,MERCHANT009,42692.14,UPI,2026-08-22 21:45:30.848634,SUCCESS,,1,17,0,False
TXN008192,CUST1919,MERCHANT006,17274.21,CARD,2026-08-22 12:19:54.848634,SUCCESS,,1,14,4,False
TXN008193,CUST0014,MERCHANT003,41772.13,NETBANKING,2026-08-25 01:00:51.848634,SUCCESS,,1,9,2,False
TXN008194,CUST0174,MERCHANT003,8576.46,CARD,2026-08-21 09:34:30.848634,SUCCESS,,1,2,5,False
TXN008195,CUST1316,MERCHANT007,10723.42,NETBANKING,2026-08-21 00:35:42.848634,SUCCESS,,1,17,1,False
TXN008196,CUST1853,MERCHANT006,42175.0,UPI,2026-08-22 12:39:53.848634,SUCCESS,,1,9,1,False
TXN008197,CUST0826,MERCHANT005,10325.86,CARD,2026-08-19 02:42:17.848634,SUCCESS,,1,12,4,False
TXN008198,CUST1878,MERCHANT009,22743.53,CARD,2026-08-18 05:26:28.848634,SUCCESS,,1,3,1,False
TXN008199,CUST1194,MERCHANT005,8286.93,NETBANKING,2026-08-21 14:39:52.848634,SUCCESS,,1,12,1,False
TXN008200,CUST0333,MERCHANT003,36883.92,NETBANKING,2026-08-20 04:15:55.848634,SUCCESS,,1,13,0,False
TXN008201,CUST0504,MERCHANT009,49317.7,WALLET,2026-08-20 06:19:38.848634,SUCCESS,,1,6,5,False
TXN008202,CUST0549,MERCHANT010,28146.77,WALLET,2026-08-23 15:18:26.848634,SUCCESS,,1,11,1,False
TXN008203,CUST0899,MERCHANT007,736.76,CARD,2026-08-21 12:06:14.848634,SUCCESS,,1,15,0,False
TXN008204,CUST1275,MERCHANT005,11583.75,WALLET,2026-08-24 03:34:56.848634,SUCCESS,,1,1,3,False
TXN008205,CUST0049,MERCHANT008,16938.43,UPI,2026-08-20 15:56:26.848634,SUCCESS,,1,18,4,False
TXN008206,CUST0849,MERCHANT006,36811.59,WALLET,2026-08-24 17:30:34.848634,SUCCESS,,1,3,3,False
TXN008207,CUST0201,MERCHANT009,20319.22,NETBANKING,2026-08-22 06:33:20.848634,SUCCESS,,1,19,2,False
TXN008208,CUST1586,MERCHANT001,49830.59,WALLET,2026-08-19 12:04:35.848634,SUCCESS,,1,2,5,False
TXN008209,CUST1066,MERCHANT006,19779.84,CARD,2026-08-22 01:33:45.848634,SUCCESS,,1,17,5,False
TXN008210,CUST1994,MERCHANT006,37726.71,WALLET,2026-08-22 09:24:01.848634,SUCCESS,,1,0,0,False
TXN008211,CUST0138,MERCHANT004,14004.31,UPI,2026-08-22 05:24:35.848634,SUCCESS,,1,15,5,False
TXN008212,CUST0929,MERCHANT002,47941.41,UPI,2026-08-18 21:17:52.848634,SUCCESS,,1,11,2,False
TXN008213,CUST1118,MERCHANT001,45091.47,UPI,2026-08-20 16:05:41.848634,SUCCESS,,1,15,2,False
TXN008214,CUST1887,MERCHANT003,30309.92,NETBANKING,2026-08-21 07:51:08.848634,SUCCESS,,1,16,4,False
TXN008215,CUST1193,MERCHANT008,34086.33,NETBANKING,2026-08-21 19:07:34.848634,SUCCESS,,1,18,5,False
TXN008216,CUST1811,MERCHANT009,4134.92,UPI,2026-08-23 18:12:22.848634,SUCCESS,,1,18,5,False
TXN008217,CUST1821,MERCHANT001,2329.31,WALLET,2026-08-21 02:29:17.848634,SUCCESS,,1,15,2,False
TXN008218,CUST1352,MERCHANT009,3478.87,WALLET,2026-08-19 03:58:55.848634,SUCCESS,,1,1,3,False
TXN008219,CUST0925,MERCHANT001,30293.88,UPI,2026-08-19 14:48:34.848634,SUCCESS,,1,12,5,False
TXN008220,CUST1208,MERCHANT009,6600.39,NETBANKING,2026-08-20 23:11:46.848634,SUCCESS,,1,3,1,False
TXN008221,CUST1283,MERCHANT008,37769.4,NETBANKING,2026-08-21 14:16:31.848634,SUCCESS,,1,0,3,False
TXN008222,CUST0473,MERCHANT008,7037.24,NETBANKING,2026-08-19 18:13:47.848634,SUCCESS,,1,14,2,False
TXN008223,CUST1096,MERCHANT003,41302.8,WALLET,2026-08-23 19:25:15.848634,SUCCESS,,1,13,4,False
TXN008224,CUST0583,MERCHANT008,28163.79,CARD,2026-08-24 14:18:22.848634,SUCCESS,,1,17,5,False
TXN008225,CUST0080,MERCHANT006,16784.27,UPI,2026-08-22 00:37:45.848634,SUCCESS,,1,19,1,False
TXN008226,CUST1588,MERCHANT001,19732.14,WALLET,2026-08-18 04:45:31.848634,SUCCESS,,1,8,0,False
TXN008227,CUST1431,MERCHANT003,7912.56,NETBANKING,2026-08-20 21:51:55.848634,SUCCESS,,1,3,3,False
TXN008228,CUST1428,MERCHANT008,42732.68,UPI,2026-08-23 06:20:18.848634,SUCCESS,,1,3,3,False
TXN008229,CUST1261,MERCHANT003,4031.95,UPI,2026-08-18 13:49:24.848634,SUCCESS,,1,6,1,False
TXN008230,CUST0354,MERCHANT008,35193.94,UPI,2026-08-20 03:05:31.848634,SUCCESS,,1,20,3,False
TXN008231,CUST1341,MERCHANT002,39502.76,NETBANKING,2026-08-23 11:51:45.848634,SUCCESS,,1,12,3,False
TXN008232,CUST1141,MERCHANT003,25031.2,CARD,2026-08-24 19:38:22.848634,SUCCESS,,1,6,5,False
TXN008233,CUST0526,MERCHANT003,8725.94,CARD,2026-08-22 11:18:27.848634,SUCCESS,,1,0,1,False
TXN008234,CUST1662,MERCHANT008,25902.22,CARD,2026-08-22 06:22:56.848634,SUCCESS,,1,16,5,False
TXN008235,CUST0339,MERCHANT010,19171.39,UPI,2026-08-19 01:55:01.848634,SUCCESS,,1,15,1,False
TXN008236,CUST0306,MERCHANT004,4528.93,CARD,2026-08-22 17:01:51.848634,SUCCESS,,1,14,5,False
TXN008237,CUST1420,MERCHANT009,48453.59,CARD,2026-08-18 20:03:41.848634,SUCCESS,,1,6,5,False
TXN008238,CUST1175,MERCHANT006,24414.33,WALLET,2026-08-23 15:45:31.848634,SUCCESS,,1,11,2,False
TXN008239,CUST0242,MERCHANT009,48514.25,NETBANKING,2026-08-24 19:08:58.848634,SUCCESS,,1,5,5,False
TXN008240,CUST0589,MERCHANT006,14818.43,CARD,2026-08-22 14:29:40.848634,SUCCESS,,1,20,3,False
TXN008241,CUST1942,MERCHANT005,47875.88,CARD,2026-08-23 18:13:57.848634,SUCCESS,,1,13,3,False
TXN008242,CUST0953,MERCHANT004,14147.05,CARD,2026-08-23 04:39:27.848634,SUCCESS,,1,8,4,False
TXN008243,CUST1870,MERCHANT009,7226.13,WALLET,2026-08-18 03:20:31.848634,SUCCESS,,1,13,5,False
TXN008244,CUST1572,MERCHANT005,27063.88,CARD,2026-08-20 08:19:08.848634,SUCCESS,,1,0,4,False
TXN008245,CUST1176,MERCHANT009,1081.13,UPI,2026-08-24 13:04:52.848634,SUCCESS,,1,15,2,False
TXN008246,CUST0165,MERCHANT009,42916.48,NETBANKING,2026-08-19 14:16:11.848634,SUCCESS,,1,5,5,False
TXN008247,CUST0785,MERCHANT002,18854.06,CARD,2026-08-23 10:41:43.848634,SUCCESS,,1,11,1,False
TXN008248,CUST1738,MERCHANT004,41874.64,CARD,2026-08-21 13:59:03.848634,SUCCESS,,1,5,3,False
TXN008249,CUST0859,MERCHANT004,16005.93,WALLET,2026-08-22 20:33:54.848634,SUCCESS,,1,3,4,False
TXN008250,CUST1416,MERCHANT005,47490.13,CARD,2026-08-23 15:39:27.848634,SUCCESS,,1,16,4,False
TXN008251,CUST1862,MERCHANT002,42193.18,UPI,2026-08-20 04:21:05.848634,SUCCESS,,1,10,1,False
TXN008252,CUST1323,MERCHANT005,45408.15,WALLET,2026-08-21 02:39:24.848634,SUCCESS,,1,18,2,False
TXN008253,CUST0242,MERCHANT009,17102.0,NETBANKING,2026-08-19 11:16:02.848634,SUCCESS,,1,12,3,False
TXN008254,CUST1956,MERCHANT010,30443.12,WALLET,2026-08-18 14:25:10.848634,SUCCESS,,1,5,1,False
TXN008255,CUST0200,MERCHANT010,43962.07,CARD,2026-08-21 05:22:24.848634,SUCCESS,,1,9,3,False
TXN008256,CUST0103,MERCHANT008,35810.53,WALLET,2026-08-22 11:12:32.848634,SUCCESS,,1,19,3,False
TXN008257,CUST1036,MERCHANT007,49028.82,CARD,2026-08-23 21:11:25.848634,SUCCESS,,1,9,1,False
TXN008258,CUST1228,MERCHANT010,21371.93,CARD,2026-08-23 06:42:26.848634,SUCCESS,,1,8,4,False
TXN008259,CUST0330,MERCHANT004,5850.58,CARD,2026-08-18 06:58:43.848634,SUCCESS,,1,20,2,False
TXN008260,CUST0851,MERCHANT002,43020.07,UPI,2026-08-19 13:48:42.848634,SUCCESS,,1,14,5,False
TXN008261,CUST1713,MERCHANT010,16951.36,WALLET,2026-08-23 16:28:27.848634,SUCCESS,,1,15,0,False
TXN008262,CUST1859,MERCHANT003,47137.15,CARD,2026-08-23 20:32:21.848634,SUCCESS,,1,18,0,False
TXN008263,CUST1219,MERCHANT007,41784.54,NETBANKING,2026-08-20 01:00:01.848634,SUCCESS,,1,16,4,False
TXN008264,CUST0760,MERCHANT009,10448.16,NETBANKING,2026-08-20 04:35:20.848634,SUCCESS,,1,18,5,False
TXN008265,CUST1029,MERCHANT004,966.9,NETBANKING,2026-08-24 13:46:47.848634,SUCCESS,,1,18,5,False
TXN008266,CUST0362,MERCHANT007,26433.42,WALLET,2026-08-23 03:02:09.848634,SUCCESS,,1,9,5,False
TXN008267,CUST0949,MERCHANT006,31838.03,WALLET,2026-08-23 10:24:15.848634,SUCCESS,,1,8,2,False
TXN008268,CUST1632,MERCHANT001,41655.64,WALLET,2026-08-19 18:49:16.848634,SUCCESS,,1,18,1,False
TXN008269,CUST1905,MERCHANT001,27601.68,UPI,2026-08-19 14:54:46.848634,SUCCESS,,1,4,4,False
TXN008270,CUST1605,MERCHANT004,29935.57,CARD,2026-08-20 17:47:14.848634,SUCCESS,,1,11,1,False
TXN008271,CUST1329,MERCHANT002,41277.95,CARD,2026-08-19 22:06:27.848634,SUCCESS,,1,19,1,False
TXN008272,CUST0582,MERCHANT006,31976.52,NETBANKING,2026-08-23 20:33:20.848634,SUCCESS,,1,1,1,False
TXN008273,CUST1735,MERCHANT007,13445.39,NETBANKING,2026-08-21 09:20:30.848634,SUCCESS,,1,17,4,False
TXN008274,CUST1911,MERCHANT003,28535.65,CARD,2026-08-23 04:38:11.848634,SUCCESS,,1,18,3,False
TXN008275,CUST0341,MERCHANT009,22556.07,CARD,2026-08-23 01:21:10.848634,SUCCESS,,1,8,4,False
TXN008276,CUST0084,MERCHANT001,6252.28,WALLET,2026-08-20 07:44:13.848634,SUCCESS,,1,5,5,False
TXN008277,CUST0145,MERCHANT003,6735.19,WALLET,2026-08-19 13:45:10.848634,SUCCESS,,1,1,4,False
TXN008278,CUST0837,MERCHANT006,17226.08,CARD,2026-08-20 01:35:08.848634,SUCCESS,,1,13,1,False
TXN008279,CUST1838,MERCHANT001,42147.62,UPI,2026-08-24 17:56:36.848634,SUCCESS,,1,6,1,False
TXN008280,CUST0772,MERCHANT002,33279.71,WALLET,2026-08-22 03:14:29.848634,SUCCESS,,1,4,1,False
TXN008281,CUST0303,MERCHANT002,16959.1,NETBANKING,2026-08-22 05:57:22.848634,SUCCESS,,1,19,2,False
TXN008282,CUST1359,MERCHANT008,40833.72,CARD,2026-08-21 08:36:28.848634,SUCCESS,,1,0,1,False
TXN008283,CUST1016,MERCHANT003,41001.07,UPI,2026-08-21 16:42:59.848634,SUCCESS,,1,0,3,False
TXN008284,CUST1846,MERCHANT006,13912.42,WALLET,2026-08-20 04:06:42.848634,SUCCESS,,1,6,3,False
TXN008285,CUST1085,MERCHANT010,15313.46,CARD,2026-08-22 03:42:00.848634,SUCCESS,,1,15,3,False
TXN008286,CUST1024,MERCHANT006,18584.87,NETBANKING,2026-08-22 03:29:58.848634,SUCCESS,,1,16,0,False
TXN008287,CUST0598,MERCHANT002,18838.47,WALLET,2026-08-24 11:11:34.848634,FAILED,Insufficient Funds,3,7,2,False
TXN008288,CUST1921,MERCHANT010,5634.19,UPI,2026-08-22 17:29:48.848634,SUCCESS,,1,6,3,False
TXN008289,CUST1534,MERCHANT007,49436.52,CARD,2026-08-22 21:18:41.848634,FAILED,Bank Declined,3,4,3,False
TXN008290,CUST1517,MERCHANT007,35155.23,WALLET,2026-08-23 07:12:47.848634,SUCCESS,,1,8,1,False
TXN008291,CUST1783,MERCHANT007,12104.41,CARD,2026-08-22 10:41:03.848634,SUCCESS,,1,18,5,False
TXN008292,CUST0306,MERCHANT004,47414.35,NETBANKING,2026-08-22 07:45:39.848634,SUCCESS,,1,10,5,False
TXN008293,CUST1175,MERCHANT005,8657.55,NETBANKING,2026-08-18 06:11:18.848634,SUCCESS,,1,2,0,False
TXN008294,CUST1935,MERCHANT004,18471.26,NETBANKING,2026-08-20 20:31:21.848634,SUCCESS,,1,20,3,False
TXN008295,CUST0827,MERCHANT007,42604.93,WALLET,2026-08-20 05:59:56.848634,SUCCESS,,1,4,5,False
TXN008296,CUST1112,MERCHANT008,3530.2,WALLET,2026-08-22 02:12:24.848634,SUCCESS,,1,20,0,False
TXN008297,CUST0722,MERCHANT006,145.44,NETBANKING,2026-08-20 20:02:41.848634,SUCCESS,,1,3,2,False
TXN008298,CUST0932,MERCHANT008,26337.86,CARD,2026-08-18 20:47:07.848634,SUCCESS,,1,8,4,False
TXN008299,CUST1323,MERCHANT002,36624.79,CARD,2026-08-21 05:57:54.848634,SUCCESS,,1,14,1,False
TXN008300,CUST0064,MERCHANT010,4856.93,CARD,2026-08-18 13:58:24.848634,SUCCESS,,1,13,2,False
TXN008301,CUST1629,MERCHANT008,39971.18,UPI,2026-08-19 00:21:49.848634,SUCCESS,,1,0,2,False
TXN008302,CUST1129,MERCHANT003,17716.77,NETBANKING,2026-08-22 10:56:57.848634,SUCCESS,,1,15,2,False
TXN008303,CUST0548,MERCHANT007,34210.47,WALLET,2026-08-18 05:34:01.848634,SUCCESS,,1,15,4,False
TXN008304,CUST1473,MERCHANT004,27434.52,CARD,2026-08-19 18:36:54.848634,SUCCESS,,1,20,1,False
TXN008305,CUST1717,MERCHANT003,10269.68,WALLET,2026-08-23 06:07:28.848634,SUCCESS,,1,7,1,False
TXN008306,CUST0269,MERCHANT004,32361.8,UPI,2026-08-20 01:46:16.848634,SUCCESS,,1,8,4,False
TXN008307,CUST0260,MERCHANT009,43890.51,NETBANKING,2026-08-23 13:57:58.848634,SUCCESS,,1,16,5,False
TXN008308,CUST1228,MERCHANT007,11006.4,NETBANKING,2026-08-18 04:34:12.848634,SUCCESS,,1,3,1,False
TXN008309,CUST1969,MERCHANT007,8682.97,UPI,2026-08-22 19:47:46.848634,SUCCESS,,1,13,4,False
TXN008310,CUST0673,MERCHANT007,32594.12,CARD,2026-08-21 18:35:31.848634,SUCCESS,,1,15,5,False
TXN008311,CUST1631,MERCHANT006,30507.25,CARD,2026-08-20 23:25:58.848634,SUCCESS,,1,19,5,False
TXN008312,CUST1786,MERCHANT008,4933.51,NETBANKING,2026-08-21 13:43:03.848634,SUCCESS,,1,2,1,False
TXN008313,CUST0959,MERCHANT007,34219.0,CARD,2026-08-19 22:30:53.848634,SUCCESS,,1,18,5,False
TXN008314,CUST0986,MERCHANT006,26166.87,CARD,2026-08-18 20:53:46.848634,SUCCESS,,1,0,2,False
TXN008315,CUST1546,MERCHANT002,19439.19,CARD,2026-08-21 12:29:39.848634,SUCCESS,,1,12,5,False
TXN008316,CUST0658,MERCHANT005,21487.19,NETBANKING,2026-08-21 22:46:27.848634,FAILED,Network Error,1,17,0,True
TXN008317,CUST0626,MERCHANT008,31063.15,NETBANKING,2026-08-18 23:22:37.848634,SUCCESS,,1,20,2,False
TXN008318,CUST0490,MERCHANT010,33208.91,NETBANKING,2026-08-19 12:04:49.848634,SUCCESS,,1,1,3,False
TXN008319,CUST1993,MERCHANT004,46567.43,UPI,2026-08-19 16:04:38.848634,SUCCESS,,1,13,5,False
TXN008320,CUST1811,MERCHANT002,48723.48,NETBANKING,2026-08-19 10:02:49.848634,SUCCESS,,1,19,4,False
TXN008321,CUST0716,MERCHANT002,8298.28,CARD,2026-08-18 11:53:23.848634,SUCCESS,,1,19,0,False
TXN008322,CUST0757,MERCHANT003,32720.41,WALLET,2026-08-18 23:37:06.848634,SUCCESS,,1,16,3,False
TXN008323,CUST1857,MERCHANT009,31565.52,WALLET,2026-08-22 10:54:21.848634,SUCCESS,,1,18,4,False
TXN008324,CUST1047,MERCHANT004,42920.81,NETBANKING,2026-08-18 23:30:13.848634,SUCCESS,,1,10,2,False
TXN008325,CUST1476,MERCHANT005,48100.85,UPI,2026-08-24 04:17:12.848634,SUCCESS,,1,11,1,False
TXN008326,CUST0152,MERCHANT009,23756.55,WALLET,2026-08-23 21:02:12.848634,SUCCESS,,1,20,3,False
TXN008327,CUST0041,MERCHANT001,28687.05,CARD,2026-08-25 02:00:17.848634,SUCCESS,,1,7,1,False
TXN008328,CUST1675,MERCHANT002,24491.31,CARD,2026-08-23 03:21:14.848634,SUCCESS,,1,8,1,False
TXN008329,CUST1236,MERCHANT007,46933.77,WALLET,2026-08-20 22:51:26.848634,SUCCESS,,1,19,1,False
TXN008330,CUST1135,MERCHANT010,36643.4,UPI,2026-08-19 20:39:52.848634,SUCCESS,,1,7,5,False
TXN008331,CUST1301,MERCHANT001,18415.37,NETBANKING,2026-08-21 17:46:43.848634,SUCCESS,,1,5,3,False
TXN008332,CUST1560,MERCHANT003,36691.57,CARD,2026-08-22 14:58:04.848634,SUCCESS,,1,0,4,False
TXN008333,CUST0796,MERCHANT007,26480.12,NETBANKING,2026-08-23 10:26:32.848634,SUCCESS,,1,20,0,False
TXN008334,CUST1588,MERCHANT006,20915.57,WALLET,2026-08-24 23:57:44.848634,SUCCESS,,1,6,0,False
TXN008335,CUST1254,MERCHANT003,8178.1,CARD,2026-08-18 17:09:21.848634,SUCCESS,,1,6,0,False
TXN008336,CUST1645,MERCHANT006,6532.92,UPI,2026-08-21 00:17:05.848634,SUCCESS,,1,3,3,False
TXN008337,CUST1901,MERCHANT005,25670.42,NETBANKING,2026-08-22 06:52:07.848634,SUCCESS,,1,12,1,False
TXN008338,CUST0474,MERCHANT008,25769.27,NETBANKING,2026-08-20 12:28:12.848634,FAILED,Technical Error,1,1,5,True
TXN008339,CUST0671,MERCHANT004,2763.78,WALLET,2026-08-25 01:31:16.848634,SUCCESS,,1,4,5,False
TXN008340,CUST0526,MERCHANT008,28151.82,NETBANKING,2026-08-21 19:43:38.848634,SUCCESS,,1,2,0,False
TXN008341,CUST1740,MERCHANT004,16044.28,CARD,2026-08-24 01:39:24.848634,SUCCESS,,1,5,5,False
TXN008342,CUST1350,MERCHANT003,4257.65,UPI,2026-08-21 14:35:41.848634,SUCCESS,,1,5,4,False
TXN008343,CUST1308,MERCHANT009,14172.79,NETBANKING,2026-08-18 22:33:50.848634,SUCCESS,,1,13,4,False
TXN008344,CUST0110,MERCHANT008,15252.81,WALLET,2026-08-22 04:28:52.848634,SUCCESS,,1,18,4,False
TXN008345,CUST1566,MERCHANT010,11596.08,UPI,2026-08-22 00:55:43.848634,SUCCESS,,1,14,4,False
TXN008346,CUST1284,MERCHANT009,32209.44,CARD,2026-08-20 05:19:12.848634,SUCCESS,,1,6,3,False
TXN008347,CUST1594,MERCHANT002,21395.17,WALLET,2026-08-24 19:49:47.848634,SUCCESS,,1,2,5,False
TXN008348,CUST1589,MERCHANT008,16126.39,NETBANKING,2026-08-20 23:39:52.848634,SUCCESS,,1,0,5,False
TXN008349,CUST0438,MERCHANT009,27034.7,CARD,2026-08-19 18:10:35.848634,SUCCESS,,1,3,0,False
TXN008350,CUST0049,MERCHANT001,33001.62,NETBANKING,2026-08-20 08:30:07.848634,SUCCESS,,1,0,5,False
TXN008351,CUST1085,MERCHANT002,36827.37,WALLET,2026-08-18 22:25:12.848634,FAILED,Timeout,3,18,4,False
TXN008352,CUST1833,MERCHANT002,26479.29,WALLET,2026-08-21 01:01:37.848634,SUCCESS,,1,13,4,False
TXN008353,CUST0584,MERCHANT009,25051.52,NETBANKING,2026-08-23 11:15:22.848634,SUCCESS,,1,16,4,False
TXN008354,CUST1424,MERCHANT003,28453.77,UPI,2026-08-19 14:49:16.848634,SUCCESS,,1,14,4,False
TXN008355,CUST1413,MERCHANT002,30056.64,CARD,2026-08-20 07:53:52.848634,SUCCESS,,1,5,4,False
TXN008356,CUST1796,MERCHANT003,16086.26,UPI,2026-08-19 18:06:09.848634,SUCCESS,,1,19,1,False
TXN008357,CUST1904,MERCHANT009,46640.02,CARD,2026-08-23 14:09:44.848634,FAILED,Insufficient Funds,1,10,2,True
TXN008358,CUST0912,MERCHANT007,32857.77,UPI,2026-08-22 14:18:26.848634,SUCCESS,,1,20,3,False
TXN008359,CUST0459,MERCHANT001,45199.64,CARD,2026-08-19 00:30:08.848634,SUCCESS,,1,0,0,False
TXN008360,CUST1681,MERCHANT006,21238.41,UPI,2026-08-21 17:11:31.848634,SUCCESS,,1,9,5,False
TXN008361,CUST0307,MERCHANT006,37599.15,UPI,2026-08-19 05:24:57.848634,SUCCESS,,1,1,1,False
TXN008362,CUST0980,MERCHANT008,18001.99,NETBANKING,2026-08-21 07:09:31.848634,SUCCESS,,1,17,3,False
TXN008363,CUST0154,MERCHANT007,25858.0,WALLET,2026-08-23 13:05:03.848634,SUCCESS,,1,11,3,False
TXN008364,CUST1862,MERCHANT003,3372.49,WALLET,2026-08-24 13:46:09.848634,SUCCESS,,1,4,3,False
TXN008365,CUST0753,MERCHANT009,36593.73,CARD,2026-08-21 09:45:42.848634,SUCCESS,,1,7,0,False
TXN008366,CUST1128,MERCHANT006,33480.83,NETBANKING,2026-08-23 08:11:09.848634,SUCCESS,,1,11,0,False
TXN008367,CUST0228,MERCHANT004,47407.55,NETBANKING,2026-08-20 06:50:16.848634,SUCCESS,,1,1,5,False
TXN008368,CUST1471,MERCHANT006,1963.83,CARD,2026-08-23 20:31:36.848634,SUCCESS,,1,15,1,False
TXN008369,CUST1798,MERCHANT009,21632.93,NETBANKING,2026-08-24 09:21:35.848634,SUCCESS,,1,10,2,False
TXN008370,CUST1665,MERCHANT003,382.35,UPI,2026-08-18 19:57:22.848634,SUCCESS,,1,4,2,False
TXN008371,CUST1365,MERCHANT010,29589.63,UPI,2026-08-19 14:43:33.848634,SUCCESS,,1,6,5,False
TXN008372,CUST1397,MERCHANT003,30481.25,CARD,2026-08-21 16:53:08.848634,SUCCESS,,1,11,0,False
TXN008373,CUST1391,MERCHANT008,40114.32,CARD,2026-08-20 02:14:28.848634,SUCCESS,,1,15,4,False
TXN008374,CUST0813,MERCHANT002,19806.56,NETBANKING,2026-08-24 20:55:36.848634,SUCCESS,,1,5,4,False
TXN008375,CUST0497,MERCHANT004,44844.93,NETBANKING,2026-08-19 11:57:37.848634,SUCCESS,,1,4,5,False
TXN008376,CUST0340,MERCHANT006,14150.67,CARD,2026-08-21 01:50:09.848634,SUCCESS,,1,6,3,False
TXN008377,CUST0093,MERCHANT005,44878.21,WALLET,2026-08-24 00:34:22.848634,SUCCESS,,1,13,2,False
TXN008378,CUST0316,MERCHANT002,24921.87,NETBANKING,2026-08-23 11:24:21.848634,SUCCESS,,1,4,5,False
TXN008379,CUST1517,MERCHANT006,28685.49,UPI,2026-08-25 01:02:25.848634,SUCCESS,,1,1,0,False
TXN008380,CUST1976,MERCHANT001,23255.66,CARD,2026-08-19 03:39:11.848634,SUCCESS,,1,15,5,False
TXN008381,CUST0529,MERCHANT007,23497.54,NETBANKING,2026-08-22 07:12:35.848634,SUCCESS,,1,12,1,False
TXN008382,CUST0261,MERCHANT006,23648.66,CARD,2026-08-21 17:22:28.848634,SUCCESS,,1,1,2,False
TXN008383,CUST1540,MERCHANT007,24876.86,CARD,2026-08-21 07:39:59.848634,FAILED,Network Error,1,10,0,True
TXN008384,CUST0302,MERCHANT010,27509.26,NETBANKING,2026-08-21 10:46:58.848634,SUCCESS,,1,3,0,False
TXN008385,CUST1588,MERCHANT009,21706.33,UPI,2026-08-23 20:52:08.848634,SUCCESS,,1,18,3,False
TXN008386,CUST1166,MERCHANT010,716.85,CARD,2026-08-21 19:52:31.848634,SUCCESS,,1,15,3,False
TXN008387,CUST0947,MERCHANT008,22777.86,NETBANKING,2026-08-19 08:22:26.848634,SUCCESS,,1,19,2,False
TXN008388,CUST1487,MERCHANT005,29132.64,WALLET,2026-08-24 06:50:03.848634,SUCCESS,,1,8,0,False
TXN008389,CUST0213,MERCHANT005,43869.64,CARD,2026-08-22 18:52:49.848634,SUCCESS,,1,9,2,False
TXN008390,CUST1970,MERCHANT002,15051.85,UPI,2026-08-23 06:54:29.848634,SUCCESS,,1,8,2,False
TXN008391,CUST1558,MERCHANT009,30292.49,UPI,2026-08-22 07:06:44.848634,SUCCESS,,1,15,5,False
TXN008392,CUST1962,MERCHANT001,47255.93,CARD,2026-08-21 21:01:35.848634,SUCCESS,,1,8,0,False
TXN008393,CUST1712,MERCHANT009,5520.8,NETBANKING,2026-08-24 18:57:35.848634,SUCCESS,,1,10,4,False
TXN008394,CUST0545,MERCHANT008,47077.18,NETBANKING,2026-08-24 01:05:15.848634,SUCCESS,,1,5,3,False
TXN008395,CUST0012,MERCHANT004,16845.37,CARD,2026-08-20 13:08:50.848634,SUCCESS,,1,11,4,False
TXN008396,CUST0782,MERCHANT001,8437.0,UPI,2026-08-23 21:44:52.848634,SUCCESS,,1,1,4,False
TXN008397,CUST0974,MERCHANT008,8368.12,WALLET,2026-08-23 07:02:37.848634,SUCCESS,,1,8,0,False
TXN008398,CUST1908,MERCHANT010,35203.64,NETBANKING,2026-08-19 15:06:12.848634,SUCCESS,,1,3,1,False
TXN008399,CUST0473,MERCHANT004,29148.58,NETBANKING,2026-08-23 14:39:16.848634,SUCCESS,,1,7,4,False
TXN008400,CUST0733,MERCHANT002,40693.07,CARD,2026-08-20 20:17:35.848634,SUCCESS,,1,10,4,False
TXN008401,CUST0479,MERCHANT004,16136.1,CARD,2026-08-22 07:47:49.848634,SUCCESS,,1,18,2,False
TXN008402,CUST0628,MERCHANT009,19526.5,UPI,2026-08-23 20:11:25.848634,SUCCESS,,1,12,5,False
TXN008403,CUST0500,MERCHANT006,40171.74,UPI,2026-08-22 15:48:25.848634,SUCCESS,,1,1,5,False
TXN008404,CUST0973,MERCHANT006,48529.34,NETBANKING,2026-08-22 17:48:08.848634,SUCCESS,,1,11,4,False
TXN008405,CUST0764,MERCHANT002,5953.17,CARD,2026-08-21 07:42:48.848634,SUCCESS,,1,2,5,False
TXN008406,CUST1078,MERCHANT010,5201.51,UPI,2026-08-24 21:45:04.848634,SUCCESS,,1,0,5,False
TXN008407,CUST0281,MERCHANT004,15396.55,CARD,2026-08-21 08:08:33.848634,SUCCESS,,1,0,0,False
TXN008408,CUST0042,MERCHANT009,11209.02,NETBANKING,2026-08-23 00:12:58.848634,SUCCESS,,1,9,0,False
TXN008409,CUST0415,MERCHANT008,11143.59,WALLET,2026-08-21 16:45:55.848634,SUCCESS,,1,10,0,False
TXN008410,CUST1770,MERCHANT003,35173.78,UPI,2026-08-24 02:29:26.848634,SUCCESS,,1,19,2,False
TXN008411,CUST1521,MERCHANT006,26937.15,UPI,2026-08-23 20:48:12.848634,SUCCESS,,1,3,5,False
TXN008412,CUST0927,MERCHANT001,35115.9,UPI,2026-08-21 08:49:58.848634,SUCCESS,,1,7,2,False
TXN008413,CUST1320,MERCHANT001,32149.17,NETBANKING,2026-08-20 14:31:43.848634,SUCCESS,,1,7,2,False
TXN008414,CUST1184,MERCHANT006,7530.37,NETBANKING,2026-08-22 16:29:17.848634,SUCCESS,,1,10,5,False
TXN008415,CUST0963,MERCHANT010,21092.44,NETBANKING,2026-08-20 07:12:08.848634,SUCCESS,,1,0,0,False
TXN008416,CUST1826,MERCHANT005,19193.64,WALLET,2026-08-19 21:09:28.848634,SUCCESS,,1,5,3,False
TXN008417,CUST0447,MERCHANT010,17817.35,WALLET,2026-08-21 05:04:33.848634,SUCCESS,,1,6,3,False
TXN008418,CUST1330,MERCHANT006,10285.89,NETBANKING,2026-08-18 08:12:07.848634,SUCCESS,,1,20,4,False
TXN008419,CUST1354,MERCHANT008,45755.18,NETBANKING,2026-08-22 08:59:38.848634,SUCCESS,,1,9,5,False
TXN008420,CUST1604,MERCHANT005,10866.88,NETBANKING,2026-08-22 10:39:25.848634,SUCCESS,,1,20,2,False
TXN008421,CUST0725,MERCHANT006,49800.5,NETBANKING,2026-08-24 03:48:19.848634,SUCCESS,,1,13,2,False
TXN008422,CUST0703,MERCHANT009,27934.76,NETBANKING,2026-08-23 09:25:02.848634,SUCCESS,,1,18,2,False
TXN008423,CUST0834,MERCHANT002,2663.0,NETBANKING,2026-08-23 05:53:47.848634,SUCCESS,,1,12,5,False
TXN008424,CUST1455,MERCHANT002,32658.67,UPI,2026-08-18 20:48:31.848634,SUCCESS,,1,2,4,False
TXN008425,CUST1035,MERCHANT009,6229.38,CARD,2026-08-23 08:11:48.848634,SUCCESS,,1,19,2,False
TXN008426,CUST1019,MERCHANT002,34357.54,UPI,2026-08-18 20:16:27.848634,SUCCESS,,1,14,1,False
TXN008427,CUST0488,MERCHANT005,12416.1,UPI,2026-08-24 09:27:44.848634,SUCCESS,,1,2,2,False
TXN008428,CUST1441,MERCHANT005,40349.03,NETBANKING,2026-08-21 05:53:30.848634,SUCCESS,,1,5,0,False
TXN008429,CUST1698,MERCHANT001,22557.45,CARD,2026-08-19 08:19:59.848634,SUCCESS,,1,19,0,False
TXN008430,CUST1607,MERCHANT003,25587.74,CARD,2026-08-23 14:37:27.848634,SUCCESS,,1,0,4,False
TXN008431,CUST0829,MERCHANT002,23600.0,CARD,2026-08-21 02:36:29.848634,SUCCESS,,1,14,5,False
TXN008432,CUST1159,MERCHANT005,35905.11,WALLET,2026-08-25 00:53:49.848634,SUCCESS,,1,18,5,False
TXN008433,CUST1386,MERCHANT001,9118.76,UPI,2026-08-19 05:25:16.848634,SUCCESS,,1,4,0,False
TXN008434,CUST0784,MERCHANT007,4498.48,NETBANKING,2026-08-22 17:53:03.848634,SUCCESS,,1,16,3,False
TXN008435,CUST0490,MERCHANT009,43134.82,WALLET,2026-08-23 15:43:13.848634,FAILED,Technical Error,3,20,1,False
TXN008436,CUST1333,MERCHANT010,14196.77,WALLET,2026-08-20 02:56:05.848634,FAILED,Insufficient Funds,1,0,5,True
TXN008437,CUST0942,MERCHANT009,9605.31,WALLET,2026-08-21 04:24:09.848634,SUCCESS,,1,16,1,False
TXN008438,CUST1511,MERCHANT003,31057.55,CARD,2026-08-21 07:12:57.848634,SUCCESS,,1,10,3,False
TXN008439,CUST1280,MERCHANT005,38035.91,NETBANKING,2026-08-24 02:39:04.848634,SUCCESS,,1,17,2,False
TXN008440,CUST1956,MERCHANT004,21664.77,UPI,2026-08-19 10:27:27.848634,SUCCESS,,1,18,5,False
TXN008441,CUST0217,MERCHANT003,24225.35,UPI,2026-08-21 11:57:39.848634,SUCCESS,,1,0,5,False
TXN008442,CUST0551,MERCHANT002,47164.53,WALLET,2026-08-25 00:18:33.848634,SUCCESS,,1,18,3,False
TXN008443,CUST0752,MERCHANT006,26985.51,CARD,2026-08-22 23:24:00.848634,SUCCESS,,1,1,2,False
TXN008444,CUST1868,MERCHANT005,49150.72,NETBANKING,2026-08-23 07:34:59.848634,SUCCESS,,1,15,3,False
TXN008445,CUST1579,MERCHANT006,45684.01,WALLET,2026-08-20 01:31:29.848634,SUCCESS,,1,6,0,False
TXN008446,CUST0014,MERCHANT007,36968.75,UPI,2026-08-24 05:15:50.848634,SUCCESS,,1,11,5,False
TXN008447,CUST0086,MERCHANT009,40620.4,CARD,2026-08-20 02:06:50.848634,SUCCESS,,1,6,0,False
TXN008448,CUST1769,MERCHANT003,10219.23,CARD,2026-08-19 03:07:20.848634,FAILED,Timeout,3,7,5,False
TXN008449,CUST0265,MERCHANT006,38157.92,CARD,2026-08-21 14:13:52.848634,SUCCESS,,1,5,4,False
TXN008450,CUST0022,MERCHANT006,26731.83,WALLET,2026-08-18 22:34:23.848634,SUCCESS,,1,18,2,False
TXN008451,CUST1801,MERCHANT005,3634.37,CARD,2026-08-23 11:12:02.848634,SUCCESS,,1,19,0,False
TXN008452,CUST0373,MERCHANT006,33687.9,NETBANKING,2026-08-24 22:25:46.848634,SUCCESS,,1,11,2,False
TXN008453,CUST1813,MERCHANT003,20550.59,WALLET,2026-08-24 01:04:29.848634,SUCCESS,,1,8,4,False
TXN008454,CUST0870,MERCHANT004,46330.54,CARD,2026-08-19 02:27:28.848634,SUCCESS,,1,8,3,False
TXN008455,CUST1614,MERCHANT007,25214.77,UPI,2026-08-19 06:00:39.848634,SUCCESS,,1,3,1,False
TXN008456,CUST0834,MERCHANT002,10037.13,CARD,2026-08-24 07:56:29.848634,SUCCESS,,1,19,3,False
TXN008457,CUST1820,MERCHANT002,26872.48,WALLET,2026-08-19 15:27:38.848634,SUCCESS,,1,19,3,False
TXN008458,CUST0358,MERCHANT006,8687.92,WALLET,2026-08-25 01:15:00.848634,SUCCESS,,1,7,3,False
TXN008459,CUST0788,MERCHANT007,36372.97,NETBANKING,2026-08-22 19:38:47.848634,SUCCESS,,1,8,3,False
TXN008460,CUST1504,MERCHANT003,43922.99,NETBANKING,2026-08-24 01:57:37.848634,SUCCESS,,1,17,5,False
TXN008461,CUST1820,MERCHANT003,26722.37,WALLET,2026-08-20 19:28:23.848634,SUCCESS,,1,8,1,False
TXN008462,CUST1912,MERCHANT005,5332.01,WALLET,2026-08-21 22:55:43.848634,SUCCESS,,1,18,1,False
TXN008463,CUST1240,MERCHANT010,47119.22,WALLET,2026-08-20 17:49:17.848634,SUCCESS,,1,10,0,False
TXN008464,CUST1150,MERCHANT001,5715.45,CARD,2026-08-19 09:55:44.848634,SUCCESS,,1,9,3,False
TXN008465,CUST0487,MERCHANT010,42521.32,WALLET,2026-08-24 13:35:07.848634,SUCCESS,,1,18,1,False
TXN008466,CUST0967,MERCHANT006,20660.1,CARD,2026-08-19 03:35:07.848634,SUCCESS,,1,2,2,False
TXN008467,CUST1178,MERCHANT005,22651.51,UPI,2026-08-19 16:11:05.848634,SUCCESS,,1,7,2,False
TXN008468,CUST0617,MERCHANT004,36348.68,UPI,2026-08-22 07:24:35.848634,SUCCESS,,1,4,1,False
TXN008469,CUST1876,MERCHANT006,21677.07,WALLET,2026-08-21 07:06:15.848634,SUCCESS,,1,7,1,False
TXN008470,CUST1455,MERCHANT007,4920.09,CARD,2026-08-20 11:00:39.848634,SUCCESS,,1,4,2,False
TXN008471,CUST1496,MERCHANT004,47105.37,NETBANKING,2026-08-23 02:05:35.848634,SUCCESS,,1,3,3,False
TXN008472,CUST1565,MERCHANT002,29244.61,WALLET,2026-08-24 03:37:50.848634,SUCCESS,,1,13,4,False
TXN008473,CUST0458,MERCHANT007,38621.84,WALLET,2026-08-22 03:14:24.848634,FAILED,Network Error,3,8,5,False
TXN008474,CUST1685,MERCHANT007,18193.48,CARD,2026-08-18 17:17:28.848634,SUCCESS,,1,15,0,False
TXN008475,CUST1993,MERCHANT010,41999.87,WALLET,2026-08-19 15:29:36.848634,SUCCESS,,1,13,4,False
TXN008476,CUST0953,MERCHANT010,39158.85,WALLET,2026-08-20 05:59:16.848634,SUCCESS,,1,19,3,False
TXN008477,CUST1640,MERCHANT005,38327.53,CARD,2026-08-22 08:37:05.848634,SUCCESS,,1,15,4,False
TXN008478,CUST0157,MERCHANT005,26874.13,WALLET,2026-08-20 12:02:13.848634,SUCCESS,,1,0,4,False
TXN008479,CUST1451,MERCHANT010,44212.53,UPI,2026-08-18 06:24:00.848634,FAILED,Insufficient Funds,1,12,5,True
TXN008480,CUST0292,MERCHANT008,18562.74,UPI,2026-08-22 10:12:48.848634,SUCCESS,,1,16,3,False
TXN008481,CUST0022,MERCHANT005,8283.51,CARD,2026-08-24 04:02:57.848634,SUCCESS,,1,8,2,False
TXN008482,CUST0703,MERCHANT006,24270.14,WALLET,2026-08-24 04:08:32.848634,SUCCESS,,1,15,2,False
TXN008483,CUST1300,MERCHANT005,43012.65,NETBANKING,2026-08-23 04:50:56.848634,SUCCESS,,1,13,1,False
TXN008484,CUST1501,MERCHANT008,45557.12,CARD,2026-08-22 01:49:29.848634,SUCCESS,,1,14,0,False
TXN008485,CUST0949,MERCHANT007,5461.93,WALLET,2026-08-22 03:58:24.848634,SUCCESS,,1,13,4,False
TXN008486,CUST1478,MERCHANT009,18463.26,CARD,2026-08-20 08:04:59.848634,SUCCESS,,1,6,1,False
TXN008487,CUST1330,MERCHANT005,1332.71,WALLET,2026-08-23 02:47:59.848634,SUCCESS,,1,19,1,False
TXN008488,CUST1543,MERCHANT001,37373.74,UPI,2026-08-21 04:32:08.848634,SUCCESS,,1,1,1,False
TXN008489,CUST0241,MERCHANT008,9701.16,WALLET,2026-08-22 10:52:46.848634,SUCCESS,,1,9,2,False
TXN008490,CUST0739,MERCHANT003,3009.54,UPI,2026-08-19 19:39:44.848634,SUCCESS,,1,4,5,False
TXN008491,CUST0610,MERCHANT007,41601.59,WALLET,2026-08-19 18:23:27.848634,SUCCESS,,1,7,4,False
TXN008492,CUST1032,MERCHANT007,2293.97,CARD,2026-08-19 14:45:00.848634,SUCCESS,,1,14,0,False
TXN008493,CUST1161,MERCHANT003,49225.6,WALLET,2026-08-19 21:55:31.848634,SUCCESS,,1,19,4,False
TXN008494,CUST1774,MERCHANT006,1359.15,CARD,2026-08-23 03:16:33.848634,SUCCESS,,1,0,3,False
TXN008495,CUST1814,MERCHANT009,37449.72,UPI,2026-08-18 07:30:22.848634,SUCCESS,,1,1,3,False
TXN008496,CUST0547,MERCHANT005,6271.49,NETBANKING,2026-08-20 10:57:17.848634,SUCCESS,,1,8,2,False
TXN008497,CUST1781,MERCHANT008,45870.72,NETBANKING,2026-08-18 10:42:21.848634,SUCCESS,,1,9,2,False
TXN008498,CUST0981,MERCHANT007,13748.85,CARD,2026-08-19 22:47:21.848634,SUCCESS,,1,7,2,False
TXN008499,CUST0887,MERCHANT007,15907.77,NETBANKING,2026-08-23 01:56:11.848634,SUCCESS,,1,11,5,False
TXN008500,CUST0530,MERCHANT001,27249.64,UPI,2026-08-20 04:32:36.848634,SUCCESS,,1,15,2,False
TXN008501,CUST1485,MERCHANT009,12695.66,CARD,2026-08-20 06:06:43.848634,SUCCESS,,1,3,0,False
TXN008502,CUST0556,MERCHANT009,14985.02,WALLET,2026-08-21 05:57:09.848634,SUCCESS,,1,7,5,False
TXN008503,CUST1749,MERCHANT009,44389.49,WALLET,2026-08-20 22:19:51.848634,SUCCESS,,1,7,1,False
TXN008504,CUST1230,MERCHANT009,16787.89,CARD,2026-08-20 23:37:05.848634,SUCCESS,,1,5,3,False
TXN008505,CUST0931,MERCHANT002,11502.27,NETBANKING,2026-08-22 23:30:00.848634,SUCCESS,,1,9,0,False
TXN008506,CUST1834,MERCHANT004,45189.5,UPI,2026-08-22 04:12:37.848634,SUCCESS,,1,17,2,False
TXN008507,CUST1536,MERCHANT003,9608.06,UPI,2026-08-24 05:33:29.848634,SUCCESS,,1,2,4,False
TXN008508,CUST1479,MERCHANT002,32818.01,CARD,2026-08-20 02:36:43.848634,SUCCESS,,1,16,1,False
TXN008509,CUST0031,MERCHANT008,13996.12,NETBANKING,2026-08-18 20:13:22.848634,SUCCESS,,1,17,4,False
TXN008510,CUST1669,MERCHANT001,44008.79,NETBANKING,2026-08-24 13:34:20.848634,SUCCESS,,1,12,2,False
TXN008511,CUST1635,MERCHANT009,16094.92,NETBANKING,2026-08-21 00:40:37.848634,SUCCESS,,1,5,2,False
TXN008512,CUST1394,MERCHANT002,43665.37,WALLET,2026-08-22 23:29:35.848634,SUCCESS,,1,0,4,False
TXN008513,CUST1702,MERCHANT005,37360.71,NETBANKING,2026-08-18 18:02:18.848634,SUCCESS,,1,13,1,False
TXN008514,CUST1151,MERCHANT006,26643.8,WALLET,2026-08-21 18:04:08.848634,FAILED,Bank Declined,1,2,3,True
TXN008515,CUST1093,MERCHANT004,34386.02,CARD,2026-08-22 21:17:38.848634,SUCCESS,,1,12,2,False
TXN008516,CUST1303,MERCHANT010,987.4,UPI,2026-08-21 11:04:02.848634,SUCCESS,,1,5,2,False
TXN008517,CUST0585,MERCHANT007,47939.91,NETBANKING,2026-08-22 04:14:01.848634,SUCCESS,,1,10,1,False
TXN008518,CUST0298,MERCHANT005,12274.32,NETBANKING,2026-08-21 07:43:45.848634,SUCCESS,,1,10,0,False
TXN008519,CUST1089,MERCHANT007,40747.56,CARD,2026-08-24 02:58:47.848634,FAILED,Technical Error,1,10,4,True
TXN008520,CUST1694,MERCHANT003,35096.02,WALLET,2026-08-19 14:29:42.848634,SUCCESS,,1,7,0,False
TXN008521,CUST0577,MERCHANT005,48636.5,NETBANKING,2026-08-22 22:39:03.848634,SUCCESS,,1,14,0,False
TXN008522,CUST0667,MERCHANT003,11045.52,UPI,2026-08-20 22:46:25.848634,SUCCESS,,1,19,1,False
TXN008523,CUST0097,MERCHANT008,33107.43,NETBANKING,2026-08-20 12:50:18.848634,SUCCESS,,1,5,3,False
TXN008524,CUST0393,MERCHANT001,28352.67,NETBANKING,2026-08-22 04:38:53.848634,SUCCESS,,1,1,0,False
TXN008525,CUST1556,MERCHANT002,46918.65,WALLET,2026-08-21 13:26:13.848634,SUCCESS,,1,11,1,False
TXN008526,CUST0155,MERCHANT005,11290.11,WALLET,2026-08-23 18:22:05.848634,SUCCESS,,1,16,1,False
TXN008527,CUST0404,MERCHANT008,15494.51,WALLET,2026-08-20 05:49:08.848634,SUCCESS,,1,20,2,False
TXN008528,CUST1295,MERCHANT003,28401.65,CARD,2026-08-22 22:23:46.848634,SUCCESS,,1,9,1,False
TXN008529,CUST1302,MERCHANT001,20227.15,UPI,2026-08-23 06:28:12.848634,SUCCESS,,1,12,0,False
TXN008530,CUST0297,MERCHANT008,13954.0,UPI,2026-08-22 21:41:23.848634,SUCCESS,,1,1,5,False
TXN008531,CUST1152,MERCHANT007,14046.61,CARD,2026-08-20 04:22:28.848634,SUCCESS,,1,14,2,False
TXN008532,CUST1416,MERCHANT004,48386.4,UPI,2026-08-19 02:03:37.848634,SUCCESS,,1,4,0,False
TXN008533,CUST0131,MERCHANT010,40155.06,WALLET,2026-08-22 23:15:00.848634,SUCCESS,,1,13,1,False
TXN008534,CUST1356,MERCHANT004,37809.66,WALLET,2026-08-19 21:38:23.848634,SUCCESS,,1,20,1,False
TXN008535,CUST1923,MERCHANT006,8320.89,WALLET,2026-08-22 19:26:50.848634,SUCCESS,,1,17,3,False
TXN008536,CUST0840,MERCHANT003,48050.96,CARD,2026-08-18 16:54:17.848634,SUCCESS,,1,4,2,False
TXN008537,CUST1495,MERCHANT010,49099.27,NETBANKING,2026-08-21 09:41:17.848634,SUCCESS,,1,5,0,False
TXN008538,CUST0199,MERCHANT002,26438.3,UPI,2026-08-22 10:17:11.848634,SUCCESS,,1,7,5,False
TXN008539,CUST0447,MERCHANT007,19115.71,NETBANKING,2026-08-21 22:18:49.848634,SUCCESS,,1,4,5,False
TXN008540,CUST1381,MERCHANT004,35671.61,NETBANKING,2026-08-20 17:47:22.848634,SUCCESS,,1,14,5,False
TXN008541,CUST1353,MERCHANT008,12304.23,UPI,2026-08-19 14:41:36.848634,SUCCESS,,1,1,0,False
TXN008542,CUST1858,MERCHANT002,26149.98,CARD,2026-08-21 06:35:06.848634,SUCCESS,,1,5,5,False
TXN008543,CUST1844,MERCHANT002,40616.52,WALLET,2026-08-18 06:31:38.848634,SUCCESS,,1,11,2,False
TXN008544,CUST1990,MERCHANT002,26335.4,WALLET,2026-08-22 04:09:27.848634,SUCCESS,,1,12,1,False
TXN008545,CUST1175,MERCHANT008,32232.76,NETBANKING,2026-08-22 16:28:31.848634,SUCCESS,,1,11,0,False
TXN008546,CUST1805,MERCHANT008,19656.39,NETBANKING,2026-08-22 11:49:52.848634,SUCCESS,,1,2,5,False
TXN008547,CUST1947,MERCHANT009,41297.55,NETBANKING,2026-08-24 13:41:25.848634,SUCCESS,,1,8,0,False
TXN008548,CUST1057,MERCHANT006,46302.24,CARD,2026-08-19 12:26:33.848634,SUCCESS,,1,16,4,False
TXN008549,CUST1524,MERCHANT006,18825.24,NETBANKING,2026-08-22 07:29:50.848634,SUCCESS,,1,16,2,False
TXN008550,CUST1033,MERCHANT002,1710.26,UPI,2026-08-22 06:19:45.848634,SUCCESS,,1,1,5,False
TXN008551,CUST0409,MERCHANT010,42760.94,WALLET,2026-08-23 19:22:29.848634,FAILED,Timeout,2,7,4,True
TXN008552,CUST0422,MERCHANT001,44121.36,UPI,2026-08-22 09:30:19.848634,SUCCESS,,1,8,4,False
TXN008553,CUST1405,MERCHANT007,7742.49,NETBANKING,2026-08-23 10:56:48.848634,SUCCESS,,1,20,4,False
TXN008554,CUST0187,MERCHANT008,4274.35,WALLET,2026-08-22 02:16:03.848634,SUCCESS,,1,18,1,False
TXN008555,CUST0664,MERCHANT004,31587.04,CARD,2026-08-24 11:07:57.848634,SUCCESS,,1,11,5,False
TXN008556,CUST1775,MERCHANT002,46087.06,UPI,2026-08-21 08:52:25.848634,SUCCESS,,1,15,2,False
TXN008557,CUST1758,MERCHANT007,19161.42,WALLET,2026-08-20 04:48:48.848634,SUCCESS,,1,15,2,False
TXN008558,CUST0580,MERCHANT007,8518.98,UPI,2026-08-18 10:11:42.848634,SUCCESS,,1,16,4,False
TXN008559,CUST0169,MERCHANT009,40699.14,CARD,2026-08-18 06:41:18.848634,SUCCESS,,1,13,2,False
TXN008560,CUST0748,MERCHANT002,46220.71,UPI,2026-08-18 23:28:55.848634,SUCCESS,,1,19,5,False
TXN008561,CUST0918,MERCHANT009,12297.76,CARD,2026-08-23 09:30:02.848634,SUCCESS,,1,4,3,False
TXN008562,CUST0444,MERCHANT002,8338.96,NETBANKING,2026-08-20 21:20:35.848634,SUCCESS,,1,3,5,False
TXN008563,CUST0030,MERCHANT006,9047.84,UPI,2026-08-22 08:34:07.848634,SUCCESS,,1,9,2,False
TXN008564,CUST0657,MERCHANT008,30088.39,WALLET,2026-08-20 05:31:07.848634,SUCCESS,,1,18,4,False
TXN008565,CUST1455,MERCHANT004,47531.08,UPI,2026-08-20 03:05:28.848634,SUCCESS,,1,4,1,False
TXN008566,CUST1426,MERCHANT006,16305.09,WALLET,2026-08-24 23:39:36.848634,SUCCESS,,1,10,3,False
TXN008567,CUST0744,MERCHANT008,33100.11,WALLET,2026-08-25 01:31:43.848634,SUCCESS,,1,6,3,False
TXN008568,CUST0128,MERCHANT002,26442.63,CARD,2026-08-25 01:14:49.848634,SUCCESS,,1,0,1,False
TXN008569,CUST1631,MERCHANT005,34967.18,CARD,2026-08-20 04:18:29.848634,SUCCESS,,1,5,0,False
TXN008570,CUST0881,MERCHANT009,45090.18,CARD,2026-08-19 13:13:47.848634,SUCCESS,,1,8,0,False
TXN008571,CUST0225,MERCHANT008,2453.98,UPI,2026-08-24 23:29:37.848634,SUCCESS,,1,14,5,False
TXN008572,CUST1827,MERCHANT010,10599.82,NETBANKING,2026-08-20 23:29:05.848634,SUCCESS,,1,5,2,False
TXN008573,CUST1449,MERCHANT006,15964.57,WALLET,2026-08-21 17:33:11.848634,SUCCESS,,1,15,4,False
TXN008574,CUST1716,MERCHANT004,15595.73,CARD,2026-08-23 02:29:14.848634,SUCCESS,,1,9,5,False
TXN008575,CUST0228,MERCHANT004,36071.33,NETBANKING,2026-08-21 10:50:50.848634,SUCCESS,,1,6,1,False
TXN008576,CUST0256,MERCHANT010,742.73,NETBANKING,2026-08-20 22:34:24.848634,SUCCESS,,1,20,2,False
TXN008577,CUST0020,MERCHANT004,1660.56,UPI,2026-08-21 13:39:59.848634,SUCCESS,,1,2,1,False
TXN008578,CUST1107,MERCHANT003,39417.14,WALLET,2026-08-19 05:31:02.848634,SUCCESS,,1,17,1,False
TXN008579,CUST0933,MERCHANT007,14280.43,CARD,2026-08-23 11:20:21.848634,SUCCESS,,1,18,3,False
TXN008580,CUST0038,MERCHANT010,12882.75,UPI,2026-08-23 16:22:01.848634,SUCCESS,,1,9,2,False
TXN008581,CUST0476,MERCHANT010,34180.73,NETBANKING,2026-08-19 01:06:16.848634,SUCCESS,,1,17,4,False
TXN008582,CUST1565,MERCHANT003,49806.33,NETBANKING,2026-08-20 09:21:05.848634,SUCCESS,,1,18,4,False
TXN008583,CUST0254,MERCHANT004,6963.27,CARD,2026-08-20 22:28:14.848634,SUCCESS,,1,6,0,False
TXN008584,CUST0758,MERCHANT002,34070.77,WALLET,2026-08-18 12:52:49.848634,SUCCESS,,1,11,1,False
TXN008585,CUST0111,MERCHANT002,47433.72,WALLET,2026-08-20 18:59:16.848634,SUCCESS,,1,0,4,False
TXN008586,CUST0599,MERCHANT002,15749.25,NETBANKING,2026-08-20 04:52:24.848634,SUCCESS,,1,17,1,False
TXN008587,CUST0104,MERCHANT003,44404.8,CARD,2026-08-19 21:15:49.848634,SUCCESS,,1,19,4,False
TXN008588,CUST0036,MERCHANT006,23308.43,CARD,2026-08-20 08:23:07.848634,SUCCESS,,1,11,3,False
TXN008589,CUST0785,MERCHANT007,9781.48,CARD,2026-08-20 20:47:59.848634,SUCCESS,,1,17,5,False
TXN008590,CUST0221,MERCHANT005,43406.57,NETBANKING,2026-08-21 14:29:52.848634,SUCCESS,,1,2,3,False
TXN008591,CUST0630,MERCHANT005,37382.64,CARD,2026-08-22 08:16:18.848634,SUCCESS,,1,13,1,False
TXN008592,CUST1922,MERCHANT007,42549.87,WALLET,2026-08-23 02:05:53.848634,SUCCESS,,1,19,4,False
TXN008593,CUST0344,MERCHANT005,6946.06,CARD,2026-08-23 13:39:01.848634,SUCCESS,,1,16,1,False
TXN008594,CUST1697,MERCHANT007,44817.04,WALLET,2026-08-20 01:32:00.848634,SUCCESS,,1,4,3,False
TXN008595,CUST0580,MERCHANT006,31067.97,NETBANKING,2026-08-20 11:02:33.848634,SUCCESS,,1,17,5,False
TXN008596,CUST0926,MERCHANT009,20069.28,NETBANKING,2026-08-20 23:23:44.848634,SUCCESS,,1,5,1,False
TXN008597,CUST1983,MERCHANT009,20361.21,UPI,2026-08-20 12:02:57.848634,SUCCESS,,1,6,5,False
TXN008598,CUST1548,MERCHANT010,5096.77,CARD,2026-08-21 01:18:28.848634,SUCCESS,,1,9,5,False
TXN008599,CUST0450,MERCHANT004,5420.04,WALLET,2026-08-23 13:53:09.848634,SUCCESS,,1,11,3,False
TXN008600,CUST1444,MERCHANT006,38474.71,CARD,2026-08-19 16:34:15.848634,SUCCESS,,1,17,0,False
TXN008601,CUST1736,MERCHANT007,2000.87,UPI,2026-08-21 00:09:02.848634,SUCCESS,,1,7,5,False
TXN008602,CUST0048,MERCHANT003,39271.28,CARD,2026-08-24 07:52:34.848634,SUCCESS,,1,12,0,False
TXN008603,CUST0437,MERCHANT002,2386.02,CARD,2026-08-22 05:37:56.848634,SUCCESS,,1,17,3,False
TXN008604,CUST1626,MERCHANT004,20827.74,NETBANKING,2026-08-25 01:20:38.848634,SUCCESS,,1,18,5,False
TXN008605,CUST1774,MERCHANT003,5942.02,WALLET,2026-08-20 16:31:21.848634,SUCCESS,,1,15,3,False
TXN008606,CUST0372,MERCHANT008,42633.0,WALLET,2026-08-24 20:10:28.848634,SUCCESS,,1,8,4,False
TXN008607,CUST0592,MERCHANT008,29969.55,CARD,2026-08-22 02:13:59.848634,SUCCESS,,1,6,3,False
TXN008608,CUST0314,MERCHANT004,5664.92,NETBANKING,2026-08-22 13:12:33.848634,SUCCESS,,1,12,4,False
TXN008609,CUST0378,MERCHANT009,8313.47,NETBANKING,2026-08-18 16:15:44.848634,SUCCESS,,1,6,3,False
TXN008610,CUST0356,MERCHANT006,14497.92,NETBANKING,2026-08-18 10:48:03.848634,SUCCESS,,1,10,1,False
TXN008611,CUST0581,MERCHANT002,18771.11,UPI,2026-08-24 17:45:50.848634,FAILED,Network Error,1,8,1,True
TXN008612,CUST1305,MERCHANT010,39505.63,UPI,2026-08-22 04:15:36.848634,SUCCESS,,1,12,3,False
TXN008613,CUST1640,MERCHANT002,17849.24,CARD,2026-08-22 00:54:50.848634,SUCCESS,,1,3,4,False
TXN008614,CUST1855,MERCHANT003,42005.68,UPI,2026-08-18 13:03:35.848634,SUCCESS,,1,15,1,False
TXN008615,CUST0630,MERCHANT010,11308.95,CARD,2026-08-22 09:36:30.848634,SUCCESS,,1,5,5,False
TXN008616,CUST1714,MERCHANT009,46573.56,UPI,2026-08-23 19:02:11.848634,SUCCESS,,1,15,2,False
TXN008617,CUST0001,MERCHANT006,32364.7,NETBANKING,2026-08-24 17:44:37.848634,SUCCESS,,1,7,4,False
TXN008618,CUST1871,MERCHANT003,47397.55,WALLET,2026-08-19 17:55:20.848634,SUCCESS,,1,18,2,False
TXN008619,CUST0500,MERCHANT002,15142.93,WALLET,2026-08-19 17:20:18.848634,SUCCESS,,1,7,5,False
TXN008620,CUST0882,MERCHANT006,39478.06,UPI,2026-08-24 11:45:12.848634,SUCCESS,,1,4,1,False
TXN008621,CUST1027,MERCHANT005,3106.64,NETBANKING,2026-08-18 23:22:54.848634,SUCCESS,,1,7,0,False
TXN008622,CUST1733,MERCHANT006,45647.39,WALLET,2026-08-20 14:23:08.848634,SUCCESS,,1,10,4,False
TXN008623,CUST0845,MERCHANT005,14047.51,WALLET,2026-08-23 05:52:27.848634,SUCCESS,,1,0,0,False
TXN008624,CUST1827,MERCHANT010,40245.89,UPI,2026-08-24 01:51:13.848634,SUCCESS,,1,0,5,False
TXN008625,CUST1160,MERCHANT006,34712.76,UPI,2026-08-19 08:57:04.848634,SUCCESS,,1,18,5,False
TXN008626,CUST1788,MERCHANT002,39436.45,UPI,2026-08-22 06:00:45.848634,SUCCESS,,1,12,0,False
TXN008627,CUST1789,MERCHANT005,7559.99,CARD,2026-08-18 05:16:54.848634,SUCCESS,,1,12,4,False
TXN008628,CUST1601,MERCHANT009,37807.36,UPI,2026-08-23 04:10:31.848634,SUCCESS,,1,7,2,False
TXN008629,CUST1937,MERCHANT005,24004.55,WALLET,2026-08-20 05:00:48.848634,SUCCESS,,1,8,5,False
TXN008630,CUST1357,MERCHANT006,33886.59,WALLET,2026-08-24 08:55:50.848634,SUCCESS,,1,9,5,False
TXN008631,CUST1400,MERCHANT008,44702.13,NETBANKING,2026-08-18 15:54:36.848634,SUCCESS,,1,7,5,False
TXN008632,CUST0812,MERCHANT001,32351.72,CARD,2026-08-22 13:15:25.848634,SUCCESS,,1,9,4,False
TXN008633,CUST0448,MERCHANT003,34651.76,NETBANKING,2026-08-22 13:03:33.848634,SUCCESS,,1,20,0,False
TXN008634,CUST1162,MERCHANT004,39700.04,NETBANKING,2026-08-21 21:57:00.848634,SUCCESS,,1,12,3,False
TXN008635,CUST1609,MERCHANT008,31333.89,UPI,2026-08-20 17:11:45.848634,SUCCESS,,1,16,3,False
TXN008636,CUST0802,MERCHANT006,19725.42,WALLET,2026-08-23 11:51:28.848634,SUCCESS,,1,10,5,False
TXN008637,CUST1621,MERCHANT010,37538.29,CARD,2026-08-23 12:19:14.848634,SUCCESS,,1,11,0,False
TXN008638,CUST1126,MERCHANT010,41287.86,WALLET,2026-08-19 20:11:30.848634,SUCCESS,,1,8,0,False
TXN008639,CUST1309,MERCHANT006,38390.06,CARD,2026-08-23 04:02:02.848634,SUCCESS,,1,2,0,False
TXN008640,CUST1393,MERCHANT006,9147.02,CARD,2026-08-24 06:49:52.848634,SUCCESS,,1,7,1,False
TXN008641,CUST1184,MERCHANT007,23663.42,UPI,2026-08-19 21:56:23.848634,SUCCESS,,1,15,2,False
TXN008642,CUST0233,MERCHANT004,36107.5,WALLET,2026-08-21 05:48:54.848634,SUCCESS,,1,13,4,False
TXN008643,CUST0923,MERCHANT001,26331.2,NETBANKING,2026-08-23 05:53:34.848634,SUCCESS,,1,6,3,False
TXN008644,CUST1356,MERCHANT009,28052.86,UPI,2026-08-19 21:07:16.848634,SUCCESS,,1,1,1,False
TXN008645,CUST0022,MERCHANT001,12073.26,NETBANKING,2026-08-20 12:06:54.848634,SUCCESS,,1,19,1,False
TXN008646,CUST1703,MERCHANT005,5977.28,CARD,2026-08-18 21:36:51.848634,SUCCESS,,1,7,2,False
TXN008647,CUST1938,MERCHANT002,49246.76,UPI,2026-08-19 00:17:44.848634,SUCCESS,,1,13,5,False
TXN008648,CUST1882,MERCHANT005,27874.1,NETBANKING,2026-08-23 05:06:13.848634,FAILED,Technical Error,2,19,0,True
TXN008649,CUST0053,MERCHANT006,47637.95,CARD,2026-08-20 19:31:40.848634,SUCCESS,,1,6,0,False
TXN008650,CUST0304,MERCHANT010,23202.97,NETBANKING,2026-08-20 01:39:26.848634,SUCCESS,,1,12,0,False
TXN008651,CUST1635,MERCHANT006,25254.93,CARD,2026-08-23 21:59:45.848634,SUCCESS,,1,18,4,False
TXN008652,CUST0783,MERCHANT009,23744.58,NETBANKING,2026-08-25 00:30:16.848634,SUCCESS,,1,20,5,False
TXN008653,CUST0928,MERCHANT002,41925.74,WALLET,2026-08-19 08:28:07.848634,SUCCESS,,1,19,0,False
TXN008654,CUST0540,MERCHANT007,43308.46,NETBANKING,2026-08-22 13:33:56.848634,FAILED,Bank Declined,1,5,3,True
TXN008655,CUST0881,MERCHANT009,39186.32,WALLET,2026-08-22 07:20:37.848634,SUCCESS,,1,4,0,False
TXN008656,CUST1960,MERCHANT009,22769.7,NETBANKING,2026-08-24 09:59:21.848634,SUCCESS,,1,0,3,False
TXN008657,CUST0563,MERCHANT001,44568.62,CARD,2026-08-18 16:27:32.848634,FAILED,Bank Declined,1,19,1,True
TXN008658,CUST0049,MERCHANT006,24606.45,CARD,2026-08-24 17:18:08.848634,FAILED,Network Error,1,13,4,True
TXN008659,CUST1054,MERCHANT009,19187.04,UPI,2026-08-21 16:29:47.848634,SUCCESS,,1,5,4,False
TXN008660,CUST1455,MERCHANT010,13055.59,CARD,2026-08-21 06:39:18.848634,SUCCESS,,1,14,3,False
TXN008661,CUST0349,MERCHANT002,41939.75,CARD,2026-08-21 00:30:30.848634,SUCCESS,,1,12,1,False
TXN008662,CUST0015,MERCHANT004,4014.2,NETBANKING,2026-08-21 12:44:04.848634,SUCCESS,,1,6,5,False
TXN008663,CUST1120,MERCHANT002,9246.44,UPI,2026-08-22 23:10:06.848634,SUCCESS,,1,7,4,False
TXN008664,CUST1443,MERCHANT003,48401.52,WALLET,2026-08-22 23:59:11.848634,SUCCESS,,1,3,1,False
TXN008665,CUST0357,MERCHANT005,29181.39,WALLET,2026-08-22 21:34:09.848634,SUCCESS,,1,13,5,False
TXN008666,CUST1001,MERCHANT002,32205.38,UPI,2026-08-18 04:06:27.848634,SUCCESS,,1,17,0,False
TXN008667,CUST1424,MERCHANT006,25106.31,NETBANKING,2026-08-24 03:44:02.848634,SUCCESS,,1,18,1,False
TXN008668,CUST1594,MERCHANT010,47751.8,WALLET,2026-08-24 03:23:12.848634,SUCCESS,,1,13,3,False
TXN008669,CUST0219,MERCHANT008,2028.96,WALLET,2026-08-21 20:12:21.848634,SUCCESS,,1,1,2,False
TXN008670,CUST0762,MERCHANT006,16198.34,NETBANKING,2026-08-22 10:13:53.848634,SUCCESS,,1,7,2,False
TXN008671,CUST1273,MERCHANT003,26188.78,NETBANKING,2026-08-19 15:18:25.848634,SUCCESS,,1,3,2,False
TXN008672,CUST1321,MERCHANT003,4033.9,WALLET,2026-08-19 21:55:08.848634,SUCCESS,,1,10,3,False
TXN008673,CUST0734,MERCHANT010,18033.39,WALLET,2026-08-21 07:08:41.848634,SUCCESS,,1,4,2,False
TXN008674,CUST0841,MERCHANT010,16485.0,WALLET,2026-08-19 06:05:52.848634,SUCCESS,,1,6,1,False
TXN008675,CUST1912,MERCHANT002,46963.4,NETBANKING,2026-08-18 19:28:46.848634,SUCCESS,,1,6,4,False
TXN008676,CUST0184,MERCHANT003,26765.23,WALLET,2026-08-23 09:31:30.848634,SUCCESS,,1,0,3,False
TXN008677,CUST0268,MERCHANT003,41162.64,NETBANKING,2026-08-23 17:22:18.848634,SUCCESS,,1,0,2,False
TXN008678,CUST0583,MERCHANT005,17575.66,UPI,2026-08-18 07:44:37.848634,SUCCESS,,1,17,4,False
TXN008679,CUST0416,MERCHANT005,40867.51,CARD,2026-08-20 06:58:32.848634,SUCCESS,,1,0,0,False
TXN008680,CUST1293,MERCHANT007,18991.66,NETBANKING,2026-08-18 22:45:52.848634,SUCCESS,,1,9,4,False
TXN008681,CUST0700,MERCHANT006,22793.63,CARD,2026-08-22 00:17:53.848634,SUCCESS,,1,5,5,False
TXN008682,CUST0457,MERCHANT006,7251.34,WALLET,2026-08-21 11:01:34.848634,SUCCESS,,1,8,0,False
TXN008683,CUST0964,MERCHANT005,12179.81,NETBANKING,2026-08-24 07:30:11.848634,SUCCESS,,1,1,1,False
TXN008684,CUST1090,MERCHANT007,38101.84,WALLET,2026-08-23 01:38:12.848634,SUCCESS,,1,15,2,False
TXN008685,CUST1863,MERCHANT007,21823.84,WALLET,2026-08-24 11:38:15.848634,SUCCESS,,1,8,4,False
TXN008686,CUST0763,MERCHANT010,38368.26,UPI,2026-08-24 23:57:23.848634,SUCCESS,,1,19,3,False
TXN008687,CUST1237,MERCHANT004,48540.65,WALLET,2026-08-20 09:15:09.848634,SUCCESS,,1,17,5,False
TXN008688,CUST0479,MERCHANT003,40356.04,CARD,2026-08-23 21:56:31.848634,SUCCESS,,1,9,5,False
TXN008689,CUST0595,MERCHANT008,42729.4,NETBANKING,2026-08-22 05:07:06.848634,SUCCESS,,1,19,5,False
TXN008690,CUST1620,MERCHANT010,31726.02,UPI,2026-08-21 02:00:48.848634,SUCCESS,,1,14,3,False
TXN008691,CUST0651,MERCHANT007,47290.06,CARD,2026-08-18 08:40:09.848634,SUCCESS,,1,0,3,False
TXN008692,CUST0787,MERCHANT009,2233.58,NETBANKING,2026-08-23 14:23:00.848634,SUCCESS,,1,20,0,False
TXN008693,CUST1021,MERCHANT001,7820.04,CARD,2026-08-21 02:16:15.848634,SUCCESS,,1,14,3,False
TXN008694,CUST0502,MERCHANT010,47847.41,CARD,2026-08-22 07:34:02.848634,SUCCESS,,1,16,1,False
TXN008695,CUST1830,MERCHANT003,18794.6,NETBANKING,2026-08-21 09:08:28.848634,SUCCESS,,1,8,0,False
TXN008696,CUST0825,MERCHANT001,11020.52,NETBANKING,2026-08-23 22:01:21.848634,SUCCESS,,1,14,4,False
TXN008697,CUST0583,MERCHANT007,4477.85,WALLET,2026-08-20 18:57:11.848634,SUCCESS,,1,3,3,False
TXN008698,CUST0466,MERCHANT001,1580.7,UPI,2026-08-24 05:08:01.848634,FAILED,Timeout,3,1,2,False
TXN008699,CUST0264,MERCHANT009,16545.34,NETBANKING,2026-08-20 21:01:32.848634,SUCCESS,,1,4,4,False
TXN008700,CUST1968,MERCHANT004,49525.89,WALLET,2026-08-22 23:48:24.848634,SUCCESS,,1,9,4,False
TXN008701,CUST0804,MERCHANT003,43982.94,UPI,2026-08-22 14:10:58.848634,SUCCESS,,1,13,4,False
TXN008702,CUST1705,MERCHANT003,48421.25,CARD,2026-08-20 09:55:26.848634,SUCCESS,,1,2,3,False
TXN008703,CUST0068,MERCHANT003,26105.29,NETBANKING,2026-08-21 03:17:11.848634,SUCCESS,,1,10,1,False
TXN008704,CUST1938,MERCHANT006,12044.38,UPI,2026-08-18 07:04:07.848634,SUCCESS,,1,14,0,False
TXN008705,CUST0939,MERCHANT005,9236.73,NETBANKING,2026-08-24 05:29:15.848634,SUCCESS,,1,16,3,False
TXN008706,CUST1373,MERCHANT008,19072.9,WALLET,2026-08-23 19:01:56.848634,SUCCESS,,1,11,1,False
TXN008707,CUST0696,MERCHANT006,25778.81,CARD,2026-08-20 00:45:26.848634,FAILED,Network Error,1,0,1,True
TXN008708,CUST0753,MERCHANT007,42613.86,UPI,2026-08-19 02:08:12.848634,SUCCESS,,1,6,2,False
TXN008709,CUST1213,MERCHANT006,44421.16,CARD,2026-08-24 02:47:23.848634,SUCCESS,,1,4,2,False
TXN008710,CUST1775,MERCHANT007,47840.75,CARD,2026-08-24 14:01:41.848634,SUCCESS,,1,2,2,False
TXN008711,CUST1347,MERCHANT003,4325.38,WALLET,2026-08-22 05:18:29.848634,SUCCESS,,1,9,0,False
TXN008712,CUST1635,MERCHANT010,19256.97,CARD,2026-08-21 06:14:42.848634,SUCCESS,,1,19,3,False
TXN008713,CUST1545,MERCHANT005,27302.23,WALLET,2026-08-24 07:23:13.848634,SUCCESS,,1,11,4,False
TXN008714,CUST0559,MERCHANT004,6556.2,CARD,2026-08-21 18:56:27.848634,SUCCESS,,1,6,3,False
TXN008715,CUST0965,MERCHANT009,1950.69,WALLET,2026-08-20 02:15:18.848634,SUCCESS,,1,1,2,False
TXN008716,CUST1905,MERCHANT009,9634.77,UPI,2026-08-22 15:40:17.848634,SUCCESS,,1,14,4,False
TXN008717,CUST0963,MERCHANT008,24516.2,NETBANKING,2026-08-21 10:37:27.848634,SUCCESS,,1,15,0,False
TXN008718,CUST1583,MERCHANT008,48508.65,UPI,2026-08-19 12:27:29.848634,SUCCESS,,1,15,3,False
TXN008719,CUST1782,MERCHANT007,43809.6,WALLET,2026-08-18 10:23:50.848634,SUCCESS,,1,12,5,False
TXN008720,CUST0282,MERCHANT003,47635.34,UPI,2026-08-22 12:58:10.848634,SUCCESS,,1,9,3,False
TXN008721,CUST0948,MERCHANT006,48179.45,UPI,2026-08-21 06:44:01.848634,SUCCESS,,1,5,4,False
TXN008722,CUST1779,MERCHANT003,13896.99,NETBANKING,2026-08-19 23:03:31.848634,FAILED,Technical Error,3,15,5,False
TXN008723,CUST0485,MERCHANT004,35095.81,UPI,2026-08-19 16:55:40.848634,SUCCESS,,1,19,5,False
TXN008724,CUST0554,MERCHANT006,47803.79,NETBANKING,2026-08-22 04:14:00.848634,SUCCESS,,1,4,4,False
TXN008725,CUST1462,MERCHANT002,18784.2,CARD,2026-08-24 00:46:19.848634,SUCCESS,,1,0,5,False
TXN008726,CUST0880,MERCHANT006,895.71,NETBANKING,2026-08-20 09:04:38.848634,SUCCESS,,1,3,0,False
TXN008727,CUST0323,MERCHANT007,25796.82,CARD,2026-08-24 08:14:56.848634,SUCCESS,,1,1,5,False
TXN008728,CUST0359,MERCHANT001,14800.92,CARD,2026-08-21 14:02:49.848634,SUCCESS,,1,5,5,False
TXN008729,CUST1034,MERCHANT002,31361.49,NETBANKING,2026-08-20 05:14:49.848634,SUCCESS,,1,13,1,False
TXN008730,CUST1586,MERCHANT003,3353.62,WALLET,2026-08-23 05:53:35.848634,SUCCESS,,1,7,2,False
TXN008731,CUST0326,MERCHANT002,16638.06,UPI,2026-08-20 09:15:16.848634,SUCCESS,,1,17,5,False
TXN008732,CUST1090,MERCHANT004,179.85,CARD,2026-08-20 06:51:49.848634,SUCCESS,,1,0,0,False
TXN008733,CUST1978,MERCHANT010,22214.93,WALLET,2026-08-20 23:39:41.848634,SUCCESS,,1,10,4,False
TXN008734,CUST0128,MERCHANT006,48984.83,CARD,2026-08-20 13:48:49.848634,SUCCESS,,1,1,5,False
TXN008735,CUST0575,MERCHANT006,30933.28,NETBANKING,2026-08-21 08:12:34.848634,SUCCESS,,1,4,3,False
TXN008736,CUST1029,MERCHANT003,16469.99,UPI,2026-08-19 13:42:57.848634,SUCCESS,,1,5,1,False
TXN008737,CUST1032,MERCHANT010,20119.86,NETBANKING,2026-08-22 03:45:05.848634,SUCCESS,,1,11,2,False
TXN008738,CUST0720,MERCHANT006,25275.97,WALLET,2026-08-19 21:24:33.848634,SUCCESS,,1,12,3,False
TXN008739,CUST1996,MERCHANT005,36015.37,NETBANKING,2026-08-20 20:47:19.848634,SUCCESS,,1,16,2,False
TXN008740,CUST1088,MERCHANT009,5855.33,CARD,2026-08-21 06:50:11.848634,SUCCESS,,1,7,0,False
TXN008741,CUST1156,MERCHANT006,36640.98,UPI,2026-08-23 07:17:18.848634,SUCCESS,,1,15,0,False
TXN008742,CUST1110,MERCHANT002,45128.16,NETBANKING,2026-08-18 20:18:27.848634,SUCCESS,,1,9,5,False
TXN008743,CUST1435,MERCHANT009,38575.74,WALLET,2026-08-20 13:25:42.848634,SUCCESS,,1,15,2,False
TXN008744,CUST1249,MERCHANT007,31896.58,NETBANKING,2026-08-20 11:31:51.848634,SUCCESS,,1,5,5,False
TXN008745,CUST0532,MERCHANT008,16925.19,NETBANKING,2026-08-19 10:32:12.848634,SUCCESS,,1,14,0,False
TXN008746,CUST0753,MERCHANT009,46298.99,CARD,2026-08-18 13:20:43.848634,SUCCESS,,1,3,4,False
TXN008747,CUST0779,MERCHANT006,33113.69,UPI,2026-08-20 03:49:32.848634,SUCCESS,,1,0,5,False
TXN008748,CUST0967,MERCHANT007,17392.71,NETBANKING,2026-08-20 14:32:59.848634,SUCCESS,,1,8,2,False
TXN008749,CUST0643,MERCHANT001,43376.11,UPI,2026-08-21 01:56:57.848634,SUCCESS,,1,17,2,False
TXN008750,CUST0664,MERCHANT004,17636.83,NETBANKING,2026-08-18 16:35:19.848634,FAILED,Timeout,3,1,3,False
TXN008751,CUST0840,MERCHANT008,7781.01,CARD,2026-08-21 20:35:46.848634,SUCCESS,,1,7,5,False
TXN008752,CUST0592,MERCHANT002,8941.61,WALLET,2026-08-24 03:57:22.848634,SUCCESS,,1,14,4,False
TXN008753,CUST1566,MERCHANT002,7475.56,CARD,2026-08-21 18:36:20.848634,SUCCESS,,1,17,0,False
TXN008754,CUST0380,MERCHANT002,33257.3,NETBANKING,2026-08-20 13:04:30.848634,SUCCESS,,1,4,1,False
TXN008755,CUST0380,MERCHANT004,49186.7,UPI,2026-08-24 18:47:22.848634,SUCCESS,,1,8,0,False
TXN008756,CUST1833,MERCHANT007,17897.9,UPI,2026-08-19 10:04:07.848634,SUCCESS,,1,6,5,False
TXN008757,CUST1093,MERCHANT010,46706.75,UPI,2026-08-20 19:21:34.848634,SUCCESS,,1,2,1,False
TXN008758,CUST1322,MERCHANT007,13233.75,CARD,2026-08-19 12:29:51.848634,SUCCESS,,1,12,2,False
TXN008759,CUST0087,MERCHANT008,47114.2,NETBANKING,2026-08-22 09:53:34.848634,SUCCESS,,1,4,5,False
TXN008760,CUST1648,MERCHANT010,18967.91,CARD,2026-08-20 10:54:46.848634,SUCCESS,,1,3,3,False
TXN008761,CUST0978,MERCHANT004,31833.68,NETBANKING,2026-08-23 05:59:29.848634,SUCCESS,,1,1,5,False
TXN008762,CUST1042,MERCHANT004,1566.6,CARD,2026-08-24 13:55:43.848634,SUCCESS,,1,16,4,False
TXN008763,CUST0326,MERCHANT009,13882.01,NETBANKING,2026-08-19 18:49:52.848634,SUCCESS,,1,8,0,False
TXN008764,CUST1462,MERCHANT006,40709.36,NETBANKING,2026-08-24 01:37:35.848634,SUCCESS,,1,17,1,False
TXN008765,CUST1249,MERCHANT009,41821.7,UPI,2026-08-22 23:39:24.848634,SUCCESS,,1,3,5,False
TXN008766,CUST0008,MERCHANT008,20555.62,CARD,2026-08-22 12:37:41.848634,SUCCESS,,1,16,0,False
TXN008767,CUST1041,MERCHANT009,44115.03,WALLET,2026-08-23 10:39:50.848634,SUCCESS,,1,13,3,False
TXN008768,CUST1858,MERCHANT004,11489.1,UPI,2026-08-19 14:42:21.848634,SUCCESS,,1,13,0,False
TXN008769,CUST1681,MERCHANT001,28461.38,CARD,2026-08-19 06:21:03.848634,FAILED,Network Error,1,7,3,True
TXN008770,CUST1264,MERCHANT006,11710.09,UPI,2026-08-20 21:00:15.848634,SUCCESS,,1,20,4,False
TXN008771,CUST0756,MERCHANT005,41172.07,WALLET,2026-08-18 17:28:33.848634,SUCCESS,,1,19,5,False
TXN008772,CUST1703,MERCHANT008,42167.09,WALLET,2026-08-21 02:06:28.848634,SUCCESS,,1,20,2,False
TXN008773,CUST1777,MERCHANT003,19420.07,NETBANKING,2026-08-24 04:59:03.848634,SUCCESS,,1,1,2,False
TXN008774,CUST0666,MERCHANT009,49056.18,CARD,2026-08-24 11:15:54.848634,SUCCESS,,1,3,2,False
TXN008775,CUST0748,MERCHANT009,29781.58,NETBANKING,2026-08-18 11:12:49.848634,SUCCESS,,1,8,0,False
TXN008776,CUST0166,MERCHANT004,24807.7,WALLET,2026-08-18 11:48:40.848634,SUCCESS,,1,16,4,False
TXN008777,CUST1559,MERCHANT007,23620.69,WALLET,2026-08-20 04:51:13.848634,SUCCESS,,1,18,1,False
TXN008778,CUST1005,MERCHANT010,21147.69,WALLET,2026-08-20 22:33:16.848634,SUCCESS,,1,6,3,False
TXN008779,CUST1082,MERCHANT003,41875.1,WALLET,2026-08-20 13:37:03.848634,SUCCESS,,1,2,2,False
TXN008780,CUST0991,MERCHANT009,22827.39,WALLET,2026-08-20 13:02:37.848634,SUCCESS,,1,0,1,False
TXN008781,CUST0368,MERCHANT007,37050.98,UPI,2026-08-24 13:47:01.848634,SUCCESS,,1,7,5,False
TXN008782,CUST0397,MERCHANT002,39935.66,WALLET,2026-08-23 02:53:22.848634,SUCCESS,,1,17,0,False
TXN008783,CUST1500,MERCHANT007,47664.95,UPI,2026-08-20 17:15:09.848634,SUCCESS,,1,13,2,False
TXN008784,CUST0098,MERCHANT008,40850.82,UPI,2026-08-22 13:55:31.848634,SUCCESS,,1,5,2,False
TXN008785,CUST0394,MERCHANT010,15125.43,UPI,2026-08-22 04:25:39.848634,SUCCESS,,1,8,1,False
TXN008786,CUST1199,MERCHANT006,1884.08,CARD,2026-08-20 23:19:59.848634,SUCCESS,,1,20,5,False
TXN008787,CUST0474,MERCHANT007,39442.51,WALLET,2026-08-22 05:37:05.848634,SUCCESS,,1,15,2,False
TXN008788,CUST0205,MERCHANT007,35175.54,CARD,2026-08-19 02:59:45.848634,SUCCESS,,1,20,3,False
TXN008789,CUST1138,MERCHANT003,43605.11,CARD,2026-08-23 05:31:05.848634,FAILED,Bank Declined,2,15,3,True
TXN008790,CUST1642,MERCHANT002,23902.05,NETBANKING,2026-08-23 06:55:20.848634,SUCCESS,,1,1,0,False
TXN008791,CUST1082,MERCHANT003,35037.78,WALLET,2026-08-19 07:25:32.848634,SUCCESS,,1,16,4,False
TXN008792,CUST0206,MERCHANT001,34089.69,WALLET,2026-08-19 11:45:47.848634,SUCCESS,,1,20,4,False
TXN008793,CUST0923,MERCHANT010,48606.14,NETBANKING,2026-08-22 01:38:51.848634,SUCCESS,,1,2,1,False
TXN008794,CUST0959,MERCHANT006,26165.61,WALLET,2026-08-22 09:10:44.848634,FAILED,Bank Declined,2,17,4,True
TXN008795,CUST1620,MERCHANT010,44883.88,WALLET,2026-08-20 17:31:37.848634,SUCCESS,,1,14,3,False
TXN008796,CUST0205,MERCHANT006,33491.2,CARD,2026-08-18 18:26:16.848634,SUCCESS,,1,6,3,False
TXN008797,CUST0059,MERCHANT007,31330.07,UPI,2026-08-24 18:20:35.848634,SUCCESS,,1,4,0,False
TXN008798,CUST1452,MERCHANT004,9021.29,NETBANKING,2026-08-20 10:42:16.848634,SUCCESS,,1,9,5,False
TXN008799,CUST1318,MERCHANT002,3920.05,NETBANKING,2026-08-19 11:23:57.848634,SUCCESS,,1,5,4,False
TXN008800,CUST0327,MERCHANT008,37960.77,CARD,2026-08-21 00:54:46.848634,SUCCESS,,1,18,3,False
TXN008801,CUST1117,MERCHANT001,4768.72,WALLET,2026-08-20 00:14:59.848634,SUCCESS,,1,15,3,False
TXN008802,CUST1393,MERCHANT007,41732.46,NETBANKING,2026-08-19 21:49:32.848634,FAILED,Technical Error,3,11,2,False
TXN008803,CUST0871,MERCHANT007,20310.65,WALLET,2026-08-18 08:07:02.848634,SUCCESS,,1,7,5,False
TXN008804,CUST1618,MERCHANT001,138.16,CARD,2026-08-18 10:33:51.848634,SUCCESS,,1,15,2,False
TXN008805,CUST1929,MERCHANT003,38297.05,UPI,2026-08-21 05:30:17.848634,SUCCESS,,1,4,3,False
TXN008806,CUST0106,MERCHANT003,24457.0,WALLET,2026-08-22 10:44:49.848634,SUCCESS,,1,4,1,False
TXN008807,CUST0831,MERCHANT010,42499.86,NETBANKING,2026-08-24 21:20:06.848634,SUCCESS,,1,1,0,False
TXN008808,CUST1002,MERCHANT001,16083.72,WALLET,2026-08-23 00:26:10.848634,SUCCESS,,1,16,2,False
TXN008809,CUST0095,MERCHANT004,8080.88,UPI,2026-08-19 10:38:47.848634,SUCCESS,,1,18,2,False
TXN008810,CUST1785,MERCHANT004,22775.56,CARD,2026-08-19 14:01:56.848634,SUCCESS,,1,13,4,False
TXN008811,CUST1823,MERCHANT010,32062.91,CARD,2026-08-18 02:54:25.848634,SUCCESS,,1,8,5,False
TXN008812,CUST0146,MERCHANT009,45863.67,WALLET,2026-08-19 19:08:08.848634,SUCCESS,,1,15,5,False
TXN008813,CUST1841,MERCHANT002,4307.14,WALLET,2026-08-22 02:29:46.848634,SUCCESS,,1,6,1,False
TXN008814,CUST1744,MERCHANT008,17447.97,NETBANKING,2026-08-19 06:59:04.848634,SUCCESS,,1,12,1,False
TXN008815,CUST1295,MERCHANT002,13515.22,WALLET,2026-08-19 20:00:37.848634,SUCCESS,,1,7,5,False
TXN008816,CUST0687,MERCHANT009,36209.68,WALLET,2026-08-21 17:28:33.848634,FAILED,Insufficient Funds,3,1,0,False
TXN008817,CUST0811,MERCHANT010,13536.33,CARD,2026-08-19 17:58:37.848634,SUCCESS,,1,6,2,False
TXN008818,CUST1296,MERCHANT002,32981.75,NETBANKING,2026-08-23 18:08:36.848634,SUCCESS,,1,7,4,False
TXN008819,CUST0921,MERCHANT008,19932.3,UPI,2026-08-21 21:49:15.848634,SUCCESS,,1,9,5,False
TXN008820,CUST0215,MERCHANT009,30183.82,NETBANKING,2026-08-18 23:20:12.848634,SUCCESS,,1,15,0,False
TXN008821,CUST0862,MERCHANT009,40791.56,NETBANKING,2026-08-20 20:46:00.848634,SUCCESS,,1,19,2,False
TXN008822,CUST1626,MERCHANT010,19252.29,WALLET,2026-08-20 02:21:32.848634,SUCCESS,,1,9,1,False
TXN008823,CUST0092,MERCHANT010,18356.49,CARD,2026-08-21 16:20:30.848634,SUCCESS,,1,4,2,False
TXN008824,CUST1873,MERCHANT007,35332.1,CARD,2026-08-19 17:06:00.848634,SUCCESS,,1,11,3,False
TXN008825,CUST0641,MERCHANT001,10316.28,CARD,2026-08-21 06:09:41.848634,SUCCESS,,1,17,3,False
TXN008826,CUST1412,MERCHANT004,44505.17,UPI,2026-08-21 11:27:46.848634,SUCCESS,,1,3,5,False
TXN008827,CUST0742,MERCHANT010,36810.27,CARD,2026-08-22 12:30:56.848634,SUCCESS,,1,1,4,False
TXN008828,CUST0524,MERCHANT005,12650.32,UPI,2026-08-23 11:08:46.848634,SUCCESS,,1,11,4,False
TXN008829,CUST0093,MERCHANT002,15093.16,WALLET,2026-08-19 15:49:01.848634,SUCCESS,,1,9,5,False
TXN008830,CUST0162,MERCHANT005,2451.59,NETBANKING,2026-08-22 01:28:29.848634,SUCCESS,,1,5,2,False
TXN008831,CUST0396,MERCHANT005,11388.15,CARD,2026-08-19 18:18:48.848634,SUCCESS,,1,0,0,False
TXN008832,CUST0419,MERCHANT009,12123.02,UPI,2026-08-18 16:37:13.848634,SUCCESS,,1,6,0,False
TXN008833,CUST1049,MERCHANT010,8420.36,UPI,2026-08-24 08:12:19.848634,SUCCESS,,1,16,2,False
TXN008834,CUST0412,MERCHANT001,35043.34,WALLET,2026-08-19 03:05:39.848634,SUCCESS,,1,2,3,False
TXN008835,CUST1065,MERCHANT004,24087.77,CARD,2026-08-21 15:21:03.848634,SUCCESS,,1,4,4,False
TXN008836,CUST0624,MERCHANT008,38223.23,CARD,2026-08-21 09:20:56.848634,SUCCESS,,1,9,3,False
TXN008837,CUST1010,MERCHANT009,2700.31,NETBANKING,2026-08-21 06:50:24.848634,SUCCESS,,1,10,0,False
TXN008838,CUST0588,MERCHANT002,5179.07,NETBANKING,2026-08-18 18:37:35.848634,FAILED,Timeout,3,12,3,False
TXN008839,CUST1816,MERCHANT007,2234.27,UPI,2026-08-23 13:49:06.848634,SUCCESS,,1,8,1,False
TXN008840,CUST1224,MERCHANT002,32795.01,CARD,2026-08-19 20:40:07.848634,SUCCESS,,1,8,1,False
TXN008841,CUST0565,MERCHANT010,21974.22,UPI,2026-08-24 14:40:27.848634,SUCCESS,,1,3,4,False
TXN008842,CUST1997,MERCHANT006,11190.46,UPI,2026-08-19 13:17:18.848634,SUCCESS,,1,11,4,False
TXN008843,CUST0737,MERCHANT002,28782.17,UPI,2026-08-19 09:47:34.848634,SUCCESS,,1,1,3,False
TXN008844,CUST1043,MERCHANT007,45296.61,UPI,2026-08-22 07:19:45.848634,SUCCESS,,1,16,5,False
TXN008845,CUST1872,MERCHANT007,26185.69,WALLET,2026-08-23 13:20:17.848634,SUCCESS,,1,4,4,False
TXN008846,CUST0920,MERCHANT010,30947.84,WALLET,2026-08-24 22:21:54.848634,SUCCESS,,1,12,1,False
TXN008847,CUST1669,MERCHANT005,11939.66,NETBANKING,2026-08-22 18:01:26.848634,SUCCESS,,1,17,1,False
TXN008848,CUST1790,MERCHANT001,49628.47,WALLET,2026-08-21 17:23:52.848634,SUCCESS,,1,9,0,False
TXN008849,CUST1870,MERCHANT007,24394.21,WALLET,2026-08-23 18:06:26.848634,SUCCESS,,1,20,1,False
TXN008850,CUST1060,MERCHANT010,43208.54,CARD,2026-08-21 05:49:45.848634,SUCCESS,,1,11,3,False
TXN008851,CUST0656,MERCHANT003,42422.35,UPI,2026-08-20 11:03:58.848634,FAILED,Timeout,1,20,2,True
TXN008852,CUST0909,MERCHANT007,17608.13,UPI,2026-08-21 03:12:52.848634,SUCCESS,,1,9,4,False
TXN008853,CUST1931,MERCHANT003,37567.18,UPI,2026-08-20 06:06:04.848634,SUCCESS,,1,0,3,False
TXN008854,CUST0915,MERCHANT010,32485.39,CARD,2026-08-24 07:07:31.848634,SUCCESS,,1,1,4,False
TXN008855,CUST0878,MERCHANT003,17059.96,WALLET,2026-08-21 16:25:39.848634,SUCCESS,,1,17,3,False
TXN008856,CUST1542,MERCHANT003,31449.74,UPI,2026-08-18 23:25:44.848634,SUCCESS,,1,0,5,False
TXN008857,CUST1019,MERCHANT005,587.27,NETBANKING,2026-08-18 08:12:40.848634,SUCCESS,,1,16,0,False
TXN008858,CUST1461,MERCHANT001,32293.04,CARD,2026-08-19 05:01:20.848634,SUCCESS,,1,3,3,False
TXN008859,CUST0762,MERCHANT001,29749.14,NETBANKING,2026-08-18 19:40:47.848634,SUCCESS,,1,5,5,False
TXN008860,CUST1793,MERCHANT008,6201.36,CARD,2026-08-21 07:29:58.848634,SUCCESS,,1,18,3,False
TXN008861,CUST1155,MERCHANT006,35414.17,CARD,2026-08-22 14:07:55.848634,SUCCESS,,1,9,3,False
TXN008862,CUST1994,MERCHANT004,14781.46,UPI,2026-08-24 18:12:37.848634,SUCCESS,,1,6,0,False
TXN008863,CUST1300,MERCHANT002,42593.13,UPI,2026-08-22 05:04:32.848634,SUCCESS,,1,1,2,False
TXN008864,CUST1165,MERCHANT001,14815.23,UPI,2026-08-24 20:57:44.848634,FAILED,Bank Declined,3,17,5,False
TXN008865,CUST1874,MERCHANT004,8695.49,WALLET,2026-08-20 17:45:56.848634,SUCCESS,,1,3,3,False
TXN008866,CUST0646,MERCHANT005,30481.42,WALLET,2026-08-19 02:36:12.848634,SUCCESS,,1,10,5,False
TXN008867,CUST0378,MERCHANT005,24048.67,CARD,2026-08-24 09:39:40.848634,SUCCESS,,1,11,3,False
TXN008868,CUST0256,MERCHANT008,6228.97,UPI,2026-08-22 17:45:33.848634,SUCCESS,,1,15,3,False
TXN008869,CUST1753,MERCHANT009,5712.28,CARD,2026-08-20 20:13:31.848634,SUCCESS,,1,19,4,False
TXN008870,CUST0290,MERCHANT005,3986.43,UPI,2026-08-21 19:35:35.848634,SUCCESS,,1,6,3,False
TXN008871,CUST0809,MERCHANT010,25792.16,CARD,2026-08-21 11:10:27.848634,SUCCESS,,1,2,1,False
TXN008872,CUST0618,MERCHANT002,36512.36,WALLET,2026-08-24 07:50:34.848634,FAILED,Bank Declined,2,13,5,True
TXN008873,CUST1598,MERCHANT006,36239.0,NETBANKING,2026-08-20 08:30:45.848634,SUCCESS,,1,0,0,False
TXN008874,CUST0268,MERCHANT002,49825.33,UPI,2026-08-21 11:33:49.848634,SUCCESS,,1,2,2,False
TXN008875,CUST0567,MERCHANT004,3691.15,UPI,2026-08-23 01:05:49.848634,SUCCESS,,1,3,2,False
TXN008876,CUST1507,MERCHANT009,31590.12,UPI,2026-08-21 16:41:50.848634,SUCCESS,,1,18,0,False
TXN008877,CUST1075,MERCHANT010,6709.97,NETBANKING,2026-08-20 22:26:56.848634,SUCCESS,,1,17,2,False
TXN008878,CUST1782,MERCHANT002,15074.93,NETBANKING,2026-08-19 23:11:05.848634,SUCCESS,,1,5,4,False
TXN008879,CUST1616,MERCHANT003,12099.95,CARD,2026-08-18 11:46:37.848634,SUCCESS,,1,13,5,False
TXN008880,CUST1040,MERCHANT003,4848.05,NETBANKING,2026-08-23 18:45:48.848634,SUCCESS,,1,7,0,False
TXN008881,CUST0014,MERCHANT010,43844.41,NETBANKING,2026-08-18 19:46:55.848634,SUCCESS,,1,0,1,False
TXN008882,CUST0732,MERCHANT010,48160.83,UPI,2026-08-22 09:20:45.848634,SUCCESS,,1,17,3,False
TXN008883,CUST0287,MERCHANT007,19689.61,CARD,2026-08-22 08:00:21.848634,SUCCESS,,1,16,1,False
TXN008884,CUST1464,MERCHANT001,35477.44,NETBANKING,2026-08-21 14:46:57.848634,SUCCESS,,1,1,5,False
TXN008885,CUST1539,MERCHANT010,7021.55,CARD,2026-08-23 05:17:36.848634,SUCCESS,,1,14,0,False
TXN008886,CUST0117,MERCHANT008,36170.82,NETBANKING,2026-08-19 23:07:45.848634,SUCCESS,,1,20,0,False
TXN008887,CUST1845,MERCHANT001,26803.05,CARD,2026-08-23 15:57:30.848634,SUCCESS,,1,12,0,False
TXN008888,CUST1602,MERCHANT001,7580.43,UPI,2026-08-22 12:46:55.848634,SUCCESS,,1,7,1,False
TXN008889,CUST1323,MERCHANT009,7297.25,UPI,2026-08-21 20:31:55.848634,SUCCESS,,1,19,5,False
TXN008890,CUST1470,MERCHANT008,33280.84,CARD,2026-08-22 21:54:14.848634,SUCCESS,,1,8,2,False
TXN008891,CUST1945,MERCHANT009,36839.2,UPI,2026-08-24 02:32:17.848634,SUCCESS,,1,15,1,False
TXN008892,CUST0487,MERCHANT006,19779.8,UPI,2026-08-22 02:09:12.848634,FAILED,Insufficient Funds,2,1,3,True
TXN008893,CUST0755,MERCHANT010,26050.24,NETBANKING,2026-08-18 21:00:31.848634,SUCCESS,,1,1,5,False
TXN008894,CUST1148,MERCHANT008,11731.41,NETBANKING,2026-08-24 03:30:24.848634,SUCCESS,,1,12,1,False
TXN008895,CUST1080,MERCHANT003,19100.15,NETBANKING,2026-08-18 08:42:22.848634,SUCCESS,,1,14,5,False
TXN008896,CUST1024,MERCHANT005,33326.29,NETBANKING,2026-08-25 00:02:39.848634,SUCCESS,,1,15,3,False
TXN008897,CUST0577,MERCHANT006,23345.74,WALLET,2026-08-21 12:33:32.848634,SUCCESS,,1,4,1,False
TXN008898,CUST1914,MERCHANT009,31080.82,WALLET,2026-08-20 18:58:36.848634,SUCCESS,,1,7,2,False
TXN008899,CUST0858,MERCHANT008,1653.22,UPI,2026-08-22 03:44:52.848634,SUCCESS,,1,6,1,False
TXN008900,CUST1221,MERCHANT006,25015.3,UPI,2026-08-18 13:29:18.848634,SUCCESS,,1,8,4,False
TXN008901,CUST0104,MERCHANT005,28271.49,NETBANKING,2026-08-18 07:10:31.848634,SUCCESS,,1,0,3,False
TXN008902,CUST1570,MERCHANT005,40896.2,NETBANKING,2026-08-24 06:36:34.848634,SUCCESS,,1,5,3,False
TXN008903,CUST1545,MERCHANT010,8297.34,WALLET,2026-08-20 15:32:41.848634,SUCCESS,,1,20,5,False
TXN008904,CUST1993,MERCHANT004,24533.03,CARD,2026-08-22 16:13:03.848634,SUCCESS,,1,10,2,False
TXN008905,CUST1574,MERCHANT009,28573.05,CARD,2026-08-24 10:08:34.848634,FAILED,Technical Error,3,1,3,False
TXN008906,CUST0043,MERCHANT008,28203.51,UPI,2026-08-22 12:29:10.848634,SUCCESS,,1,15,0,False
TXN008907,CUST0738,MERCHANT008,12877.49,WALLET,2026-08-24 00:01:02.848634,SUCCESS,,1,1,4,False
TXN008908,CUST1867,MERCHANT008,1630.34,UPI,2026-08-21 13:23:05.848634,SUCCESS,,1,17,5,False
TXN008909,CUST0071,MERCHANT009,11464.63,UPI,2026-08-21 14:37:25.848634,SUCCESS,,1,14,3,False
TXN008910,CUST0376,MERCHANT004,22180.37,WALLET,2026-08-18 05:17:10.848634,SUCCESS,,1,19,1,False
TXN008911,CUST0922,MERCHANT003,23981.72,NETBANKING,2026-08-23 07:55:28.848634,SUCCESS,,1,11,0,False
TXN008912,CUST0893,MERCHANT008,22800.12,CARD,2026-08-21 06:09:11.848634,SUCCESS,,1,13,4,False
TXN008913,CUST1580,MERCHANT002,18295.55,WALLET,2026-08-24 18:06:30.848634,SUCCESS,,1,8,3,False
TXN008914,CUST0032,MERCHANT007,46576.28,WALLET,2026-08-22 00:17:24.848634,SUCCESS,,1,13,1,False
TXN008915,CUST0527,MERCHANT001,48193.99,CARD,2026-08-23 00:10:41.848634,SUCCESS,,1,5,5,False
TXN008916,CUST1541,MERCHANT009,41757.96,UPI,2026-08-24 01:07:46.848634,SUCCESS,,1,9,5,False
TXN008917,CUST0458,MERCHANT004,36654.32,UPI,2026-08-23 15:10:08.848634,SUCCESS,,1,9,5,False
TXN008918,CUST0307,MERCHANT003,4643.23,UPI,2026-08-23 04:25:14.848634,SUCCESS,,1,8,3,False
TXN008919,CUST0657,MERCHANT005,25360.66,UPI,2026-08-19 23:58:12.848634,SUCCESS,,1,12,2,False
TXN008920,CUST0200,MERCHANT007,1130.05,CARD,2026-08-21 15:07:59.848634,SUCCESS,,1,8,5,False
TXN008921,CUST0295,MERCHANT002,40739.5,CARD,2026-08-24 21:33:38.848634,SUCCESS,,1,5,1,False
TXN008922,CUST1929,MERCHANT001,10192.65,UPI,2026-08-24 12:11:25.848634,SUCCESS,,1,4,3,False
TXN008923,CUST0761,MERCHANT008,5204.37,UPI,2026-08-24 10:32:17.848634,SUCCESS,,1,16,5,False
TXN008924,CUST1168,MERCHANT005,12076.71,WALLET,2026-08-24 14:53:17.848634,SUCCESS,,1,17,0,False
TXN008925,CUST0761,MERCHANT004,43498.49,UPI,2026-08-19 15:55:29.848634,SUCCESS,,1,12,0,False
TXN008926,CUST1330,MERCHANT007,4701.76,WALLET,2026-08-23 10:13:42.848634,SUCCESS,,1,2,3,False
TXN008927,CUST0107,MERCHANT008,27331.56,UPI,2026-08-23 00:25:47.848634,SUCCESS,,1,16,3,False
TXN008928,CUST1551,MERCHANT004,32795.29,NETBANKING,2026-08-25 00:28:47.848634,SUCCESS,,1,10,0,False
TXN008929,CUST0830,MERCHANT006,5245.27,CARD,2026-08-18 19:23:12.848634,SUCCESS,,1,3,4,False
TXN008930,CUST0265,MERCHANT004,30924.08,UPI,2026-08-19 08:25:17.848634,SUCCESS,,1,3,4,False
TXN008931,CUST1817,MERCHANT010,12724.54,WALLET,2026-08-19 03:23:32.848634,SUCCESS,,1,7,0,False
TXN008932,CUST1691,MERCHANT002,44021.34,WALLET,2026-08-24 06:49:11.848634,SUCCESS,,1,12,0,False
TXN008933,CUST1253,MERCHANT009,27891.91,CARD,2026-08-24 03:10:28.848634,SUCCESS,,1,10,1,False
TXN008934,CUST1039,MERCHANT007,44780.14,WALLET,2026-08-21 11:53:24.848634,SUCCESS,,1,14,1,False
TXN008935,CUST1788,MERCHANT007,34909.65,UPI,2026-08-24 20:07:53.848634,SUCCESS,,1,20,3,False
TXN008936,CUST1851,MERCHANT002,27848.55,CARD,2026-08-18 19:01:29.848634,SUCCESS,,1,7,5,False
TXN008937,CUST0148,MERCHANT003,38947.47,CARD,2026-08-24 15:07:17.848634,SUCCESS,,1,13,2,False
TXN008938,CUST1687,MERCHANT003,27635.01,WALLET,2026-08-18 07:11:23.848634,SUCCESS,,1,18,4,False
TXN008939,CUST1206,MERCHANT005,24495.82,CARD,2026-08-24 22:10:40.848634,SUCCESS,,1,16,3,False
TXN008940,CUST0177,MERCHANT001,48041.27,NETBANKING,2026-08-21 05:21:00.848634,FAILED,Network Error,1,19,0,True
TXN008941,CUST0322,MERCHANT003,40722.64,WALLET,2026-08-23 23:57:55.848634,SUCCESS,,1,2,5,False
TXN008942,CUST1164,MERCHANT008,22302.53,WALLET,2026-08-22 11:23:38.848634,SUCCESS,,1,12,0,False
TXN008943,CUST0973,MERCHANT007,19151.82,WALLET,2026-08-24 10:17:21.848634,SUCCESS,,1,12,0,False
TXN008944,CUST1543,MERCHANT003,23868.41,NETBANKING,2026-08-24 12:31:33.848634,SUCCESS,,1,6,4,False
TXN008945,CUST1213,MERCHANT008,36577.06,CARD,2026-08-18 04:03:48.848634,SUCCESS,,1,5,3,False
TXN008946,CUST1726,MERCHANT009,12369.71,WALLET,2026-08-19 13:00:14.848634,SUCCESS,,1,15,4,False
TXN008947,CUST0729,MERCHANT001,27578.82,WALLET,2026-08-22 11:56:53.848634,SUCCESS,,1,9,2,False
TXN008948,CUST1624,MERCHANT002,39184.84,NETBANKING,2026-08-19 10:24:38.848634,SUCCESS,,1,6,1,False
TXN008949,CUST1535,MERCHANT003,23282.68,CARD,2026-08-24 13:57:52.848634,SUCCESS,,1,20,2,False
TXN008950,CUST0559,MERCHANT004,10476.79,UPI,2026-08-24 18:50:11.848634,SUCCESS,,1,2,4,False
TXN008951,CUST1557,MERCHANT009,1693.43,WALLET,2026-08-24 13:27:19.848634,SUCCESS,,1,16,5,False
TXN008952,CUST1573,MERCHANT006,8074.47,CARD,2026-08-21 08:04:20.848634,SUCCESS,,1,12,2,False
TXN008953,CUST1940,MERCHANT009,21202.12,NETBANKING,2026-08-20 01:54:00.848634,SUCCESS,,1,1,1,False
TXN008954,CUST1249,MERCHANT005,1621.65,WALLET,2026-08-24 05:39:58.848634,SUCCESS,,1,12,3,False
TXN008955,CUST1625,MERCHANT003,4813.06,NETBANKING,2026-08-24 19:07:02.848634,FAILED,Insufficient Funds,3,3,1,False
TXN008956,CUST0883,MERCHANT007,10477.72,CARD,2026-08-20 17:16:29.848634,SUCCESS,,1,19,2,False
TXN008957,CUST0378,MERCHANT010,14399.58,NETBANKING,2026-08-19 01:58:45.848634,SUCCESS,,1,17,0,False
TXN008958,CUST1341,MERCHANT004,10058.84,CARD,2026-08-21 06:02:18.848634,SUCCESS,,1,8,1,False
TXN008959,CUST1674,MERCHANT006,37262.56,WALLET,2026-08-18 16:47:24.848634,SUCCESS,,1,17,5,False
TXN008960,CUST1851,MERCHANT004,47965.84,CARD,2026-08-23 11:11:42.848634,SUCCESS,,1,18,5,False
TXN008961,CUST1722,MERCHANT008,35914.64,UPI,2026-08-23 08:45:08.848634,SUCCESS,,1,18,1,False
TXN008962,CUST1223,MERCHANT005,1720.68,NETBANKING,2026-08-20 11:43:27.848634,SUCCESS,,1,7,1,False
TXN008963,CUST0791,MERCHANT005,41038.82,WALLET,2026-08-23 16:03:40.848634,SUCCESS,,1,2,3,False
TXN008964,CUST0285,MERCHANT005,14063.59,WALLET,2026-08-24 19:03:06.848634,SUCCESS,,1,0,4,False
TXN008965,CUST0651,MERCHANT008,35376.49,UPI,2026-08-21 16:27:11.848634,SUCCESS,,1,1,4,False
TXN008966,CUST1436,MERCHANT010,36991.58,WALLET,2026-08-21 22:21:21.848634,SUCCESS,,1,20,3,False
TXN008967,CUST0638,MERCHANT008,5263.3,WALLET,2026-08-21 00:12:36.848634,SUCCESS,,1,3,4,False
TXN008968,CUST0892,MERCHANT008,10864.75,NETBANKING,2026-08-22 21:16:44.848634,SUCCESS,,1,14,4,False
TXN008969,CUST0575,MERCHANT007,3044.91,WALLET,2026-08-20 05:54:30.848634,SUCCESS,,1,5,2,False
TXN008970,CUST1861,MERCHANT009,38636.52,CARD,2026-08-22 13:23:40.848634,FAILED,Network Error,3,5,4,False
TXN008971,CUST1419,MERCHANT006,32775.53,NETBANKING,2026-08-23 14:20:24.848634,SUCCESS,,1,7,1,False
TXN008972,CUST0006,MERCHANT005,30844.29,WALLET,2026-08-24 06:21:00.848634,SUCCESS,,1,12,3,False
TXN008973,CUST1633,MERCHANT008,37358.76,CARD,2026-08-19 17:17:57.848634,SUCCESS,,1,18,4,False
TXN008974,CUST0882,MERCHANT005,3134.2,UPI,2026-08-24 20:18:34.848634,SUCCESS,,1,10,2,False
TXN008975,CUST1270,MERCHANT008,23502.09,CARD,2026-08-24 13:48:03.848634,SUCCESS,,1,4,3,False
TXN008976,CUST0176,MERCHANT010,504.29,NETBANKING,2026-08-18 05:16:08.848634,SUCCESS,,1,10,2,False
TXN008977,CUST1507,MERCHANT007,36155.57,WALLET,2026-08-20 15:48:40.848634,SUCCESS,,1,0,5,False
TXN008978,CUST0646,MERCHANT003,9586.75,WALLET,2026-08-24 17:38:36.848634,SUCCESS,,1,20,5,False
TXN008979,CUST1069,MERCHANT010,25993.13,WALLET,2026-08-19 05:15:47.848634,SUCCESS,,1,17,5,False
TXN008980,CUST0173,MERCHANT008,23050.21,CARD,2026-08-21 17:49:17.848634,SUCCESS,,1,17,5,False
TXN008981,CUST1019,MERCHANT006,43265.62,WALLET,2026-08-18 17:36:02.848634,SUCCESS,,1,14,0,False
TXN008982,CUST1696,MERCHANT010,35100.74,NETBANKING,2026-08-18 10:36:46.848634,SUCCESS,,1,16,4,False
TXN008983,CUST1758,MERCHANT001,19982.16,WALLET,2026-08-20 12:27:04.848634,SUCCESS,,1,11,4,False
TXN008984,CUST1293,MERCHANT008,19322.5,CARD,2026-08-24 09:43:13.848634,SUCCESS,,1,15,2,False
TXN008985,CUST0806,MERCHANT009,48985.05,NETBANKING,2026-08-23 22:46:05.848634,SUCCESS,,1,14,1,False
TXN008986,CUST1398,MERCHANT001,41617.96,NETBANKING,2026-08-24 18:26:14.848634,SUCCESS,,1,16,5,False
TXN008987,CUST1439,MERCHANT010,23431.33,CARD,2026-08-19 06:28:00.848634,SUCCESS,,1,3,1,False
TXN008988,CUST0845,MERCHANT010,17476.48,NETBANKING,2026-08-21 10:10:00.848634,SUCCESS,,1,6,0,False
TXN008989,CUST1320,MERCHANT003,13147.75,UPI,2026-08-20 13:12:47.848634,SUCCESS,,1,8,3,False
TXN008990,CUST0204,MERCHANT003,47401.16,UPI,2026-08-18 12:23:02.848634,SUCCESS,,1,12,2,False
TXN008991,CUST1888,MERCHANT003,49634.18,UPI,2026-08-22 17:43:49.848634,FAILED,Bank Declined,2,11,3,True
TXN008992,CUST1650,MERCHANT005,1031.2,NETBANKING,2026-08-25 00:39:30.848634,SUCCESS,,1,12,5,False
TXN008993,CUST0343,MERCHANT005,13392.69,WALLET,2026-08-19 16:22:57.848634,SUCCESS,,1,3,1,False
TXN008994,CUST1538,MERCHANT004,15704.21,UPI,2026-08-18 23:37:53.848634,SUCCESS,,1,9,3,False
TXN008995,CUST1739,MERCHANT001,32099.84,NETBANKING,2026-08-21 08:14:11.848634,SUCCESS,,1,0,5,False
TXN008996,CUST0913,MERCHANT009,902.47,NETBANKING,2026-08-18 04:28:45.848634,SUCCESS,,1,5,3,False
TXN008997,CUST0480,MERCHANT006,14243.02,NETBANKING,2026-08-24 19:16:24.848634,SUCCESS,,1,14,4,False
TXN008998,CUST0036,MERCHANT001,27579.21,NETBANKING,2026-08-23 05:52:26.848634,SUCCESS,,1,0,5,False
TXN008999,CUST0625,MERCHANT004,1355.19,WALLET,2026-08-18 13:30:39.848634,SUCCESS,,1,13,4,False
TXN009000,CUST0225,MERCHANT009,15603.25,NETBANKING,2026-08-19 21:45:52.848634,SUCCESS,,1,7,4,False
TXN009001,CUST0942,MERCHANT005,48336.67,UPI,2026-08-19 08:32:48.848634,SUCCESS,,1,7,1,False
TXN009002,CUST1508,MERCHANT005,15434.45,WALLET,2026-08-18 23:46:22.848634,SUCCESS,,1,8,4,False
TXN009003,CUST0003,MERCHANT006,37536.5,CARD,2026-08-24 07:40:19.848634,SUCCESS,,1,3,0,False
TXN009004,CUST0564,MERCHANT006,34977.36,WALLET,2026-08-23 08:05:45.848634,SUCCESS,,1,4,2,False
TXN009005,CUST0071,MERCHANT007,12510.39,NETBANKING,2026-08-25 01:56:33.848634,SUCCESS,,1,8,5,False
TXN009006,CUST0063,MERCHANT005,31939.85,UPI,2026-08-19 13:56:10.848634,SUCCESS,,1,16,0,False
TXN009007,CUST0423,MERCHANT010,43744.55,UPI,2026-08-22 02:12:28.848634,SUCCESS,,1,4,5,False
TXN009008,CUST0132,MERCHANT010,26691.38,CARD,2026-08-18 18:34:11.848634,SUCCESS,,1,5,1,False
TXN009009,CUST1414,MERCHANT004,18045.11,NETBANKING,2026-08-21 21:01:27.848634,SUCCESS,,1,20,2,False
TXN009010,CUST1919,MERCHANT005,16186.55,UPI,2026-08-23 00:35:03.848634,SUCCESS,,1,6,5,False
TXN009011,CUST0354,MERCHANT007,38142.31,UPI,2026-08-22 06:02:30.848634,SUCCESS,,1,7,5,False
TXN009012,CUST0372,MERCHANT010,43774.39,WALLET,2026-08-21 21:45:59.848634,SUCCESS,,1,11,4,False
TXN009013,CUST0511,MERCHANT009,8300.26,NETBANKING,2026-08-20 19:12:04.848634,SUCCESS,,1,11,3,False
TXN009014,CUST0411,MERCHANT004,4930.77,UPI,2026-08-19 06:34:43.848634,SUCCESS,,1,11,2,False
TXN009015,CUST1441,MERCHANT005,15980.01,NETBANKING,2026-08-22 15:26:31.848634,SUCCESS,,1,14,5,False
TXN009016,CUST1997,MERCHANT008,20400.8,UPI,2026-08-22 13:54:04.848634,SUCCESS,,1,16,3,False
TXN009017,CUST1899,MERCHANT001,18526.22,NETBANKING,2026-08-24 00:53:50.848634,SUCCESS,,1,16,2,False
TXN009018,CUST1373,MERCHANT009,46813.1,WALLET,2026-08-24 03:20:44.848634,SUCCESS,,1,11,0,False
TXN009019,CUST1789,MERCHANT006,18237.34,UPI,2026-08-23 00:06:17.848634,SUCCESS,,1,3,3,False
TXN009020,CUST1847,MERCHANT003,14454.16,UPI,2026-08-25 00:27:37.848634,FAILED,Technical Error,3,19,5,False
TXN009021,CUST0997,MERCHANT009,22620.07,CARD,2026-08-22 12:21:59.848634,SUCCESS,,1,15,1,False
TXN009022,CUST0508,MERCHANT009,27841.29,CARD,2026-08-20 12:06:53.848634,FAILED,Network Error,3,4,0,False
TXN009023,CUST0252,MERCHANT007,13679.1,CARD,2026-08-18 23:08:36.848634,SUCCESS,,1,10,2,False
TXN009024,CUST0322,MERCHANT005,34329.58,UPI,2026-08-22 16:01:11.848634,SUCCESS,,1,13,5,False
TXN009025,CUST1137,MERCHANT009,15088.57,WALLET,2026-08-19 23:12:28.848634,SUCCESS,,1,12,1,False
TXN009026,CUST1622,MERCHANT009,17924.85,UPI,2026-08-20 20:57:24.848634,SUCCESS,,1,2,2,False
TXN009027,CUST0184,MERCHANT007,14688.58,NETBANKING,2026-08-24 12:17:36.848634,SUCCESS,,1,1,2,False
TXN009028,CUST0356,MERCHANT003,38283.06,CARD,2026-08-20 21:21:01.848634,SUCCESS,,1,14,4,False
TXN009029,CUST0071,MERCHANT008,14229.45,CARD,2026-08-19 20:30:40.848634,SUCCESS,,1,11,1,False
TXN009030,CUST0031,MERCHANT003,18837.32,CARD,2026-08-22 23:38:34.848634,SUCCESS,,1,2,3,False
TXN009031,CUST0583,MERCHANT010,32283.35,NETBANKING,2026-08-19 14:38:41.848634,SUCCESS,,1,16,3,False
TXN009032,CUST1760,MERCHANT009,41272.08,NETBANKING,2026-08-22 20:38:50.848634,SUCCESS,,1,7,2,False
TXN009033,CUST0847,MERCHANT010,46676.68,NETBANKING,2026-08-18 08:57:28.848634,SUCCESS,,1,18,4,False
TXN009034,CUST0672,MERCHANT001,27733.53,NETBANKING,2026-08-19 19:32:48.848634,SUCCESS,,1,15,1,False
TXN009035,CUST1134,MERCHANT003,8931.01,CARD,2026-08-18 12:33:16.848634,SUCCESS,,1,12,3,False
TXN009036,CUST1772,MERCHANT007,15243.65,UPI,2026-08-18 19:38:59.848634,SUCCESS,,1,19,5,False
TXN009037,CUST0716,MERCHANT009,37928.98,NETBANKING,2026-08-19 23:52:49.848634,SUCCESS,,1,2,3,False
TXN009038,CUST0815,MERCHANT002,15347.16,WALLET,2026-08-22 00:45:58.848634,SUCCESS,,1,10,3,False
TXN009039,CUST0643,MERCHANT003,26714.29,NETBANKING,2026-08-23 15:06:35.848634,SUCCESS,,1,1,3,False
TXN009040,CUST0695,MERCHANT008,12674.7,NETBANKING,2026-08-19 03:50:22.848634,SUCCESS,,1,15,1,False
TXN009041,CUST1082,MERCHANT002,15940.43,CARD,2026-08-22 07:53:54.848634,SUCCESS,,1,17,0,False
TXN009042,CUST1514,MERCHANT009,43381.28,UPI,2026-08-22 07:30:35.848634,SUCCESS,,1,4,1,False
TXN009043,CUST1472,MERCHANT001,22415.79,UPI,2026-08-20 00:43:12.848634,SUCCESS,,1,14,0,False
TXN009044,CUST1627,MERCHANT007,22289.87,CARD,2026-08-25 01:54:07.848634,SUCCESS,,1,11,0,False
TXN009045,CUST1326,MERCHANT009,14363.57,WALLET,2026-08-24 04:29:38.848634,SUCCESS,,1,18,2,False
TXN009046,CUST1534,MERCHANT010,19942.23,CARD,2026-08-23 20:03:45.848634,FAILED,Timeout,3,1,4,False
TXN009047,CUST1150,MERCHANT005,42336.79,NETBANKING,2026-08-20 11:54:39.848634,SUCCESS,,1,7,1,False
TXN009048,CUST1312,MERCHANT001,14687.02,CARD,2026-08-21 23:25:25.848634,SUCCESS,,1,16,2,False
TXN009049,CUST1873,MERCHANT002,25724.55,NETBANKING,2026-08-18 04:26:00.848634,SUCCESS,,1,13,3,False
TXN009050,CUST0249,MERCHANT006,18849.6,NETBANKING,2026-08-22 22:53:09.848634,SUCCESS,,1,20,3,False
TXN009051,CUST0234,MERCHANT001,28013.1,UPI,2026-08-21 01:24:40.848634,SUCCESS,,1,5,4,False
TXN009052,CUST1595,MERCHANT010,25340.1,WALLET,2026-08-21 12:14:11.848634,SUCCESS,,1,2,3,False
TXN009053,CUST0744,MERCHANT007,38075.18,CARD,2026-08-20 17:02:02.848634,SUCCESS,,1,6,0,False
TXN009054,CUST0671,MERCHANT006,4393.26,NETBANKING,2026-08-23 18:21:39.848634,SUCCESS,,1,15,5,False
TXN009055,CUST0080,MERCHANT004,35374.23,NETBANKING,2026-08-23 15:32:19.848634,SUCCESS,,1,17,5,False
TXN009056,CUST1329,MERCHANT009,10949.51,WALLET,2026-08-19 21:26:08.848634,SUCCESS,,1,15,4,False
TXN009057,CUST1703,MERCHANT002,12211.85,UPI,2026-08-24 12:26:21.848634,SUCCESS,,1,8,5,False
TXN009058,CUST1892,MERCHANT007,6948.54,CARD,2026-08-23 16:48:50.848634,SUCCESS,,1,12,5,False
TXN009059,CUST0712,MERCHANT008,27113.21,CARD,2026-08-18 18:58:33.848634,SUCCESS,,1,13,5,False
TXN009060,CUST0027,MERCHANT007,11135.9,UPI,2026-08-23 12:38:00.848634,SUCCESS,,1,13,1,False
TXN009061,CUST0608,MERCHANT006,49083.41,CARD,2026-08-23 18:48:42.848634,SUCCESS,,1,5,3,False
TXN009062,CUST0136,MERCHANT009,3744.29,NETBANKING,2026-08-25 02:06:53.848634,SUCCESS,,1,5,4,False
TXN009063,CUST0694,MERCHANT005,15664.75,NETBANKING,2026-08-19 17:32:55.848634,SUCCESS,,1,16,0,False
TXN009064,CUST1843,MERCHANT004,10547.05,WALLET,2026-08-19 11:14:26.848634,FAILED,Timeout,3,4,1,False
TXN009065,CUST1346,MERCHANT003,12071.78,CARD,2026-08-19 01:12:59.848634,SUCCESS,,1,3,1,False
TXN009066,CUST0642,MERCHANT001,24281.44,NETBANKING,2026-08-20 04:31:24.848634,SUCCESS,,1,0,0,False
TXN009067,CUST1245,MERCHANT005,1849.71,NETBANKING,2026-08-22 00:51:06.848634,SUCCESS,,1,6,3,False
TXN009068,CUST0826,MERCHANT004,18425.31,CARD,2026-08-19 13:01:14.848634,SUCCESS,,1,0,3,False
TXN009069,CUST1023,MERCHANT002,10289.48,WALLET,2026-08-22 07:23:37.848634,SUCCESS,,1,13,4,False
TXN009070,CUST1203,MERCHANT002,1664.66,CARD,2026-08-21 13:34:42.848634,SUCCESS,,1,19,5,False
TXN009071,CUST1312,MERCHANT001,32938.9,NETBANKING,2026-08-23 03:27:07.848634,SUCCESS,,1,2,1,False
TXN009072,CUST1784,MERCHANT003,22475.18,NETBANKING,2026-08-19 09:05:15.848634,SUCCESS,,1,15,4,False
TXN009073,CUST1460,MERCHANT005,10561.55,NETBANKING,2026-08-22 22:43:37.848634,SUCCESS,,1,10,4,False
TXN009074,CUST0940,MERCHANT003,3733.8,WALLET,2026-08-21 19:22:45.848634,SUCCESS,,1,1,4,False
TXN009075,CUST1835,MERCHANT001,15444.05,NETBANKING,2026-08-20 10:06:25.848634,SUCCESS,,1,7,3,False
TXN009076,CUST0514,MERCHANT007,10502.51,CARD,2026-08-22 17:41:40.848634,SUCCESS,,1,1,4,False
TXN009077,CUST0563,MERCHANT002,34654.06,WALLET,2026-08-21 08:02:53.848634,SUCCESS,,1,8,1,False
TXN009078,CUST1252,MERCHANT004,19032.28,NETBANKING,2026-08-22 13:56:04.848634,SUCCESS,,1,12,0,False
TXN009079,CUST1254,MERCHANT006,11268.58,UPI,2026-08-18 19:07:28.848634,SUCCESS,,1,2,0,False
TXN009080,CUST0880,MERCHANT007,45231.34,WALLET,2026-08-22 12:54:01.848634,SUCCESS,,1,8,3,False
TXN009081,CUST0183,MERCHANT008,1615.09,WALLET,2026-08-20 16:32:11.848634,SUCCESS,,1,4,0,False
TXN009082,CUST1559,MERCHANT002,25028.32,UPI,2026-08-21 08:42:32.848634,FAILED,Network Error,2,15,2,True
TXN009083,CUST0461,MERCHANT009,43706.7,UPI,2026-08-22 13:12:04.848634,SUCCESS,,1,18,5,False
TXN009084,CUST1891,MERCHANT005,42323.19,UPI,2026-08-21 22:16:19.848634,SUCCESS,,1,8,0,False
TXN009085,CUST1330,MERCHANT007,9969.43,NETBANKING,2026-08-20 20:29:53.848634,SUCCESS,,1,16,2,False
TXN009086,CUST0055,MERCHANT002,48043.74,UPI,2026-08-20 23:19:12.848634,SUCCESS,,1,15,4,False
TXN009087,CUST1220,MERCHANT004,24514.06,UPI,2026-08-21 09:23:21.848634,SUCCESS,,1,9,1,False
TXN009088,CUST0594,MERCHANT003,13417.61,UPI,2026-08-24 21:48:55.848634,SUCCESS,,1,13,3,False
TXN009089,CUST0552,MERCHANT002,23344.18,UPI,2026-08-20 00:28:52.848634,SUCCESS,,1,15,3,False
TXN009090,CUST0526,MERCHANT006,2271.65,NETBANKING,2026-08-19 15:22:11.848634,SUCCESS,,1,1,2,False
TXN009091,CUST1991,MERCHANT008,28355.41,NETBANKING,2026-08-22 08:02:20.848634,SUCCESS,,1,13,1,False
TXN009092,CUST1795,MERCHANT006,1773.28,CARD,2026-08-21 09:57:50.848634,SUCCESS,,1,15,3,False
TXN009093,CUST1327,MERCHANT009,39522.36,UPI,2026-08-20 01:52:29.848634,SUCCESS,,1,0,3,False
TXN009094,CUST0863,MERCHANT002,48712.03,NETBANKING,2026-08-21 04:38:45.848634,SUCCESS,,1,10,2,False
TXN009095,CUST0935,MERCHANT010,19135.81,UPI,2026-08-23 08:10:23.848634,SUCCESS,,1,9,0,False
TXN009096,CUST1145,MERCHANT004,8963.3,WALLET,2026-08-19 18:21:08.848634,FAILED,Network Error,1,8,4,True
TXN009097,CUST0279,MERCHANT009,45205.1,UPI,2026-08-21 06:17:52.848634,SUCCESS,,1,1,4,False
TXN009098,CUST0700,MERCHANT003,24740.31,CARD,2026-08-19 11:03:08.848634,SUCCESS,,1,2,2,False
TXN009099,CUST0648,MERCHANT001,46652.48,WALLET,2026-08-23 16:14:00.848634,SUCCESS,,1,0,5,False
TXN009100,CUST1174,MERCHANT007,33646.02,UPI,2026-08-21 06:24:46.848634,SUCCESS,,1,9,5,False
TXN009101,CUST0178,MERCHANT009,14284.98,UPI,2026-08-20 12:44:40.848634,SUCCESS,,1,5,1,False
TXN009102,CUST0688,MERCHANT002,25672.97,WALLET,2026-08-19 18:29:59.848634,SUCCESS,,1,0,2,False
TXN009103,CUST0615,MERCHANT007,30289.12,UPI,2026-08-24 09:55:26.848634,SUCCESS,,1,11,1,False
TXN009104,CUST0285,MERCHANT008,20906.79,NETBANKING,2026-08-20 04:01:46.848634,SUCCESS,,1,18,3,False
TXN009105,CUST1655,MERCHANT008,8826.13,UPI,2026-08-23 07:12:35.848634,SUCCESS,,1,7,3,False
TXN009106,CUST1424,MERCHANT008,662.19,NETBANKING,2026-08-21 06:31:47.848634,SUCCESS,,1,12,3,False
TXN009107,CUST0397,MERCHANT010,34574.97,NETBANKING,2026-08-19 03:11:02.848634,SUCCESS,,1,14,3,False
TXN009108,CUST0121,MERCHANT002,3566.41,NETBANKING,2026-08-20 09:50:48.848634,SUCCESS,,1,0,5,False
TXN009109,CUST0164,MERCHANT007,20703.91,NETBANKING,2026-08-19 23:18:02.848634,SUCCESS,,1,20,4,False
TXN009110,CUST0776,MERCHANT010,34340.29,CARD,2026-08-20 09:16:44.848634,SUCCESS,,1,0,4,False
TXN009111,CUST1252,MERCHANT008,47190.6,CARD,2026-08-23 18:24:26.848634,SUCCESS,,1,18,1,False
TXN009112,CUST0587,MERCHANT008,49616.8,WALLET,2026-08-24 09:40:23.848634,SUCCESS,,1,5,3,False
TXN009113,CUST0054,MERCHANT005,21848.79,NETBANKING,2026-08-19 07:14:55.848634,SUCCESS,,1,6,2,False
TXN009114,CUST0169,MERCHANT009,28464.72,CARD,2026-08-18 19:38:39.848634,FAILED,Bank Declined,3,6,5,False
TXN009115,CUST0125,MERCHANT007,10788.28,WALLET,2026-08-24 23:48:41.848634,SUCCESS,,1,11,2,False
TXN009116,CUST1396,MERCHANT007,30270.64,WALLET,2026-08-19 13:20:18.848634,SUCCESS,,1,8,0,False
TXN009117,CUST1286,MERCHANT002,41109.61,CARD,2026-08-21 22:48:46.848634,SUCCESS,,1,1,1,False
TXN009118,CUST0714,MERCHANT003,13555.59,NETBANKING,2026-08-22 15:22:30.848634,SUCCESS,,1,8,4,False
TXN009119,CUST1323,MERCHANT001,47258.16,UPI,2026-08-23 20:21:23.848634,SUCCESS,,1,4,3,False
TXN009120,CUST1180,MERCHANT001,47007.92,CARD,2026-08-19 03:41:48.848634,SUCCESS,,1,5,1,False
TXN009121,CUST0499,MERCHANT009,33213.89,WALLET,2026-08-22 07:32:32.848634,SUCCESS,,1,0,3,False
TXN009122,CUST0730,MERCHANT008,42049.12,CARD,2026-08-23 16:06:46.848634,SUCCESS,,1,2,4,False
TXN009123,CUST1025,MERCHANT003,40646.03,CARD,2026-08-22 23:51:33.848634,SUCCESS,,1,11,5,False
TXN009124,CUST0791,MERCHANT006,38665.76,NETBANKING,2026-08-19 23:18:57.848634,SUCCESS,,1,15,1,False
TXN009125,CUST1778,MERCHANT010,39237.09,WALLET,2026-08-18 08:26:08.848634,SUCCESS,,1,9,5,False
TXN009126,CUST1033,MERCHANT008,29328.12,WALLET,2026-08-22 14:43:32.848634,FAILED,Network Error,1,7,3,True
TXN009127,CUST0425,MERCHANT005,23441.71,UPI,2026-08-18 13:42:41.848634,SUCCESS,,1,20,2,False
TXN009128,CUST0199,MERCHANT005,43776.72,WALLET,2026-08-24 09:53:40.848634,SUCCESS,,1,4,3,False
TXN009129,CUST1890,MERCHANT003,784.54,UPI,2026-08-24 20:12:06.848634,SUCCESS,,1,14,2,False
TXN009130,CUST0935,MERCHANT002,23547.99,CARD,2026-08-23 16:09:28.848634,SUCCESS,,1,16,4,False
TXN009131,CUST1784,MERCHANT006,42526.9,CARD,2026-08-22 10:46:36.848634,SUCCESS,,1,1,4,False
TXN009132,CUST1898,MERCHANT010,996.36,WALLET,2026-08-23 06:35:33.848634,SUCCESS,,1,19,0,False
TXN009133,CUST1663,MERCHANT005,21087.62,WALLET,2026-08-22 20:49:52.848634,SUCCESS,,1,20,2,False
TXN009134,CUST1729,MERCHANT002,39750.77,WALLET,2026-08-21 19:52:28.848634,FAILED,Bank Declined,3,19,0,False
TXN009135,CUST0805,MERCHANT009,26758.86,CARD,2026-08-20 04:27:55.848634,SUCCESS,,1,6,4,False
TXN009136,CUST1126,MERCHANT008,24982.68,WALLET,2026-08-19 08:42:29.848634,SUCCESS,,1,6,1,False
TXN009137,CUST1746,MERCHANT003,5541.99,WALLET,2026-08-21 17:44:04.848634,SUCCESS,,1,10,0,False
TXN009138,CUST0329,MERCHANT002,42900.52,NETBANKING,2026-08-23 17:31:28.848634,SUCCESS,,1,11,5,False
TXN009139,CUST0947,MERCHANT005,2985.62,CARD,2026-08-19 05:50:35.848634,SUCCESS,,1,6,4,False
TXN009140,CUST1368,MERCHANT009,15657.15,UPI,2026-08-22 17:04:34.848634,SUCCESS,,1,10,5,False
TXN009141,CUST1517,MERCHANT005,29631.43,UPI,2026-08-24 07:09:19.848634,SUCCESS,,1,16,0,False
TXN009142,CUST0693,MERCHANT010,33357.65,NETBANKING,2026-08-21 21:35:52.848634,SUCCESS,,1,0,3,False
TXN009143,CUST1153,MERCHANT009,24081.18,WALLET,2026-08-21 00:09:19.848634,SUCCESS,,1,8,2,False
TXN009144,CUST0564,MERCHANT005,11987.81,NETBANKING,2026-08-23 02:59:39.848634,SUCCESS,,1,9,5,False
TXN009145,CUST0413,MERCHANT009,44266.3,NETBANKING,2026-08-20 16:34:38.848634,SUCCESS,,1,8,0,False
TXN009146,CUST0386,MERCHANT001,8093.71,CARD,2026-08-19 16:08:01.848634,SUCCESS,,1,7,4,False
TXN009147,CUST0870,MERCHANT007,11813.24,UPI,2026-08-23 06:34:01.848634,SUCCESS,,1,10,3,False
TXN009148,CUST1562,MERCHANT009,11247.7,CARD,2026-08-24 04:04:09.848634,SUCCESS,,1,17,0,False
TXN009149,CUST0705,MERCHANT009,44928.94,NETBANKING,2026-08-18 12:24:56.848634,SUCCESS,,1,0,5,False
TXN009150,CUST0928,MERCHANT005,38500.64,UPI,2026-08-23 00:08:06.848634,SUCCESS,,1,16,1,False
TXN009151,CUST0247,MERCHANT009,47196.59,WALLET,2026-08-21 09:39:01.848634,SUCCESS,,1,8,1,False
TXN009152,CUST0509,MERCHANT006,9968.36,UPI,2026-08-21 04:10:15.848634,SUCCESS,,1,5,5,False
TXN009153,CUST0078,MERCHANT004,29476.31,CARD,2026-08-22 09:44:43.848634,SUCCESS,,1,19,0,False
TXN009154,CUST1188,MERCHANT002,5302.42,CARD,2026-08-23 10:34:20.848634,SUCCESS,,1,8,2,False
TXN009155,CUST0362,MERCHANT010,42978.7,CARD,2026-08-22 11:40:06.848634,SUCCESS,,1,7,1,False
TXN009156,CUST1948,MERCHANT009,9646.08,CARD,2026-08-21 13:07:31.848634,SUCCESS,,1,10,2,False
TXN009157,CUST1987,MERCHANT009,41566.97,WALLET,2026-08-19 06:08:19.848634,SUCCESS,,1,8,3,False
TXN009158,CUST1544,MERCHANT002,1352.6,UPI,2026-08-21 18:23:31.848634,SUCCESS,,1,1,0,False
TXN009159,CUST1416,MERCHANT007,26539.81,WALLET,2026-08-24 16:08:56.848634,SUCCESS,,1,10,0,False
TXN009160,CUST0884,MERCHANT002,44988.17,CARD,2026-08-23 12:14:56.848634,SUCCESS,,1,8,3,False
TXN009161,CUST0711,MERCHANT001,33417.78,UPI,2026-08-20 21:00:10.848634,SUCCESS,,1,2,5,False
TXN009162,CUST1116,MERCHANT005,27024.58,CARD,2026-08-24 15:48:06.848634,SUCCESS,,1,7,3,False
TXN009163,CUST0725,MERCHANT001,41394.47,NETBANKING,2026-08-19 14:31:14.848634,SUCCESS,,1,19,0,False
TXN009164,CUST1167,MERCHANT008,48663.93,NETBANKING,2026-08-20 13:28:44.848634,SUCCESS,,1,14,1,False
TXN009165,CUST0708,MERCHANT002,7683.6,UPI,2026-08-22 04:05:24.848634,SUCCESS,,1,19,2,False
TXN009166,CUST1227,MERCHANT002,45345.07,NETBANKING,2026-08-24 15:07:27.848634,SUCCESS,,1,0,1,False
TXN009167,CUST1395,MERCHANT001,5583.21,WALLET,2026-08-20 20:01:45.848634,SUCCESS,,1,9,1,False
TXN009168,CUST0957,MERCHANT006,9517.5,WALLET,2026-08-23 11:50:46.848634,SUCCESS,,1,19,4,False
TXN009169,CUST1464,MERCHANT006,23182.94,UPI,2026-08-23 18:17:17.848634,SUCCESS,,1,7,5,False
TXN009170,CUST1249,MERCHANT006,35118.15,NETBANKING,2026-08-21 08:51:03.848634,SUCCESS,,1,1,3,False
TXN009171,CUST1482,MERCHANT003,40471.7,WALLET,2026-08-21 09:56:03.848634,SUCCESS,,1,20,4,False
TXN009172,CUST0560,MERCHANT010,36923.97,WALLET,2026-08-18 22:56:09.848634,SUCCESS,,1,9,5,False
TXN009173,CUST0566,MERCHANT002,38921.47,WALLET,2026-08-24 09:33:30.848634,SUCCESS,,1,5,1,False
TXN009174,CUST0056,MERCHANT008,43347.03,UPI,2026-08-20 01:32:49.848634,SUCCESS,,1,2,4,False
TXN009175,CUST1226,MERCHANT004,24768.06,NETBANKING,2026-08-23 00:17:46.848634,SUCCESS,,1,17,4,False
TXN009176,CUST1815,MERCHANT009,48671.94,CARD,2026-08-22 05:34:55.848634,SUCCESS,,1,19,3,False
TXN009177,CUST0065,MERCHANT009,39097.24,CARD,2026-08-22 16:09:53.848634,SUCCESS,,1,9,0,False
TXN009178,CUST1285,MERCHANT007,46788.22,NETBANKING,2026-08-20 01:36:40.848634,SUCCESS,,1,0,4,False
TXN009179,CUST0267,MERCHANT004,8884.84,UPI,2026-08-21 06:33:05.848634,SUCCESS,,1,18,5,False
TXN009180,CUST1003,MERCHANT008,3586.01,NETBANKING,2026-08-23 09:47:41.848634,SUCCESS,,1,4,0,False
TXN009181,CUST0165,MERCHANT001,10278.29,NETBANKING,2026-08-24 20:12:06.848634,SUCCESS,,1,17,3,False
TXN009182,CUST1637,MERCHANT010,18713.63,NETBANKING,2026-08-24 06:20:31.848634,SUCCESS,,1,5,5,False
TXN009183,CUST0534,MERCHANT008,30612.06,UPI,2026-08-21 14:41:12.848634,SUCCESS,,1,15,2,False
TXN009184,CUST0312,MERCHANT009,10765.02,UPI,2026-08-20 21:36:11.848634,SUCCESS,,1,8,2,False
TXN009185,CUST1004,MERCHANT004,19282.71,CARD,2026-08-18 11:36:26.848634,SUCCESS,,1,9,1,False
TXN009186,CUST1997,MERCHANT010,12883.78,NETBANKING,2026-08-24 18:57:23.848634,SUCCESS,,1,9,3,False
TXN009187,CUST0037,MERCHANT006,13975.96,CARD,2026-08-24 07:38:35.848634,FAILED,Bank Declined,1,11,4,True
TXN009188,CUST0050,MERCHANT005,42831.23,CARD,2026-08-19 23:24:14.848634,SUCCESS,,1,10,0,False
TXN009189,CUST1016,MERCHANT009,1521.13,UPI,2026-08-18 12:52:57.848634,SUCCESS,,1,8,1,False
TXN009190,CUST0198,MERCHANT007,46966.22,UPI,2026-08-19 19:05:10.848634,SUCCESS,,1,11,4,False
TXN009191,CUST1268,MERCHANT002,39520.87,CARD,2026-08-22 13:20:23.848634,SUCCESS,,1,12,3,False
TXN009192,CUST1958,MERCHANT002,10740.36,NETBANKING,2026-08-22 17:55:15.848634,SUCCESS,,1,19,5,False
TXN009193,CUST0368,MERCHANT010,15344.21,UPI,2026-08-18 17:12:56.848634,SUCCESS,,1,9,3,False
TXN009194,CUST2000,MERCHANT004,4561.27,NETBANKING,2026-08-24 11:51:22.848634,SUCCESS,,1,2,3,False
TXN009195,CUST0794,MERCHANT010,19838.73,NETBANKING,2026-08-20 02:58:14.848634,SUCCESS,,1,20,5,False
TXN009196,CUST0059,MERCHANT001,3653.5,CARD,2026-08-24 12:26:19.848634,SUCCESS,,1,0,0,False
TXN009197,CUST1236,MERCHANT008,36718.08,UPI,2026-08-22 08:58:09.848634,SUCCESS,,1,6,2,False
TXN009198,CUST1719,MERCHANT006,1867.47,CARD,2026-08-19 10:57:56.848634,FAILED,Network Error,1,10,5,True
TXN009199,CUST1539,MERCHANT003,1694.11,UPI,2026-08-22 19:48:54.848634,SUCCESS,,1,17,3,False
TXN009200,CUST0279,MERCHANT006,29787.97,UPI,2026-08-24 14:46:27.848634,SUCCESS,,1,7,2,False
TXN009201,CUST0543,MERCHANT003,28057.98,UPI,2026-08-20 11:41:19.848634,SUCCESS,,1,4,0,False
TXN009202,CUST0514,MERCHANT001,7863.05,UPI,2026-08-24 04:58:01.848634,SUCCESS,,1,15,1,False
TXN009203,CUST0013,MERCHANT005,15518.4,CARD,2026-08-23 14:25:12.848634,SUCCESS,,1,19,2,False
TXN009204,CUST0605,MERCHANT003,20909.06,UPI,2026-08-23 03:35:37.848634,SUCCESS,,1,3,4,False
TXN009205,CUST1569,MERCHANT003,6023.3,NETBANKING,2026-08-23 19:36:56.848634,SUCCESS,,1,17,1,False
TXN009206,CUST1120,MERCHANT010,18365.33,WALLET,2026-08-18 20:26:30.848634,SUCCESS,,1,17,0,False
TXN009207,CUST1966,MERCHANT006,11301.38,NETBANKING,2026-08-23 19:04:11.848634,SUCCESS,,1,10,3,False
TXN009208,CUST0479,MERCHANT002,27399.49,UPI,2026-08-23 08:16:00.848634,SUCCESS,,1,18,1,False
TXN009209,CUST1230,MERCHANT001,23160.67,NETBANKING,2026-08-21 12:13:12.848634,SUCCESS,,1,13,2,False
TXN009210,CUST1675,MERCHANT004,21891.39,CARD,2026-08-19 17:21:18.848634,SUCCESS,,1,6,5,False
TXN009211,CUST0877,MERCHANT004,13253.6,NETBANKING,2026-08-18 18:50:43.848634,SUCCESS,,1,13,5,False
TXN009212,CUST0308,MERCHANT009,4415.73,CARD,2026-08-21 17:20:36.848634,SUCCESS,,1,1,0,False
TXN009213,CUST1181,MERCHANT007,27929.5,NETBANKING,2026-08-21 01:50:31.848634,SUCCESS,,1,4,5,False
TXN009214,CUST1333,MERCHANT010,23357.39,CARD,2026-08-24 14:45:12.848634,SUCCESS,,1,11,0,False
TXN009215,CUST1681,MERCHANT002,2069.45,NETBANKING,2026-08-19 01:53:53.848634,SUCCESS,,1,8,0,False
TXN009216,CUST1781,MERCHANT006,25151.26,NETBANKING,2026-08-19 03:42:49.848634,SUCCESS,,1,12,4,False
TXN009217,CUST1544,MERCHANT004,43012.58,UPI,2026-08-22 02:54:23.848634,SUCCESS,,1,0,2,False
TXN009218,CUST0062,MERCHANT002,43387.59,UPI,2026-08-21 09:04:23.848634,SUCCESS,,1,5,3,False
TXN009219,CUST1307,MERCHANT010,35415.71,UPI,2026-08-22 18:36:39.848634,SUCCESS,,1,6,3,False
TXN009220,CUST1884,MERCHANT003,32748.01,NETBANKING,2026-08-22 05:14:38.848634,SUCCESS,,1,0,4,False
TXN009221,CUST0017,MERCHANT005,47869.44,NETBANKING,2026-08-25 00:05:59.848634,SUCCESS,,1,7,3,False
TXN009222,CUST1217,MERCHANT006,3220.82,UPI,2026-08-20 12:12:02.848634,SUCCESS,,1,14,3,False
TXN009223,CUST1049,MERCHANT009,49481.17,NETBANKING,2026-08-19 22:02:50.848634,SUCCESS,,1,9,3,False
TXN009224,CUST0490,MERCHANT009,38053.39,CARD,2026-08-19 08:28:59.848634,SUCCESS,,1,16,2,False
TXN009225,CUST1731,MERCHANT008,23243.54,NETBANKING,2026-08-18 17:29:23.848634,SUCCESS,,1,14,2,False
TXN009226,CUST1278,MERCHANT006,22393.02,UPI,2026-08-18 10:03:23.848634,SUCCESS,,1,13,4,False
TXN009227,CUST0187,MERCHANT009,46907.82,NETBANKING,2026-08-19 05:00:06.848634,SUCCESS,,1,11,2,False
TXN009228,CUST0826,MERCHANT006,3321.39,CARD,2026-08-22 06:56:50.848634,SUCCESS,,1,19,5,False
TXN009229,CUST1286,MERCHANT006,41834.0,CARD,2026-08-19 02:50:59.848634,SUCCESS,,1,15,1,False
TXN009230,CUST1861,MERCHANT003,33131.11,UPI,2026-08-21 11:45:08.848634,SUCCESS,,1,5,5,False
TXN009231,CUST1666,MERCHANT002,38729.23,NETBANKING,2026-08-21 19:50:47.848634,SUCCESS,,1,17,2,False
TXN009232,CUST0352,MERCHANT005,15320.32,WALLET,2026-08-19 04:00:05.848634,SUCCESS,,1,2,2,False
TXN009233,CUST1907,MERCHANT001,46712.92,CARD,2026-08-18 13:50:16.848634,SUCCESS,,1,10,2,False
TXN009234,CUST0289,MERCHANT001,28014.23,NETBANKING,2026-08-23 13:07:40.848634,SUCCESS,,1,2,5,False
TXN009235,CUST0096,MERCHANT008,47391.17,WALLET,2026-08-23 13:02:40.848634,SUCCESS,,1,16,0,False
TXN009236,CUST0499,MERCHANT007,38941.4,NETBANKING,2026-08-19 05:57:25.848634,SUCCESS,,1,11,0,False
TXN009237,CUST0952,MERCHANT001,39132.35,NETBANKING,2026-08-23 22:50:08.848634,SUCCESS,,1,1,3,False
TXN009238,CUST1108,MERCHANT001,11915.23,NETBANKING,2026-08-18 22:24:43.848634,SUCCESS,,1,19,4,False
TXN009239,CUST1844,MERCHANT002,5563.37,NETBANKING,2026-08-20 01:29:10.848634,SUCCESS,,1,11,1,False
TXN009240,CUST0122,MERCHANT003,22658.85,UPI,2026-08-21 21:09:34.848634,SUCCESS,,1,4,3,False
TXN009241,CUST0838,MERCHANT005,49575.95,NETBANKING,2026-08-22 05:17:07.848634,SUCCESS,,1,3,2,False
TXN009242,CUST1772,MERCHANT007,30227.02,NETBANKING,2026-08-20 18:14:02.848634,SUCCESS,,1,7,0,False
TXN009243,CUST0336,MERCHANT006,1667.88,UPI,2026-08-24 03:19:39.848634,SUCCESS,,1,0,5,False
TXN009244,CUST0292,MERCHANT002,10947.1,CARD,2026-08-18 07:20:44.848634,SUCCESS,,1,16,1,False
TXN009245,CUST1060,MERCHANT007,27048.33,UPI,2026-08-19 12:01:54.848634,SUCCESS,,1,15,1,False
TXN009246,CUST0568,MERCHANT010,29689.97,CARD,2026-08-22 12:09:11.848634,SUCCESS,,1,0,4,False
TXN009247,CUST0756,MERCHANT005,26050.18,CARD,2026-08-20 22:17:40.848634,SUCCESS,,1,8,5,False
TXN009248,CUST0498,MERCHANT005,16958.17,CARD,2026-08-18 23:56:08.848634,SUCCESS,,1,11,4,False
TXN009249,CUST1172,MERCHANT003,15087.12,NETBANKING,2026-08-18 14:48:20.848634,SUCCESS,,1,17,3,False
TXN009250,CUST0333,MERCHANT004,43528.64,UPI,2026-08-20 19:54:53.848634,SUCCESS,,1,10,2,False
TXN009251,CUST0672,MERCHANT009,18811.47,WALLET,2026-08-20 03:18:18.848634,SUCCESS,,1,12,0,False
TXN009252,CUST1589,MERCHANT006,28431.6,WALLET,2026-08-24 12:18:05.848634,SUCCESS,,1,9,4,False
TXN009253,CUST0723,MERCHANT010,24444.23,UPI,2026-08-23 23:24:22.848634,SUCCESS,,1,18,3,False
TXN009254,CUST1362,MERCHANT005,24625.2,UPI,2026-08-23 19:22:21.848634,SUCCESS,,1,10,5,False
TXN009255,CUST0557,MERCHANT009,40689.39,CARD,2026-08-21 03:51:10.848634,SUCCESS,,1,1,3,False
TXN009256,CUST0192,MERCHANT005,22557.38,NETBANKING,2026-08-19 08:07:50.848634,FAILED,Insufficient Funds,3,15,1,False
TXN009257,CUST1163,MERCHANT001,29572.09,WALLET,2026-08-21 17:30:27.848634,SUCCESS,,1,1,0,False
TXN009258,CUST1173,MERCHANT009,38297.43,UPI,2026-08-19 01:26:51.848634,SUCCESS,,1,2,0,False
TXN009259,CUST0288,MERCHANT001,7211.34,NETBANKING,2026-08-20 12:34:15.848634,SUCCESS,,1,7,2,False
TXN009260,CUST0082,MERCHANT010,28810.37,UPI,2026-08-22 10:14:16.848634,SUCCESS,,1,0,0,False
TXN009261,CUST1084,MERCHANT009,28120.56,CARD,2026-08-18 14:34:45.848634,SUCCESS,,1,16,5,False
TXN009262,CUST1602,MERCHANT010,36190.32,NETBANKING,2026-08-21 07:42:45.848634,SUCCESS,,1,13,3,False
TXN009263,CUST0451,MERCHANT001,7787.55,CARD,2026-08-18 17:50:10.848634,SUCCESS,,1,4,3,False
TXN009264,CUST1188,MERCHANT009,22365.58,CARD,2026-08-21 16:15:02.848634,SUCCESS,,1,8,5,False
TXN009265,CUST0379,MERCHANT006,5997.79,CARD,2026-08-22 07:30:52.848634,SUCCESS,,1,2,3,False
TXN009266,CUST1168,MERCHANT008,5717.92,WALLET,2026-08-21 23:07:02.848634,SUCCESS,,1,11,4,False
TXN009267,CUST0359,MERCHANT009,36366.16,CARD,2026-08-25 02:24:17.848634,SUCCESS,,1,18,5,False
TXN009268,CUST0308,MERCHANT007,4173.61,UPI,2026-08-24 21:28:01.848634,SUCCESS,,1,8,2,False
TXN009269,CUST0264,MERCHANT006,47441.06,WALLET,2026-08-21 07:36:06.848634,SUCCESS,,1,8,2,False
TXN009270,CUST1388,MERCHANT007,27356.38,UPI,2026-08-22 20:58:33.848634,SUCCESS,,1,3,3,False
TXN009271,CUST0922,MERCHANT005,39335.89,CARD,2026-08-23 16:27:35.848634,SUCCESS,,1,12,0,False
TXN009272,CUST0485,MERCHANT009,36849.84,WALLET,2026-08-19 10:39:50.848634,SUCCESS,,1,18,0,False
TXN009273,CUST1593,MERCHANT007,41933.87,NETBANKING,2026-08-21 21:19:09.848634,SUCCESS,,1,2,1,False
TXN009274,CUST0087,MERCHANT001,47003.28,UPI,2026-08-23 09:16:18.848634,SUCCESS,,1,17,2,False
TXN009275,CUST1527,MERCHANT002,23672.35,WALLET,2026-08-22 05:40:17.848634,SUCCESS,,1,5,0,False
TXN009276,CUST1955,MERCHANT001,8576.32,NETBANKING,2026-08-20 06:31:36.848634,SUCCESS,,1,2,2,False
TXN009277,CUST0572,MERCHANT010,34911.95,NETBANKING,2026-08-22 17:48:25.848634,SUCCESS,,1,0,0,False
TXN009278,CUST0959,MERCHANT007,1514.07,NETBANKING,2026-08-19 15:38:33.848634,SUCCESS,,1,16,2,False
TXN009279,CUST0825,MERCHANT001,38606.71,NETBANKING,2026-08-18 13:25:37.848634,SUCCESS,,1,9,2,False
TXN009280,CUST1334,MERCHANT003,3213.31,UPI,2026-08-20 00:24:09.848634,SUCCESS,,1,17,3,False
TXN009281,CUST1469,MERCHANT008,29603.54,WALLET,2026-08-19 02:01:09.848634,SUCCESS,,1,2,1,False
TXN009282,CUST0088,MERCHANT003,36081.91,UPI,2026-08-23 15:30:32.848634,SUCCESS,,1,2,2,False
TXN009283,CUST1963,MERCHANT007,12913.34,UPI,2026-08-23 20:10:40.848634,SUCCESS,,1,18,5,False
TXN009284,CUST1914,MERCHANT008,4294.55,CARD,2026-08-19 19:23:24.848634,SUCCESS,,1,13,2,False
TXN009285,CUST0817,MERCHANT010,20892.11,UPI,2026-08-23 17:32:48.848634,SUCCESS,,1,3,2,False
TXN009286,CUST0142,MERCHANT010,17595.05,CARD,2026-08-23 08:25:25.848634,SUCCESS,,1,18,3,False
TXN009287,CUST1703,MERCHANT009,8414.6,WALLET,2026-08-24 08:34:50.848634,FAILED,Bank Declined,2,17,1,True
TXN009288,CUST0203,MERCHANT008,44410.42,UPI,2026-08-24 04:24:43.848634,SUCCESS,,1,5,4,False
TXN009289,CUST0522,MERCHANT009,33803.72,CARD,2026-08-19 22:00:44.848634,SUCCESS,,1,4,0,False
TXN009290,CUST0055,MERCHANT002,35739.53,CARD,2026-08-18 03:29:44.848634,SUCCESS,,1,10,5,False
TXN009291,CUST1453,MERCHANT007,3428.12,CARD,2026-08-23 01:31:13.848634,SUCCESS,,1,15,4,False
TXN009292,CUST0773,MERCHANT004,22032.1,CARD,2026-08-19 18:39:15.848634,SUCCESS,,1,12,0,False
TXN009293,CUST1025,MERCHANT009,15107.47,CARD,2026-08-24 03:14:20.848634,SUCCESS,,1,17,2,False
TXN009294,CUST0814,MERCHANT009,35203.42,WALLET,2026-08-20 02:15:00.848634,SUCCESS,,1,12,2,False
TXN009295,CUST0830,MERCHANT002,5027.73,CARD,2026-08-19 02:30:18.848634,SUCCESS,,1,13,2,False
TXN009296,CUST0993,MERCHANT002,14909.52,UPI,2026-08-19 11:44:58.848634,SUCCESS,,1,1,5,False
TXN009297,CUST1755,MERCHANT002,378.25,UPI,2026-08-23 16:28:37.848634,SUCCESS,,1,1,5,False
TXN009298,CUST1504,MERCHANT009,14808.89,WALLET,2026-08-21 16:44:03.848634,SUCCESS,,1,17,1,False
TXN009299,CUST1420,MERCHANT006,23569.64,NETBANKING,2026-08-21 20:23:05.848634,SUCCESS,,1,1,1,False
TXN009300,CUST0524,MERCHANT003,36196.54,NETBANKING,2026-08-21 04:41:02.848634,SUCCESS,,1,9,3,False
TXN009301,CUST0622,MERCHANT005,24703.51,WALLET,2026-08-21 03:37:39.848634,SUCCESS,,1,3,1,False
TXN009302,CUST1344,MERCHANT004,27754.86,CARD,2026-08-20 13:13:55.848634,SUCCESS,,1,19,4,False
TXN009303,CUST0091,MERCHANT004,19953.79,CARD,2026-08-21 11:20:08.848634,SUCCESS,,1,20,4,False
TXN009304,CUST0056,MERCHANT001,41732.21,CARD,2026-08-20 10:31:55.848634,SUCCESS,,1,19,4,False
TXN009305,CUST1758,MERCHANT004,7835.53,WALLET,2026-08-21 16:12:58.848634,SUCCESS,,1,14,3,False
TXN009306,CUST1148,MERCHANT008,1237.83,UPI,2026-08-21 05:29:31.848634,SUCCESS,,1,18,3,False
TXN009307,CUST0539,MERCHANT010,22992.75,WALLET,2026-08-20 13:11:59.848634,SUCCESS,,1,14,0,False
TXN009308,CUST1438,MERCHANT010,21935.54,CARD,2026-08-23 17:10:50.848634,SUCCESS,,1,16,3,False
TXN009309,CUST1656,MERCHANT001,531.8,UPI,2026-08-19 06:07:14.848634,SUCCESS,,1,16,4,False
TXN009310,CUST0449,MERCHANT008,900.74,UPI,2026-08-22 03:58:15.848634,SUCCESS,,1,15,0,False
TXN009311,CUST0351,MERCHANT007,26359.55,CARD,2026-08-24 15:48:16.848634,SUCCESS,,1,1,4,False
TXN009312,CUST0600,MERCHANT003,47824.45,UPI,2026-08-18 21:27:27.848634,SUCCESS,,1,20,0,False
TXN009313,CUST1009,MERCHANT003,43853.16,NETBANKING,2026-08-18 17:33:55.848634,SUCCESS,,1,17,1,False
TXN009314,CUST1301,MERCHANT007,29053.11,UPI,2026-08-21 14:38:43.848634,SUCCESS,,1,18,3,False
TXN009315,CUST1734,MERCHANT003,37221.36,WALLET,2026-08-21 20:40:56.848634,SUCCESS,,1,12,3,False
TXN009316,CUST0241,MERCHANT007,45756.43,CARD,2026-08-24 14:14:35.848634,SUCCESS,,1,2,1,False
TXN009317,CUST0738,MERCHANT010,41690.55,CARD,2026-08-23 01:50:20.848634,FAILED,Bank Declined,1,6,1,True
TXN009318,CUST1289,MERCHANT010,14499.89,UPI,2026-08-20 20:50:58.848634,FAILED,Bank Declined,3,11,0,False
TXN009319,CUST1916,MERCHANT007,47194.18,UPI,2026-08-23 18:18:08.848634,SUCCESS,,1,2,0,False
TXN009320,CUST1189,MERCHANT005,12633.28,NETBANKING,2026-08-24 14:56:46.848634,SUCCESS,,1,19,1,False
TXN009321,CUST1380,MERCHANT009,34177.55,UPI,2026-08-18 16:56:57.848634,SUCCESS,,1,13,1,False
TXN009322,CUST0587,MERCHANT001,31569.68,UPI,2026-08-20 23:39:49.848634,SUCCESS,,1,19,5,False
TXN009323,CUST1318,MERCHANT003,44833.91,WALLET,2026-08-23 04:02:53.848634,SUCCESS,,1,1,3,False
TXN009324,CUST0556,MERCHANT005,42738.28,NETBANKING,2026-08-20 21:43:43.848634,SUCCESS,,1,16,4,False
TXN009325,CUST1075,MERCHANT003,39353.18,WALLET,2026-08-22 22:33:31.848634,SUCCESS,,1,13,3,False
TXN009326,CUST1996,MERCHANT005,33300.79,NETBANKING,2026-08-23 20:05:47.848634,SUCCESS,,1,6,4,False
TXN009327,CUST0042,MERCHANT003,34628.05,CARD,2026-08-18 11:59:41.848634,SUCCESS,,1,10,3,False
TXN009328,CUST0795,MERCHANT001,33562.93,UPI,2026-08-22 09:22:55.848634,SUCCESS,,1,8,5,False
TXN009329,CUST0447,MERCHANT008,46532.48,UPI,2026-08-21 12:41:43.848634,SUCCESS,,1,19,4,False
TXN009330,CUST0268,MERCHANT005,32295.26,CARD,2026-08-22 23:15:15.848634,SUCCESS,,1,16,1,False
TXN009331,CUST1172,MERCHANT009,13586.33,WALLET,2026-08-18 03:30:04.848634,SUCCESS,,1,5,3,False
TXN009332,CUST0691,MERCHANT002,37640.31,WALLET,2026-08-23 22:41:59.848634,SUCCESS,,1,12,2,False
TXN009333,CUST1660,MERCHANT006,43838.25,WALLET,2026-08-19 01:57:25.848634,SUCCESS,,1,13,5,False
TXN009334,CUST0937,MERCHANT010,29668.28,NETBANKING,2026-08-20 08:24:09.848634,SUCCESS,,1,19,0,False
TXN009335,CUST1378,MERCHANT006,49674.23,NETBANKING,2026-08-24 05:38:36.848634,SUCCESS,,1,14,0,False
TXN009336,CUST0225,MERCHANT002,3225.03,WALLET,2026-08-20 14:44:45.848634,SUCCESS,,1,10,3,False
TXN009337,CUST1535,MERCHANT006,12149.58,WALLET,2026-08-21 07:40:16.848634,SUCCESS,,1,20,5,False
TXN009338,CUST0821,MERCHANT009,7273.21,WALLET,2026-08-21 01:58:38.848634,SUCCESS,,1,3,5,False
TXN009339,CUST0032,MERCHANT010,23300.73,UPI,2026-08-20 00:05:57.848634,SUCCESS,,1,19,4,False
TXN009340,CUST0745,MERCHANT009,1942.86,CARD,2026-08-20 12:25:20.848634,SUCCESS,,1,4,2,False
TXN009341,CUST0209,MERCHANT002,13534.7,UPI,2026-08-21 12:25:46.848634,SUCCESS,,1,11,2,False
TXN009342,CUST1866,MERCHANT008,26512.73,CARD,2026-08-20 16:01:05.848634,SUCCESS,,1,2,4,False
TXN009343,CUST1668,MERCHANT007,21810.19,WALLET,2026-08-22 21:01:11.848634,SUCCESS,,1,4,0,False
TXN009344,CUST1286,MERCHANT007,25972.4,UPI,2026-08-20 16:59:49.848634,SUCCESS,,1,13,3,False
TXN009345,CUST0140,MERCHANT010,46995.35,NETBANKING,2026-08-21 11:01:20.848634,SUCCESS,,1,17,4,False
TXN009346,CUST0521,MERCHANT002,49593.58,WALLET,2026-08-24 20:29:00.848634,SUCCESS,,1,6,5,False
TXN009347,CUST1554,MERCHANT008,30617.3,WALLET,2026-08-23 09:47:27.848634,FAILED,Insufficient Funds,2,16,1,True
TXN009348,CUST1595,MERCHANT005,1196.07,UPI,2026-08-20 02:56:44.848634,SUCCESS,,1,16,5,False
TXN009349,CUST0202,MERCHANT005,8920.98,UPI,2026-08-23 17:19:53.848634,SUCCESS,,1,13,2,False
TXN009350,CUST0603,MERCHANT005,30685.66,WALLET,2026-08-18 17:41:21.848634,SUCCESS,,1,12,3,False
TXN009351,CUST1113,MERCHANT010,34396.09,UPI,2026-08-21 05:40:50.848634,SUCCESS,,1,4,3,False
TXN009352,CUST1609,MERCHANT005,6475.25,WALLET,2026-08-18 15:03:16.848634,SUCCESS,,1,15,5,False
TXN009353,CUST0672,MERCHANT005,20658.3,WALLET,2026-08-23 04:49:03.848634,SUCCESS,,1,0,2,False
TXN009354,CUST0589,MERCHANT006,26713.55,WALLET,2026-08-19 20:37:05.848634,SUCCESS,,1,18,4,False
TXN009355,CUST0138,MERCHANT010,9530.77,NETBANKING,2026-08-22 16:51:11.848634,SUCCESS,,1,13,1,False
TXN009356,CUST1061,MERCHANT001,37814.9,UPI,2026-08-20 19:50:09.848634,SUCCESS,,1,1,2,False
TXN009357,CUST1979,MERCHANT003,35580.23,CARD,2026-08-23 08:22:46.848634,SUCCESS,,1,19,1,False
TXN009358,CUST1790,MERCHANT006,11975.88,WALLET,2026-08-24 09:33:52.848634,SUCCESS,,1,8,5,False
TXN009359,CUST0978,MERCHANT010,37547.29,WALLET,2026-08-20 09:12:18.848634,FAILED,Insufficient Funds,3,2,4,False
TXN009360,CUST1411,MERCHANT001,23802.13,WALLET,2026-08-24 23:13:13.848634,SUCCESS,,1,5,3,False
TXN009361,CUST1783,MERCHANT002,46820.1,WALLET,2026-08-21 12:08:57.848634,SUCCESS,,1,7,4,False
TXN009362,CUST0378,MERCHANT004,29383.66,NETBANKING,2026-08-20 20:19:22.848634,SUCCESS,,1,5,2,False
TXN009363,CUST0856,MERCHANT004,15774.64,WALLET,2026-08-22 04:50:42.848634,SUCCESS,,1,10,3,False
TXN009364,CUST1835,MERCHANT005,37952.41,UPI,2026-08-20 06:43:52.848634,SUCCESS,,1,4,5,False
TXN009365,CUST1537,MERCHANT009,18899.17,CARD,2026-08-20 17:02:17.848634,SUCCESS,,1,5,5,False
TXN009366,CUST1857,MERCHANT005,6344.82,WALLET,2026-08-24 00:38:06.848634,SUCCESS,,1,3,2,False
TXN009367,CUST0183,MERCHANT010,23479.93,CARD,2026-08-18 20:19:20.848634,SUCCESS,,1,3,0,False
TXN009368,CUST1507,MERCHANT005,25932.75,UPI,2026-08-24 12:16:44.848634,SUCCESS,,1,2,3,False
TXN009369,CUST0286,MERCHANT005,32470.09,CARD,2026-08-23 08:26:26.848634,SUCCESS,,1,11,3,False
TXN009370,CUST0033,MERCHANT010,31806.41,UPI,2026-08-18 14:10:50.848634,SUCCESS,,1,16,1,False
TXN009371,CUST1892,MERCHANT008,3916.69,NETBANKING,2026-08-19 23:59:12.848634,FAILED,Technical Error,1,12,4,True
TXN009372,CUST1253,MERCHANT002,3134.15,CARD,2026-08-20 16:34:22.848634,SUCCESS,,1,17,0,False
TXN009373,CUST1774,MERCHANT007,46802.69,WALLET,2026-08-18 08:22:57.848634,SUCCESS,,1,15,1,False
TXN009374,CUST1119,MERCHANT010,36813.39,CARD,2026-08-22 17:03:36.848634,SUCCESS,,1,16,0,False
TXN009375,CUST0983,MERCHANT003,22556.63,UPI,2026-08-20 21:07:08.848634,SUCCESS,,1,19,5,False
TXN009376,CUST1347,MERCHANT003,49771.31,NETBANKING,2026-08-22 05:04:10.848634,SUCCESS,,1,2,0,False
TXN009377,CUST1196,MERCHANT006,45076.33,NETBANKING,2026-08-24 17:52:06.848634,SUCCESS,,1,1,5,False
TXN009378,CUST0488,MERCHANT005,35860.82,NETBANKING,2026-08-20 06:08:06.848634,SUCCESS,,1,2,4,False
TXN009379,CUST1473,MERCHANT003,29720.49,CARD,2026-08-23 02:38:26.848634,SUCCESS,,1,8,1,False
TXN009380,CUST0994,MERCHANT004,16579.5,UPI,2026-08-23 07:27:33.848634,SUCCESS,,1,0,2,False
TXN009381,CUST0669,MERCHANT004,11437.53,WALLET,2026-08-21 04:24:06.848634,SUCCESS,,1,9,0,False
TXN009382,CUST0363,MERCHANT003,11415.78,UPI,2026-08-22 22:40:32.848634,SUCCESS,,1,12,0,False
TXN009383,CUST1786,MERCHANT007,4187.6,CARD,2026-08-18 12:13:08.848634,SUCCESS,,1,12,2,False
TXN009384,CUST0641,MERCHANT002,14715.94,WALLET,2026-08-21 02:13:22.848634,SUCCESS,,1,17,1,False
TXN009385,CUST1654,MERCHANT001,23867.1,UPI,2026-08-22 01:45:17.848634,SUCCESS,,1,2,5,False
TXN009386,CUST0164,MERCHANT005,12491.11,UPI,2026-08-21 01:05:32.848634,SUCCESS,,1,15,1,False
TXN009387,CUST1430,MERCHANT003,32821.4,NETBANKING,2026-08-18 09:47:38.848634,SUCCESS,,1,2,1,False
TXN009388,CUST0674,MERCHANT009,49487.17,CARD,2026-08-22 09:00:53.848634,SUCCESS,,1,7,4,False
TXN009389,CUST1986,MERCHANT010,490.79,CARD,2026-08-21 23:27:25.848634,SUCCESS,,1,0,5,False
TXN009390,CUST0435,MERCHANT006,17632.73,WALLET,2026-08-22 15:59:13.848634,SUCCESS,,1,9,5,False
TXN009391,CUST1942,MERCHANT010,758.33,UPI,2026-08-20 09:36:39.848634,SUCCESS,,1,1,2,False
TXN009392,CUST0130,MERCHANT005,6546.85,NETBANKING,2026-08-18 04:11:02.848634,FAILED,Bank Declined,2,16,1,True
TXN009393,CUST0204,MERCHANT001,48722.81,CARD,2026-08-20 04:25:41.848634,SUCCESS,,1,13,0,False
TXN009394,CUST0131,MERCHANT005,22970.3,UPI,2026-08-19 14:09:36.848634,SUCCESS,,1,15,2,False
TXN009395,CUST1780,MERCHANT006,10825.59,UPI,2026-08-22 08:58:45.848634,SUCCESS,,1,17,3,False
TXN009396,CUST1142,MERCHANT008,25695.68,NETBANKING,2026-08-18 15:10:12.848634,SUCCESS,,1,19,0,False
TXN009397,CUST0939,MERCHANT002,5937.81,NETBANKING,2026-08-18 22:23:42.848634,SUCCESS,,1,3,1,False
TXN009398,CUST1453,MERCHANT002,16563.84,NETBANKING,2026-08-20 10:33:52.848634,SUCCESS,,1,14,1,False
TXN009399,CUST1618,MERCHANT006,45230.29,WALLET,2026-08-19 10:45:46.848634,SUCCESS,,1,11,0,False
TXN009400,CUST1696,MERCHANT002,31223.97,WALLET,2026-08-18 12:16:33.848634,SUCCESS,,1,10,2,False
TXN009401,CUST1324,MERCHANT010,20568.38,WALLET,2026-08-23 13:55:34.848634,SUCCESS,,1,2,4,False
TXN009402,CUST1535,MERCHANT006,32554.15,WALLET,2026-08-23 00:00:41.848634,SUCCESS,,1,6,3,False
TXN009403,CUST1783,MERCHANT002,37397.52,NETBANKING,2026-08-22 13:31:50.848634,SUCCESS,,1,18,1,False
TXN009404,CUST0023,MERCHANT008,26777.26,UPI,2026-08-24 13:49:07.848634,SUCCESS,,1,10,4,False
TXN009405,CUST1763,MERCHANT010,43943.17,CARD,2026-08-23 04:13:32.848634,SUCCESS,,1,14,3,False
TXN009406,CUST0483,MERCHANT010,34651.77,UPI,2026-08-20 11:05:20.848634,SUCCESS,,1,17,1,False
TXN009407,CUST0480,MERCHANT004,8259.44,WALLET,2026-08-20 23:31:14.848634,SUCCESS,,1,2,4,False
TXN009408,CUST1006,MERCHANT005,37349.04,WALLET,2026-08-23 13:17:40.848634,SUCCESS,,1,14,0,False
TXN009409,CUST0675,MERCHANT007,21850.82,WALLET,2026-08-23 07:10:25.848634,SUCCESS,,1,6,1,False
TXN009410,CUST0595,MERCHANT005,19183.06,UPI,2026-08-19 10:17:15.848634,SUCCESS,,1,7,5,False
TXN009411,CUST1158,MERCHANT010,38719.9,NETBANKING,2026-08-21 09:29:34.848634,SUCCESS,,1,12,0,False
TXN009412,CUST1981,MERCHANT005,24002.56,UPI,2026-08-22 23:35:53.848634,SUCCESS,,1,19,4,False
TXN009413,CUST0531,MERCHANT006,13076.08,WALLET,2026-08-21 13:20:46.848634,SUCCESS,,1,5,1,False
TXN009414,CUST1029,MERCHANT003,2698.56,CARD,2026-08-25 01:40:32.848634,SUCCESS,,1,14,2,False
TXN009415,CUST1128,MERCHANT003,44850.78,NETBANKING,2026-08-23 20:37:53.848634,SUCCESS,,1,9,4,False
TXN009416,CUST1974,MERCHANT006,25586.56,WALLET,2026-08-25 02:25:55.848634,SUCCESS,,1,17,1,False
TXN009417,CUST0404,MERCHANT010,32978.3,CARD,2026-08-20 04:02:09.848634,SUCCESS,,1,16,2,False
TXN009418,CUST1602,MERCHANT010,21096.12,WALLET,2026-08-18 22:24:37.848634,SUCCESS,,1,18,0,False
TXN009419,CUST0116,MERCHANT007,22372.46,CARD,2026-08-21 10:19:39.848634,SUCCESS,,1,15,3,False
TXN009420,CUST1464,MERCHANT006,31736.72,WALLET,2026-08-20 17:52:47.848634,SUCCESS,,1,15,1,False
TXN009421,CUST0547,MERCHANT009,10587.47,NETBANKING,2026-08-21 00:18:39.848634,SUCCESS,,1,1,5,False
TXN009422,CUST1226,MERCHANT010,16121.23,WALLET,2026-08-22 08:17:54.848634,SUCCESS,,1,4,1,False
TXN009423,CUST0377,MERCHANT006,39227.07,NETBANKING,2026-08-22 17:43:57.848634,FAILED,Network Error,2,7,2,True
TXN009424,CUST1123,MERCHANT009,10591.43,WALLET,2026-08-20 03:55:53.848634,SUCCESS,,1,1,2,False
TXN009425,CUST0287,MERCHANT007,519.62,UPI,2026-08-25 02:06:38.848634,SUCCESS,,1,20,0,False
TXN009426,CUST1776,MERCHANT010,36275.01,CARD,2026-08-19 01:50:54.848634,SUCCESS,,1,5,3,False
TXN009427,CUST1188,MERCHANT002,30139.37,NETBANKING,2026-08-20 11:10:16.848634,SUCCESS,,1,10,2,False
TXN009428,CUST0643,MERCHANT007,39184.71,UPI,2026-08-23 21:26:30.848634,SUCCESS,,1,11,1,False
TXN009429,CUST1232,MERCHANT002,22434.24,NETBANKING,2026-08-23 13:21:35.848634,SUCCESS,,1,10,2,False
TXN009430,CUST0568,MERCHANT005,748.54,NETBANKING,2026-08-22 07:28:28.848634,SUCCESS,,1,11,4,False
TXN009431,CUST1221,MERCHANT009,9261.24,NETBANKING,2026-08-24 12:40:21.848634,SUCCESS,,1,2,4,False
TXN009432,CUST1554,MERCHANT008,44292.91,UPI,2026-08-20 01:12:22.848634,SUCCESS,,1,16,3,False
TXN009433,CUST1677,MERCHANT002,14729.93,UPI,2026-08-24 16:28:10.848634,FAILED,Network Error,1,1,0,True
TXN009434,CUST0536,MERCHANT001,614.01,WALLET,2026-08-24 02:05:33.848634,SUCCESS,,1,9,5,False
TXN009435,CUST1976,MERCHANT009,5836.11,UPI,2026-08-19 23:18:04.848634,SUCCESS,,1,0,4,False
TXN009436,CUST1248,MERCHANT009,8587.1,NETBANKING,2026-08-22 06:53:06.848634,SUCCESS,,1,15,0,False
TXN009437,CUST1806,MERCHANT009,41307.79,CARD,2026-08-23 09:25:44.848634,SUCCESS,,1,20,2,False
TXN009438,CUST1900,MERCHANT009,38498.51,CARD,2026-08-22 04:32:40.848634,SUCCESS,,1,8,4,False
TXN009439,CUST0057,MERCHANT002,5091.28,NETBANKING,2026-08-20 12:46:34.848634,SUCCESS,,1,14,5,False
TXN009440,CUST0240,MERCHANT006,38892.34,CARD,2026-08-20 07:54:07.848634,SUCCESS,,1,9,1,False
TXN009441,CUST0486,MERCHANT001,8509.84,CARD,2026-08-20 15:34:02.848634,SUCCESS,,1,18,4,False
TXN009442,CUST1742,MERCHANT006,47199.35,CARD,2026-08-20 03:17:49.848634,SUCCESS,,1,3,5,False
TXN009443,CUST1974,MERCHANT001,47547.53,WALLET,2026-08-22 04:16:07.848634,SUCCESS,,1,3,4,False
TXN009444,CUST0144,MERCHANT002,23383.54,CARD,2026-08-19 08:39:10.848634,SUCCESS,,1,8,3,False
TXN009445,CUST0536,MERCHANT006,6019.35,NETBANKING,2026-08-21 17:51:21.848634,SUCCESS,,1,8,2,False
TXN009446,CUST1459,MERCHANT005,522.63,NETBANKING,2026-08-23 18:46:10.848634,SUCCESS,,1,7,0,False
TXN009447,CUST1341,MERCHANT010,44618.27,NETBANKING,2026-08-19 13:51:02.848634,SUCCESS,,1,10,2,False
TXN009448,CUST0262,MERCHANT003,22903.91,UPI,2026-08-22 07:23:37.848634,SUCCESS,,1,10,2,False
TXN009449,CUST0101,MERCHANT005,22521.24,WALLET,2026-08-18 22:18:08.848634,SUCCESS,,1,10,5,False
TXN009450,CUST1749,MERCHANT005,33046.71,CARD,2026-08-19 13:44:34.848634,SUCCESS,,1,14,4,False
TXN009451,CUST0358,MERCHANT006,21300.25,CARD,2026-08-20 04:16:32.848634,SUCCESS,,1,3,4,False
TXN009452,CUST1663,MERCHANT009,3382.68,UPI,2026-08-20 23:13:56.848634,SUCCESS,,1,20,1,False
TXN009453,CUST1151,MERCHANT010,5120.77,WALLET,2026-08-21 02:20:36.848634,SUCCESS,,1,19,0,False
TXN009454,CUST1517,MERCHANT006,24367.74,WALLET,2026-08-22 01:34:43.848634,SUCCESS,,1,19,4,False
TXN009455,CUST0087,MERCHANT007,1524.94,UPI,2026-08-19 07:28:51.848634,SUCCESS,,1,18,5,False
TXN009456,CUST1225,MERCHANT004,19104.3,WALLET,2026-08-25 02:10:28.848634,SUCCESS,,1,2,5,False
TXN009457,CUST1200,MERCHANT006,1722.13,WALLET,2026-08-24 20:03:47.848634,SUCCESS,,1,17,0,False
TXN009458,CUST1127,MERCHANT001,4352.03,WALLET,2026-08-24 18:01:53.848634,SUCCESS,,1,14,4,False
TXN009459,CUST1903,MERCHANT010,15269.32,CARD,2026-08-23 01:18:22.848634,SUCCESS,,1,2,2,False
TXN009460,CUST1226,MERCHANT007,40947.24,WALLET,2026-08-24 23:53:54.848634,SUCCESS,,1,9,4,False
TXN009461,CUST1149,MERCHANT009,40664.6,NETBANKING,2026-08-24 22:52:30.848634,FAILED,Network Error,1,8,5,True
TXN009462,CUST1291,MERCHANT010,26180.5,UPI,2026-08-24 22:14:22.848634,SUCCESS,,1,14,4,False
TXN009463,CUST0067,MERCHANT004,46180.5,UPI,2026-08-22 01:27:48.848634,SUCCESS,,1,11,3,False
TXN009464,CUST1120,MERCHANT006,18285.11,NETBANKING,2026-08-25 01:59:07.848634,SUCCESS,,1,13,4,False
TXN009465,CUST0502,MERCHANT003,24481.41,UPI,2026-08-19 19:11:50.848634,SUCCESS,,1,11,3,False
TXN009466,CUST1912,MERCHANT001,35098.01,NETBANKING,2026-08-21 23:14:45.848634,SUCCESS,,1,10,1,False
TXN009467,CUST1738,MERCHANT004,4440.95,NETBANKING,2026-08-21 11:57:07.848634,SUCCESS,,1,6,0,False
TXN009468,CUST0197,MERCHANT001,43990.47,WALLET,2026-08-19 12:22:27.848634,SUCCESS,,1,0,4,False
TXN009469,CUST1670,MERCHANT003,1489.36,WALLET,2026-08-24 04:28:49.848634,SUCCESS,,1,6,5,False
TXN009470,CUST1341,MERCHANT004,48258.8,CARD,2026-08-22 09:15:38.848634,SUCCESS,,1,4,0,False
TXN009471,CUST1021,MERCHANT002,37981.98,NETBANKING,2026-08-19 08:52:08.848634,SUCCESS,,1,14,0,False
TXN009472,CUST0830,MERCHANT001,11592.99,WALLET,2026-08-19 12:27:31.848634,SUCCESS,,1,19,4,False
TXN009473,CUST1350,MERCHANT007,30562.36,CARD,2026-08-21 06:20:33.848634,SUCCESS,,1,7,4,False
TXN009474,CUST0630,MERCHANT007,46638.95,UPI,2026-08-22 23:15:31.848634,SUCCESS,,1,15,5,False
TXN009475,CUST0696,MERCHANT006,20948.55,UPI,2026-08-18 14:44:21.848634,SUCCESS,,1,7,2,False
TXN009476,CUST1492,MERCHANT003,23354.33,WALLET,2026-08-18 12:20:25.848634,SUCCESS,,1,3,3,False
TXN009477,CUST0896,MERCHANT005,2224.77,UPI,2026-08-25 01:45:00.848634,SUCCESS,,1,13,5,False
TXN009478,CUST0463,MERCHANT007,30009.76,CARD,2026-08-23 09:29:13.848634,SUCCESS,,1,9,3,False
TXN009479,CUST0167,MERCHANT006,17269.3,WALLET,2026-08-22 21:10:14.848634,SUCCESS,,1,3,4,False
TXN009480,CUST1870,MERCHANT009,18556.97,UPI,2026-08-23 04:24:37.848634,SUCCESS,,1,17,1,False
TXN009481,CUST0618,MERCHANT009,33745.6,NETBANKING,2026-08-18 16:20:36.848634,SUCCESS,,1,10,2,False
TXN009482,CUST1036,MERCHANT001,46305.62,WALLET,2026-08-18 10:24:07.848634,SUCCESS,,1,8,3,False
TXN009483,CUST0613,MERCHANT005,12244.12,NETBANKING,2026-08-23 03:36:06.848634,SUCCESS,,1,4,2,False
TXN009484,CUST1396,MERCHANT010,48963.78,NETBANKING,2026-08-19 16:30:57.848634,SUCCESS,,1,10,5,False
TXN009485,CUST1788,MERCHANT005,47380.99,CARD,2026-08-19 00:12:12.848634,SUCCESS,,1,16,3,False
TXN009486,CUST0523,MERCHANT007,5707.41,UPI,2026-08-22 06:15:27.848634,SUCCESS,,1,13,4,False
TXN009487,CUST1056,MERCHANT010,31680.58,NETBANKING,2026-08-19 11:48:09.848634,SUCCESS,,1,5,1,False
TXN009488,CUST1173,MERCHANT008,21294.63,CARD,2026-08-21 13:45:43.848634,SUCCESS,,1,10,2,False
TXN009489,CUST0454,MERCHANT007,3683.38,WALLET,2026-08-22 22:59:57.848634,SUCCESS,,1,1,0,False
TXN009490,CUST1256,MERCHANT003,40913.05,WALLET,2026-08-23 09:31:36.848634,SUCCESS,,1,9,4,False
TXN009491,CUST1511,MERCHANT005,44134.62,CARD,2026-08-18 20:16:15.848634,SUCCESS,,1,6,0,False
TXN009492,CUST1075,MERCHANT009,13392.93,UPI,2026-08-24 08:11:58.848634,SUCCESS,,1,9,5,False
TXN009493,CUST0966,MERCHANT009,35363.33,NETBANKING,2026-08-22 19:46:23.848634,FAILED,Insufficient Funds,2,20,5,True
TXN009494,CUST1209,MERCHANT008,42806.94,NETBANKING,2026-08-18 13:11:00.848634,SUCCESS,,1,3,0,False
TXN009495,CUST0906,MERCHANT009,43213.79,NETBANKING,2026-08-19 01:26:01.848634,SUCCESS,,1,15,5,False
TXN009496,CUST0843,MERCHANT004,15969.52,WALLET,2026-08-18 03:48:54.848634,SUCCESS,,1,5,1,False
TXN009497,CUST1690,MERCHANT005,7546.58,NETBANKING,2026-08-19 04:50:00.848634,SUCCESS,,1,6,5,False
TXN009498,CUST1257,MERCHANT009,5416.52,CARD,2026-08-22 07:57:50.848634,SUCCESS,,1,16,3,False
TXN009499,CUST1168,MERCHANT005,6150.86,NETBANKING,2026-08-18 12:57:47.848634,FAILED,Bank Declined,2,18,2,True
TXN009500,CUST1787,MERCHANT005,16117.09,CARD,2026-08-21 13:39:34.848634,SUCCESS,,1,5,2,False
TXN009501,CUST1121,MERCHANT005,37638.33,CARD,2026-08-19 08:36:06.848634,SUCCESS,,1,5,4,False
TXN009502,CUST0338,MERCHANT008,6566.71,NETBANKING,2026-08-21 23:51:19.848634,SUCCESS,,1,0,4,False
TXN009503,CUST0689,MERCHANT003,48027.94,UPI,2026-08-21 14:26:31.848634,SUCCESS,,1,10,3,False
TXN009504,CUST0300,MERCHANT003,16518.41,WALLET,2026-08-23 02:37:28.848634,SUCCESS,,1,11,0,False
TXN009505,CUST0581,MERCHANT003,34492.75,CARD,2026-08-21 22:39:52.848634,SUCCESS,,1,12,3,False
TXN009506,CUST0537,MERCHANT007,38525.88,CARD,2026-08-18 12:49:09.848634,SUCCESS,,1,8,3,False
TXN009507,CUST0808,MERCHANT007,25286.65,CARD,2026-08-22 08:55:05.848634,SUCCESS,,1,13,4,False
TXN009508,CUST1724,MERCHANT007,36874.95,WALLET,2026-08-18 21:46:02.848634,SUCCESS,,1,9,2,False
TXN009509,CUST0952,MERCHANT007,15686.89,WALLET,2026-08-21 10:59:45.848634,SUCCESS,,1,6,2,False
TXN009510,CUST1916,MERCHANT003,35893.77,CARD,2026-08-19 21:50:33.848634,SUCCESS,,1,13,0,False
TXN009511,CUST0795,MERCHANT004,7192.12,WALLET,2026-08-24 11:21:55.848634,SUCCESS,,1,0,3,False
TXN009512,CUST0935,MERCHANT006,1571.46,NETBANKING,2026-08-20 00:14:05.848634,SUCCESS,,1,19,0,False
TXN009513,CUST1460,MERCHANT004,4067.7,WALLET,2026-08-21 19:15:32.848634,SUCCESS,,1,2,0,False
TXN009514,CUST1667,MERCHANT005,34437.07,UPI,2026-08-18 15:59:51.848634,SUCCESS,,1,18,3,False
TXN009515,CUST1491,MERCHANT002,7880.76,UPI,2026-08-23 12:53:02.848634,SUCCESS,,1,17,5,False
TXN009516,CUST1368,MERCHANT003,1769.48,NETBANKING,2026-08-23 08:54:10.848634,FAILED,Bank Declined,1,1,2,True
TXN009517,CUST0747,MERCHANT005,18735.18,NETBANKING,2026-08-18 23:34:44.848634,SUCCESS,,1,3,1,False
TXN009518,CUST1445,MERCHANT007,35800.18,WALLET,2026-08-24 22:52:54.848634,SUCCESS,,1,8,4,False
TXN009519,CUST1567,MERCHANT006,37841.67,WALLET,2026-08-21 18:11:03.848634,SUCCESS,,1,1,1,False
TXN009520,CUST0481,MERCHANT001,19912.74,NETBANKING,2026-08-22 10:43:53.848634,SUCCESS,,1,5,3,False
TXN009521,CUST1159,MERCHANT007,31875.06,UPI,2026-08-19 06:11:06.848634,SUCCESS,,1,2,3,False
TXN009522,CUST1349,MERCHANT007,560.67,CARD,2026-08-18 21:07:19.848634,SUCCESS,,1,6,2,False
TXN009523,CUST0282,MERCHANT002,45394.89,WALLET,2026-08-24 08:30:42.848634,SUCCESS,,1,7,4,False
TXN009524,CUST1689,MERCHANT007,14231.53,NETBANKING,2026-08-22 15:58:53.848634,SUCCESS,,1,10,2,False
TXN009525,CUST0706,MERCHANT006,39423.31,UPI,2026-08-20 15:04:05.848634,SUCCESS,,1,1,1,False
TXN009526,CUST0158,MERCHANT010,34972.97,WALLET,2026-08-19 01:20:03.848634,SUCCESS,,1,9,5,False
TXN009527,CUST0790,MERCHANT004,35252.63,NETBANKING,2026-08-21 16:46:16.848634,SUCCESS,,1,7,1,False
TXN009528,CUST0494,MERCHANT010,5255.3,UPI,2026-08-21 18:47:29.848634,SUCCESS,,1,18,2,False
TXN009529,CUST1803,MERCHANT001,39194.31,NETBANKING,2026-08-19 23:11:13.848634,SUCCESS,,1,6,5,False
TXN009530,CUST0617,MERCHANT004,2857.74,UPI,2026-08-22 03:34:29.848634,SUCCESS,,1,9,2,False
TXN009531,CUST1579,MERCHANT002,37900.44,NETBANKING,2026-08-22 22:13:42.848634,SUCCESS,,1,18,2,False
TXN009532,CUST1221,MERCHANT006,39159.25,WALLET,2026-08-22 21:42:54.848634,SUCCESS,,1,11,3,False
TXN009533,CUST1012,MERCHANT003,1017.94,NETBANKING,2026-08-24 05:32:28.848634,SUCCESS,,1,12,0,False
TXN009534,CUST1303,MERCHANT001,29583.18,CARD,2026-08-20 12:07:40.848634,SUCCESS,,1,7,1,False
TXN009535,CUST1368,MERCHANT009,26972.16,CARD,2026-08-21 13:30:47.848634,SUCCESS,,1,1,5,False
TXN009536,CUST1528,MERCHANT010,7775.77,WALLET,2026-08-18 12:41:23.848634,SUCCESS,,1,19,0,False
TXN009537,CUST0266,MERCHANT010,24018.24,WALLET,2026-08-23 09:03:55.848634,SUCCESS,,1,20,0,False
TXN009538,CUST0582,MERCHANT007,27887.47,UPI,2026-08-18 13:50:07.848634,SUCCESS,,1,17,1,False
TXN009539,CUST0401,MERCHANT002,11157.91,WALLET,2026-08-19 05:03:38.848634,SUCCESS,,1,11,1,False
TXN009540,CUST0386,MERCHANT009,38676.51,UPI,2026-08-20 21:53:00.848634,SUCCESS,,1,7,0,False
TXN009541,CUST0141,MERCHANT003,4878.47,UPI,2026-08-18 09:42:45.848634,SUCCESS,,1,15,1,False
TXN009542,CUST1232,MERCHANT005,13945.98,WALLET,2026-08-23 08:23:29.848634,SUCCESS,,1,12,2,False
TXN009543,CUST0488,MERCHANT010,14960.23,NETBANKING,2026-08-20 17:46:37.848634,SUCCESS,,1,12,5,False
TXN009544,CUST1171,MERCHANT002,47900.31,WALLET,2026-08-23 04:34:58.848634,SUCCESS,,1,18,3,False
TXN009545,CUST0338,MERCHANT006,32249.44,NETBANKING,2026-08-23 06:57:13.848634,SUCCESS,,1,15,1,False
TXN009546,CUST1269,MERCHANT009,45283.58,WALLET,2026-08-22 14:12:37.848634,SUCCESS,,1,10,4,False
TXN009547,CUST1838,MERCHANT007,7967.68,NETBANKING,2026-08-20 19:24:07.848634,SUCCESS,,1,2,0,False
TXN009548,CUST0217,MERCHANT003,42668.95,CARD,2026-08-21 08:26:15.848634,SUCCESS,,1,6,2,False
TXN009549,CUST1156,MERCHANT005,41381.96,NETBANKING,2026-08-22 19:51:48.848634,FAILED,Insufficient Funds,1,18,1,True
TXN009550,CUST1584,MERCHANT001,865.18,UPI,2026-08-19 06:02:47.848634,SUCCESS,,1,13,5,False
TXN009551,CUST0563,MERCHANT001,19389.01,UPI,2026-08-19 09:13:04.848634,SUCCESS,,1,3,5,False
TXN009552,CUST0541,MERCHANT001,3806.19,NETBANKING,2026-08-18 13:53:34.848634,SUCCESS,,1,4,1,False
TXN009553,CUST1440,MERCHANT006,43735.62,UPI,2026-08-19 22:36:47.848634,SUCCESS,,1,19,2,False
TXN009554,CUST0943,MERCHANT008,41758.66,CARD,2026-08-23 16:52:58.848634,SUCCESS,,1,12,2,False
TXN009555,CUST1779,MERCHANT005,49926.93,CARD,2026-08-24 06:49:21.848634,SUCCESS,,1,8,3,False
TXN009556,CUST0198,MERCHANT007,40156.03,WALLET,2026-08-20 17:14:36.848634,SUCCESS,,1,13,1,False
TXN009557,CUST1757,MERCHANT004,41715.86,NETBANKING,2026-08-22 08:21:06.848634,SUCCESS,,1,16,5,False
TXN009558,CUST1707,MERCHANT008,34962.67,WALLET,2026-08-23 08:28:16.848634,SUCCESS,,1,4,0,False
TXN009559,CUST0285,MERCHANT008,10945.97,NETBANKING,2026-08-23 20:20:04.848634,SUCCESS,,1,8,4,False
TXN009560,CUST0313,MERCHANT010,38804.7,UPI,2026-08-20 14:31:50.848634,SUCCESS,,1,7,1,False
TXN009561,CUST1921,MERCHANT007,15686.81,CARD,2026-08-18 22:09:56.848634,SUCCESS,,1,4,1,False
TXN009562,CUST1627,MERCHANT005,19275.68,WALLET,2026-08-21 09:35:04.848634,SUCCESS,,1,9,5,False
TXN009563,CUST0017,MERCHANT005,8029.52,WALLET,2026-08-23 13:14:55.848634,SUCCESS,,1,17,0,False
TXN009564,CUST0554,MERCHANT005,2977.19,WALLET,2026-08-24 15:25:43.848634,SUCCESS,,1,8,4,False
TXN009565,CUST0673,MERCHANT008,16643.17,WALLET,2026-08-20 14:00:48.848634,SUCCESS,,1,20,2,False
TXN009566,CUST0586,MERCHANT003,40324.81,NETBANKING,2026-08-23 21:29:53.848634,SUCCESS,,1,14,2,False
TXN009567,CUST1557,MERCHANT008,27329.23,NETBANKING,2026-08-23 14:14:33.848634,SUCCESS,,1,6,1,False
TXN009568,CUST0235,MERCHANT002,31681.7,WALLET,2026-08-20 03:45:47.848634,SUCCESS,,1,16,4,False
TXN009569,CUST1839,MERCHANT005,11478.12,CARD,2026-08-22 09:09:54.848634,SUCCESS,,1,7,5,False
TXN009570,CUST0467,MERCHANT001,49426.94,WALLET,2026-08-22 03:37:40.848634,SUCCESS,,1,11,3,False
TXN009571,CUST0942,MERCHANT004,22856.19,WALLET,2026-08-23 01:24:42.848634,SUCCESS,,1,12,5,False
TXN009572,CUST0804,MERCHANT003,9948.12,UPI,2026-08-20 20:30:14.848634,SUCCESS,,1,19,1,False
TXN009573,CUST0722,MERCHANT007,27157.1,NETBANKING,2026-08-18 19:36:59.848634,SUCCESS,,1,7,5,False
TXN009574,CUST1529,MERCHANT006,15027.84,NETBANKING,2026-08-25 00:24:52.848634,SUCCESS,,1,5,3,False
TXN009575,CUST1481,MERCHANT010,4355.9,UPI,2026-08-23 08:31:22.848634,SUCCESS,,1,0,2,False
TXN009576,CUST1746,MERCHANT009,9054.9,UPI,2026-08-21 08:35:39.848634,SUCCESS,,1,19,2,False
TXN009577,CUST1470,MERCHANT006,24260.52,WALLET,2026-08-21 15:16:06.848634,SUCCESS,,1,3,4,False
TXN009578,CUST1361,MERCHANT001,44355.05,UPI,2026-08-24 02:24:05.848634,SUCCESS,,1,10,1,False
TXN009579,CUST1657,MERCHANT002,34197.27,UPI,2026-08-19 23:01:13.848634,FAILED,Bank Declined,3,9,4,False
TXN009580,CUST0436,MERCHANT006,38516.91,WALLET,2026-08-22 06:29:07.848634,SUCCESS,,1,19,3,False
TXN009581,CUST0256,MERCHANT010,48516.17,WALLET,2026-08-19 02:42:48.848634,SUCCESS,,1,15,0,False
TXN009582,CUST0632,MERCHANT009,39868.23,UPI,2026-08-20 12:27:52.848634,SUCCESS,,1,20,1,False
TXN009583,CUST1466,MERCHANT004,2747.52,NETBANKING,2026-08-22 15:17:05.848634,SUCCESS,,1,2,5,False
TXN009584,CUST1195,MERCHANT003,17780.74,WALLET,2026-08-23 23:20:21.848634,SUCCESS,,1,0,4,False
TXN009585,CUST1972,MERCHANT010,31693.21,WALLET,2026-08-23 05:42:10.848634,SUCCESS,,1,18,4,False
TXN009586,CUST0144,MERCHANT004,48054.17,WALLET,2026-08-19 15:53:38.848634,SUCCESS,,1,19,1,False
TXN009587,CUST0064,MERCHANT007,2983.58,NETBANKING,2026-08-18 15:51:51.848634,SUCCESS,,1,16,4,False
TXN009588,CUST0675,MERCHANT003,27020.84,NETBANKING,2026-08-24 03:53:56.848634,SUCCESS,,1,4,5,False
TXN009589,CUST0857,MERCHANT001,20435.89,UPI,2026-08-20 03:20:47.848634,SUCCESS,,1,15,5,False
TXN009590,CUST0698,MERCHANT004,576.51,UPI,2026-08-20 07:42:37.848634,SUCCESS,,1,18,4,False
TXN009591,CUST0675,MERCHANT001,40408.71,WALLET,2026-08-23 22:09:28.848634,SUCCESS,,1,0,1,False
TXN009592,CUST1924,MERCHANT007,33229.18,NETBANKING,2026-08-23 14:37:49.848634,SUCCESS,,1,11,4,False
TXN009593,CUST0699,MERCHANT001,6692.97,NETBANKING,2026-08-21 00:08:30.848634,SUCCESS,,1,2,5,False
TXN009594,CUST0264,MERCHANT010,39581.34,WALLET,2026-08-21 11:04:48.848634,SUCCESS,,1,8,4,False
TXN009595,CUST0764,MERCHANT002,18664.06,WALLET,2026-08-23 09:47:19.848634,SUCCESS,,1,16,3,False
TXN009596,CUST0871,MERCHANT006,13704.78,WALLET,2026-08-21 12:40:25.848634,SUCCESS,,1,20,5,False
TXN009597,CUST0770,MERCHANT002,3607.22,WALLET,2026-08-20 21:19:01.848634,SUCCESS,,1,10,2,False
TXN009598,CUST1662,MERCHANT005,37177.3,UPI,2026-08-20 01:27:35.848634,SUCCESS,,1,20,4,False
TXN009599,CUST1386,MERCHANT006,29081.06,WALLET,2026-08-18 08:42:26.848634,SUCCESS,,1,14,3,False
TXN009600,CUST0892,MERCHANT004,29534.08,NETBANKING,2026-08-21 11:53:54.848634,SUCCESS,,1,12,4,False
TXN009601,CUST1409,MERCHANT002,43236.09,WALLET,2026-08-23 18:20:43.848634,SUCCESS,,1,1,0,False
TXN009602,CUST1238,MERCHANT007,35893.23,NETBANKING,2026-08-23 13:38:44.848634,SUCCESS,,1,19,5,False
TXN009603,CUST0235,MERCHANT001,44789.99,CARD,2026-08-18 04:11:58.848634,SUCCESS,,1,16,1,False
TXN009604,CUST1565,MERCHANT008,8085.94,WALLET,2026-08-18 12:06:01.848634,SUCCESS,,1,20,1,False
TXN009605,CUST1351,MERCHANT002,5355.55,UPI,2026-08-20 15:49:33.848634,SUCCESS,,1,15,4,False
TXN009606,CUST1608,MERCHANT007,1150.8,WALLET,2026-08-23 02:33:18.848634,SUCCESS,,1,4,2,False
TXN009607,CUST1051,MERCHANT002,46042.82,CARD,2026-08-22 20:02:25.848634,SUCCESS,,1,6,4,False
TXN009608,CUST1760,MERCHANT009,5266.45,WALLET,2026-08-23 21:04:33.848634,SUCCESS,,1,6,0,False
TXN009609,CUST0475,MERCHANT003,18775.71,UPI,2026-08-23 13:24:09.848634,SUCCESS,,1,9,2,False
TXN009610,CUST1276,MERCHANT002,13701.82,NETBANKING,2026-08-19 16:20:19.848634,SUCCESS,,1,20,0,False
TXN009611,CUST0135,MERCHANT003,21187.6,NETBANKING,2026-08-24 06:28:29.848634,SUCCESS,,1,13,3,False
TXN009612,CUST1539,MERCHANT001,19249.61,UPI,2026-08-19 17:23:45.848634,SUCCESS,,1,5,3,False
TXN009613,CUST0241,MERCHANT006,45989.34,CARD,2026-08-18 08:59:54.848634,SUCCESS,,1,20,2,False
TXN009614,CUST1047,MERCHANT006,10865.76,WALLET,2026-08-24 05:58:09.848634,SUCCESS,,1,17,1,False
TXN009615,CUST1574,MERCHANT001,12332.55,UPI,2026-08-21 06:15:43.848634,SUCCESS,,1,19,3,False
TXN009616,CUST1313,MERCHANT006,28081.89,UPI,2026-08-18 22:11:09.848634,SUCCESS,,1,4,5,False
TXN009617,CUST1295,MERCHANT003,24795.66,CARD,2026-08-20 17:27:28.848634,SUCCESS,,1,19,4,False
TXN009618,CUST1587,MERCHANT004,16197.67,UPI,2026-08-22 09:08:06.848634,SUCCESS,,1,11,5,False
TXN009619,CUST1445,MERCHANT003,18720.44,UPI,2026-08-23 06:52:26.848634,SUCCESS,,1,17,4,False
TXN009620,CUST1188,MERCHANT006,27146.76,CARD,2026-08-21 11:42:07.848634,SUCCESS,,1,13,5,False
TXN009621,CUST1063,MERCHANT008,24124.06,NETBANKING,2026-08-23 03:08:33.848634,SUCCESS,,1,4,4,False
TXN009622,CUST0147,MERCHANT001,27990.57,UPI,2026-08-18 13:14:25.848634,SUCCESS,,1,10,2,False
TXN009623,CUST1542,MERCHANT004,47551.47,UPI,2026-08-19 13:33:40.848634,SUCCESS,,1,12,4,False
TXN009624,CUST1745,MERCHANT009,1343.0,WALLET,2026-08-20 14:48:47.848634,SUCCESS,,1,0,1,False
TXN009625,CUST1921,MERCHANT010,46184.5,UPI,2026-08-21 23:20:54.848634,SUCCESS,,1,13,1,False
TXN009626,CUST0493,MERCHANT007,17768.47,WALLET,2026-08-23 11:47:13.848634,SUCCESS,,1,14,4,False
TXN009627,CUST1053,MERCHANT006,44052.57,UPI,2026-08-23 12:05:12.848634,SUCCESS,,1,15,3,False
TXN009628,CUST1144,MERCHANT005,27066.55,NETBANKING,2026-08-19 20:00:22.848634,SUCCESS,,1,14,1,False
TXN009629,CUST0354,MERCHANT004,33454.59,WALLET,2026-08-21 02:26:43.848634,SUCCESS,,1,8,1,False
TXN009630,CUST1556,MERCHANT001,28171.17,NETBANKING,2026-08-19 16:52:23.848634,SUCCESS,,1,4,0,False
TXN009631,CUST0334,MERCHANT007,6704.3,WALLET,2026-08-19 16:52:08.848634,SUCCESS,,1,18,1,False
TXN009632,CUST0078,MERCHANT004,38320.99,CARD,2026-08-20 08:59:55.848634,SUCCESS,,1,17,3,False
TXN009633,CUST0456,MERCHANT007,32774.72,UPI,2026-08-21 00:54:55.848634,SUCCESS,,1,3,2,False
TXN009634,CUST0360,MERCHANT001,39980.97,NETBANKING,2026-08-24 05:00:24.848634,SUCCESS,,1,1,3,False
TXN009635,CUST0386,MERCHANT003,11811.26,WALLET,2026-08-21 07:50:50.848634,SUCCESS,,1,3,5,False
TXN009636,CUST1607,MERCHANT003,45569.94,NETBANKING,2026-08-19 02:52:39.848634,SUCCESS,,1,8,2,False
TXN009637,CUST0017,MERCHANT005,48206.56,NETBANKING,2026-08-19 20:35:52.848634,SUCCESS,,1,5,0,False
TXN009638,CUST0292,MERCHANT008,18656.55,WALLET,2026-08-24 08:34:58.848634,SUCCESS,,1,0,2,False
TXN009639,CUST1449,MERCHANT005,12434.27,NETBANKING,2026-08-18 14:28:57.848634,SUCCESS,,1,18,1,False
TXN009640,CUST1594,MERCHANT007,11686.29,UPI,2026-08-19 14:09:45.848634,SUCCESS,,1,20,3,False
TXN009641,CUST1255,MERCHANT004,36524.19,WALLET,2026-08-21 00:02:57.848634,SUCCESS,,1,20,5,False
TXN009642,CUST0061,MERCHANT008,45710.81,WALLET,2026-08-20 15:38:17.848634,FAILED,Insufficient Funds,2,10,2,True
TXN009643,CUST0156,MERCHANT004,44850.6,WALLET,2026-08-22 06:47:38.848634,SUCCESS,,1,15,5,False
TXN009644,CUST1917,MERCHANT006,25319.61,UPI,2026-08-20 01:29:33.848634,SUCCESS,,1,4,1,False
TXN009645,CUST0732,MERCHANT007,21775.88,WALLET,2026-08-20 02:56:35.848634,SUCCESS,,1,6,5,False
TXN009646,CUST0737,MERCHANT005,20232.75,CARD,2026-08-20 14:31:35.848634,SUCCESS,,1,11,1,False
TXN009647,CUST0666,MERCHANT010,1850.04,UPI,2026-08-22 04:27:01.848634,SUCCESS,,1,14,3,False
TXN009648,CUST1492,MERCHANT008,3089.34,WALLET,2026-08-24 06:21:02.848634,SUCCESS,,1,14,0,False
TXN009649,CUST1999,MERCHANT009,19834.71,NETBANKING,2026-08-20 08:31:30.848634,SUCCESS,,1,11,4,False
TXN009650,CUST0277,MERCHANT004,33314.4,CARD,2026-08-18 15:46:58.848634,SUCCESS,,1,12,3,False
TXN009651,CUST1579,MERCHANT005,14300.93,NETBANKING,2026-08-19 18:49:20.848634,SUCCESS,,1,9,2,False
TXN009652,CUST0275,MERCHANT004,35155.29,NETBANKING,2026-08-24 07:15:35.848634,SUCCESS,,1,13,2,False
TXN009653,CUST1712,MERCHANT010,11001.15,NETBANKING,2026-08-24 23:21:08.848634,SUCCESS,,1,7,2,False
TXN009654,CUST1047,MERCHANT003,48924.09,WALLET,2026-08-21 11:04:20.848634,SUCCESS,,1,0,1,False
TXN009655,CUST1292,MERCHANT004,3599.45,NETBANKING,2026-08-23 06:10:46.848634,SUCCESS,,1,12,3,False
TXN009656,CUST1017,MERCHANT004,24979.5,NETBANKING,2026-08-21 11:56:29.848634,SUCCESS,,1,18,1,False
TXN009657,CUST1022,MERCHANT005,21702.03,NETBANKING,2026-08-22 09:25:46.848634,SUCCESS,,1,3,3,False
TXN009658,CUST0147,MERCHANT009,21673.42,NETBANKING,2026-08-19 00:48:42.848634,SUCCESS,,1,12,3,False
TXN009659,CUST0040,MERCHANT003,9019.18,CARD,2026-08-22 01:47:34.848634,SUCCESS,,1,14,3,False
TXN009660,CUST0852,MERCHANT005,41167.88,CARD,2026-08-22 04:05:35.848634,SUCCESS,,1,15,3,False
TXN009661,CUST1345,MERCHANT010,29566.12,UPI,2026-08-21 09:24:56.848634,SUCCESS,,1,15,5,False
TXN009662,CUST0515,MERCHANT005,37187.22,NETBANKING,2026-08-22 07:44:43.848634,SUCCESS,,1,16,2,False
TXN009663,CUST0557,MERCHANT010,49809.55,NETBANKING,2026-08-20 23:19:33.848634,SUCCESS,,1,15,2,False
TXN009664,CUST1834,MERCHANT010,44022.79,UPI,2026-08-22 19:18:17.848634,SUCCESS,,1,1,5,False
TXN009665,CUST0467,MERCHANT006,25406.71,CARD,2026-08-22 17:16:43.848634,SUCCESS,,1,19,1,False
TXN009666,CUST1508,MERCHANT005,20211.44,NETBANKING,2026-08-20 20:37:24.848634,SUCCESS,,1,17,4,False
TXN009667,CUST1386,MERCHANT004,33950.1,CARD,2026-08-23 09:51:20.848634,SUCCESS,,1,9,4,False
TXN009668,CUST0242,MERCHANT001,8279.16,UPI,2026-08-23 14:14:51.848634,SUCCESS,,1,20,3,False
TXN009669,CUST0849,MERCHANT009,41254.86,WALLET,2026-08-24 03:56:11.848634,SUCCESS,,1,1,4,False
TXN009670,CUST0566,MERCHANT003,34881.07,CARD,2026-08-20 20:15:33.848634,SUCCESS,,1,9,4,False
TXN009671,CUST1727,MERCHANT009,8447.32,CARD,2026-08-21 12:39:01.848634,SUCCESS,,1,15,4,False
TXN009672,CUST0409,MERCHANT009,49227.95,CARD,2026-08-24 19:25:10.848634,SUCCESS,,1,2,0,False
TXN009673,CUST1600,MERCHANT006,12581.69,NETBANKING,2026-08-18 06:49:53.848634,SUCCESS,,1,13,0,False
TXN009674,CUST1124,MERCHANT005,3765.22,UPI,2026-08-23 20:53:00.848634,SUCCESS,,1,14,2,False
TXN009675,CUST1363,MERCHANT008,17472.5,NETBANKING,2026-08-23 08:55:11.848634,SUCCESS,,1,19,0,False
TXN009676,CUST1729,MERCHANT006,14730.29,WALLET,2026-08-23 16:52:59.848634,SUCCESS,,1,7,4,False
TXN009677,CUST0406,MERCHANT006,42567.52,NETBANKING,2026-08-24 09:54:08.848634,FAILED,Technical Error,1,19,5,True
TXN009678,CUST0464,MERCHANT005,13438.6,UPI,2026-08-22 02:29:08.848634,SUCCESS,,1,0,1,False
TXN009679,CUST1386,MERCHANT005,18579.17,WALLET,2026-08-22 11:29:27.848634,SUCCESS,,1,14,3,False
TXN009680,CUST1681,MERCHANT009,16127.67,UPI,2026-08-23 21:39:54.848634,SUCCESS,,1,20,1,False
TXN009681,CUST1026,MERCHANT007,12864.06,CARD,2026-08-19 21:45:23.848634,SUCCESS,,1,3,5,False
TXN009682,CUST1344,MERCHANT001,31906.32,WALLET,2026-08-20 22:51:47.848634,SUCCESS,,1,15,3,False
TXN009683,CUST0443,MERCHANT007,6985.26,NETBANKING,2026-08-20 12:28:52.848634,SUCCESS,,1,15,1,False
TXN009684,CUST1066,MERCHANT010,21298.47,WALLET,2026-08-22 07:52:51.848634,SUCCESS,,1,12,1,False
TXN009685,CUST0475,MERCHANT001,44579.19,CARD,2026-08-22 22:00:59.848634,SUCCESS,,1,9,3,False
TXN009686,CUST1379,MERCHANT001,1303.06,NETBANKING,2026-08-18 15:51:33.848634,SUCCESS,,1,20,0,False
TXN009687,CUST1451,MERCHANT004,24574.65,UPI,2026-08-19 20:30:18.848634,SUCCESS,,1,20,4,False
TXN009688,CUST0338,MERCHANT007,31264.31,UPI,2026-08-19 07:21:51.848634,SUCCESS,,1,0,4,False
TXN009689,CUST0122,MERCHANT008,16866.59,NETBANKING,2026-08-21 06:36:26.848634,SUCCESS,,1,16,5,False
TXN009690,CUST0777,MERCHANT003,12639.87,WALLET,2026-08-21 15:45:40.848634,SUCCESS,,1,0,1,False
TXN009691,CUST1898,MERCHANT004,5794.27,WALLET,2026-08-23 01:56:55.848634,FAILED,Bank Declined,1,3,5,True
TXN009692,CUST0632,MERCHANT003,38877.29,NETBANKING,2026-08-22 18:50:59.848634,SUCCESS,,1,11,4,False
TXN009693,CUST1369,MERCHANT010,46959.99,CARD,2026-08-24 20:17:01.848634,SUCCESS,,1,4,1,False
TXN009694,CUST1091,MERCHANT002,10944.32,NETBANKING,2026-08-20 01:35:42.848634,SUCCESS,,1,0,5,False
TXN009695,CUST0729,MERCHANT001,3554.9,WALLET,2026-08-21 02:50:16.848634,SUCCESS,,1,15,3,False
TXN009696,CUST1085,MERCHANT002,42758.81,WALLET,2026-08-23 23:59:30.848634,SUCCESS,,1,14,5,False
TXN009697,CUST0641,MERCHANT001,35420.59,UPI,2026-08-19 05:02:30.848634,SUCCESS,,1,11,2,False
TXN009698,CUST1152,MERCHANT009,5065.46,CARD,2026-08-22 10:39:05.848634,SUCCESS,,1,18,3,False
TXN009699,CUST0936,MERCHANT007,37154.39,WALLET,2026-08-19 20:04:58.848634,SUCCESS,,1,12,1,False
TXN009700,CUST0231,MERCHANT009,39162.02,CARD,2026-08-20 13:09:51.848634,SUCCESS,,1,15,1,False
TXN009701,CUST1824,MERCHANT008,7607.09,NETBANKING,2026-08-19 00:03:28.848634,SUCCESS,,1,20,0,False
TXN009702,CUST1378,MERCHANT001,2723.02,UPI,2026-08-23 09:56:02.848634,SUCCESS,,1,0,3,False
TXN009703,CUST0869,MERCHANT008,39933.02,UPI,2026-08-19 21:38:05.848634,SUCCESS,,1,9,2,False
TXN009704,CUST0518,MERCHANT010,2457.44,WALLET,2026-08-24 08:09:12.848634,SUCCESS,,1,18,0,False
TXN009705,CUST1842,MERCHANT007,33152.34,CARD,2026-08-19 01:13:52.848634,SUCCESS,,1,5,3,False
TXN009706,CUST0197,MERCHANT010,44017.24,WALLET,2026-08-19 15:26:09.848634,SUCCESS,,1,2,4,False
TXN009707,CUST0031,MERCHANT004,32824.96,NETBANKING,2026-08-24 08:29:07.848634,SUCCESS,,1,13,2,False
TXN009708,CUST1613,MERCHANT005,26582.49,NETBANKING,2026-08-18 09:33:43.848634,SUCCESS,,1,15,4,False
TXN009709,CUST1307,MERCHANT005,36377.94,NETBANKING,2026-08-19 07:31:24.848634,SUCCESS,,1,5,3,False
TXN009710,CUST0265,MERCHANT009,3171.55,NETBANKING,2026-08-19 00:49:19.848634,SUCCESS,,1,19,2,False
TXN009711,CUST1591,MERCHANT010,12860.7,UPI,2026-08-18 23:24:14.848634,SUCCESS,,1,1,2,False
TXN009712,CUST0986,MERCHANT008,41714.21,CARD,2026-08-23 20:02:53.848634,SUCCESS,,1,16,2,False
TXN009713,CUST1902,MERCHANT006,9059.9,CARD,2026-08-20 07:06:26.848634,SUCCESS,,1,6,1,False
TXN009714,CUST1517,MERCHANT010,35857.76,WALLET,2026-08-24 06:57:04.848634,SUCCESS,,1,7,0,False
TXN009715,CUST0466,MERCHANT009,42764.99,WALLET,2026-08-18 13:32:18.848634,SUCCESS,,1,14,0,False
TXN009716,CUST0799,MERCHANT005,45423.2,NETBANKING,2026-08-23 10:53:16.848634,SUCCESS,,1,8,0,False
TXN009717,CUST1919,MERCHANT010,9258.96,UPI,2026-08-23 08:13:04.848634,SUCCESS,,1,18,3,False
TXN009718,CUST1147,MERCHANT004,8629.87,UPI,2026-08-24 15:20:02.848634,SUCCESS,,1,18,4,False
TXN009719,CUST1916,MERCHANT007,16105.86,UPI,2026-08-18 03:32:54.848634,SUCCESS,,1,11,1,False
TXN009720,CUST0227,MERCHANT009,43001.92,NETBANKING,2026-08-18 18:16:19.848634,SUCCESS,,1,5,1,False
TXN009721,CUST0663,MERCHANT001,46933.74,UPI,2026-08-24 18:15:21.848634,SUCCESS,,1,20,5,False
TXN009722,CUST1655,MERCHANT002,44385.72,CARD,2026-08-18 14:17:23.848634,SUCCESS,,1,20,2,False
TXN009723,CUST1094,MERCHANT008,29626.52,NETBANKING,2026-08-21 13:34:01.848634,SUCCESS,,1,9,1,False
TXN009724,CUST0076,MERCHANT006,17180.4,WALLET,2026-08-19 05:57:47.848634,SUCCESS,,1,15,1,False
TXN009725,CUST0574,MERCHANT002,31335.59,CARD,2026-08-18 20:34:23.848634,SUCCESS,,1,9,5,False
TXN009726,CUST0957,MERCHANT006,36380.25,CARD,2026-08-21 02:58:24.848634,SUCCESS,,1,0,5,False
TXN009727,CUST1232,MERCHANT010,9733.88,UPI,2026-08-24 02:48:37.848634,SUCCESS,,1,16,2,False
TXN009728,CUST0988,MERCHANT007,27077.16,NETBANKING,2026-08-21 15:21:12.848634,SUCCESS,,1,10,4,False
TXN009729,CUST0930,MERCHANT009,31926.2,WALLET,2026-08-22 01:08:20.848634,SUCCESS,,1,14,0,False
TXN009730,CUST1203,MERCHANT009,31831.07,UPI,2026-08-19 09:52:09.848634,SUCCESS,,1,7,3,False
TXN009731,CUST1246,MERCHANT004,39813.29,NETBANKING,2026-08-23 10:02:46.848634,SUCCESS,,1,8,5,False
TXN009732,CUST1715,MERCHANT004,10574.37,NETBANKING,2026-08-21 23:28:18.848634,SUCCESS,,1,14,0,False
TXN009733,CUST0619,MERCHANT004,30233.6,WALLET,2026-08-20 05:18:29.848634,SUCCESS,,1,14,3,False
TXN009734,CUST0353,MERCHANT007,21925.74,UPI,2026-08-24 19:44:46.848634,SUCCESS,,1,20,5,False
TXN009735,CUST0573,MERCHANT004,46099.89,NETBANKING,2026-08-22 12:56:10.848634,SUCCESS,,1,16,3,False
TXN009736,CUST0282,MERCHANT006,31558.18,CARD,2026-08-20 22:21:21.848634,SUCCESS,,1,17,1,False
TXN009737,CUST1225,MERCHANT006,5102.71,UPI,2026-08-18 02:47:42.848634,SUCCESS,,1,15,5,False
TXN009738,CUST0086,MERCHANT003,7498.87,CARD,2026-08-20 02:38:07.848634,SUCCESS,,1,5,4,False
TXN009739,CUST1586,MERCHANT004,43209.17,WALLET,2026-08-24 22:17:08.848634,SUCCESS,,1,8,4,False
TXN009740,CUST1447,MERCHANT007,28810.83,UPI,2026-08-19 21:36:56.848634,SUCCESS,,1,19,5,False
TXN009741,CUST0574,MERCHANT009,4695.7,CARD,2026-08-22 18:51:49.848634,SUCCESS,,1,18,3,False
TXN009742,CUST1157,MERCHANT002,2336.42,CARD,2026-08-20 21:25:29.848634,SUCCESS,,1,7,2,False
TXN009743,CUST0392,MERCHANT002,9511.45,NETBANKING,2026-08-24 22:08:39.848634,FAILED,Insufficient Funds,3,19,5,False
TXN009744,CUST0631,MERCHANT008,15830.94,NETBANKING,2026-08-18 16:48:55.848634,SUCCESS,,1,20,5,False
TXN009745,CUST1801,MERCHANT010,41837.09,UPI,2026-08-23 21:21:46.848634,SUCCESS,,1,16,0,False
TXN009746,CUST1714,MERCHANT003,5675.14,NETBANKING,2026-08-20 22:17:32.848634,SUCCESS,,1,11,5,False
TXN009747,CUST0237,MERCHANT010,47955.32,CARD,2026-08-21 08:09:32.848634,SUCCESS,,1,4,0,False
TXN009748,CUST1034,MERCHANT009,37517.74,CARD,2026-08-23 04:51:41.848634,SUCCESS,,1,10,2,False
TXN009749,CUST0596,MERCHANT004,47037.36,CARD,2026-08-21 19:00:09.848634,SUCCESS,,1,11,1,False
TXN009750,CUST1898,MERCHANT008,25091.42,UPI,2026-08-22 04:02:12.848634,SUCCESS,,1,1,2,False
TXN009751,CUST1571,MERCHANT001,11546.29,WALLET,2026-08-20 04:49:32.848634,SUCCESS,,1,4,1,False
TXN009752,CUST0916,MERCHANT001,31826.04,UPI,2026-08-20 16:23:12.848634,SUCCESS,,1,10,2,False
TXN009753,CUST1386,MERCHANT003,17731.84,UPI,2026-08-23 14:52:23.848634,SUCCESS,,1,15,4,False
TXN009754,CUST1844,MERCHANT006,25850.22,UPI,2026-08-19 12:20:32.848634,SUCCESS,,1,0,0,False
TXN009755,CUST0604,MERCHANT008,31820.9,WALLET,2026-08-19 16:28:27.848634,SUCCESS,,1,2,1,False
TXN009756,CUST0191,MERCHANT010,43769.71,CARD,2026-08-19 08:04:29.848634,SUCCESS,,1,10,3,False
TXN009757,CUST0776,MERCHANT010,41503.12,CARD,2026-08-19 22:51:52.848634,SUCCESS,,1,11,0,False
TXN009758,CUST0446,MERCHANT002,37200.86,NETBANKING,2026-08-22 11:58:49.848634,SUCCESS,,1,3,5,False
TXN009759,CUST1253,MERCHANT001,19774.68,NETBANKING,2026-08-18 10:16:21.848634,SUCCESS,,1,0,1,False
TXN009760,CUST0415,MERCHANT007,46779.89,UPI,2026-08-23 10:30:37.848634,SUCCESS,,1,12,2,False
TXN009761,CUST1077,MERCHANT001,10345.52,WALLET,2026-08-23 19:40:00.848634,SUCCESS,,1,14,1,False
TXN009762,CUST0320,MERCHANT004,38220.08,CARD,2026-08-24 15:20:35.848634,SUCCESS,,1,4,2,False
TXN009763,CUST0638,MERCHANT002,26714.41,UPI,2026-08-22 10:33:31.848634,SUCCESS,,1,0,0,False
TXN009764,CUST1845,MERCHANT005,44921.47,CARD,2026-08-19 20:37:41.848634,SUCCESS,,1,15,0,False
TXN009765,CUST1654,MERCHANT002,10529.58,CARD,2026-08-21 14:20:25.848634,SUCCESS,,1,3,0,False
TXN009766,CUST0846,MERCHANT005,19151.95,WALLET,2026-08-20 12:54:17.848634,SUCCESS,,1,9,0,False
TXN009767,CUST1726,MERCHANT009,21694.28,CARD,2026-08-20 13:46:09.848634,SUCCESS,,1,14,0,False
TXN009768,CUST0105,MERCHANT005,6055.9,UPI,2026-08-22 11:20:28.848634,SUCCESS,,1,1,4,False
TXN009769,CUST1930,MERCHANT001,5669.7,WALLET,2026-08-25 00:08:49.848634,SUCCESS,,1,0,3,False
TXN009770,CUST1061,MERCHANT008,29232.25,NETBANKING,2026-08-24 23:38:58.848634,SUCCESS,,1,7,1,False
TXN009771,CUST0622,MERCHANT003,42011.58,CARD,2026-08-24 00:38:00.848634,SUCCESS,,1,20,0,False
TXN009772,CUST1166,MERCHANT008,28794.26,WALLET,2026-08-22 02:33:01.848634,SUCCESS,,1,5,0,False
TXN009773,CUST1784,MERCHANT004,262.86,UPI,2026-08-18 22:58:23.848634,SUCCESS,,1,3,0,False
TXN009774,CUST0281,MERCHANT007,6211.02,UPI,2026-08-20 05:50:54.848634,SUCCESS,,1,8,2,False
TXN009775,CUST1791,MERCHANT008,6695.97,WALLET,2026-08-21 01:55:01.848634,SUCCESS,,1,0,0,False
TXN009776,CUST0910,MERCHANT006,26081.63,CARD,2026-08-20 20:45:39.848634,SUCCESS,,1,19,4,False
TXN009777,CUST1412,MERCHANT006,28152.58,CARD,2026-08-21 08:51:27.848634,SUCCESS,,1,19,5,False
TXN009778,CUST1534,MERCHANT010,34298.43,CARD,2026-08-24 21:08:52.848634,SUCCESS,,1,9,2,False
TXN009779,CUST1531,MERCHANT005,35281.0,CARD,2026-08-20 19:44:20.848634,SUCCESS,,1,12,2,False
TXN009780,CUST0288,MERCHANT008,15867.47,WALLET,2026-08-24 06:33:35.848634,SUCCESS,,1,12,3,False
TXN009781,CUST0720,MERCHANT002,11874.64,NETBANKING,2026-08-19 00:26:01.848634,SUCCESS,,1,5,3,False
TXN009782,CUST0273,MERCHANT005,31459.36,CARD,2026-08-23 14:35:03.848634,SUCCESS,,1,18,5,False
TXN009783,CUST1298,MERCHANT006,20606.74,NETBANKING,2026-08-24 17:17:47.848634,SUCCESS,,1,17,2,False
TXN009784,CUST0064,MERCHANT003,25720.55,WALLET,2026-08-18 05:05:39.848634,SUCCESS,,1,11,4,False
TXN009785,CUST1510,MERCHANT007,32153.2,WALLET,2026-08-20 18:12:17.848634,SUCCESS,,1,4,5,False
TXN009786,CUST1393,MERCHANT005,37345.8,WALLET,2026-08-20 09:11:05.848634,SUCCESS,,1,19,0,False
TXN009787,CUST0398,MERCHANT003,17979.39,WALLET,2026-08-22 14:52:42.848634,SUCCESS,,1,11,5,False
TXN009788,CUST0169,MERCHANT005,26630.14,NETBANKING,2026-08-19 10:00:44.848634,SUCCESS,,1,7,5,False
TXN009789,CUST0075,MERCHANT006,31187.21,NETBANKING,2026-08-18 08:28:42.848634,SUCCESS,,1,12,3,False
TXN009790,CUST1335,MERCHANT007,21595.77,CARD,2026-08-20 02:46:04.848634,SUCCESS,,1,20,3,False
TXN009791,CUST1113,MERCHANT007,45656.19,WALLET,2026-08-21 12:51:50.848634,SUCCESS,,1,14,0,False
TXN009792,CUST0847,MERCHANT006,10508.52,UPI,2026-08-20 21:48:22.848634,SUCCESS,,1,20,4,False
TXN009793,CUST0474,MERCHANT004,12201.25,NETBANKING,2026-08-21 16:28:13.848634,SUCCESS,,1,8,3,False
TXN009794,CUST1141,MERCHANT008,34454.84,UPI,2026-08-19 18:57:05.848634,SUCCESS,,1,0,0,False
TXN009795,CUST0761,MERCHANT005,34730.08,UPI,2026-08-22 02:38:30.848634,SUCCESS,,1,18,1,False
TXN009796,CUST1835,MERCHANT009,36675.4,WALLET,2026-08-24 00:16:18.848634,SUCCESS,,1,6,1,False
TXN009797,CUST1206,MERCHANT006,39709.91,CARD,2026-08-22 12:07:29.848634,SUCCESS,,1,1,3,False
TXN009798,CUST0298,MERCHANT001,10774.74,WALLET,2026-08-21 11:41:05.848634,SUCCESS,,1,17,2,False
TXN009799,CUST0581,MERCHANT007,35794.29,WALLET,2026-08-24 09:40:42.848634,SUCCESS,,1,10,4,False
TXN009800,CUST0004,MERCHANT003,1541.95,NETBANKING,2026-08-24 01:38:57.848634,SUCCESS,,1,3,3,False
TXN009801,CUST1201,MERCHANT009,30564.73,CARD,2026-08-18 22:26:17.848634,SUCCESS,,1,19,4,False
TXN009802,CUST0268,MERCHANT007,11784.33,NETBANKING,2026-08-24 15:34:45.848634,SUCCESS,,1,15,4,False
TXN009803,CUST0955,MERCHANT010,39540.58,NETBANKING,2026-08-22 04:12:03.848634,SUCCESS,,1,18,3,False
TXN009804,CUST1296,MERCHANT010,29420.64,NETBANKING,2026-08-21 14:54:08.848634,SUCCESS,,1,1,3,False
TXN009805,CUST1397,MERCHANT005,38029.33,UPI,2026-08-20 15:19:49.848634,SUCCESS,,1,10,5,False
TXN009806,CUST0581,MERCHANT001,21990.38,UPI,2026-08-18 21:34:13.848634,SUCCESS,,1,15,1,False
TXN009807,CUST1209,MERCHANT001,48510.57,NETBANKING,2026-08-24 03:22:08.848634,SUCCESS,,1,18,0,False
TXN009808,CUST0709,MERCHANT006,48033.43,UPI,2026-08-20 23:07:35.848634,SUCCESS,,1,9,4,False
TXN009809,CUST0887,MERCHANT003,21486.08,UPI,2026-08-22 09:03:49.848634,SUCCESS,,1,16,1,False
TXN009810,CUST1765,MERCHANT008,19086.67,NETBANKING,2026-08-18 09:26:01.848634,SUCCESS,,1,20,4,False
TXN009811,CUST0650,MERCHANT010,23314.09,NETBANKING,2026-08-22 16:22:15.848634,SUCCESS,,1,9,4,False
TXN009812,CUST0026,MERCHANT006,37425.44,NETBANKING,2026-08-23 05:53:20.848634,SUCCESS,,1,12,0,False
TXN009813,CUST0161,MERCHANT002,1913.53,CARD,2026-08-18 03:56:26.848634,SUCCESS,,1,14,4,False
TXN009814,CUST0650,MERCHANT002,6907.62,CARD,2026-08-20 09:41:08.848634,SUCCESS,,1,2,0,False
TXN009815,CUST0021,MERCHANT009,11912.33,WALLET,2026-08-19 10:40:28.848634,SUCCESS,,1,3,4,False
TXN009816,CUST1047,MERCHANT006,49530.02,NETBANKING,2026-08-21 18:31:00.848634,SUCCESS,,1,16,4,False
TXN009817,CUST1890,MERCHANT009,7323.9,UPI,2026-08-19 14:09:35.848634,SUCCESS,,1,7,0,False
TXN009818,CUST1614,MERCHANT007,17062.29,WALLET,2026-08-23 08:00:22.848634,SUCCESS,,1,1,0,False
TXN009819,CUST0131,MERCHANT007,36478.61,UPI,2026-08-20 05:11:56.848634,SUCCESS,,1,0,2,False
TXN009820,CUST1539,MERCHANT008,42711.0,UPI,2026-08-23 06:18:54.848634,SUCCESS,,1,12,5,False
TXN009821,CUST1823,MERCHANT006,24789.06,UPI,2026-08-23 09:51:55.848634,SUCCESS,,1,20,3,False
TXN009822,CUST0466,MERCHANT006,30167.28,WALLET,2026-08-24 02:57:50.848634,SUCCESS,,1,17,5,False
TXN009823,CUST0610,MERCHANT004,18671.22,WALLET,2026-08-19 02:31:52.848634,SUCCESS,,1,1,5,False
TXN009824,CUST1804,MERCHANT006,3064.64,NETBANKING,2026-08-19 10:30:05.848634,SUCCESS,,1,19,5,False
TXN009825,CUST0448,MERCHANT010,47707.61,UPI,2026-08-19 20:41:36.848634,SUCCESS,,1,17,0,False
TXN009826,CUST1098,MERCHANT002,4976.11,WALLET,2026-08-24 12:27:27.848634,SUCCESS,,1,13,0,False
TXN009827,CUST1035,MERCHANT005,14001.5,NETBANKING,2026-08-22 19:43:36.848634,FAILED,Technical Error,1,18,4,True
TXN009828,CUST0102,MERCHANT001,10197.26,UPI,2026-08-23 21:00:29.848634,SUCCESS,,1,19,2,False
TXN009829,CUST0685,MERCHANT010,2450.45,CARD,2026-08-21 11:48:43.848634,SUCCESS,,1,12,3,False
TXN009830,CUST1167,MERCHANT005,36606.55,UPI,2026-08-21 19:48:09.848634,SUCCESS,,1,15,0,False
TXN009831,CUST1832,MERCHANT002,6685.72,CARD,2026-08-20 15:05:55.848634,SUCCESS,,1,15,4,False
TXN009832,CUST0998,MERCHANT002,33594.54,NETBANKING,2026-08-21 01:01:50.848634,SUCCESS,,1,13,1,False
TXN009833,CUST1250,MERCHANT004,48861.85,CARD,2026-08-24 08:58:45.848634,SUCCESS,,1,19,1,False
TXN009834,CUST0746,MERCHANT007,18646.93,CARD,2026-08-19 02:16:37.848634,SUCCESS,,1,6,4,False
TXN009835,CUST0859,MERCHANT003,40837.59,CARD,2026-08-20 01:53:54.848634,SUCCESS,,1,18,1,False
TXN009836,CUST0282,MERCHANT008,10130.76,NETBANKING,2026-08-21 23:09:18.848634,SUCCESS,,1,17,3,False
TXN009837,CUST0351,MERCHANT006,3140.84,UPI,2026-08-18 16:29:51.848634,SUCCESS,,1,6,0,False
TXN009838,CUST0478,MERCHANT008,17262.28,NETBANKING,2026-08-20 19:31:39.848634,SUCCESS,,1,2,3,False
TXN009839,CUST1521,MERCHANT008,25904.92,CARD,2026-08-24 22:16:17.848634,SUCCESS,,1,20,2,False
TXN009840,CUST1188,MERCHANT005,22199.17,NETBANKING,2026-08-23 07:42:17.848634,SUCCESS,,1,18,4,False
TXN009841,CUST1581,MERCHANT001,30091.92,CARD,2026-08-24 06:47:35.848634,SUCCESS,,1,2,0,False
TXN009842,CUST1063,MERCHANT005,39595.55,NETBANKING,2026-08-20 22:33:43.848634,SUCCESS,,1,14,0,False
TXN009843,CUST0004,MERCHANT002,36211.62,NETBANKING,2026-08-22 10:51:21.848634,SUCCESS,,1,19,3,False
TXN009844,CUST0680,MERCHANT010,40110.54,CARD,2026-08-20 20:59:20.848634,SUCCESS,,1,0,0,False
TXN009845,CUST1446,MERCHANT005,38463.37,NETBANKING,2026-08-22 23:57:36.848634,SUCCESS,,1,10,2,False
TXN009846,CUST0301,MERCHANT008,21404.16,WALLET,2026-08-23 14:32:27.848634,SUCCESS,,1,17,1,False
TXN009847,CUST0087,MERCHANT001,30732.22,WALLET,2026-08-18 22:59:45.848634,SUCCESS,,1,6,5,False
TXN009848,CUST1172,MERCHANT003,34411.82,UPI,2026-08-20 06:43:35.848634,SUCCESS,,1,11,4,False
TXN009849,CUST0109,MERCHANT009,48593.28,CARD,2026-08-18 23:38:10.848634,SUCCESS,,1,11,4,False
TXN009850,CUST0827,MERCHANT009,13535.34,NETBANKING,2026-08-23 20:43:46.848634,SUCCESS,,1,6,1,False
TXN009851,CUST0462,MERCHANT001,11810.42,UPI,2026-08-21 11:41:40.848634,SUCCESS,,1,8,2,False
TXN009852,CUST0265,MERCHANT008,14158.05,WALLET,2026-08-25 00:01:35.848634,SUCCESS,,1,17,2,False
TXN009853,CUST0315,MERCHANT001,1005.07,NETBANKING,2026-08-22 08:24:01.848634,SUCCESS,,1,20,3,False
TXN009854,CUST1694,MERCHANT007,11898.78,WALLET,2026-08-22 21:04:46.848634,SUCCESS,,1,2,5,False
TXN009855,CUST1369,MERCHANT008,16677.45,WALLET,2026-08-20 21:35:52.848634,SUCCESS,,1,17,4,False
TXN009856,CUST1373,MERCHANT010,20335.36,NETBANKING,2026-08-18 09:12:08.848634,SUCCESS,,1,13,3,False
TXN009857,CUST0879,MERCHANT009,39132.29,WALLET,2026-08-18 09:02:05.848634,SUCCESS,,1,14,2,False
TXN009858,CUST1813,MERCHANT002,12347.27,NETBANKING,2026-08-20 11:54:48.848634,SUCCESS,,1,18,2,False
TXN009859,CUST0692,MERCHANT006,15850.01,WALLET,2026-08-22 23:48:51.848634,SUCCESS,,1,2,2,False
TXN009860,CUST0936,MERCHANT004,19833.12,NETBANKING,2026-08-22 20:44:22.848634,SUCCESS,,1,16,3,False
TXN009861,CUST1236,MERCHANT006,40634.4,WALLET,2026-08-22 05:16:15.848634,SUCCESS,,1,14,4,False
TXN009862,CUST1189,MERCHANT003,18016.75,UPI,2026-08-24 17:58:06.848634,SUCCESS,,1,13,3,False
TXN009863,CUST0136,MERCHANT008,15195.17,CARD,2026-08-24 12:14:10.848634,SUCCESS,,1,13,5,False
TXN009864,CUST1365,MERCHANT001,15062.23,WALLET,2026-08-19 00:45:49.848634,SUCCESS,,1,4,3,False
TXN009865,CUST0366,MERCHANT008,22256.42,UPI,2026-08-23 04:25:35.848634,SUCCESS,,1,14,0,False
TXN009866,CUST0235,MERCHANT003,49735.93,UPI,2026-08-21 08:49:59.848634,SUCCESS,,1,6,2,False
TXN009867,CUST0749,MERCHANT008,32658.38,NETBANKING,2026-08-19 03:06:40.848634,SUCCESS,,1,13,3,False
TXN009868,CUST1522,MERCHANT001,16733.0,NETBANKING,2026-08-19 17:50:59.848634,SUCCESS,,1,17,2,False
TXN009869,CUST0235,MERCHANT009,43410.46,UPI,2026-08-20 16:10:59.848634,SUCCESS,,1,15,1,False
TXN009870,CUST0621,MERCHANT008,25823.27,UPI,2026-08-21 03:45:31.848634,SUCCESS,,1,4,3,False
TXN009871,CUST1683,MERCHANT010,23350.75,WALLET,2026-08-19 13:01:48.848634,SUCCESS,,1,13,3,False
TXN009872,CUST0583,MERCHANT004,613.86,UPI,2026-08-19 00:15:20.848634,SUCCESS,,1,14,4,False
TXN009873,CUST0894,MERCHANT010,23052.44,UPI,2026-08-18 14:34:57.848634,SUCCESS,,1,4,5,False
TXN009874,CUST1925,MERCHANT010,48607.64,UPI,2026-08-23 16:38:54.848634,SUCCESS,,1,16,0,False
TXN009875,CUST0996,MERCHANT007,35725.54,UPI,2026-08-21 10:03:14.848634,SUCCESS,,1,7,5,False
TXN009876,CUST0429,MERCHANT007,20034.94,CARD,2026-08-23 02:38:56.848634,SUCCESS,,1,14,0,False
TXN009877,CUST0404,MERCHANT003,13289.94,NETBANKING,2026-08-24 04:31:58.848634,SUCCESS,,1,2,4,False
TXN009878,CUST1890,MERCHANT010,6137.59,WALLET,2026-08-20 19:25:27.848634,SUCCESS,,1,2,3,False
TXN009879,CUST0287,MERCHANT008,1925.49,WALLET,2026-08-20 19:34:04.848634,SUCCESS,,1,18,1,False
TXN009880,CUST1370,MERCHANT010,29610.94,WALLET,2026-08-23 07:43:50.848634,SUCCESS,,1,0,2,False
TXN009881,CUST1267,MERCHANT001,39159.55,WALLET,2026-08-24 04:59:02.848634,SUCCESS,,1,8,1,False
TXN009882,CUST1226,MERCHANT001,24429.59,NETBANKING,2026-08-21 18:03:12.848634,SUCCESS,,1,2,3,False
TXN009883,CUST1515,MERCHANT009,23301.39,WALLET,2026-08-22 07:54:22.848634,FAILED,Technical Error,3,6,1,False
TXN009884,CUST0741,MERCHANT008,17174.91,CARD,2026-08-22 20:39:14.848634,SUCCESS,,1,3,2,False
TXN009885,CUST0636,MERCHANT004,23166.98,WALLET,2026-08-19 16:48:18.848634,SUCCESS,,1,1,4,False
TXN009886,CUST1817,MERCHANT005,19244.74,NETBANKING,2026-08-22 09:58:56.848634,SUCCESS,,1,20,5,False
TXN009887,CUST1170,MERCHANT001,15138.95,UPI,2026-08-19 01:11:13.848634,SUCCESS,,1,2,4,False
TXN009888,CUST1234,MERCHANT009,15281.96,WALLET,2026-08-19 17:47:29.848634,SUCCESS,,1,9,4,False
TXN009889,CUST1498,MERCHANT003,10542.98,NETBANKING,2026-08-21 06:07:08.848634,SUCCESS,,1,12,5,False
TXN009890,CUST0560,MERCHANT009,49265.59,WALLET,2026-08-18 12:37:22.848634,SUCCESS,,1,8,3,False
TXN009891,CUST1990,MERCHANT002,24309.32,WALLET,2026-08-21 16:21:20.848634,SUCCESS,,1,8,2,False
TXN009892,CUST1987,MERCHANT007,42275.93,WALLET,2026-08-24 00:51:23.848634,SUCCESS,,1,9,3,False
TXN009893,CUST0916,MERCHANT006,26893.53,WALLET,2026-08-20 11:12:52.848634,SUCCESS,,1,11,0,False
TXN009894,CUST0156,MERCHANT006,5167.87,CARD,2026-08-22 18:48:01.848634,FAILED,Bank Declined,2,15,1,True
TXN009895,CUST1887,MERCHANT002,40936.35,WALLET,2026-08-20 01:11:03.848634,SUCCESS,,1,6,0,False
TXN009896,CUST1539,MERCHANT008,27304.9,CARD,2026-08-23 12:11:14.848634,SUCCESS,,1,6,0,False
TXN009897,CUST0478,MERCHANT005,39266.35,UPI,2026-08-21 02:12:00.848634,SUCCESS,,1,14,5,False
TXN009898,CUST1362,MERCHANT003,1516.92,WALLET,2026-08-21 08:15:50.848634,SUCCESS,,1,9,3,False
TXN009899,CUST0428,MERCHANT008,26904.21,CARD,2026-08-18 12:56:52.848634,SUCCESS,,1,2,5,False
TXN009900,CUST1888,MERCHANT003,28871.65,CARD,2026-08-21 15:29:43.848634,SUCCESS,,1,13,1,False
TXN009901,CUST1609,MERCHANT010,14743.84,WALLET,2026-08-20 20:40:42.848634,SUCCESS,,1,16,5,False
TXN009902,CUST0478,MERCHANT007,36411.84,WALLET,2026-08-20 18:37:58.848634,SUCCESS,,1,1,3,False
TXN009903,CUST1644,MERCHANT002,43772.7,CARD,2026-08-20 02:01:39.848634,SUCCESS,,1,19,1,False
TXN009904,CUST0935,MERCHANT007,832.95,UPI,2026-08-19 00:55:56.848634,SUCCESS,,1,7,0,False
TXN009905,CUST0690,MERCHANT002,48519.78,CARD,2026-08-22 11:08:12.848634,SUCCESS,,1,6,0,False
TXN009906,CUST1948,MERCHANT009,43097.65,WALLET,2026-08-21 03:19:06.848634,SUCCESS,,1,1,4,False
TXN009907,CUST1736,MERCHANT010,9189.54,CARD,2026-08-18 17:09:25.848634,SUCCESS,,1,15,5,False
TXN009908,CUST1722,MERCHANT006,16263.01,NETBANKING,2026-08-19 09:30:38.848634,SUCCESS,,1,6,2,False
TXN009909,CUST1591,MERCHANT008,9272.36,CARD,2026-08-18 07:05:48.848634,SUCCESS,,1,4,0,False
TXN009910,CUST0572,MERCHANT008,2663.3,WALLET,2026-08-19 11:56:58.848634,SUCCESS,,1,9,0,False
TXN009911,CUST1229,MERCHANT004,18425.46,WALLET,2026-08-24 21:52:10.848634,SUCCESS,,1,7,4,False
TXN009912,CUST1008,MERCHANT005,35370.18,UPI,2026-08-20 05:27:17.848634,SUCCESS,,1,9,2,False
TXN009913,CUST0451,MERCHANT004,9893.99,WALLET,2026-08-23 12:47:47.848634,SUCCESS,,1,17,4,False
TXN009914,CUST0978,MERCHANT003,35142.56,NETBANKING,2026-08-20 12:13:24.848634,SUCCESS,,1,1,2,False
TXN009915,CUST0309,MERCHANT010,44210.62,UPI,2026-08-22 12:24:53.848634,SUCCESS,,1,6,4,False
TXN009916,CUST0298,MERCHANT008,46837.03,WALLET,2026-08-20 15:44:05.848634,SUCCESS,,1,3,5,False
TXN009917,CUST0148,MERCHANT009,35641.45,WALLET,2026-08-24 16:41:24.848634,SUCCESS,,1,14,1,False
TXN009918,CUST0149,MERCHANT003,10105.02,WALLET,2026-08-20 16:37:51.848634,SUCCESS,,1,20,0,False
TXN009919,CUST1767,MERCHANT001,30209.65,NETBANKING,2026-08-22 19:33:30.848634,SUCCESS,,1,20,1,False
TXN009920,CUST1662,MERCHANT003,43317.73,WALLET,2026-08-23 02:05:11.848634,SUCCESS,,1,10,5,False
TXN009921,CUST1425,MERCHANT005,6979.26,CARD,2026-08-20 09:24:13.848634,SUCCESS,,1,6,0,False
TXN009922,CUST0700,MERCHANT007,41851.71,UPI,2026-08-24 08:31:46.848634,SUCCESS,,1,7,2,False
TXN009923,CUST0338,MERCHANT002,7790.53,WALLET,2026-08-18 10:39:06.848634,SUCCESS,,1,20,1,False
TXN009924,CUST1777,MERCHANT006,49166.88,WALLET,2026-08-23 06:49:50.848634,SUCCESS,,1,16,4,False
TXN009925,CUST0710,MERCHANT005,20471.42,UPI,2026-08-22 18:54:42.848634,SUCCESS,,1,19,3,False
TXN009926,CUST1189,MERCHANT008,13191.74,WALLET,2026-08-18 05:56:26.848634,FAILED,Bank Declined,1,11,1,True
TXN009927,CUST1314,MERCHANT008,31175.85,UPI,2026-08-22 01:44:35.848634,SUCCESS,,1,11,5,False
TXN009928,CUST0530,MERCHANT010,13507.62,WALLET,2026-08-22 03:46:21.848634,SUCCESS,,1,7,4,False
TXN009929,CUST0858,MERCHANT007,27648.38,CARD,2026-08-25 02:09:29.848634,SUCCESS,,1,0,2,False
TXN009930,CUST1498,MERCHANT008,18611.83,WALLET,2026-08-22 05:20:57.848634,SUCCESS,,1,19,0,False
TXN009931,CUST1659,MERCHANT008,39394.54,NETBANKING,2026-08-18 06:55:57.848634,FAILED,Network Error,1,1,1,True
TXN009932,CUST1576,MERCHANT007,12402.76,CARD,2026-08-18 02:49:52.848634,SUCCESS,,1,12,0,False
TXN009933,CUST1705,MERCHANT007,43881.07,WALLET,2026-08-19 17:49:05.848634,SUCCESS,,1,2,0,False
TXN009934,CUST0706,MERCHANT001,7593.63,CARD,2026-08-18 06:15:24.848634,SUCCESS,,1,10,0,False
TXN009935,CUST1617,MERCHANT005,18869.52,NETBANKING,2026-08-21 03:59:00.848634,SUCCESS,,1,4,2,False
TXN009936,CUST0075,MERCHANT008,7407.65,UPI,2026-08-25 02:20:41.848634,SUCCESS,,1,18,3,False
TXN009937,CUST1988,MERCHANT004,23033.55,NETBANKING,2026-08-21 00:25:34.848634,SUCCESS,,1,6,4,False
TXN009938,CUST1825,MERCHANT001,4192.44,UPI,2026-08-22 22:41:41.848634,SUCCESS,,1,19,3,False
TXN009939,CUST1037,MERCHANT003,21540.33,UPI,2026-08-23 20:29:32.848634,SUCCESS,,1,11,0,False
TXN009940,CUST1526,MERCHANT010,207.92,NETBANKING,2026-08-24 17:07:22.848634,SUCCESS,,1,13,3,False
TXN009941,CUST1824,MERCHANT003,47380.48,UPI,2026-08-19 06:19:40.848634,SUCCESS,,1,5,2,False
TXN009942,CUST0535,MERCHANT005,20930.77,CARD,2026-08-20 18:41:41.848634,SUCCESS,,1,8,1,False
TXN009943,CUST1411,MERCHANT006,19550.99,CARD,2026-08-18 23:42:20.848634,SUCCESS,,1,12,3,False
TXN009944,CUST0912,MERCHANT003,16691.14,NETBANKING,2026-08-21 09:47:43.848634,SUCCESS,,1,20,3,False
TXN009945,CUST0441,MERCHANT006,10574.24,NETBANKING,2026-08-24 03:00:12.848634,SUCCESS,,1,10,5,False
TXN009946,CUST1042,MERCHANT004,23307.14,NETBANKING,2026-08-23 02:33:23.848634,SUCCESS,,1,2,4,False
TXN009947,CUST1155,MERCHANT009,10752.33,CARD,2026-08-23 17:32:41.848634,SUCCESS,,1,9,3,False
TXN009948,CUST1918,MERCHANT010,29465.91,NETBANKING,2026-08-23 10:44:16.848634,SUCCESS,,1,20,1,False
TXN009949,CUST0876,MERCHANT009,43829.21,UPI,2026-08-20 16:02:02.848634,SUCCESS,,1,18,1,False
TXN009950,CUST1879,MERCHANT008,34330.04,UPI,2026-08-20 02:42:42.848634,SUCCESS,,1,1,3,False
TXN009951,CUST1288,MERCHANT009,4014.09,NETBANKING,2026-08-19 07:53:22.848634,SUCCESS,,1,10,4,False
TXN009952,CUST0902,MERCHANT009,35639.03,WALLET,2026-08-24 10:11:08.848634,SUCCESS,,1,16,0,False
TXN009953,CUST1218,MERCHANT008,42219.84,WALLET,2026-08-18 22:37:01.848634,SUCCESS,,1,3,5,False
TXN009954,CUST0417,MERCHANT010,49045.61,NETBANKING,2026-08-22 13:04:37.848634,SUCCESS,,1,6,0,False
TXN009955,CUST0859,MERCHANT006,36967.84,CARD,2026-08-20 20:56:31.848634,SUCCESS,,1,6,2,False
TXN009956,CUST0068,MERCHANT001,39906.54,UPI,2026-08-18 07:16:20.848634,FAILED,Insufficient Funds,1,4,5,True
TXN009957,CUST0964,MERCHANT009,23932.73,NETBANKING,2026-08-24 12:24:36.848634,SUCCESS,,1,3,5,False
TXN009958,CUST0936,MERCHANT005,42892.27,UPI,2026-08-23 13:29:45.848634,SUCCESS,,1,11,2,False
TXN009959,CUST0908,MERCHANT007,27597.44,CARD,2026-08-20 11:27:41.848634,SUCCESS,,1,13,4,False
TXN009960,CUST1936,MERCHANT001,48389.64,CARD,2026-08-20 08:46:59.848634,SUCCESS,,1,1,2,False
TXN009961,CUST1829,MERCHANT008,34230.47,WALLET,2026-08-19 04:42:22.848634,SUCCESS,,1,15,5,False
TXN009962,CUST0276,MERCHANT009,44497.03,CARD,2026-08-22 11:58:28.848634,SUCCESS,,1,8,1,False
TXN009963,CUST1744,MERCHANT008,37519.09,CARD,2026-08-19 15:29:05.848634,SUCCESS,,1,12,5,False
TXN009964,CUST0942,MERCHANT003,25781.81,UPI,2026-08-24 03:14:41.848634,SUCCESS,,1,11,1,False
TXN009965,CUST1047,MERCHANT001,38241.03,UPI,2026-08-23 05:36:03.848634,SUCCESS,,1,0,3,False
TXN009966,CUST0252,MERCHANT002,2431.66,WALLET,2026-08-21 17:25:14.848634,SUCCESS,,1,15,4,False
TXN009967,CUST0284,MERCHANT010,3834.06,NETBANKING,2026-08-21 15:52:30.848634,SUCCESS,,1,6,5,False
TXN009968,CUST0828,MERCHANT007,31875.45,NETBANKING,2026-08-21 03:32:16.848634,SUCCESS,,1,10,4,False
TXN009969,CUST0926,MERCHANT010,23486.13,NETBANKING,2026-08-24 20:02:56.848634,SUCCESS,,1,13,0,False
TXN009970,CUST0024,MERCHANT004,23261.24,UPI,2026-08-18 07:39:26.848634,SUCCESS,,1,5,4,False
TXN009971,CUST0669,MERCHANT003,46366.13,CARD,2026-08-20 02:11:29.848634,SUCCESS,,1,20,1,False
TXN009972,CUST1005,MERCHANT008,49822.29,WALLET,2026-08-24 16:47:42.848634,SUCCESS,,1,14,1,False
TXN009973,CUST0849,MERCHANT006,6224.1,CARD,2026-08-18 14:18:01.848634,SUCCESS,,1,17,0,False
TXN009974,CUST1673,MERCHANT001,38601.04,NETBANKING,2026-08-19 02:46:42.848634,FAILED,Timeout,2,10,5,True
TXN009975,CUST1577,MERCHANT002,33708.72,UPI,2026-08-22 09:24:41.848634,SUCCESS,,1,16,4,False
TXN009976,CUST0236,MERCHANT006,25442.88,UPI,2026-08-24 02:21:21.848634,SUCCESS,,1,15,4,False
TXN009977,CUST0170,MERCHANT007,646.78,CARD,2026-08-20 22:51:04.848634,SUCCESS,,1,14,1,False
TXN009978,CUST1308,MERCHANT006,2659.49,WALLET,2026-08-18 17:53:35.848634,SUCCESS,,1,11,1,False
TXN009979,CUST0856,MERCHANT002,20313.8,WALLET,2026-08-23 14:57:43.848634,SUCCESS,,1,8,1,False
TXN009980,CUST0128,MERCHANT006,2984.24,CARD,2026-08-18 16:46:22.848634,SUCCESS,,1,3,1,False
TXN009981,CUST1187,MERCHANT008,35460.37,UPI,2026-08-21 07:36:37.848634,SUCCESS,,1,15,4,False
TXN009982,CUST0170,MERCHANT003,4282.68,UPI,2026-08-24 20:47:57.848634,FAILED,Network Error,2,14,0,True
TXN009983,CUST1236,MERCHANT002,30167.5,CARD,2026-08-22 17:49:19.848634,SUCCESS,,1,16,1,False
TXN009984,CUST1743,MERCHANT003,9476.82,WALLET,2026-08-24 23:13:51.848634,SUCCESS,,1,18,1,False
TXN009985,CUST1376,MERCHANT004,498.79,NETBANKING,2026-08-22 17:30:31.848634,SUCCESS,,1,7,2,False
TXN009986,CUST1207,MERCHANT001,22742.6,CARD,2026-08-23 12:19:31.848634,SUCCESS,,1,1,0,False
TXN009987,CUST1264,MERCHANT001,41379.25,UPI,2026-08-23 01:14:49.848634,SUCCESS,,1,17,1,False
TXN009988,CUST1757,MERCHANT007,17506.44,CARD,2026-08-18 14:25:55.848634,SUCCESS,,1,14,1,False
TXN009989,CUST1766,MERCHANT010,3872.58,WALLET,2026-08-22 19:24:59.848634,SUCCESS,,1,3,1,False
TXN009990,CUST1524,MERCHANT004,6516.17,NETBANKING,2026-08-22 17:17:42.848634,SUCCESS,,1,4,3,False
TXN009991,CUST1027,MERCHANT004,15102.06,WALLET,2026-08-23 01:12:40.848634,SUCCESS,,1,5,5,False
TXN009992,CUST1968,MERCHANT002,30654.65,CARD,2026-08-23 18:31:33.848634,SUCCESS,,1,11,0,False
TXN009993,CUST0533,MERCHANT006,5667.31,NETBANKING,2026-08-22 09:09:44.848634,SUCCESS,,1,17,0,False
TXN009994,CUST1394,MERCHANT009,37109.41,NETBANKING,2026-08-22 15:06:50.848634,SUCCESS,,1,10,3,False
TXN009995,CUST0367,MERCHANT009,40759.96,NETBANKING,2026-08-22 10:34:26.848634,SUCCESS,,1,20,1,False
TXN009996,CUST1226,MERCHANT004,32648.8,UPI,2026-08-21 00:45:15.848634,SUCCESS,,1,16,2,False
TXN009997,CUST1071,MERCHANT010,7370.14,WALLET,2026-08-23 08:14:21.848634,SUCCESS,,1,2,1,False
TXN009998,CUST1531,MERCHANT010,19634.95,CARD,2026-08-21 08:15:35.848634,SUCCESS,,1,1,3,False
TXN009999,CUST0826,MERCHANT007,34642.22,WALLET,2026-08-21 20:31:42.848634,SUCCESS,,1,17,1,False
TXN010000,CUST0794,MERCHANT003,6837.2,NETBANKING,2026-08-24 11:35:13.848634,FAILED,Bank Declined,2,5,1,True
